{
"type": "FeatureCollection",
"features": [
{ "type": "Feature", "properties": { "FacilityType": "AirportFlty", "FacilityId": "CA000043", "Anchor": "FALSE", "FoundationType": "null", "eqBldgType": "DFLT", "DesignLevel": "LC", "SoilType": "D", "LqfSusCat": 0, "LndSusCat": 0, "WaterDepth": 5.0, "Distance": "null", "PGA": 0.51867413520812988, "PGV": 20.313316345214844, "Sa03": 1.2736611366271973, "Sa10": 0.57016360759735107, "LqfSettlPGD": 0.0, "LqfSprPGD": 0.0, "LqfProb": 0.0, "LndPGD": 0.0, "LndProb": 0.0, "SufFltRuptPGD": 29.523393630981445, "SurfFltRuptProb": 0.5, "PDsNone": 0.0093, "PDsSlight": 0.3459, "PDsModerate": 0.3105, "PDsExtensive": 0.2188, "PDsComplete": 0.1154, "PDsExceedSlight": 0.9906, "PDsExceedModerate": 0.6447, "PDsExceedExtensive": 0.3342, "FunctDay1": 51.8, "FunctDay3": 66.7, "FunctDay7": 72.1, "FunctDay14": 73.2, "FunctDay30": 75.9, "FunctDay90": 87.3, "EconLoss": 2380919.0, "Name": "BYRON", "City": "CONCORD", "State": "CA" }, "geometry": { "type": "Point", "coordinates": [ -121.625833, 37.828444 ] } },
{ "type": "Feature", "properties": { "FacilityType": "AirportFlty", "FacilityId": "CA000077", "Anchor": "FALSE", "FoundationType": "null", "eqBldgType": "DFLT", "DesignLevel": "LC", "SoilType": "D", "LqfSusCat": 0, "LndSusCat": 0, "WaterDepth": 5.0, "Distance": "null", "PGA": 0.77480834722518921, "PGV": 35.311855316162109, "Sa03": 1.9298560619354248, "Sa10": 1.0328832864761353, "LqfSettlPGD": 0.0, "LqfSprPGD": 0.0, "LqfProb": 0.0, "LndPGD": 0.0, "LndProb": 0.0, "SufFltRuptPGD": 29.523393630981445, "SurfFltRuptProb": 0.5, "PDsNone": 0.0017, "PDsSlight": 0.1707, "PDsModerate": 0.2698, "PDsExtensive": 0.2916, "PDsComplete": 0.266, "PDsExceedSlight": 0.9982, "PDsExceedModerate": 0.8275, "PDsExceedExtensive": 0.5576, "FunctDay1": 34.8, "FunctDay3": 47.9, "FunctDay7": 53.0, "FunctDay14": 54.5, "FunctDay30": 58.4, "FunctDay90": 75.4, "EconLoss": 8337750.0, "Name": "BUCHANAN FIELD", "City": "CONCORD", "State": "CA" }, "geometry": { "type": "Point", "coordinates": [ -122.056902, 37.989657 ] } },
{ "type": "Feature", "properties": { "FacilityType": "AirportFlty", "FacilityId": "CA000078", "Anchor": "FALSE", "FoundationType": "null", "eqBldgType": "DFLT", "DesignLevel": "LC", "SoilType": "D", "LqfSusCat": 0, "LndSusCat": 0, "WaterDepth": 5.0, "Distance": "null", "PGA": 0.56093955039978027, "PGV": 35.603309631347656, "Sa03": 1.4739805459976196, "Sa10": 1.2252141237258911, "LqfSettlPGD": 0.0, "LqfSprPGD": 0.0, "LqfProb": 0.0, "LndPGD": 0.0, "LndProb": 0.0, "SufFltRuptPGD": 29.523393630981445, "SurfFltRuptProb": 0.5, "PDsNone": 0.0068, "PDsSlight": 0.3076, "PDsModerate": 0.3096, "PDsExtensive": 0.2372, "PDsComplete": 0.1386, "PDsExceedSlight": 0.9931, "PDsExceedModerate": 0.6854, "PDsExceedExtensive": 0.3758, "FunctDay1": 48.2, "FunctDay3": 63.1, "FunctDay7": 68.6, "FunctDay14": 69.7, "FunctDay30": 72.7, "FunctDay90": 85.3, "EconLoss": 2559688.0, "Name": "Q AREA", "City": "CONCORD", "State": "CA" }, "geometry": { "type": "Point", "coordinates": [ -122.007289, 38.045142 ] } },
{ "type": "Feature", "properties": { "FacilityType": "CommunicationFlty", "FacilityId": "CA000043", "Anchor": "FALSE", "FoundationType": "null", "eqBldgType": "DFLT", "DesignLevel": "LC", "SoilType": "D", "LqfSusCat": 0, "LndSusCat": 0, "WaterDepth": 5.0, "Distance": "null", "PGA": 0.75207227468490601, "PGV": 27.923196792602539, "Sa03": 1.7639811038970947, "Sa10": 0.72916561365127563, "LqfSettlPGD": 0.0, "LqfSprPGD": 0.0, "LqfProb": 0.0, "LndPGD": 0.0, "LndProb": 0.0, "SufFltRuptPGD": 29.523393630981445, "SurfFltRuptProb": 0.5, "PDsNone": 0.0007, "PDsSlight": 0.0161, "PDsModerate": 0.197, "PDsExtensive": 0.48, "PDsComplete": 0.3059, "PDsExceedSlight": 0.9992, "PDsExceedModerate": 0.9831, "PDsExceedExtensive": 0.786, "FunctDay1": 25.9, "FunctDay3": 39.9, "FunctDay7": 51.6, "FunctDay14": 69.6, "FunctDay30": 81.6, "FunctDay90": 96.7, "EconLoss": 85750.484375, "Name": "KFTL  CH  64", "City": "STOCKTON", "State": "CA" }, "geometry": { "type": "Point", "coordinates": [ -121.90051, 37.89298 ] } },
{ "type": "Feature", "properties": { "FacilityType": "CommunicationFlty", "FacilityId": "CA000044", "Anchor": "FALSE", "FoundationType": "null", "eqBldgType": "DFLT", "DesignLevel": "LC", "SoilType": "D", "LqfSusCat": 0, "LndSusCat": 0, "WaterDepth": 5.0, "Distance": "null", "PGA": 0.75207227468490601, "PGV": 27.923196792602539, "Sa03": 1.7639811038970947, "Sa10": 0.72916561365127563, "LqfSettlPGD": 0.0, "LqfSprPGD": 0.0, "LqfProb": 0.0, "LndPGD": 0.0, "LndProb": 0.0, "SufFltRuptPGD": 29.523393630981445, "SurfFltRuptProb": 0.5, "PDsNone": 0.0007, "PDsSlight": 0.0161, "PDsModerate": 0.197, "PDsExtensive": 0.48, "PDsComplete": 0.3059, "PDsExceedSlight": 0.9992, "PDsExceedModerate": 0.9831, "PDsExceedExtensive": 0.786, "FunctDay1": 25.9, "FunctDay3": 39.9, "FunctDay7": 51.6, "FunctDay14": 69.6, "FunctDay30": 81.6, "FunctDay90": 96.7, "EconLoss": 85750.484375, "Name": "KTNC-TV  CH  42", "City": "CONCORD", "State": "CA" }, "geometry": { "type": "Point", "coordinates": [ -121.89912, 37.8927 ] } },
{ "type": "Feature", "properties": { "FacilityType": "CommunicationFlty", "FacilityId": "CA000197", "Anchor": "FALSE", "FoundationType": "null", "eqBldgType": "DFLT", "DesignLevel": "LC", "SoilType": "D", "LqfSusCat": 0, "LndSusCat": 0, "WaterDepth": 5.0, "Distance": "null", "PGA": 0.77819806337356567, "PGV": 35.529254913330078, "Sa03": 1.9471142292022705, "Sa10": 1.0302927494049072, "LqfSettlPGD": 0.0, "LqfSprPGD": 0.0, "LqfProb": 0.0, "LndPGD": 0.0, "LndProb": 0.0, "SufFltRuptPGD": 29.523393630981445, "SurfFltRuptProb": 0.5, "PDsNone": 0.0005, "PDsSlight": 0.0135, "PDsModerate": 0.184, "PDsExtensive": 0.4761, "PDsComplete": 0.3255, "PDsExceedSlight": 0.9994, "PDsExceedModerate": 0.9858, "PDsExceedExtensive": 0.8017, "FunctDay1": 25.2, "FunctDay3": 38.6, "FunctDay7": 50.2, "FunctDay14": 68.2, "FunctDay30": 80.4, "FunctDay90": 96.5, "EconLoss": 87162.828125, "Name": "KCKC   1480", "City": "CONCORD", "State": "CA" }, "geometry": { "type": "Point", "coordinates": [ -121.94635, 37.96242 ] } },
{ "type": "Feature", "properties": { "FacilityType": "CommunicationFlty", "FacilityId": "CA000394", "Anchor": "FALSE", "FoundationType": "null", "eqBldgType": "DFLT", "DesignLevel": "LC", "SoilType": "D", "LqfSusCat": 0, "LndSusCat": 0, "WaterDepth": 5.0, "Distance": "null", "PGA": 0.70878857374191284, "PGV": 28.83775520324707, "Sa03": 1.5971506834030151, "Sa10": 0.68521612882614136, "LqfSettlPGD": 0.0, "LqfSprPGD": 0.0, "LqfProb": 0.0, "LndPGD": 0.0, "LndProb": 0.0, "SufFltRuptPGD": 29.523393630981445, "SurfFltRuptProb": 0.5, "PDsNone": 0.001, "PDsSlight": 0.0214, "PDsModerate": 0.2203, "PDsExtensive": 0.4838, "PDsComplete": 0.2733, "PDsExceedSlight": 0.9989, "PDsExceedModerate": 0.9775, "PDsExceedExtensive": 0.7571, "FunctDay1": 27.2, "FunctDay3": 42.3, "FunctDay7": 54.0, "FunctDay14": 72.0, "FunctDay30": 83.5, "FunctDay90": 97.0, "EconLoss": 83249.5859375, "Name": "KNEW   910", "City": "OAKLAND", "State": "CA" }, "geometry": { "type": "Point", "coordinates": [ -122.3258, 37.89492 ] } },
{ "type": "Feature", "properties": { "FacilityType": "CommunicationFlty", "FacilityId": "CA000444", "Anchor": "FALSE", "FoundationType": "null", "eqBldgType": "DFLT", "DesignLevel": "LC", "SoilType": "D", "LqfSusCat": 0, "LndSusCat": 0, "WaterDepth": 5.0, "Distance": "null", "PGA": 0.85801184177398682, "PGV": 35.096527099609375, "Sa03": 2.0487470626831055, "Sa10": 0.97292733192443848, "LqfSettlPGD": 0.0, "LqfSprPGD": 0.0, "LqfProb": 0.0, "LndPGD": 0.0, "LndProb": 0.0, "SufFltRuptPGD": 29.523393630981445, "SurfFltRuptProb": 0.5, "PDsNone": 0.0003, "PDsSlight": 0.0081, "PDsModerate": 0.1488, "PDsExtensive": 0.4585, "PDsComplete": 0.3841, "PDsExceedSlight": 0.9996, "PDsExceedModerate": 0.9915, "PDsExceedExtensive": 0.8426, "FunctDay1": 23.5, "FunctDay3": 35.2, "FunctDay7": 46.5, "FunctDay14": 64.1, "FunctDay30": 76.9, "FunctDay90": 95.9, "EconLoss": 91050.453125, "Name": "KSMC  CH 208", "City": "MORAGA", "State": "CA" }, "geometry": { "type": "Point", "coordinates": [ -122.11108, 37.8402 ] } },
{ "type": "Feature", "properties": { "FacilityType": "CommunicationFlty", "FacilityId": "CA000562", "Anchor": "FALSE", "FoundationType": "null", "eqBldgType": "DFLT", "DesignLevel": "LC", "SoilType": "D", "LqfSusCat": 0, "LndSusCat": 0, "WaterDepth": 5.0, "Distance": "null", "PGA": 0.56093955039978027, "PGV": 35.603309631347656, "Sa03": 1.4739805459976196, "Sa10": 1.2252141237258911, "LqfSettlPGD": 0.0, "LqfSprPGD": 0.0, "LqfProb": 0.0, "LndPGD": 0.0, "LndProb": 0.0, "SufFltRuptPGD": 29.523393630981445, "SurfFltRuptProb": 0.5, "PDsNone": 0.0039, "PDsSlight": 0.0581, "PDsModerate": 0.3124, "PDsExtensive": 0.462, "PDsComplete": 0.1635, "PDsExceedSlight": 0.996, "PDsExceedModerate": 0.9379, "PDsExceedExtensive": 0.6255, "FunctDay1": 33.5, "FunctDay3": 52.7, "FunctDay7": 63.8, "FunctDay14": 80.5, "FunctDay30": 90.1, "FunctDay90": 98.2, "EconLoss": 72608.828125, "Name": "KVHS  CH 213", "City": "CONCORD", "State": "CA" }, "geometry": { "type": "Point", "coordinates": [ -122.00218, 38.0302 ] } },
{ "type": "Feature", "properties": { "FacilityType": "CommunicationFlty", "FacilityId": "CA000582", "Anchor": "FALSE", "FoundationType": "null", "eqBldgType": "DFLT", "DesignLevel": "LC", "SoilType": "D", "LqfSusCat": 0, "LndSusCat": 0, "WaterDepth": 5.0, "Distance": "null", "PGA": 0.78646308183670044, "PGV": 46.787063598632813, "Sa03": 1.958044171333313, "Sa10": 1.3109819889068604, "LqfSettlPGD": 0.0, "LqfSprPGD": 0.0, "LqfProb": 0.0, "LndPGD": 0.0, "LndProb": 0.0, "SufFltRuptPGD": 29.523393630981445, "SurfFltRuptProb": 0.5, "PDsNone": 0.0005, "PDsSlight": 0.0128, "PDsModerate": 0.18, "PDsExtensive": 0.4747, "PDsComplete": 0.3317, "PDsExceedSlight": 0.9994, "PDsExceedModerate": 0.9865, "PDsExceedExtensive": 0.8064, "FunctDay1": 25.0, "FunctDay3": 38.2, "FunctDay7": 49.8, "FunctDay14": 67.8, "FunctDay30": 80.0, "FunctDay90": 96.4, "EconLoss": 87601.1953125, "Name": "KECG  CH 201", "City": "EL CERRITO", "State": "CA" }, "geometry": { "type": "Point", "coordinates": [ -122.29525, 37.90826 ] } },
{ "type": "Feature", "properties": { "FacilityType": "CommunicationFlty", "FacilityId": "CA000679", "Anchor": "FALSE", "FoundationType": "null", "eqBldgType": "DFLT", "DesignLevel": "LC", "SoilType": "D", "LqfSusCat": 0, "LndSusCat": 0, "WaterDepth": 5.0, "Distance": "null", "PGA": 0.83762073516845703, "PGV": 37.623123168945313, "Sa03": 2.1028585433959961, "Sa10": 1.1015702486038208, "LqfSettlPGD": 0.0, "LqfSprPGD": 0.0, "LqfProb": 0.0, "LndPGD": 0.0, "LndProb": 0.0, "SufFltRuptPGD": 29.523393630981445, "SurfFltRuptProb": 0.5, "PDsNone": 0.0003, "PDsSlight": 0.0092, "PDsModerate": 0.1572, "PDsExtensive": 0.4637, "PDsComplete": 0.3693, "PDsExceedSlight": 0.9996, "PDsExceedModerate": 0.9903, "PDsExceedExtensive": 0.8331, "FunctDay1": 23.9, "FunctDay3": 36.0, "FunctDay7": 47.4, "FunctDay14": 65.2, "FunctDay30": 77.8, "FunctDay90": 96.0, "EconLoss": 90110.578125, "Name": "KFJO  CH 211", "City": "WALNUT CREEK", "State": "CA" }, "geometry": { "type": "Point", "coordinates": [ -122.09496, 37.89965 ] } },
{ "type": "Feature", "properties": { "FacilityType": "CommunicationFlty", "FacilityId": "CA000930", "Anchor": "FALSE", "FoundationType": "null", "eqBldgType": "DFLT", "DesignLevel": "LC", "SoilType": "D", "LqfSusCat": 0, "LndSusCat": 0, "WaterDepth": 5.0, "Distance": "null", "PGA": 0.70407748222351074, "PGV": 27.564533233642578, "Sa03": 1.6943836212158203, "Sa10": 0.78605246543884277, "LqfSettlPGD": 0.0, "LqfSprPGD": 0.0, "LqfProb": 0.0, "LndPGD": 0.0, "LndProb": 0.0, "SufFltRuptPGD": 29.523393630981445, "SurfFltRuptProb": 0.5, "PDsNone": 0.001, "PDsSlight": 0.022, "PDsModerate": 0.223, "PDsExtensive": 0.484, "PDsComplete": 0.2697, "PDsExceedSlight": 0.9989, "PDsExceedModerate": 0.9768, "PDsExceedExtensive": 0.7538, "FunctDay1": 27.3, "FunctDay3": 42.6, "FunctDay7": 54.3, "FunctDay14": 72.2, "FunctDay30": 83.7, "FunctDay90": 97.1, "EconLoss": 82959.8984375, "Name": "KSTN-FM  CH 297", "City": "STOCKTON", "State": "CA" }, "geometry": { "type": "Point", "coordinates": [ -121.78134, 37.82131 ] } },
{ "type": "Feature", "properties": { "FacilityType": "ElectricPowerFlty", "FacilityId": "CA000016", "Anchor": "FALSE", "FoundationType": "null", "eqBldgType": "DFLT", "DesignLevel": "LC", "SoilType": "D", "LqfSusCat": 0, "LndSusCat": 0, "WaterDepth": 5.0, "Distance": "null", "PGA": 0.6000664234161377, "PGV": 40.070621490478516, "Sa03": 1.5195895433425903, "Sa10": 1.3292993307113647, "LqfSettlPGD": 0.0, "LqfSprPGD": 0.0, "LqfProb": 0.0, "LndPGD": 0.0, "LndProb": 0.0, "SufFltRuptPGD": 29.523393630981445, "SurfFltRuptProb": 0.5, "PDsNone": 0.0001, "PDsSlight": 0.0056, "PDsModerate": 0.2319, "PDsExtensive": 0.2375, "PDsComplete": 0.5246, "PDsExceedSlight": 0.9998, "PDsExceedModerate": 0.9941, "PDsExceedExtensive": 0.7622, "FunctDay1": 10.6, "FunctDay3": 15.9, "FunctDay7": 26.8, "FunctDay14": 34.4, "FunctDay30": 45.5, "FunctDay90": 89.3, "EconLoss": 15631992.0, "Name": "MARTINEZ SULFURIC ACID REGENERATION PLT", "City": "MARTINEZ", "State": "CA" }, "geometry": { "type": "Point", "coordinates": [ -122.116022, 38.033075 ] } },
{ "type": "Feature", "properties": { "FacilityType": "ElectricPowerFlty", "FacilityId": "CA000022", "Anchor": "FALSE", "FoundationType": "null", "eqBldgType": "DFLT", "DesignLevel": "LC", "SoilType": "D", "LqfSusCat": 0, "LndSusCat": 0, "WaterDepth": 5.0, "Distance": "null", "PGA": 0.54204446077346802, "PGV": 20.300628662109375, "Sa03": 1.3045430183410645, "Sa10": 0.54917347431182861, "LqfSettlPGD": 0.0, "LqfSprPGD": 0.0, "LqfProb": 0.0, "LndPGD": 0.0, "LndProb": 0.0, "SufFltRuptPGD": 29.523393630981445, "SurfFltRuptProb": 0.5, "PDsNone": 0.0003, "PDsSlight": 0.0098, "PDsModerate": 0.2947, "PDsExtensive": 0.244, "PDsComplete": 0.451, "PDsExceedSlight": 0.9996, "PDsExceedModerate": 0.9898, "PDsExceedExtensive": 0.695, "FunctDay1": 12.5, "FunctDay3": 19.1, "FunctDay7": 32.3, "FunctDay14": 41.0, "FunctDay30": 51.7, "FunctDay90": 90.8, "EconLoss": 58110476.0, "Name": "BUENA VISTA ENERGY LLC", "City": "BYRON", "State": "CA" }, "geometry": { "type": "Point", "coordinates": [ -121.6672, 37.805 ] } },
{ "type": "Feature", "properties": { "FacilityType": "ElectricPowerFlty", "FacilityId": "CA000029", "Anchor": "FALSE", "FoundationType": "null", "eqBldgType": "DFLT", "DesignLevel": "LC", "SoilType": "D", "LqfSusCat": 0, "LndSusCat": 0, "WaterDepth": 5.0, "Distance": "null", "PGA": 0.76457589864730835, "PGV": 33.199306488037109, "Sa03": 1.8811763525009155, "Sa10": 0.93338006734848022, "LqfSettlPGD": 0.0, "LqfSprPGD": 0.0, "LqfProb": 0.0, "LndPGD": 0.0, "LndProb": 0.0, "SufFltRuptPGD": 29.523393630981445, "SurfFltRuptProb": 0.5, "PDsNone": 0.0, "PDsSlight": 0.0012, "PDsModerate": 0.1141, "PDsExtensive": 0.1922, "PDsComplete": 0.6922, "PDsExceedSlight": 0.9999, "PDsExceedModerate": 0.9986, "PDsExceedExtensive": 0.8845, "FunctDay1": 6.9, "FunctDay3": 9.9, "FunctDay7": 15.9, "FunctDay14": 21.3, "FunctDay30": 32.4, "FunctDay90": 85.9, "EconLoss": 41107820.0, "Name": "PHILLIPS 66 CARBON PLANT", "City": "RODEO", "State": "CA" }, "geometry": { "type": "Point", "coordinates": [ -122.2344, 38.018056 ] } },
{ "type": "Feature", "properties": { "FacilityType": "ElectricPowerFlty", "FacilityId": "CA000141", "Anchor": "FALSE", "FoundationType": "null", "eqBldgType": "DFLT", "DesignLevel": "LC", "SoilType": "D", "LqfSusCat": 0, "LndSusCat": 0, "WaterDepth": 5.0, "Distance": "null", "PGA": 0.62511557340621948, "PGV": 26.522377014160156, "Sa03": 1.5736724138259888, "Sa10": 0.79263198375701904, "LqfSettlPGD": 0.0, "LqfSprPGD": 0.0, "LqfProb": 0.0, "LndPGD": 0.0, "LndProb": 0.0, "SufFltRuptPGD": 29.523393630981445, "SurfFltRuptProb": 0.5, "PDsNone": 0.0001, "PDsSlight": 0.0044, "PDsModerate": 0.2085, "PDsExtensive": 0.2326, "PDsComplete": 0.5541, "PDsExceedSlight": 0.9998, "PDsExceedModerate": 0.9953, "PDsExceedExtensive": 0.7867, "FunctDay1": 9.9, "FunctDay3": 14.8, "FunctDay7": 24.7, "FunctDay14": 31.9, "FunctDay30": 43.1, "FunctDay90": 88.7, "EconLoss": 41242056.0, "Name": "COLUMBIA 1", "City": "UNINCORPORATED", "State": "CA" }, "geometry": { "type": "Point", "coordinates": [ -121.863859, 38.0195 ] } },
{ "type": "Feature", "properties": { "FacilityType": "ElectricPowerFlty", "FacilityId": "CA000235", "Anchor": "FALSE", "FoundationType": "null", "eqBldgType": "DFLT", "DesignLevel": "LC", "SoilType": "D", "LqfSusCat": 0, "LndSusCat": 0, "WaterDepth": 5.0, "Distance": "null", "PGA": 0.76533985137939453, "PGV": 31.779436111450195, "Sa03": 1.8757151365280151, "Sa10": 0.90218323469161987, "LqfSettlPGD": 0.0, "LqfSprPGD": 0.0, "LqfProb": 0.0, "LndPGD": 0.0, "LndProb": 0.0, "SufFltRuptPGD": 29.523393630981445, "SurfFltRuptProb": 0.5, "PDsNone": 0.0, "PDsSlight": 0.0012, "PDsModerate": 0.1137, "PDsExtensive": 0.192, "PDsComplete": 0.6929, "PDsExceedSlight": 0.9999, "PDsExceedModerate": 0.9986, "PDsExceedExtensive": 0.8849, "FunctDay1": 6.9, "FunctDay3": 9.9, "FunctDay7": 15.9, "FunctDay14": 21.3, "FunctDay30": 32.3, "FunctDay90": 85.9, "EconLoss": 35037884.0, "Name": "C&H SUGAR PLANT", "City": "CROCKETT", "State": "CA" }, "geometry": { "type": "Point", "coordinates": [ -122.218889, 38.057222 ] } },
{ "type": "Feature", "properties": { "FacilityType": "ElectricPowerFlty", "FacilityId": "CA000250", "Anchor": "FALSE", "FoundationType": "null", "eqBldgType": "DFLT", "DesignLevel": "LC", "SoilType": "D", "LqfSusCat": 0, "LndSusCat": 0, "WaterDepth": 5.0, "Distance": "null", "PGA": 0.71104931831359863, "PGV": 38.343650817871094, "Sa03": 1.7765729427337646, "Sa10": 1.066614031791687, "LqfSettlPGD": 0.0, "LqfSprPGD": 0.0, "LqfProb": 0.0, "LndPGD": 0.0, "LndProb": 0.0, "SufFltRuptPGD": 29.523393630981445, "SurfFltRuptProb": 0.5, "PDsNone": 0.0005, "PDsSlight": 0.0159, "PDsModerate": 0.2117, "PDsExtensive": 0.3551, "PDsComplete": 0.4166, "PDsExceedSlight": 0.9994, "PDsExceedModerate": 0.9835, "PDsExceedExtensive": 0.7717, "FunctDay1": 12.9, "FunctDay3": 18.1, "FunctDay7": 28.7, "FunctDay14": 37.1, "FunctDay30": 50.9, "FunctDay90": 91.5, "EconLoss": 188814848.0, "Name": "RICHMOND COGEN", "City": "RICHMOND", "State": "CA" }, "geometry": { "type": "Point", "coordinates": [ -122.390557, 37.942586 ] } },
{ "type": "Feature", "properties": { "FacilityType": "ElectricPowerFlty", "FacilityId": "CA000305", "Anchor": "FALSE", "FoundationType": "null", "eqBldgType": "DFLT", "DesignLevel": "LC", "SoilType": "D", "LqfSusCat": 0, "LndSusCat": 0, "WaterDepth": 5.0, "Distance": "null", "PGA": 0.52618581056594849, "PGV": 21.990455627441406, "Sa03": 1.3398592472076416, "Sa10": 0.67062509059906006, "LqfSettlPGD": 0.0, "LqfSprPGD": 0.0, "LqfProb": 0.0, "LndPGD": 0.0, "LndProb": 0.0, "SufFltRuptPGD": 29.523393630981445, "SurfFltRuptProb": 0.5, "PDsNone": 0.0028, "PDsSlight": 0.0536, "PDsModerate": 0.3869, "PDsExtensive": 0.3484, "PDsComplete": 0.2081, "PDsExceedSlight": 0.9971, "PDsExceedModerate": 0.9435, "PDsExceedExtensive": 0.5566, "FunctDay1": 20.6, "FunctDay3": 29.2, "FunctDay7": 46.4, "FunctDay14": 57.4, "FunctDay30": 69.4, "FunctDay90": 95.7, "EconLoss": 653237952.0, "Name": "OAKLEY GENERATING STATION", "City": "OAKLEY", "State": "CA" }, "geometry": { "type": "Point", "coordinates": [ -121.7475, 38.01 ] } },
{ "type": "Feature", "properties": { "FacilityType": "ElectricPowerFlty", "FacilityId": "CA000353", "Anchor": "FALSE", "FoundationType": "null", "eqBldgType": "DFLT", "DesignLevel": "LC", "SoilType": "D", "LqfSusCat": 0, "LndSusCat": 0, "WaterDepth": 5.0, "Distance": "null", "PGA": 0.52302241325378418, "PGV": 32.076263427734375, "Sa03": 1.3694804906845093, "Sa10": 1.1245031356811523, "LqfSettlPGD": 0.0, "LqfSprPGD": 0.0, "LqfProb": 0.0, "LndPGD": 0.0, "LndProb": 0.0, "SufFltRuptPGD": 29.523393630981445, "SurfFltRuptProb": 0.5, "PDsNone": 0.0029, "PDsSlight": 0.0547, "PDsModerate": 0.3904, "PDsExtensive": 0.3471, "PDsComplete": 0.2047, "PDsExceedSlight": 0.997, "PDsExceedModerate": 0.9423, "PDsExceedExtensive": 0.5518, "FunctDay1": 20.7, "FunctDay3": 29.4, "FunctDay7": 46.8, "FunctDay14": 57.8, "FunctDay30": 69.7, "FunctDay90": 95.8, "EconLoss": 655739776.0, "Name": "LOS MEDANOS ENERGY CENTER", "City": "PITTSBURG", "State": "CA" }, "geometry": { "type": "Point", "coordinates": [ -121.873004, 38.030071 ] } },
{ "type": "Feature", "properties": { "FacilityType": "ElectricPowerFlty", "FacilityId": "CA000383", "Anchor": "FALSE", "FoundationType": "null", "eqBldgType": "DFLT", "DesignLevel": "LC", "SoilType": "D", "LqfSusCat": 0, "LndSusCat": 0, "WaterDepth": 5.0, "Distance": "null", "PGA": 0.62511557340621948, "PGV": 26.522377014160156, "Sa03": 1.5736724138259888, "Sa10": 0.79263198375701904, "LqfSettlPGD": 0.0, "LqfSprPGD": 0.0, "LqfProb": 0.0, "LndPGD": 0.0, "LndProb": 0.0, "SufFltRuptPGD": 29.523393630981445, "SurfFltRuptProb": 0.5, "PDsNone": 0.0011, "PDsSlight": 0.0276, "PDsModerate": 0.2843, "PDsExtensive": 0.367, "PDsComplete": 0.3198, "PDsExceedSlight": 0.9988, "PDsExceedModerate": 0.9712, "PDsExceedExtensive": 0.6868, "FunctDay1": 15.9, "FunctDay3": 22.5, "FunctDay7": 35.9, "FunctDay14": 45.5, "FunctDay30": 58.9, "FunctDay90": 93.4, "EconLoss": 1050132736.0, "Name": "DELTA ENERGY CENTER", "City": "PITTSBURGH", "State": "CA" }, "geometry": { "type": "Point", "coordinates": [ -121.845152, 38.017125 ] } },
{ "type": "Feature", "properties": { "FacilityType": "ElectricPowerFlty", "FacilityId": "CA000409", "Anchor": "FALSE", "FoundationType": "null", "eqBldgType": "DFLT", "DesignLevel": "LC", "SoilType": "D", "LqfSusCat": 0, "LndSusCat": 0, "WaterDepth": 5.0, "Distance": "null", "PGA": 0.76386553049087524, "PGV": 29.488838195800781, "Sa03": 1.8258516788482666, "Sa10": 0.83847570419311523, "LqfSettlPGD": 0.0, "LqfSprPGD": 0.0, "LqfProb": 0.0, "LndPGD": 0.0, "LndProb": 0.0, "SufFltRuptPGD": 29.523393630981445, "SurfFltRuptProb": 0.5, "PDsNone": 0.0003, "PDsSlight": 0.0114, "PDsModerate": 0.1754, "PDsExtensive": 0.3395, "PDsComplete": 0.4731, "PDsExceedSlight": 0.9996, "PDsExceedModerate": 0.9881, "PDsExceedExtensive": 0.8127, "FunctDay1": 11.4, "FunctDay3": 15.9, "FunctDay7": 25.0, "FunctDay14": 32.7, "FunctDay30": 46.4, "FunctDay90": 90.3, "EconLoss": 126573040.0, "Name": "MARTINEZ REFINING", "City": "MARTINEZ", "State": "CA" }, "geometry": { "type": "Point", "coordinates": [ -122.1117, 38.0169 ] } },
{ "type": "Feature", "properties": { "FacilityType": "ElectricPowerFlty", "FacilityId": "CA000411", "Anchor": "FALSE", "FoundationType": "null", "eqBldgType": "DFLT", "DesignLevel": "LC", "SoilType": "D", "LqfSusCat": 0, "LndSusCat": 0, "WaterDepth": 5.0, "Distance": "null", "PGA": 0.52618581056594849, "PGV": 21.990455627441406, "Sa03": 1.3398592472076416, "Sa10": 0.67062509059906006, "LqfSettlPGD": 0.0, "LqfSprPGD": 0.0, "LqfProb": 0.0, "LndPGD": 0.0, "LndProb": 0.0, "SufFltRuptPGD": 29.523393630981445, "SurfFltRuptProb": 0.5, "PDsNone": 0.0028, "PDsSlight": 0.0536, "PDsModerate": 0.3869, "PDsExtensive": 0.3484, "PDsComplete": 0.2081, "PDsExceedSlight": 0.9971, "PDsExceedModerate": 0.9435, "PDsExceedExtensive": 0.5566, "FunctDay1": 20.6, "FunctDay3": 29.2, "FunctDay7": 46.4, "FunctDay14": 57.4, "FunctDay30": 69.4, "FunctDay90": 95.7, "EconLoss": 804523328.0, "Name": "MARSH LANDING GENERATING STATION", "City": "ANTIOCH", "State": "CA" }, "geometry": { "type": "Point", "coordinates": [ -121.765, 38.016944 ] } },
{ "type": "Feature", "properties": { "FacilityType": "ElectricPowerFlty", "FacilityId": "CA000486", "Anchor": "FALSE", "FoundationType": "null", "eqBldgType": "DFLT", "DesignLevel": "LC", "SoilType": "D", "LqfSusCat": 0, "LndSusCat": 0, "WaterDepth": 5.0, "Distance": "null", "PGA": 0.52618581056594849, "PGV": 21.990455627441406, "Sa03": 1.3398592472076416, "Sa10": 0.67062509059906006, "LqfSettlPGD": 0.0, "LqfSprPGD": 0.0, "LqfProb": 0.0, "LndPGD": 0.0, "LndProb": 0.0, "SufFltRuptPGD": 29.523393630981445, "SurfFltRuptProb": 0.5, "PDsNone": 0.0028, "PDsSlight": 0.0536, "PDsModerate": 0.3869, "PDsExtensive": 0.3484, "PDsComplete": 0.2081, "PDsExceedSlight": 0.9971, "PDsExceedModerate": 0.9435, "PDsExceedExtensive": 0.5566, "FunctDay1": 20.6, "FunctDay3": 29.2, "FunctDay7": 46.4, "FunctDay14": 57.4, "FunctDay30": 69.4, "FunctDay90": 95.7, "EconLoss": 602129344.0, "Name": "GATEWAY GENERATING STATION", "City": "ANTIOCH", "State": "CA" }, "geometry": { "type": "Point", "coordinates": [ -121.7587, 38.0175 ] } },
{ "type": "Feature", "properties": { "FacilityType": "ElectricPowerFlty", "FacilityId": "CA000492", "Anchor": "FALSE", "FoundationType": "null", "eqBldgType": "DFLT", "DesignLevel": "LC", "SoilType": "D", "LqfSusCat": 0, "LndSusCat": 0, "WaterDepth": 5.0, "Distance": "null", "PGA": 0.74830800294876099, "PGV": 32.61968994140625, "Sa03": 1.848130464553833, "Sa10": 0.93514639139175415, "LqfSettlPGD": 0.0, "LqfSprPGD": 0.0, "LqfProb": 0.0, "LndPGD": 0.0, "LndProb": 0.0, "SufFltRuptPGD": 29.523393630981445, "SurfFltRuptProb": 0.5, "PDsNone": 0.0, "PDsSlight": 0.0014, "PDsModerate": 0.1225, "PDsExtensive": 0.1975, "PDsComplete": 0.6784, "PDsExceedSlight": 0.9999, "PDsExceedModerate": 0.9984, "PDsExceedExtensive": 0.8759, "FunctDay1": 7.2, "FunctDay3": 10.3, "FunctDay7": 16.7, "FunctDay14": 22.3, "FunctDay30": 33.4, "FunctDay90": 86.2, "EconLoss": 76950776.0, "Name": "PHILLIPS 66 RODEO REFINERY", "City": "RODEO", "State": "CA" }, "geometry": { "type": "Point", "coordinates": [ -122.2583, 38.0417 ] } },
{ "type": "Feature", "properties": { "FacilityType": "ElectricPowerFlty", "FacilityId": "CA000554", "Anchor": "FALSE", "FoundationType": "null", "eqBldgType": "DFLT", "DesignLevel": "LC", "SoilType": "D", "LqfSusCat": 0, "LndSusCat": 0, "WaterDepth": 5.0, "Distance": "null", "PGA": 0.77480834722518921, "PGV": 35.311855316162109, "Sa03": 1.9298560619354248, "Sa10": 1.0328832864761353, "LqfSettlPGD": 0.0, "LqfSprPGD": 0.0, "LqfProb": 0.0, "LndPGD": 0.0, "LndProb": 0.0, "SufFltRuptPGD": 29.523393630981445, "SurfFltRuptProb": 0.5, "PDsNone": 0.0, "PDsSlight": 0.0011, "PDsModerate": 0.1091, "PDsExtensive": 0.1889, "PDsComplete": 0.7007, "PDsExceedSlight": 0.9999, "PDsExceedModerate": 0.9987, "PDsExceedExtensive": 0.8896, "FunctDay1": 6.8, "FunctDay3": 9.6, "FunctDay7": 15.4, "FunctDay14": 20.7, "FunctDay30": 31.7, "FunctDay90": 85.7, "EconLoss": 4970513.0, "Name": "CCCSD WASTEWATER TREATMENT PLNT", "City": "MARTINEZ", "State": "CA" }, "geometry": { "type": "Point", "coordinates": [ -122.0697, 37.9978 ] } },
{ "type": "Feature", "properties": { "FacilityType": "ElectricPowerFlty", "FacilityId": "CA000655", "Anchor": "FALSE", "FoundationType": "null", "eqBldgType": "DFLT", "DesignLevel": "LC", "SoilType": "D", "LqfSusCat": 0, "LndSusCat": 0, "WaterDepth": 5.0, "Distance": "null", "PGA": 0.76533985137939453, "PGV": 31.779436111450195, "Sa03": 1.8757151365280151, "Sa10": 0.90218323469161987, "LqfSettlPGD": 0.0, "LqfSprPGD": 0.0, "LqfProb": 0.0, "LndPGD": 0.0, "LndProb": 0.0, "SufFltRuptPGD": 29.523393630981445, "SurfFltRuptProb": 0.5, "PDsNone": 0.0003, "PDsSlight": 0.0113, "PDsModerate": 0.1745, "PDsExtensive": 0.339, "PDsComplete": 0.4747, "PDsExceedSlight": 0.9996, "PDsExceedModerate": 0.9882, "PDsExceedExtensive": 0.8137, "FunctDay1": 11.4, "FunctDay3": 15.8, "FunctDay7": 24.9, "FunctDay14": 32.6, "FunctDay30": 46.3, "FunctDay90": 90.3, "EconLoss": 313509920.0, "Name": "CROCKETT COGEN PROJECT", "City": "CROCKETT", "State": "CA" }, "geometry": { "type": "Point", "coordinates": [ -122.2161, 38.0569 ] } },
{ "type": "Feature", "properties": { "FacilityType": "ElectricPowerFlty", "FacilityId": "CA000659", "Anchor": "FALSE", "FoundationType": "null", "eqBldgType": "DFLT", "DesignLevel": "LC", "SoilType": "D", "LqfSusCat": 0, "LndSusCat": 0, "WaterDepth": 5.0, "Distance": "null", "PGA": 0.53909218311309814, "PGV": 33.995975494384766, "Sa03": 1.4119381904602051, "Sa10": 1.1746985912322998, "LqfSettlPGD": 0.0, "LqfSprPGD": 0.0, "LqfProb": 0.0, "LndPGD": 0.0, "LndProb": 0.0, "SufFltRuptPGD": 29.523393630981445, "SurfFltRuptProb": 0.5, "PDsNone": 0.0024, "PDsSlight": 0.0491, "PDsModerate": 0.3726, "PDsExtensive": 0.3533, "PDsComplete": 0.2223, "PDsExceedSlight": 0.9975, "PDsExceedModerate": 0.9484, "PDsExceedExtensive": 0.5757, "FunctDay1": 19.8, "FunctDay3": 28.2, "FunctDay7": 44.9, "FunctDay14": 55.7, "FunctDay30": 68.0, "FunctDay90": 95.4, "EconLoss": 1392264960.0, "Name": "PITTSBURG POWER", "City": "PITTSBURG", "State": "CA" }, "geometry": { "type": "Point", "coordinates": [ -121.894469, 38.039168 ] } },
{ "type": "Feature", "properties": { "FacilityType": "ElectricPowerFlty", "FacilityId": "CA000723", "Anchor": "FALSE", "FoundationType": "null", "eqBldgType": "DFLT", "DesignLevel": "LC", "SoilType": "D", "LqfSusCat": 0, "LndSusCat": 0, "WaterDepth": 5.0, "Distance": "null", "PGA": 0.61046141386032104, "PGV": 23.007492065429688, "Sa03": 1.4695538282394409, "Sa10": 0.61463010311126709, "LqfSettlPGD": 0.0, "LqfSprPGD": 0.0, "LqfProb": 0.0, "LndPGD": 0.0, "LndProb": 0.0, "SufFltRuptPGD": 29.523393630981445, "SurfFltRuptProb": 0.5, "PDsNone": 0.0001, "PDsSlight": 0.0051, "PDsModerate": 0.2219, "PDsExtensive": 0.2356, "PDsComplete": 0.537, "PDsExceedSlight": 0.9998, "PDsExceedModerate": 0.9947, "PDsExceedExtensive": 0.7727, "FunctDay1": 10.3, "FunctDay3": 15.5, "FunctDay7": 25.9, "FunctDay14": 33.3, "FunctDay30": 44.5, "FunctDay90": 89.0, "EconLoss": 128439616.0, "Name": "VASCO WINDS", "City": "LIVERMORE", "State": "CA" }, "geometry": { "type": "Point", "coordinates": [ -121.718055, 37.790833 ] } },
{ "type": "Feature", "properties": { "FacilityType": "ElectricPowerFlty", "FacilityId": "CA000743", "Anchor": "FALSE", "FoundationType": "null", "eqBldgType": "DFLT", "DesignLevel": "LC", "SoilType": "D", "LqfSusCat": 0, "LndSusCat": 0, "WaterDepth": 5.0, "Distance": "null", "PGA": 0.77480834722518921, "PGV": 35.311855316162109, "Sa03": 1.9298560619354248, "Sa10": 1.0328832864761353, "LqfSettlPGD": 0.0, "LqfSprPGD": 0.0, "LqfProb": 0.0, "LndPGD": 0.0, "LndProb": 0.0, "SufFltRuptPGD": 29.523393630981445, "SurfFltRuptProb": 0.5, "PDsNone": 0.0003, "PDsSlight": 0.0107, "PDsModerate": 0.1686, "PDsExtensive": 0.3357, "PDsComplete": 0.4845, "PDsExceedSlight": 0.9996, "PDsExceedModerate": 0.9889, "PDsExceedExtensive": 0.8202, "FunctDay1": 11.1, "FunctDay3": 15.4, "FunctDay7": 24.3, "FunctDay14": 31.8, "FunctDay30": 45.6, "FunctDay90": 90.1, "EconLoss": 144807696.0, "Name": "FOSTER WHEELER MARTINEZ", "City": "MARTINEZ", "State": "CA" }, "geometry": { "type": "Point", "coordinates": [ -122.0589, 38.0244 ] } },
{ "type": "Feature", "properties": { "FacilityType": "ElectricPowerFlty", "FacilityId": "CA000747", "Anchor": "FALSE", "FoundationType": "null", "eqBldgType": "DFLT", "DesignLevel": "LC", "SoilType": "D", "LqfSusCat": 0, "LndSusCat": 0, "WaterDepth": 5.0, "Distance": "null", "PGA": 0.57236021757125854, "PGV": 23.94725227355957, "Sa03": 1.4608070850372314, "Sa10": 0.72987604141235352, "LqfSettlPGD": 0.0, "LqfSprPGD": 0.0, "LqfProb": 0.0, "LndPGD": 0.0, "LndProb": 0.0, "SufFltRuptPGD": 29.523393630981445, "SurfFltRuptProb": 0.5, "PDsNone": 0.0002, "PDsSlight": 0.0073, "PDsModerate": 0.2603, "PDsExtensive": 0.2416, "PDsComplete": 0.4903, "PDsExceedSlight": 0.9997, "PDsExceedModerate": 0.9924, "PDsExceedExtensive": 0.732, "FunctDay1": 11.5, "FunctDay3": 17.4, "FunctDay7": 29.3, "FunctDay14": 37.4, "FunctDay30": 48.4, "FunctDay90": 90.0, "EconLoss": 57666068.0, "Name": "RIVERVIEW ENERGY CENTER", "City": "ANTIOCH", "State": "CA" }, "geometry": { "type": "Point", "coordinates": [ -121.790679, 38.014423 ] } },
{ "type": "Feature", "properties": { "FacilityType": "ElectricPowerFlty", "FacilityId": "CA000879", "Anchor": "FALSE", "FoundationType": "null", "eqBldgType": "DFLT", "DesignLevel": "LC", "SoilType": "D", "LqfSusCat": 0, "LndSusCat": 0, "WaterDepth": 5.0, "Distance": "null", "PGA": 0.71104931831359863, "PGV": 38.343650817871094, "Sa03": 1.7765729427337646, "Sa10": 1.066614031791687, "LqfSettlPGD": 0.0, "LqfSprPGD": 0.0, "LqfProb": 0.0, "LndPGD": 0.0, "LndProb": 0.0, "SufFltRuptPGD": 29.523393630981445, "SurfFltRuptProb": 0.5, "PDsNone": 0.0, "PDsSlight": 0.002, "PDsModerate": 0.144, "PDsExtensive": 0.2093, "PDsComplete": 0.6444, "PDsExceedSlight": 0.9999, "PDsExceedModerate": 0.9978, "PDsExceedExtensive": 0.8538, "FunctDay1": 7.9, "FunctDay3": 11.5, "FunctDay7": 18.8, "FunctDay14": 24.8, "FunctDay30": 36.0, "FunctDay90": 86.9, "EconLoss": 11088479.0, "Name": "NOVE POWER PLANT", "City": "RICHMOND", "State": "CA" }, "geometry": { "type": "Point", "coordinates": [ -122.382, 37.9676 ] } },
{ "type": "Feature", "properties": { "FacilityType": "ElectricPowerFlty", "FacilityId": "CA000887", "Anchor": "FALSE", "FoundationType": "null", "eqBldgType": "DFLT", "DesignLevel": "LC", "SoilType": "D", "LqfSusCat": 0, "LndSusCat": 0, "WaterDepth": 5.0, "Distance": "null", "PGA": 0.71104931831359863, "PGV": 38.343650817871094, "Sa03": 1.7765729427337646, "Sa10": 1.066614031791687, "LqfSettlPGD": 0.0, "LqfSprPGD": 0.0, "LqfProb": 0.0, "LndPGD": 0.0, "LndProb": 0.0, "SufFltRuptPGD": 29.523393630981445, "SurfFltRuptProb": 0.5, "PDsNone": 0.0, "PDsSlight": 0.002, "PDsModerate": 0.144, "PDsExtensive": 0.2093, "PDsComplete": 0.6444, "PDsExceedSlight": 0.9999, "PDsExceedModerate": 0.9978, "PDsExceedExtensive": 0.8538, "FunctDay1": 7.9, "FunctDay3": 11.5, "FunctDay7": 18.8, "FunctDay14": 24.8, "FunctDay30": 36.0, "FunctDay90": 86.9, "EconLoss": 23994416.0, "Name": "MARIN CLEAN ENERGY SOLAR ONE", "City": "RICHMOND", "State": "CA" }, "geometry": { "type": "Point", "coordinates": [ -122.377202, 37.945296 ] } },
{ "type": "Feature", "properties": { "FacilityType": "ElectricPowerFlty", "FacilityId": "CA000975", "Anchor": "FALSE", "FoundationType": "null", "eqBldgType": "DFLT", "DesignLevel": "LC", "SoilType": "D", "LqfSusCat": 0, "LndSusCat": 0, "WaterDepth": 5.0, "Distance": "null", "PGA": 0.70648092031478882, "PGV": 26.046087265014648, "Sa03": 1.6615453958511353, "Sa10": 0.68669795989990234, "LqfSettlPGD": 0.0, "LqfSprPGD": 0.0, "LqfProb": 0.0, "LndPGD": 0.0, "LndProb": 0.0, "SufFltRuptPGD": 29.523393630981445, "SurfFltRuptProb": 0.5, "PDsNone": 0.0, "PDsSlight": 0.0021, "PDsModerate": 0.1469, "PDsExtensive": 0.2107, "PDsComplete": 0.64, "PDsExceedSlight": 0.9999, "PDsExceedModerate": 0.9978, "PDsExceedExtensive": 0.8508, "FunctDay1": 8.0, "FunctDay3": 11.6, "FunctDay7": 19.0, "FunctDay14": 25.1, "FunctDay30": 36.3, "FunctDay90": 87.0, "EconLoss": 14006061.0, "Name": "AMERESCO KELLER CANYON", "City": "BAY POINT", "State": "CA" }, "geometry": { "type": "Point", "coordinates": [ -121.934491, 38.003928 ] } },
{ "type": "Feature", "properties": { "FacilityType": "HighwayBridge", "FacilityId": "CA000019", "Anchor": "null", "FoundationType": "null", "eqBldgType": "null", "DesignLevel": "null", "SoilType": "D", "LqfSusCat": 0, "LndSusCat": 0, "WaterDepth": 5.0, "Distance": "null", "PGA": 0.51411277055740356, "PGV": 22.598207473754883, "Sa03": 1.318814754486084, "Sa10": 0.69194120168685913, "LqfSettlPGD": 0.0, "LqfSprPGD": 0.0, "LqfProb": 0.0, "LndPGD": 0.0, "LndProb": 0.0, "SufFltRuptPGD": 29.523393630981445, "SurfFltRuptProb": 0.5, "PDsNone": 0.5955, "PDsSlight": 0.1347, "PDsModerate": 0.0902, "PDsExtensive": 0.1123, "PDsComplete": 0.067, "PDsExceedSlight": 0.4044, "PDsExceedModerate": 0.2696, "PDsExceedExtensive": 0.1794, "FunctDay1": 72.7, "FunctDay3": 78.8, "FunctDay7": 82.3, "FunctDay14": 83.0, "FunctDay30": 83.8, "FunctDay90": 89.9, "EconLoss": 32705.486328125, "Name": "'Delta-Mendota Canal'", "City": "null", "State": "null" }, "geometry": { "type": "Point", "coordinates": [ -121.5785, 37.8124 ] } },
{ "type": "Feature", "properties": { "FacilityType": "HighwayBridge", "FacilityId": "CA000076", "Anchor": "null", "FoundationType": "null", "eqBldgType": "null", "DesignLevel": "null", "SoilType": "D", "LqfSusCat": 0, "LndSusCat": 0, "WaterDepth": 5.0, "Distance": "null", "PGA": 0.88323330879211426, "PGV": 36.366287231445313, "Sa03": 2.186204195022583, "Sa10": 0.97695797681808472, "LqfSettlPGD": 0.0, "LqfSprPGD": 0.0, "LqfProb": 0.0, "LndPGD": 0.0, "LndProb": 0.0, "SufFltRuptPGD": 29.523393630981445, "SurfFltRuptProb": 0.5, "PDsNone": 0.3695, "PDsSlight": 0.1459, "PDsModerate": 0.1186, "PDsExtensive": 0.1879, "PDsComplete": 0.1779, "PDsExceedSlight": 0.6304, "PDsExceedModerate": 0.4845, "PDsExceedExtensive": 0.3659, "FunctDay1": 52.3, "FunctDay3": 59.5, "FunctDay7": 64.2, "FunctDay14": 65.2, "FunctDay30": 66.6, "FunctDay90": 77.2, "EconLoss": 56814.3125, "Name": "'Galinda Creek'", "City": "null", "State": "null" }, "geometry": { "type": "Point", "coordinates": [ -122.022, 37.965069 ] } },
{ "type": "Feature", "properties": { "FacilityType": "HighwayBridge", "FacilityId": "CA005339", "Anchor": "null", "FoundationType": "null", "eqBldgType": "null", "DesignLevel": "null", "SoilType": "D", "LqfSusCat": 0, "LndSusCat": 0, "WaterDepth": 5.0, "Distance": "null", "PGA": 0.76533985137939453, "PGV": 31.779436111450195, "Sa03": 1.8757151365280151, "Sa10": 0.90218323469161987, "LqfSettlPGD": 0.0, "LqfSprPGD": 0.0, "LqfProb": 0.0, "LndPGD": 0.0, "LndProb": 0.0, "SufFltRuptPGD": 29.523393630981445, "SurfFltRuptProb": 0.5, "PDsNone": 0.0876, "PDsSlight": 0.075, "PDsModerate": 0.1735, "PDsExtensive": 0.1622, "PDsComplete": 0.5016, "PDsExceedSlight": 0.9123, "PDsExceedModerate": 0.8373, "PDsExceedExtensive": 0.6638, "FunctDay1": 20.9, "FunctDay3": 27.8, "FunctDay7": 34.7, "FunctDay14": 36.0, "FunctDay30": 37.6, "FunctDay90": 49.0, "EconLoss": 19186578.0, "Name": "'CARQUINEZ STRAIT UP RR'", "City": "null", "State": "null" }, "geometry": { "type": "Point", "coordinates": [ -122.224908, 38.054722 ] } },
{ "type": "Feature", "properties": { "FacilityType": "HighwayBridge", "FacilityId": "CA006853", "Anchor": "null", "FoundationType": "null", "eqBldgType": "null", "DesignLevel": "null", "SoilType": "D", "LqfSusCat": 0, "LndSusCat": 0, "WaterDepth": 5.0, "Distance": "null", "PGA": 0.52618581056594849, "PGV": 21.990455627441406, "Sa03": 1.3398592472076416, "Sa10": 0.67062509059906006, "LqfSettlPGD": 0.0, "LqfSprPGD": 0.0, "LqfProb": 0.0, "LndPGD": 0.0, "LndProb": 0.0, "SufFltRuptPGD": 29.523393630981445, "SurfFltRuptProb": 0.5, "PDsNone": 0.688, "PDsSlight": 0.0, "PDsModerate": 0.1072, "PDsExtensive": 0.1149, "PDsComplete": 0.0898, "PDsExceedSlight": 0.3119, "PDsExceedModerate": 0.3119, "PDsExceedExtensive": 0.2047, "FunctDay1": 72.5, "FunctDay3": 75.6, "FunctDay7": 79.8, "FunctDay14": 80.5, "FunctDay30": 81.4, "FunctDay90": 87.7, "EconLoss": 12181056.0, "Name": "'SAN JOAQUIN RIVR ANTIOCH'", "City": "null", "State": "null" }, "geometry": { "type": "Point", "coordinates": [ -121.751478, 38.0168 ] } },
{ "type": "Feature", "properties": { "FacilityType": "HighwayBridge", "FacilityId": "CA006854", "Anchor": "null", "FoundationType": "null", "eqBldgType": "null", "DesignLevel": "null", "SoilType": "D", "LqfSusCat": 0, "LndSusCat": 0, "WaterDepth": 5.0, "Distance": "null", "PGA": 0.52618581056594849, "PGV": 21.990455627441406, "Sa03": 1.3398592472076416, "Sa10": 0.67062509059906006, "LqfSettlPGD": 0.0, "LqfSprPGD": 0.0, "LqfProb": 0.0, "LndPGD": 0.0, "LndProb": 0.0, "SufFltRuptPGD": 29.523393630981445, "SurfFltRuptProb": 0.5, "PDsNone": 0.4264, "PDsSlight": 0.2616, "PDsModerate": 0.1072, "PDsExtensive": 0.1149, "PDsComplete": 0.0898, "PDsExceedSlight": 0.5735, "PDsExceedModerate": 0.3119, "PDsExceedExtensive": 0.2047, "FunctDay1": 65.9, "FunctDay3": 75.6, "FunctDay7": 79.8, "FunctDay14": 80.5, "FunctDay30": 81.4, "FunctDay90": 87.7, "EconLoss": 400292.90625, "Name": "'BNSF RY  UP RR  & AMTRAK'", "City": "null", "State": "null" }, "geometry": { "type": "Point", "coordinates": [ -121.752933, 38.009083 ] } },
{ "type": "Feature", "properties": { "FacilityType": "HighwayBridge", "FacilityId": "CA006855", "Anchor": "null", "FoundationType": "null", "eqBldgType": "null", "DesignLevel": "null", "SoilType": "D", "LqfSusCat": 0, "LndSusCat": 0, "WaterDepth": 5.0, "Distance": "null", "PGA": 0.52618581056594849, "PGV": 21.990455627441406, "Sa03": 1.3398592472076416, "Sa10": 0.67062509059906006, "LqfSettlPGD": 0.0, "LqfSprPGD": 0.0, "LqfProb": 0.0, "LndPGD": 0.0, "LndProb": 0.0, "SufFltRuptPGD": 29.523393630981445, "SurfFltRuptProb": 0.5, "PDsNone": 0.4264, "PDsSlight": 0.2616, "PDsModerate": 0.1072, "PDsExtensive": 0.1149, "PDsComplete": 0.0898, "PDsExceedSlight": 0.5735, "PDsExceedModerate": 0.3119, "PDsExceedExtensive": 0.2047, "FunctDay1": 65.9, "FunctDay3": 75.6, "FunctDay7": 79.8, "FunctDay14": 80.5, "FunctDay30": 81.4, "FunctDay90": 87.7, "EconLoss": 376032.71875, "Name": "'BNSF RY  UP RR  & AMTRAK'", "City": "null", "State": "null" }, "geometry": { "type": "Point", "coordinates": [ -121.752617, 38.009033 ] } },
{ "type": "Feature", "properties": { "FacilityType": "HighwayBridge", "FacilityId": "CA006856", "Anchor": "null", "FoundationType": "null", "eqBldgType": "null", "DesignLevel": "null", "SoilType": "D", "LqfSusCat": 0, "LndSusCat": 0, "WaterDepth": 5.0, "Distance": "null", "PGA": 0.52618581056594849, "PGV": 21.990455627441406, "Sa03": 1.3398592472076416, "Sa10": 0.67062509059906006, "LqfSettlPGD": 0.0, "LqfSprPGD": 0.0, "LqfProb": 0.0, "LndPGD": 0.0, "LndProb": 0.0, "SufFltRuptPGD": 29.523393630981445, "SurfFltRuptProb": 0.5, "PDsNone": 0.6156, "PDsSlight": 0.1275, "PDsModerate": 0.0875, "PDsExtensive": 0.1071, "PDsComplete": 0.062, "PDsExceedSlight": 0.3843, "PDsExceedModerate": 0.2568, "PDsExceedExtensive": 0.1692, "FunctDay1": 74.1, "FunctDay3": 79.9, "FunctDay7": 83.3, "FunctDay14": 83.9, "FunctDay30": 84.7, "FunctDay90": 90.5, "EconLoss": 273874.6875, "Name": "'WILBUR AVENUE'", "City": "null", "State": "null" }, "geometry": { "type": "Point", "coordinates": [ -121.752239, 38.012075 ] } },
{ "type": "Feature", "properties": { "FacilityType": "HighwayBridge", "FacilityId": "CA006857", "Anchor": "null", "FoundationType": "null", "eqBldgType": "null", "DesignLevel": "null", "SoilType": "D", "LqfSusCat": 0, "LndSusCat": 0, "WaterDepth": 5.0, "Distance": "null", "PGA": 0.52618581056594849, "PGV": 21.990455627441406, "Sa03": 1.3398592472076416, "Sa10": 0.67062509059906006, "LqfSettlPGD": 0.0, "LqfSprPGD": 0.0, "LqfProb": 0.0, "LndPGD": 0.0, "LndProb": 0.0, "SufFltRuptPGD": 29.523393630981445, "SurfFltRuptProb": 0.5, "PDsNone": 0.6156, "PDsSlight": 0.1275, "PDsModerate": 0.0875, "PDsExtensive": 0.1071, "PDsComplete": 0.062, "PDsExceedSlight": 0.3843, "PDsExceedModerate": 0.2568, "PDsExceedExtensive": 0.1692, "FunctDay1": 74.1, "FunctDay3": 79.9, "FunctDay7": 83.3, "FunctDay14": 83.9, "FunctDay30": 84.7, "FunctDay90": 90.5, "EconLoss": 273874.6875, "Name": "'WILBUR AVENUE'", "City": "null", "State": "null" }, "geometry": { "type": "Point", "coordinates": [ -121.75195, 38.012058 ] } },
{ "type": "Feature", "properties": { "FacilityType": "HighwayBridge", "FacilityId": "CA006858", "Anchor": "null", "FoundationType": "null", "eqBldgType": "null", "DesignLevel": "null", "SoilType": "D", "LqfSusCat": 0, "LndSusCat": 0, "WaterDepth": 5.0, "Distance": "null", "PGA": 0.4619385302066803, "PGV": 21.552145004272461, "Sa03": 1.2130423784255981, "Sa10": 0.69543164968490601, "LqfSettlPGD": 0.0, "LqfSprPGD": 0.0, "LqfProb": 0.0, "LndPGD": 0.0, "LndProb": 0.0, "SufFltRuptPGD": 29.523393630981445, "SurfFltRuptProb": 0.5, "PDsNone": 0.6663, "PDsSlight": 0.0, "PDsModerate": 0.1113, "PDsExtensive": 0.1222, "PDsComplete": 0.1, "PDsExceedSlight": 0.3336, "PDsExceedModerate": 0.3336, "PDsExceedExtensive": 0.2223, "FunctDay1": 70.5, "FunctDay3": 73.7, "FunctDay7": 78.0, "FunctDay14": 78.9, "FunctDay30": 79.8, "FunctDay90": 86.5, "EconLoss": 143157.53125, "Name": "'KELLOGG CREEK'", "City": "null", "State": "null" }, "geometry": { "type": "Point", "coordinates": [ -121.618575, 37.889322 ] } },
{ "type": "Feature", "properties": { "FacilityType": "HighwayBridge", "FacilityId": "CA006859", "Anchor": "null", "FoundationType": "null", "eqBldgType": "null", "DesignLevel": "null", "SoilType": "D", "LqfSusCat": 0, "LndSusCat": 0, "WaterDepth": 5.0, "Distance": "null", "PGA": 0.4619385302066803, "PGV": 21.552145004272461, "Sa03": 1.2130423784255981, "Sa10": 0.69543164968490601, "LqfSettlPGD": 0.0, "LqfSprPGD": 0.0, "LqfProb": 0.0, "LndPGD": 0.0, "LndProb": 0.0, "SufFltRuptPGD": 29.523393630981445, "SurfFltRuptProb": 0.5, "PDsNone": 0.6663, "PDsSlight": 0.0, "PDsModerate": 0.1113, "PDsExtensive": 0.1222, "PDsComplete": 0.1, "PDsExceedSlight": 0.3336, "PDsExceedModerate": 0.3336, "PDsExceedExtensive": 0.2223, "FunctDay1": 70.5, "FunctDay3": 73.7, "FunctDay7": 78.0, "FunctDay14": 78.9, "FunctDay30": 79.8, "FunctDay90": 86.5, "EconLoss": 91297.390625, "Name": "'KENDALL CREEK OVERFLOW'", "City": "null", "State": "null" }, "geometry": { "type": "Point", "coordinates": [ -121.613881, 37.889289 ] } },
{ "type": "Feature", "properties": { "FacilityType": "HighwayBridge", "FacilityId": "CA006860", "Anchor": "null", "FoundationType": "null", "eqBldgType": "null", "DesignLevel": "null", "SoilType": "D", "LqfSusCat": 0, "LndSusCat": 0, "WaterDepth": 5.0, "Distance": "null", "PGA": 0.78646308183670044, "PGV": 46.787063598632813, "Sa03": 1.958044171333313, "Sa10": 1.3109819889068604, "LqfSettlPGD": 0.0, "LqfSprPGD": 0.0, "LqfProb": 0.0, "LndPGD": 0.0, "LndProb": 0.0, "SufFltRuptPGD": 29.523393630981445, "SurfFltRuptProb": 0.5, "PDsNone": 0.2653, "PDsSlight": 0.0, "PDsModerate": 0.1196, "PDsExtensive": 0.2038, "PDsComplete": 0.4111, "PDsExceedSlight": 0.7346, "PDsExceedModerate": 0.7346, "PDsExceedExtensive": 0.615, "FunctDay1": 31.5, "FunctDay3": 35.0, "FunctDay7": 39.8, "FunctDay14": 41.0, "FunctDay30": 42.8, "FunctDay90": 55.7, "EconLoss": 3282724.5, "Name": "'POTRERO AVE & S80 ON RMP'", "City": "null", "State": "null" }, "geometry": { "type": "Point", "coordinates": [ -122.317494, 37.920642 ] } },
{ "type": "Feature", "properties": { "FacilityType": "HighwayBridge", "FacilityId": "CA006861", "Anchor": "null", "FoundationType": "null", "eqBldgType": "null", "DesignLevel": "null", "SoilType": "D", "LqfSusCat": 0, "LndSusCat": 0, "WaterDepth": 5.0, "Distance": "null", "PGA": 0.76457589864730835, "PGV": 33.199306488037109, "Sa03": 1.8811763525009155, "Sa10": 0.93338006734848022, "LqfSettlPGD": 0.0, "LqfSprPGD": 0.0, "LqfProb": 0.0, "LndPGD": 0.0, "LndProb": 0.0, "SufFltRuptPGD": 29.523393630981445, "SurfFltRuptProb": 0.5, "PDsNone": 0.2616, "PDsSlight": 0.0, "PDsModerate": 0.1189, "PDsExtensive": 0.2037, "PDsComplete": 0.4156, "PDsExceedSlight": 0.7383, "PDsExceedModerate": 0.7383, "PDsExceedExtensive": 0.6193, "FunctDay1": 31.1, "FunctDay3": 34.6, "FunctDay7": 39.4, "FunctDay14": 40.5, "FunctDay30": 42.3, "FunctDay90": 55.3, "EconLoss": 570284.5, "Name": "'RODEO CREEK'", "City": "null", "State": "null" }, "geometry": { "type": "Point", "coordinates": [ -122.23865, 38.014158 ] } },
{ "type": "Feature", "properties": { "FacilityType": "HighwayBridge", "FacilityId": "CA006862", "Anchor": "null", "FoundationType": "null", "eqBldgType": "null", "DesignLevel": "null", "SoilType": "D", "LqfSusCat": 0, "LndSusCat": 0, "WaterDepth": 5.0, "Distance": "null", "PGA": 0.76457589864730835, "PGV": 33.199306488037109, "Sa03": 1.8811763525009155, "Sa10": 0.93338006734848022, "LqfSettlPGD": 0.0, "LqfSprPGD": 0.0, "LqfProb": 0.0, "LndPGD": 0.0, "LndProb": 0.0, "SufFltRuptPGD": 29.523393630981445, "SurfFltRuptProb": 0.5, "PDsNone": 0.2307, "PDsSlight": 0.2151, "PDsModerate": 0.1327, "PDsExtensive": 0.1841, "PDsComplete": 0.2372, "PDsExceedSlight": 0.7692, "PDsExceedModerate": 0.5541, "PDsExceedExtensive": 0.4213, "FunctDay1": 44.1, "FunctDay3": 53.4, "FunctDay7": 58.6, "FunctDay14": 59.7, "FunctDay30": 61.2, "FunctDay90": 72.0, "EconLoss": 258106.6875, "Name": "'RODEO CREEK'", "City": "null", "State": "null" }, "geometry": { "type": "Point", "coordinates": [ -122.23845, 38.013889 ] } },
{ "type": "Feature", "properties": { "FacilityType": "HighwayBridge", "FacilityId": "CA006863", "Anchor": "null", "FoundationType": "null", "eqBldgType": "null", "DesignLevel": "null", "SoilType": "D", "LqfSusCat": 0, "LndSusCat": 0, "WaterDepth": 5.0, "Distance": "null", "PGA": 0.80157685279846191, "PGV": 43.148735046386719, "Sa03": 1.9964525699615479, "Sa10": 1.3447792530059814, "LqfSettlPGD": 0.0, "LqfSprPGD": 0.0, "LqfProb": 0.0, "LndPGD": 0.0, "LndProb": 0.0, "SufFltRuptPGD": 29.523393630981445, "SurfFltRuptProb": 0.5, "PDsNone": 0.2516, "PDsSlight": 0.0, "PDsModerate": 0.1172, "PDsExtensive": 0.2033, "PDsComplete": 0.4277, "PDsExceedSlight": 0.7483, "PDsExceedModerate": 0.7483, "PDsExceedExtensive": 0.6311, "FunctDay1": 30.1, "FunctDay3": 33.6, "FunctDay7": 38.3, "FunctDay14": 39.4, "FunctDay30": 41.2, "FunctDay90": 54.2, "EconLoss": 3894258.5, "Name": "'INTERSTATE 680'", "City": "null", "State": "null" }, "geometry": { "type": "Point", "coordinates": [ -122.052953, 37.957658 ] } },
{ "type": "Feature", "properties": { "FacilityType": "HighwayBridge", "FacilityId": "CA006864", "Anchor": "null", "FoundationType": "null", "eqBldgType": "null", "DesignLevel": "null", "SoilType": "D", "LqfSusCat": 0, "LndSusCat": 0, "WaterDepth": 5.0, "Distance": "null", "PGA": 0.80157685279846191, "PGV": 43.148735046386719, "Sa03": 1.9964525699615479, "Sa10": 1.3447792530059814, "LqfSettlPGD": 0.0, "LqfSprPGD": 0.0, "LqfProb": 0.0, "LndPGD": 0.0, "LndProb": 0.0, "SufFltRuptPGD": 29.523393630981445, "SurfFltRuptProb": 0.5, "PDsNone": 0.1373, "PDsSlight": 0.0, "PDsModerate": 0.0869, "PDsExtensive": 0.1805, "PDsComplete": 0.5952, "PDsExceedSlight": 0.8626, "PDsExceedModerate": 0.8626, "PDsExceedExtensive": 0.7757, "FunctDay1": 18.0, "FunctDay3": 20.6, "FunctDay7": 24.2, "FunctDay14": 25.2, "FunctDay30": 27.0, "FunctDay90": 40.0, "EconLoss": 2357746.0, "Name": "'WALNUT CREEK'", "City": "null", "State": "null" }, "geometry": { "type": "Point", "coordinates": [ -122.051858, 37.958678 ] } },
{ "type": "Feature", "properties": { "FacilityType": "HighwayBridge", "FacilityId": "CA006865", "Anchor": "null", "FoundationType": "null", "eqBldgType": "null", "DesignLevel": "null", "SoilType": "D", "LqfSusCat": 0, "LndSusCat": 0, "WaterDepth": 5.0, "Distance": "null", "PGA": 0.52618581056594849, "PGV": 21.990455627441406, "Sa03": 1.3398592472076416, "Sa10": 0.67062509059906006, "LqfSettlPGD": 0.0, "LqfSprPGD": 0.0, "LqfProb": 0.0, "LndPGD": 0.0, "LndProb": 0.0, "SufFltRuptPGD": 29.523393630981445, "SurfFltRuptProb": 0.5, "PDsNone": 0.6156, "PDsSlight": 0.1266, "PDsModerate": 0.0877, "PDsExtensive": 0.1075, "PDsComplete": 0.0624, "PDsExceedSlight": 0.3843, "PDsExceedModerate": 0.2576, "PDsExceedExtensive": 0.1699, "FunctDay1": 74.0, "FunctDay3": 79.8, "FunctDay7": 83.2, "FunctDay14": 83.9, "FunctDay30": 84.7, "FunctDay90": 90.4, "EconLoss": 532550.5625, "Name": "'E 18TH STREET'", "City": "null", "State": "null" }, "geometry": { "type": "Point", "coordinates": [ -121.753903, 38.004908 ] } },
{ "type": "Feature", "properties": { "FacilityType": "HighwayBridge", "FacilityId": "CA006866", "Anchor": "null", "FoundationType": "null", "eqBldgType": "null", "DesignLevel": "null", "SoilType": "D", "LqfSusCat": 0, "LndSusCat": 0, "WaterDepth": 5.0, "Distance": "null", "PGA": 0.52618581056594849, "PGV": 21.990455627441406, "Sa03": 1.3398592472076416, "Sa10": 0.67062509059906006, "LqfSettlPGD": 0.0, "LqfSprPGD": 0.0, "LqfProb": 0.0, "LndPGD": 0.0, "LndProb": 0.0, "SufFltRuptPGD": 29.523393630981445, "SurfFltRuptProb": 0.5, "PDsNone": 0.6156, "PDsSlight": 0.1266, "PDsModerate": 0.0877, "PDsExtensive": 0.1075, "PDsComplete": 0.0624, "PDsExceedSlight": 0.3843, "PDsExceedModerate": 0.2576, "PDsExceedExtensive": 0.1699, "FunctDay1": 74.0, "FunctDay3": 79.8, "FunctDay7": 83.2, "FunctDay14": 83.9, "FunctDay30": 84.7, "FunctDay90": 90.4, "EconLoss": 397156.3125, "Name": "'E 18TH STREET'", "City": "null", "State": "null" }, "geometry": { "type": "Point", "coordinates": [ -121.753519, 38.004911 ] } },
{ "type": "Feature", "properties": { "FacilityType": "HighwayBridge", "FacilityId": "CA006867", "Anchor": "null", "FoundationType": "null", "eqBldgType": "null", "DesignLevel": "null", "SoilType": "D", "LqfSusCat": 0, "LndSusCat": 0, "WaterDepth": 5.0, "Distance": "null", "PGA": 0.83762073516845703, "PGV": 37.623123168945313, "Sa03": 2.1028585433959961, "Sa10": 1.1015702486038208, "LqfSettlPGD": 0.0, "LqfSprPGD": 0.0, "LqfProb": 0.0, "LndPGD": 0.0, "LndProb": 0.0, "SufFltRuptPGD": 29.523393630981445, "SurfFltRuptProb": 0.5, "PDsNone": 0.1556, "PDsSlight": 0.2124, "PDsModerate": 0.1309, "PDsExtensive": 0.1975, "PDsComplete": 0.3034, "PDsExceedSlight": 0.8443, "PDsExceedModerate": 0.6318, "PDsExceedExtensive": 0.5009, "FunctDay1": 36.5, "FunctDay3": 45.7, "FunctDay7": 50.9, "FunctDay14": 52.0, "FunctDay30": 53.7, "FunctDay90": 65.6, "EconLoss": 496362.15625, "Name": "'MOUNT DIABLO BOULEVARD'", "City": "null", "State": "null" }, "geometry": { "type": "Point", "coordinates": [ -122.097431, 37.896783 ] } },
{ "type": "Feature", "properties": { "FacilityType": "HighwayBridge", "FacilityId": "CA006868", "Anchor": "null", "FoundationType": "null", "eqBldgType": "null", "DesignLevel": "null", "SoilType": "D", "LqfSusCat": 0, "LndSusCat": 0, "WaterDepth": 5.0, "Distance": "null", "PGA": 0.71104931831359863, "PGV": 38.343650817871094, "Sa03": 1.7765729427337646, "Sa10": 1.066614031791687, "LqfSettlPGD": 0.0, "LqfSprPGD": 0.0, "LqfProb": 0.0, "LndPGD": 0.0, "LndProb": 0.0, "SufFltRuptPGD": 29.523393630981445, "SurfFltRuptProb": 0.5, "PDsNone": 0.3885, "PDsSlight": 0.0, "PDsModerate": 0.1319, "PDsExtensive": 0.1945, "PDsComplete": 0.2849, "PDsExceedSlight": 0.6114, "PDsExceedModerate": 0.6114, "PDsExceedExtensive": 0.4795, "FunctDay1": 43.9, "FunctDay3": 47.8, "FunctDay7": 53.0, "FunctDay14": 54.1, "FunctDay30": 55.7, "FunctDay90": 67.3, "EconLoss": 962073.5, "Name": "'BNSF RY & GARRARD BLVD'", "City": "null", "State": "null" }, "geometry": { "type": "Point", "coordinates": [ -122.381161, 37.92725 ] } },
{ "type": "Feature", "properties": { "FacilityType": "HighwayBridge", "FacilityId": "CA006869", "Anchor": "null", "FoundationType": "null", "eqBldgType": "null", "DesignLevel": "null", "SoilType": "D", "LqfSusCat": 0, "LndSusCat": 0, "WaterDepth": 5.0, "Distance": "null", "PGA": 0.71104931831359863, "PGV": 38.343650817871094, "Sa03": 1.7765729427337646, "Sa10": 1.066614031791687, "LqfSettlPGD": 0.0, "LqfSprPGD": 0.0, "LqfProb": 0.0, "LndPGD": 0.0, "LndProb": 0.0, "SufFltRuptPGD": 29.523393630981445, "SurfFltRuptProb": 0.5, "PDsNone": 0.3759, "PDsSlight": 0.0, "PDsModerate": 0.1313, "PDsExtensive": 0.1964, "PDsComplete": 0.2961, "PDsExceedSlight": 0.624, "PDsExceedModerate": 0.624, "PDsExceedExtensive": 0.4926, "FunctDay1": 42.7, "FunctDay3": 46.5, "FunctDay7": 51.7, "FunctDay14": 52.8, "FunctDay30": 54.5, "FunctDay90": 66.2, "EconLoss": 1461368.25, "Name": "'BNSF RY & GARRARD BLVD'", "City": "null", "State": "null" }, "geometry": { "type": "Point", "coordinates": [ -122.381306, 37.927183 ] } },
{ "type": "Feature", "properties": { "FacilityType": "HighwayBridge", "FacilityId": "CA006870", "Anchor": "null", "FoundationType": "null", "eqBldgType": "null", "DesignLevel": "null", "SoilType": "D", "LqfSusCat": 0, "LndSusCat": 0, "WaterDepth": 5.0, "Distance": "null", "PGA": 0.71104931831359863, "PGV": 38.343650817871094, "Sa03": 1.7765729427337646, "Sa10": 1.066614031791687, "LqfSettlPGD": 0.0, "LqfSprPGD": 0.0, "LqfProb": 0.0, "LndPGD": 0.0, "LndProb": 0.0, "SufFltRuptPGD": 29.523393630981445, "SurfFltRuptProb": 0.5, "PDsNone": 0.3789, "PDsSlight": 0.0, "PDsModerate": 0.1315, "PDsExtensive": 0.196, "PDsComplete": 0.2935, "PDsExceedSlight": 0.621, "PDsExceedModerate": 0.621, "PDsExceedExtensive": 0.4895, "FunctDay1": 43.0, "FunctDay3": 46.8, "FunctDay7": 52.0, "FunctDay14": 53.2, "FunctDay30": 54.8, "FunctDay90": 66.5, "EconLoss": 2654986.75, "Name": "'BNSF RY & GARRARD BLVD'", "City": "null", "State": "null" }, "geometry": { "type": "Point", "coordinates": [ -122.380953, 37.927475 ] } },
{ "type": "Feature", "properties": { "FacilityType": "HighwayBridge", "FacilityId": "CA006871", "Anchor": "null", "FoundationType": "null", "eqBldgType": "null", "DesignLevel": "null", "SoilType": "D", "LqfSusCat": 0, "LndSusCat": 0, "WaterDepth": 5.0, "Distance": "null", "PGA": 0.71104931831359863, "PGV": 38.343650817871094, "Sa03": 1.7765729427337646, "Sa10": 1.066614031791687, "LqfSettlPGD": 0.0, "LqfSprPGD": 0.0, "LqfProb": 0.0, "LndPGD": 0.0, "LndProb": 0.0, "SufFltRuptPGD": 29.523393630981445, "SurfFltRuptProb": 0.5, "PDsNone": 0.3789, "PDsSlight": 0.0, "PDsModerate": 0.1315, "PDsExtensive": 0.196, "PDsComplete": 0.2935, "PDsExceedSlight": 0.621, "PDsExceedModerate": 0.621, "PDsExceedExtensive": 0.4895, "FunctDay1": 43.0, "FunctDay3": 46.8, "FunctDay7": 52.0, "FunctDay14": 53.2, "FunctDay30": 54.8, "FunctDay90": 66.5, "EconLoss": 2786104.0, "Name": "'BNSF RY & GARRARD BLVD'", "City": "null", "State": "null" }, "geometry": { "type": "Point", "coordinates": [ -122.3808, 37.927658 ] } },
{ "type": "Feature", "properties": { "FacilityType": "HighwayBridge", "FacilityId": "CA006872", "Anchor": "null", "FoundationType": "null", "eqBldgType": "null", "DesignLevel": "null", "SoilType": "D", "LqfSusCat": 0, "LndSusCat": 0, "WaterDepth": 5.0, "Distance": "null", "PGA": 0.71104931831359863, "PGV": 38.343650817871094, "Sa03": 1.7765729427337646, "Sa10": 1.066614031791687, "LqfSettlPGD": 0.0, "LqfSprPGD": 0.0, "LqfProb": 0.0, "LndPGD": 0.0, "LndProb": 0.0, "SufFltRuptPGD": 29.523393630981445, "SurfFltRuptProb": 0.5, "PDsNone": 0.3802, "PDsSlight": 0.0, "PDsModerate": 0.1315, "PDsExtensive": 0.1958, "PDsComplete": 0.2923, "PDsExceedSlight": 0.6197, "PDsExceedModerate": 0.6197, "PDsExceedExtensive": 0.4881, "FunctDay1": 43.1, "FunctDay3": 46.9, "FunctDay7": 52.2, "FunctDay14": 53.3, "FunctDay30": 54.9, "FunctDay90": 66.6, "EconLoss": 2004225.125, "Name": "'BNSF RY & GARRARD BLVD'", "City": "null", "State": "null" }, "geometry": { "type": "Point", "coordinates": [ -122.380714, 37.927869 ] } },
{ "type": "Feature", "properties": { "FacilityType": "HighwayBridge", "FacilityId": "CA006873", "Anchor": "null", "FoundationType": "null", "eqBldgType": "null", "DesignLevel": "null", "SoilType": "D", "LqfSusCat": 0, "LndSusCat": 0, "WaterDepth": 5.0, "Distance": "null", "PGA": 0.8453102707862854, "PGV": 39.551097869873047, "Sa03": 2.1369194984436035, "Sa10": 1.1330232620239258, "LqfSettlPGD": 0.0, "LqfSprPGD": 0.0, "LqfProb": 0.0, "LndPGD": 0.0, "LndProb": 0.0, "SufFltRuptPGD": 29.523393630981445, "SurfFltRuptProb": 0.5, "PDsNone": 0.2809, "PDsSlight": 0.0286, "PDsModerate": 0.1138, "PDsExtensive": 0.2273, "PDsComplete": 0.3492, "PDsExceedSlight": 0.719, "PDsExceedModerate": 0.6903, "PDsExceedExtensive": 0.5765, "FunctDay1": 35.0, "FunctDay3": 39.1, "FunctDay7": 43.7, "FunctDay14": 44.8, "FunctDay30": 46.7, "FunctDay90": 60.4, "EconLoss": 102363.4609375, "Name": "'SAN RAMON CREEK'", "City": "null", "State": "null" }, "geometry": { "type": "Point", "coordinates": [ -121.976989, 37.781214 ] } },
{ "type": "Feature", "properties": { "FacilityType": "HighwayBridge", "FacilityId": "CA006874", "Anchor": "null", "FoundationType": "null", "eqBldgType": "null", "DesignLevel": "null", "SoilType": "D", "LqfSusCat": 0, "LndSusCat": 0, "WaterDepth": 5.0, "Distance": "null", "PGA": 0.88981062173843384, "PGV": 37.460258483886719, "Sa03": 2.213346004486084, "Sa10": 1.0647217035293579, "LqfSettlPGD": 0.0, "LqfSprPGD": 0.0, "LqfProb": 0.0, "LndPGD": 0.0, "LndProb": 0.0, "SufFltRuptPGD": 29.523393630981445, "SurfFltRuptProb": 0.5, "PDsNone": 0.3896, "PDsSlight": 0.0, "PDsModerate": 0.1319, "PDsExtensive": 0.1944, "PDsComplete": 0.2839, "PDsExceedSlight": 0.6103, "PDsExceedModerate": 0.6103, "PDsExceedExtensive": 0.4783, "FunctDay1": 44.0, "FunctDay3": 47.9, "FunctDay7": 53.1, "FunctDay14": 54.2, "FunctDay30": 55.8, "FunctDay90": 67.4, "EconLoss": 4196857.0, "Name": "'RUDGEAR ROAD'", "City": "null", "State": "null" }, "geometry": { "type": "Point", "coordinates": [ -122.048786, 37.879117 ] } },
{ "type": "Feature", "properties": { "FacilityType": "HighwayBridge", "FacilityId": "CA006875", "Anchor": "null", "FoundationType": "null", "eqBldgType": "null", "DesignLevel": "null", "SoilType": "D", "LqfSusCat": 0, "LndSusCat": 0, "WaterDepth": 5.0, "Distance": "null", "PGA": 0.76386553049087524, "PGV": 29.488838195800781, "Sa03": 1.8258516788482666, "Sa10": 0.83847570419311523, "LqfSettlPGD": 0.0, "LqfSprPGD": 0.0, "LqfProb": 0.0, "LndPGD": 0.0, "LndProb": 0.0, "SufFltRuptPGD": 29.523393630981445, "SurfFltRuptProb": 0.5, "PDsNone": 0.4687, "PDsSlight": 0.0547, "PDsModerate": 0.1181, "PDsExtensive": 0.1855, "PDsComplete": 0.1727, "PDsExceedSlight": 0.5312, "PDsExceedModerate": 0.4764, "PDsExceedExtensive": 0.3583, "FunctDay1": 55.4, "FunctDay3": 60.2, "FunctDay7": 64.9, "FunctDay14": 65.9, "FunctDay30": 67.3, "FunctDay90": 77.7, "EconLoss": 1298187.0, "Name": "'ABANDONED BNSF RY SPUR'", "City": "null", "State": "null" }, "geometry": { "type": "Point", "coordinates": [ -122.124956, 37.992114 ] } },
{ "type": "Feature", "properties": { "FacilityType": "HighwayBridge", "FacilityId": "CA006876", "Anchor": "null", "FoundationType": "null", "eqBldgType": "null", "DesignLevel": "null", "SoilType": "D", "LqfSusCat": 0, "LndSusCat": 0, "WaterDepth": 5.0, "Distance": "null", "PGA": 0.52618581056594849, "PGV": 21.990455627441406, "Sa03": 1.3398592472076416, "Sa10": 0.67062509059906006, "LqfSettlPGD": 0.0, "LqfSprPGD": 0.0, "LqfProb": 0.0, "LndPGD": 0.0, "LndProb": 0.0, "SufFltRuptPGD": 29.523393630981445, "SurfFltRuptProb": 0.5, "PDsNone": 0.4264, "PDsSlight": 0.2367, "PDsModerate": 0.1118, "PDsExtensive": 0.1233, "PDsComplete": 0.1015, "PDsExceedSlight": 0.5735, "PDsExceedModerate": 0.3367, "PDsExceedExtensive": 0.2249, "FunctDay1": 64.2, "FunctDay3": 73.4, "FunctDay7": 77.8, "FunctDay14": 78.6, "FunctDay30": 79.5, "FunctDay90": 86.4, "EconLoss": 355045.53125, "Name": "'UP RR'", "City": "null", "State": "null" }, "geometry": { "type": "Point", "coordinates": [ -121.757931, 37.992547 ] } },
{ "type": "Feature", "properties": { "FacilityType": "HighwayBridge", "FacilityId": "CA006877", "Anchor": "null", "FoundationType": "null", "eqBldgType": "null", "DesignLevel": "null", "SoilType": "D", "LqfSusCat": 0, "LndSusCat": 0, "WaterDepth": 5.0, "Distance": "null", "PGA": 0.52618581056594849, "PGV": 21.990455627441406, "Sa03": 1.3398592472076416, "Sa10": 0.67062509059906006, "LqfSettlPGD": 0.0, "LqfSprPGD": 0.0, "LqfProb": 0.0, "LndPGD": 0.0, "LndProb": 0.0, "SufFltRuptPGD": 29.523393630981445, "SurfFltRuptProb": 0.5, "PDsNone": 0.4264, "PDsSlight": 0.2599, "PDsModerate": 0.1075, "PDsExtensive": 0.1154, "PDsComplete": 0.0905, "PDsExceedSlight": 0.5735, "PDsExceedModerate": 0.3135, "PDsExceedExtensive": 0.206, "FunctDay1": 65.7, "FunctDay3": 75.4, "FunctDay7": 79.6, "FunctDay14": 80.4, "FunctDay30": 81.3, "FunctDay90": 87.6, "EconLoss": 342842.5625, "Name": "'UP RR'", "City": "null", "State": "null" }, "geometry": { "type": "Point", "coordinates": [ -121.756858, 37.992122 ] } },
{ "type": "Feature", "properties": { "FacilityType": "HighwayBridge", "FacilityId": "CA006878", "Anchor": "null", "FoundationType": "null", "eqBldgType": "null", "DesignLevel": "null", "SoilType": "D", "LqfSusCat": 0, "LndSusCat": 0, "WaterDepth": 5.0, "Distance": "null", "PGA": 0.90310841798782349, "PGV": 42.278400421142578, "Sa03": 2.2275204658508301, "Sa10": 1.1406011581420898, "LqfSettlPGD": 0.0, "LqfSprPGD": 0.0, "LqfProb": 0.0, "LndPGD": 0.0, "LndProb": 0.0, "SufFltRuptPGD": 29.523393630981445, "SurfFltRuptProb": 0.5, "PDsNone": 0.0846, "PDsSlight": 0.1427, "PDsModerate": 0.1868, "PDsExtensive": 0.2803, "PDsComplete": 0.3054, "PDsExceedSlight": 0.9153, "PDsExceedModerate": 0.7725, "PDsExceedExtensive": 0.5857, "FunctDay1": 26.2, "FunctDay3": 35.2, "FunctDay7": 42.6, "FunctDay14": 44.2, "FunctDay30": 46.4, "FunctDay90": 62.4, "EconLoss": 2175557.5, "Name": "'CUTTING BLVD'", "City": "null", "State": "null" }, "geometry": { "type": "Point", "coordinates": [ -122.320786, 37.925183 ] } },
{ "type": "Feature", "properties": { "FacilityType": "HighwayBridge", "FacilityId": "CA006879", "Anchor": "null", "FoundationType": "null", "eqBldgType": "null", "DesignLevel": "null", "SoilType": "D", "LqfSusCat": 0, "LndSusCat": 0, "WaterDepth": 5.0, "Distance": "null", "PGA": 0.90310841798782349, "PGV": 42.278400421142578, "Sa03": 2.2275204658508301, "Sa10": 1.1406011581420898, "LqfSettlPGD": 0.0, "LqfSprPGD": 0.0, "LqfProb": 0.0, "LndPGD": 0.0, "LndProb": 0.0, "SufFltRuptPGD": 29.523393630981445, "SurfFltRuptProb": 0.5, "PDsNone": 0.0846, "PDsSlight": 0.1427, "PDsModerate": 0.1868, "PDsExtensive": 0.2803, "PDsComplete": 0.3054, "PDsExceedSlight": 0.9153, "PDsExceedModerate": 0.7725, "PDsExceedExtensive": 0.5857, "FunctDay1": 26.2, "FunctDay3": 35.2, "FunctDay7": 42.6, "FunctDay14": 44.2, "FunctDay30": 46.4, "FunctDay90": 62.4, "EconLoss": 2496135.25, "Name": "'CUTTING BLVD'", "City": "null", "State": "null" }, "geometry": { "type": "Point", "coordinates": [ -122.320219, 37.92515 ] } },
{ "type": "Feature", "properties": { "FacilityType": "HighwayBridge", "FacilityId": "CA006880", "Anchor": "null", "FoundationType": "null", "eqBldgType": "null", "DesignLevel": "null", "SoilType": "D", "LqfSusCat": 0, "LndSusCat": 0, "WaterDepth": 5.0, "Distance": "null", "PGA": 0.90310841798782349, "PGV": 42.278400421142578, "Sa03": 2.2275204658508301, "Sa10": 1.1406011581420898, "LqfSettlPGD": 0.0, "LqfSprPGD": 0.0, "LqfProb": 0.0, "LndPGD": 0.0, "LndProb": 0.0, "SufFltRuptPGD": 29.523393630981445, "SurfFltRuptProb": 0.5, "PDsNone": 0.2772, "PDsSlight": 0.0931, "PDsModerate": 0.1188, "PDsExtensive": 0.2208, "PDsComplete": 0.2899, "PDsExceedSlight": 0.7227, "PDsExceedModerate": 0.6296, "PDsExceedExtensive": 0.5107, "FunctDay1": 39.5, "FunctDay3": 45.3, "FunctDay7": 50.1, "FunctDay14": 51.2, "FunctDay30": 53.0, "FunctDay90": 65.9, "EconLoss": 1706215.125, "Name": "'RICHMOND GREENWAY TRAIL'", "City": "null", "State": "null" }, "geometry": { "type": "Point", "coordinates": [ -122.324731, 37.931372 ] } },
{ "type": "Feature", "properties": { "FacilityType": "HighwayBridge", "FacilityId": "CA006881", "Anchor": "null", "FoundationType": "null", "eqBldgType": "null", "DesignLevel": "null", "SoilType": "D", "LqfSusCat": 0, "LndSusCat": 0, "WaterDepth": 5.0, "Distance": "null", "PGA": 0.74986439943313599, "PGV": 46.097896575927734, "Sa03": 1.8606994152069092, "Sa10": 1.3066445589065552, "LqfSettlPGD": 0.0, "LqfSprPGD": 0.0, "LqfProb": 0.0, "LndPGD": 0.0, "LndProb": 0.0, "SufFltRuptPGD": 29.523393630981445, "SurfFltRuptProb": 0.5, "PDsNone": 0.2067, "PDsSlight": 0.0491, "PDsModerate": 0.1064, "PDsExtensive": 0.2279, "PDsComplete": 0.4096, "PDsExceedSlight": 0.7932, "PDsExceedModerate": 0.744, "PDsExceedExtensive": 0.6375, "FunctDay1": 29.0, "FunctDay3": 33.4, "FunctDay7": 37.7, "FunctDay14": 38.9, "FunctDay30": 40.8, "FunctDay90": 54.9, "EconLoss": 5797238.5, "Name": "'MACDONALD AVE & E80 OFF'", "City": "null", "State": "null" }, "geometry": { "type": "Point", "coordinates": [ -122.325556, 37.932489 ] } },
{ "type": "Feature", "properties": { "FacilityType": "HighwayBridge", "FacilityId": "CA006882", "Anchor": "null", "FoundationType": "null", "eqBldgType": "null", "DesignLevel": "null", "SoilType": "D", "LqfSusCat": 0, "LndSusCat": 0, "WaterDepth": 5.0, "Distance": "null", "PGA": 0.74986439943313599, "PGV": 46.097896575927734, "Sa03": 1.8606994152069092, "Sa10": 1.3066445589065552, "LqfSettlPGD": 0.0, "LqfSprPGD": 0.0, "LqfProb": 0.0, "LndPGD": 0.0, "LndProb": 0.0, "SufFltRuptPGD": 29.523393630981445, "SurfFltRuptProb": 0.5, "PDsNone": 0.2028, "PDsSlight": 0.0, "PDsModerate": 0.1067, "PDsExtensive": 0.1983, "PDsComplete": 0.492, "PDsExceedSlight": 0.7971, "PDsExceedModerate": 0.7971, "PDsExceedExtensive": 0.6904, "FunctDay1": 25.0, "FunctDay3": 28.2, "FunctDay7": 32.5, "FunctDay14": 33.6, "FunctDay30": 35.4, "FunctDay90": 48.6, "EconLoss": 1234435.0, "Name": "'MACDONALD AVE & E80 OFF'", "City": "null", "State": "null" }, "geometry": { "type": "Point", "coordinates": [ -122.325283, 37.932264 ] } },
{ "type": "Feature", "properties": { "FacilityType": "HighwayBridge", "FacilityId": "CA006883", "Anchor": "null", "FoundationType": "null", "eqBldgType": "null", "DesignLevel": "null", "SoilType": "D", "LqfSusCat": 0, "LndSusCat": 0, "WaterDepth": 5.0, "Distance": "null", "PGA": 0.74986439943313599, "PGV": 46.097896575927734, "Sa03": 1.8606994152069092, "Sa10": 1.3066445589065552, "LqfSettlPGD": 0.0, "LqfSprPGD": 0.0, "LqfProb": 0.0, "LndPGD": 0.0, "LndProb": 0.0, "SufFltRuptPGD": 29.523393630981445, "SurfFltRuptProb": 0.5, "PDsNone": 0.2668, "PDsSlight": 0.0, "PDsModerate": 0.1198, "PDsExtensive": 0.2038, "PDsComplete": 0.4094, "PDsExceedSlight": 0.7331, "PDsExceedModerate": 0.7331, "PDsExceedExtensive": 0.6133, "FunctDay1": 31.7, "FunctDay3": 35.2, "FunctDay7": 40.0, "FunctDay14": 41.1, "FunctDay30": 42.9, "FunctDay90": 55.8, "EconLoss": 2523957.25, "Name": "'BARRETT AVENUE'", "City": "null", "State": "null" }, "geometry": { "type": "Point", "coordinates": [ -122.326625, 37.935294 ] } },
{ "type": "Feature", "properties": { "FacilityType": "HighwayBridge", "FacilityId": "CA006884", "Anchor": "null", "FoundationType": "null", "eqBldgType": "null", "DesignLevel": "null", "SoilType": "D", "LqfSusCat": 0, "LndSusCat": 0, "WaterDepth": 5.0, "Distance": "null", "PGA": 0.74986439943313599, "PGV": 46.097896575927734, "Sa03": 1.8606994152069092, "Sa10": 1.3066445589065552, "LqfSettlPGD": 0.0, "LqfSprPGD": 0.0, "LqfProb": 0.0, "LndPGD": 0.0, "LndProb": 0.0, "SufFltRuptPGD": 29.523393630981445, "SurfFltRuptProb": 0.5, "PDsNone": 0.2067, "PDsSlight": 0.121, "PDsModerate": 0.1156, "PDsExtensive": 0.2259, "PDsComplete": 0.3305, "PDsExceedSlight": 0.7932, "PDsExceedModerate": 0.6721, "PDsExceedExtensive": 0.5564, "FunctDay1": 34.5, "FunctDay3": 41.0, "FunctDay7": 45.6, "FunctDay14": 46.8, "FunctDay30": 48.6, "FunctDay90": 62.1, "EconLoss": 631954.4375, "Name": "'BARRETT AVENUE'", "City": "null", "State": "null" }, "geometry": { "type": "Point", "coordinates": [ -122.326439, 37.935333 ] } },
{ "type": "Feature", "properties": { "FacilityType": "HighwayBridge", "FacilityId": "CA006885", "Anchor": "null", "FoundationType": "null", "eqBldgType": "null", "DesignLevel": "null", "SoilType": "D", "LqfSusCat": 0, "LndSusCat": 0, "WaterDepth": 5.0, "Distance": "null", "PGA": 0.74986439943313599, "PGV": 46.097896575927734, "Sa03": 1.8606994152069092, "Sa10": 1.3066445589065552, "LqfSettlPGD": 0.0, "LqfSprPGD": 0.0, "LqfProb": 0.0, "LndPGD": 0.0, "LndProb": 0.0, "SufFltRuptPGD": 29.523393630981445, "SurfFltRuptProb": 0.5, "PDsNone": 0.2067, "PDsSlight": 0.0154, "PDsModerate": 0.1002, "PDsExtensive": 0.2251, "PDsComplete": 0.4523, "PDsExceedSlight": 0.7932, "PDsExceedModerate": 0.7777, "PDsExceedExtensive": 0.6775, "FunctDay1": 26.4, "FunctDay3": 29.8, "FunctDay7": 33.9, "FunctDay14": 35.0, "FunctDay30": 36.9, "FunctDay90": 51.2, "EconLoss": 5416148.5, "Name": "'SAN PABLO AVENUE'", "City": "null", "State": "null" }, "geometry": { "type": "Point", "coordinates": [ -122.326019, 37.937008 ] } },
{ "type": "Feature", "properties": { "FacilityType": "HighwayBridge", "FacilityId": "CA006886", "Anchor": "null", "FoundationType": "null", "eqBldgType": "null", "DesignLevel": "null", "SoilType": "D", "LqfSusCat": 0, "LndSusCat": 0, "WaterDepth": 5.0, "Distance": "null", "PGA": 0.74986439943313599, "PGV": 46.097896575927734, "Sa03": 1.8606994152069092, "Sa10": 1.3066445589065552, "LqfSettlPGD": 0.0, "LqfSprPGD": 0.0, "LqfProb": 0.0, "LndPGD": 0.0, "LndProb": 0.0, "SufFltRuptPGD": 29.523393630981445, "SurfFltRuptProb": 0.5, "PDsNone": 0.2067, "PDsSlight": 0.0634, "PDsModerate": 0.1087, "PDsExtensive": 0.2283, "PDsComplete": 0.3926, "PDsExceedSlight": 0.7932, "PDsExceedModerate": 0.7297, "PDsExceedExtensive": 0.621, "FunctDay1": 30.1, "FunctDay3": 35.0, "FunctDay7": 39.4, "FunctDay14": 40.5, "FunctDay30": 42.4, "FunctDay90": 56.4, "EconLoss": 783117.4375, "Name": "'SAN PABLO AVENUE'", "City": "null", "State": "null" }, "geometry": { "type": "Point", "coordinates": [ -122.326428, 37.937647 ] } },
{ "type": "Feature", "properties": { "FacilityType": "HighwayBridge", "FacilityId": "CA006887", "Anchor": "null", "FoundationType": "null", "eqBldgType": "null", "DesignLevel": "null", "SoilType": "D", "LqfSusCat": 0, "LndSusCat": 0, "WaterDepth": 5.0, "Distance": "null", "PGA": 0.90310841798782349, "PGV": 42.278400421142578, "Sa03": 2.2275204658508301, "Sa10": 1.1406011581420898, "LqfSettlPGD": 0.0, "LqfSprPGD": 0.0, "LqfProb": 0.0, "LndPGD": 0.0, "LndProb": 0.0, "SufFltRuptPGD": 29.523393630981445, "SurfFltRuptProb": 0.5, "PDsNone": 0.3358, "PDsSlight": 0.0, "PDsModerate": 0.1285, "PDsExtensive": 0.2011, "PDsComplete": 0.3344, "PDsExceedSlight": 0.6641, "PDsExceedModerate": 0.6641, "PDsExceedExtensive": 0.5355, "FunctDay1": 38.7, "FunctDay3": 42.4, "FunctDay7": 47.5, "FunctDay14": 48.7, "FunctDay30": 50.4, "FunctDay90": 62.6, "EconLoss": 1785696.875, "Name": "'INTERSTATE 80'", "City": "null", "State": "null" }, "geometry": { "type": "Point", "coordinates": [ -122.324083, 37.943269 ] } },
{ "type": "Feature", "properties": { "FacilityType": "HighwayBridge", "FacilityId": "CA006888", "Anchor": "null", "FoundationType": "null", "eqBldgType": "null", "DesignLevel": "null", "SoilType": "D", "LqfSusCat": 0, "LndSusCat": 0, "WaterDepth": 5.0, "Distance": "null", "PGA": 0.74986439943313599, "PGV": 46.097896575927734, "Sa03": 1.8606994152069092, "Sa10": 1.3066445589065552, "LqfSettlPGD": 0.0, "LqfSprPGD": 0.0, "LqfProb": 0.0, "LndPGD": 0.0, "LndProb": 0.0, "SufFltRuptPGD": 29.523393630981445, "SurfFltRuptProb": 0.5, "PDsNone": 0.2671, "PDsSlight": 0.0, "PDsModerate": 0.1199, "PDsExtensive": 0.2038, "PDsComplete": 0.409, "PDsExceedSlight": 0.7328, "PDsExceedModerate": 0.7328, "PDsExceedExtensive": 0.6129, "FunctDay1": 31.7, "FunctDay3": 35.2, "FunctDay7": 40.0, "FunctDay14": 41.2, "FunctDay30": 43.0, "FunctDay90": 55.8, "EconLoss": 2895861.5, "Name": "'INTERSTATE 80'", "City": "null", "State": "null" }, "geometry": { "type": "Point", "coordinates": [ -122.326322, 37.948492 ] } },
{ "type": "Feature", "properties": { "FacilityType": "HighwayBridge", "FacilityId": "CA006889", "Anchor": "null", "FoundationType": "null", "eqBldgType": "null", "DesignLevel": "null", "SoilType": "D", "LqfSusCat": 0, "LndSusCat": 0, "WaterDepth": 5.0, "Distance": "null", "PGA": 0.74986439943313599, "PGV": 46.097896575927734, "Sa03": 1.8606994152069092, "Sa10": 1.3066445589065552, "LqfSettlPGD": 0.0, "LqfSprPGD": 0.0, "LqfProb": 0.0, "LndPGD": 0.0, "LndProb": 0.0, "SufFltRuptPGD": 29.523393630981445, "SurfFltRuptProb": 0.5, "PDsNone": 0.0972, "PDsSlight": 0.1369, "PDsModerate": 0.1138, "PDsExtensive": 0.2022, "PDsComplete": 0.4497, "PDsExceedSlight": 0.9027, "PDsExceedModerate": 0.7658, "PDsExceedExtensive": 0.6519, "FunctDay1": 24.8, "FunctDay3": 31.6, "FunctDay7": 36.2, "FunctDay14": 37.3, "FunctDay30": 39.2, "FunctDay90": 52.2, "EconLoss": 1201760.75, "Name": "'INTERSTATE 80'", "City": "null", "State": "null" }, "geometry": { "type": "Point", "coordinates": [ -122.329981, 37.955761 ] } },
{ "type": "Feature", "properties": { "FacilityType": "HighwayBridge", "FacilityId": "CA006890", "Anchor": "null", "FoundationType": "null", "eqBldgType": "null", "DesignLevel": "null", "SoilType": "D", "LqfSusCat": 0, "LndSusCat": 0, "WaterDepth": 5.0, "Distance": "null", "PGA": 0.78646308183670044, "PGV": 46.787063598632813, "Sa03": 1.958044171333313, "Sa10": 1.3109819889068604, "LqfSettlPGD": 0.0, "LqfSprPGD": 0.0, "LqfProb": 0.0, "LndPGD": 0.0, "LndProb": 0.0, "SufFltRuptPGD": 29.523393630981445, "SurfFltRuptProb": 0.5, "PDsNone": 0.2653, "PDsSlight": 0.0, "PDsModerate": 0.1196, "PDsExtensive": 0.2038, "PDsComplete": 0.4111, "PDsExceedSlight": 0.7346, "PDsExceedModerate": 0.7346, "PDsExceedExtensive": 0.615, "FunctDay1": 31.5, "FunctDay3": 35.0, "FunctDay7": 39.8, "FunctDay14": 41.0, "FunctDay30": 42.8, "FunctDay90": 55.7, "EconLoss": 924757.9375, "Name": "'RUST DRAIN'", "City": "null", "State": "null" }, "geometry": { "type": "Point", "coordinates": [ -122.318653, 37.905978 ] } },
{ "type": "Feature", "properties": { "FacilityType": "HighwayBridge", "FacilityId": "CA006891", "Anchor": "null", "FoundationType": "null", "eqBldgType": "null", "DesignLevel": "null", "SoilType": "D", "LqfSusCat": 0, "LndSusCat": 0, "WaterDepth": 5.0, "Distance": "null", "PGA": 0.78646308183670044, "PGV": 46.787063598632813, "Sa03": 1.958044171333313, "Sa10": 1.3109819889068604, "LqfSettlPGD": 0.0, "LqfSprPGD": 0.0, "LqfProb": 0.0, "LndPGD": 0.0, "LndProb": 0.0, "SufFltRuptPGD": 29.523393630981445, "SurfFltRuptProb": 0.5, "PDsNone": 0.2051, "PDsSlight": 0.1206, "PDsModerate": 0.1155, "PDsExtensive": 0.2261, "PDsComplete": 0.3324, "PDsExceedSlight": 0.7948, "PDsExceedModerate": 0.6741, "PDsExceedExtensive": 0.5586, "FunctDay1": 34.3, "FunctDay3": 40.8, "FunctDay7": 45.4, "FunctDay14": 46.6, "FunctDay30": 48.4, "FunctDay90": 61.9, "EconLoss": 864633.5, "Name": "'STEGE DRAIN'", "City": "null", "State": "null" }, "geometry": { "type": "Point", "coordinates": [ -122.323397, 37.91175 ] } },
{ "type": "Feature", "properties": { "FacilityType": "HighwayBridge", "FacilityId": "CA006892", "Anchor": "null", "FoundationType": "null", "eqBldgType": "null", "DesignLevel": "null", "SoilType": "D", "LqfSusCat": 0, "LndSusCat": 0, "WaterDepth": 5.0, "Distance": "null", "PGA": 0.70648092031478882, "PGV": 26.046087265014648, "Sa03": 1.6615453958511353, "Sa10": 0.68669795989990234, "LqfSettlPGD": 0.0, "LqfSprPGD": 0.0, "LqfProb": 0.0, "LndPGD": 0.0, "LndProb": 0.0, "SufFltRuptPGD": 29.523393630981445, "SurfFltRuptProb": 0.5, "PDsNone": 0.6004, "PDsSlight": 0.134, "PDsModerate": 0.0894, "PDsExtensive": 0.1106, "PDsComplete": 0.0654, "PDsExceedSlight": 0.3995, "PDsExceedModerate": 0.2655, "PDsExceedExtensive": 0.1761, "FunctDay1": 73.1, "FunctDay3": 79.1, "FunctDay7": 82.6, "FunctDay14": 83.3, "FunctDay30": 84.1, "FunctDay90": 90.1, "EconLoss": 241784.109375, "Name": "'CONTRA COSTA CANAL'", "City": "null", "State": "null" }, "geometry": { "type": "Point", "coordinates": [ -121.938289, 38.019008 ] } },
{ "type": "Feature", "properties": { "FacilityType": "HighwayBridge", "FacilityId": "CA006893", "Anchor": "null", "FoundationType": "null", "eqBldgType": "null", "DesignLevel": "null", "SoilType": "D", "LqfSusCat": 0, "LndSusCat": 0, "WaterDepth": 5.0, "Distance": "null", "PGA": 0.70648092031478882, "PGV": 26.046087265014648, "Sa03": 1.6615453958511353, "Sa10": 0.68669795989990234, "LqfSettlPGD": 0.0, "LqfSprPGD": 0.0, "LqfProb": 0.0, "LndPGD": 0.0, "LndProb": 0.0, "SufFltRuptPGD": 29.523393630981445, "SurfFltRuptProb": 0.5, "PDsNone": 0.6004, "PDsSlight": 0.134, "PDsModerate": 0.0894, "PDsExtensive": 0.1106, "PDsComplete": 0.0654, "PDsExceedSlight": 0.3995, "PDsExceedModerate": 0.2655, "PDsExceedExtensive": 0.1761, "FunctDay1": 73.1, "FunctDay3": 79.1, "FunctDay7": 82.6, "FunctDay14": 83.3, "FunctDay30": 84.1, "FunctDay90": 90.1, "EconLoss": 241784.109375, "Name": "'CONTRA COSTA CANAL'", "City": "null", "State": "null" }, "geometry": { "type": "Point", "coordinates": [ -121.938311, 38.018581 ] } },
{ "type": "Feature", "properties": { "FacilityType": "HighwayBridge", "FacilityId": "CA006894", "Anchor": "null", "FoundationType": "null", "eqBldgType": "null", "DesignLevel": "null", "SoilType": "D", "LqfSusCat": 0, "LndSusCat": 0, "WaterDepth": 5.0, "Distance": "null", "PGA": 0.71104931831359863, "PGV": 38.343650817871094, "Sa03": 1.7765729427337646, "Sa10": 1.066614031791687, "LqfSettlPGD": 0.0, "LqfSprPGD": 0.0, "LqfProb": 0.0, "LndPGD": 0.0, "LndProb": 0.0, "SufFltRuptPGD": 29.523393630981445, "SurfFltRuptProb": 0.5, "PDsNone": 0.051, "PDsSlight": 0.0522, "PDsModerate": 0.138, "PDsExtensive": 0.1471, "PDsComplete": 0.6114, "PDsExceedSlight": 0.9489, "PDsExceedModerate": 0.8966, "PDsExceedExtensive": 0.7586, "FunctDay1": 14.7, "FunctDay3": 20.0, "FunctDay7": 25.5, "FunctDay14": 26.7, "FunctDay30": 28.3, "FunctDay90": 39.7, "EconLoss": 64776880.0, "Name": "'SAN PABLO BAY'", "City": "null", "State": "null" }, "geometry": { "type": "Point", "coordinates": [ -122.405325, 37.932625 ] } },
{ "type": "Feature", "properties": { "FacilityType": "HighwayBridge", "FacilityId": "CA006895", "Anchor": "null", "FoundationType": "null", "eqBldgType": "null", "DesignLevel": "null", "SoilType": "D", "LqfSusCat": 0, "LndSusCat": 0, "WaterDepth": 5.0, "Distance": "null", "PGA": 0.82510662078857422, "PGV": 35.320968627929688, "Sa03": 1.9869507551193237, "Sa10": 0.97305315732955933, "LqfSettlPGD": 0.0, "LqfSprPGD": 0.0, "LqfProb": 0.0, "LndPGD": 0.0, "LndProb": 0.0, "SufFltRuptPGD": 29.523393630981445, "SurfFltRuptProb": 0.5, "PDsNone": 0.372, "PDsSlight": 0.1419, "PDsModerate": 0.1186, "PDsExtensive": 0.1883, "PDsComplete": 0.1788, "PDsExceedSlight": 0.6279, "PDsExceedModerate": 0.4859, "PDsExceedExtensive": 0.3672, "FunctDay1": 52.3, "FunctDay3": 59.3, "FunctDay7": 64.0, "FunctDay14": 65.0, "FunctDay30": 66.5, "FunctDay90": 77.1, "EconLoss": 432584.5, "Name": "'CAMINO PABLO'", "City": "null", "State": "null" }, "geometry": { "type": "Point", "coordinates": [ -122.185011, 37.879211 ] } },
{ "type": "Feature", "properties": { "FacilityType": "HighwayBridge", "FacilityId": "CA006896", "Anchor": "null", "FoundationType": "null", "eqBldgType": "null", "DesignLevel": "null", "SoilType": "D", "LqfSusCat": 0, "LndSusCat": 0, "WaterDepth": 5.0, "Distance": "null", "PGA": 0.82510662078857422, "PGV": 35.320968627929688, "Sa03": 1.9869507551193237, "Sa10": 0.97305315732955933, "LqfSettlPGD": 0.0, "LqfSprPGD": 0.0, "LqfProb": 0.0, "LndPGD": 0.0, "LndProb": 0.0, "SufFltRuptPGD": 29.523393630981445, "SurfFltRuptProb": 0.5, "PDsNone": 0.372, "PDsSlight": 0.1419, "PDsModerate": 0.1186, "PDsExtensive": 0.1883, "PDsComplete": 0.1788, "PDsExceedSlight": 0.6279, "PDsExceedModerate": 0.4859, "PDsExceedExtensive": 0.3672, "FunctDay1": 52.3, "FunctDay3": 59.3, "FunctDay7": 64.0, "FunctDay14": 65.0, "FunctDay30": 66.5, "FunctDay90": 77.1, "EconLoss": 758357.0625, "Name": "'CAMINO PABLO'", "City": "null", "State": "null" }, "geometry": { "type": "Point", "coordinates": [ -122.184797, 37.879086 ] } },
{ "type": "Feature", "properties": { "FacilityType": "HighwayBridge", "FacilityId": "CA006897", "Anchor": "null", "FoundationType": "null", "eqBldgType": "null", "DesignLevel": "null", "SoilType": "D", "LqfSusCat": 0, "LndSusCat": 0, "WaterDepth": 5.0, "Distance": "null", "PGA": 0.82510662078857422, "PGV": 35.320968627929688, "Sa03": 1.9869507551193237, "Sa10": 0.97305315732955933, "LqfSettlPGD": 0.0, "LqfSprPGD": 0.0, "LqfProb": 0.0, "LndPGD": 0.0, "LndProb": 0.0, "SufFltRuptPGD": 29.523393630981445, "SurfFltRuptProb": 0.5, "PDsNone": 0.372, "PDsSlight": 0.1419, "PDsModerate": 0.1186, "PDsExtensive": 0.1883, "PDsComplete": 0.1788, "PDsExceedSlight": 0.6279, "PDsExceedModerate": 0.4859, "PDsExceedExtensive": 0.3672, "FunctDay1": 52.3, "FunctDay3": 59.3, "FunctDay7": 64.0, "FunctDay14": 65.0, "FunctDay30": 66.5, "FunctDay90": 77.1, "EconLoss": 723996.125, "Name": "'CAMINO PABLO'", "City": "null", "State": "null" }, "geometry": { "type": "Point", "coordinates": [ -122.183344, 37.878236 ] } },
{ "type": "Feature", "properties": { "FacilityType": "HighwayBridge", "FacilityId": "CA006898", "Anchor": "null", "FoundationType": "null", "eqBldgType": "null", "DesignLevel": "null", "SoilType": "D", "LqfSusCat": 0, "LndSusCat": 0, "WaterDepth": 5.0, "Distance": "null", "PGA": 0.80157685279846191, "PGV": 43.148735046386719, "Sa03": 1.9964525699615479, "Sa10": 1.3447792530059814, "LqfSettlPGD": 0.0, "LqfSprPGD": 0.0, "LqfProb": 0.0, "LndPGD": 0.0, "LndProb": 0.0, "SufFltRuptPGD": 29.523393630981445, "SurfFltRuptProb": 0.5, "PDsNone": 0.2516, "PDsSlight": 0.0, "PDsModerate": 0.1172, "PDsExtensive": 0.2033, "PDsComplete": 0.4277, "PDsExceedSlight": 0.7483, "PDsExceedModerate": 0.7483, "PDsExceedExtensive": 0.6311, "FunctDay1": 30.1, "FunctDay3": 33.6, "FunctDay7": 38.3, "FunctDay14": 39.4, "FunctDay30": 41.2, "FunctDay90": 54.2, "EconLoss": 13395248.0, "Name": "'MONUMENT BOULEVARD'", "City": "null", "State": "null" }, "geometry": { "type": "Point", "coordinates": [ -122.058236, 37.944556 ] } },
{ "type": "Feature", "properties": { "FacilityType": "HighwayBridge", "FacilityId": "CA006899", "Anchor": "null", "FoundationType": "null", "eqBldgType": "null", "DesignLevel": "null", "SoilType": "D", "LqfSusCat": 0, "LndSusCat": 0, "WaterDepth": 5.0, "Distance": "null", "PGA": 0.62511557340621948, "PGV": 26.522377014160156, "Sa03": 1.5736724138259888, "Sa10": 0.79263198375701904, "LqfSettlPGD": 0.0, "LqfSprPGD": 0.0, "LqfProb": 0.0, "LndPGD": 0.0, "LndProb": 0.0, "SufFltRuptPGD": 29.523393630981445, "SurfFltRuptProb": 0.5, "PDsNone": 0.5836, "PDsSlight": 0.0, "PDsModerate": 0.1237, "PDsExtensive": 0.1486, "PDsComplete": 0.1439, "PDsExceedSlight": 0.4163, "PDsExceedModerate": 0.4163, "PDsExceedExtensive": 0.2926, "FunctDay1": 62.7, "FunctDay3": 66.3, "FunctDay7": 71.2, "FunctDay14": 72.1, "FunctDay30": 73.3, "FunctDay90": 81.6, "EconLoss": 426587.03125, "Name": "'MAINTENANCE ACCESS'", "City": "null", "State": "null" }, "geometry": { "type": "Point", "coordinates": [ -121.855889, 38.008914 ] } },
{ "type": "Feature", "properties": { "FacilityType": "HighwayBridge", "FacilityId": "CA006900", "Anchor": "null", "FoundationType": "null", "eqBldgType": "null", "DesignLevel": "null", "SoilType": "D", "LqfSusCat": 0, "LndSusCat": 0, "WaterDepth": 5.0, "Distance": "null", "PGA": 0.83762073516845703, "PGV": 37.623123168945313, "Sa03": 2.1028585433959961, "Sa10": 1.1015702486038208, "LqfSettlPGD": 0.0, "LqfSprPGD": 0.0, "LqfProb": 0.0, "LndPGD": 0.0, "LndProb": 0.0, "SufFltRuptPGD": 29.523393630981445, "SurfFltRuptProb": 0.5, "PDsNone": 0.1556, "PDsSlight": 0.2066, "PDsModerate": 0.1305, "PDsExtensive": 0.1982, "PDsComplete": 0.3088, "PDsExceedSlight": 0.8443, "PDsExceedModerate": 0.6376, "PDsExceedExtensive": 0.5071, "FunctDay1": 36.1, "FunctDay3": 45.1, "FunctDay7": 50.3, "FunctDay14": 51.4, "FunctDay30": 53.1, "FunctDay90": 65.0, "EconLoss": 737971.5625, "Name": "'PLEASANT HILL ROAD'", "City": "null", "State": "null" }, "geometry": { "type": "Point", "coordinates": [ -122.096386, 37.898008 ] } },
{ "type": "Feature", "properties": { "FacilityType": "HighwayBridge", "FacilityId": "CA006901", "Anchor": "null", "FoundationType": "null", "eqBldgType": "null", "DesignLevel": "null", "SoilType": "D", "LqfSusCat": 0, "LndSusCat": 0, "WaterDepth": 5.0, "Distance": "null", "PGA": 0.83762073516845703, "PGV": 37.623123168945313, "Sa03": 2.1028585433959961, "Sa10": 1.1015702486038208, "LqfSettlPGD": 0.0, "LqfSprPGD": 0.0, "LqfProb": 0.0, "LndPGD": 0.0, "LndProb": 0.0, "SufFltRuptPGD": 29.523393630981445, "SurfFltRuptProb": 0.5, "PDsNone": 0.1556, "PDsSlight": 0.2066, "PDsModerate": 0.1305, "PDsExtensive": 0.1982, "PDsComplete": 0.3088, "PDsExceedSlight": 0.8443, "PDsExceedModerate": 0.6376, "PDsExceedExtensive": 0.5071, "FunctDay1": 36.1, "FunctDay3": 45.1, "FunctDay7": 50.3, "FunctDay14": 51.4, "FunctDay30": 53.1, "FunctDay90": 65.0, "EconLoss": 1316897.625, "Name": "'PLEASANT HILL ROAD'", "City": "null", "State": "null" }, "geometry": { "type": "Point", "coordinates": [ -122.096322, 37.897811 ] } },
{ "type": "Feature", "properties": { "FacilityType": "HighwayBridge", "FacilityId": "CA006902", "Anchor": "null", "FoundationType": "null", "eqBldgType": "null", "DesignLevel": "null", "SoilType": "D", "LqfSusCat": 0, "LndSusCat": 0, "WaterDepth": 5.0, "Distance": "null", "PGA": 0.83762073516845703, "PGV": 37.623123168945313, "Sa03": 2.1028585433959961, "Sa10": 1.1015702486038208, "LqfSettlPGD": 0.0, "LqfSprPGD": 0.0, "LqfProb": 0.0, "LndPGD": 0.0, "LndProb": 0.0, "SufFltRuptPGD": 29.523393630981445, "SurfFltRuptProb": 0.5, "PDsNone": 0.1556, "PDsSlight": 0.2107, "PDsModerate": 0.1308, "PDsExtensive": 0.1977, "PDsComplete": 0.305, "PDsExceedSlight": 0.8443, "PDsExceedModerate": 0.6336, "PDsExceedExtensive": 0.5027, "FunctDay1": 36.4, "FunctDay3": 45.5, "FunctDay7": 50.7, "FunctDay14": 51.9, "FunctDay30": 53.5, "FunctDay90": 65.4, "EconLoss": 1310002.375, "Name": "'PLEASANT HILL ROAD'", "City": "null", "State": "null" }, "geometry": { "type": "Point", "coordinates": [ -122.096256, 37.897447 ] } },
{ "type": "Feature", "properties": { "FacilityType": "HighwayBridge", "FacilityId": "CA006903", "Anchor": "null", "FoundationType": "null", "eqBldgType": "null", "DesignLevel": "null", "SoilType": "D", "LqfSusCat": 0, "LndSusCat": 0, "WaterDepth": 5.0, "Distance": "null", "PGA": 0.83762073516845703, "PGV": 37.623123168945313, "Sa03": 2.1028585433959961, "Sa10": 1.1015702486038208, "LqfSettlPGD": 0.0, "LqfSprPGD": 0.0, "LqfProb": 0.0, "LndPGD": 0.0, "LndProb": 0.0, "SufFltRuptPGD": 29.523393630981445, "SurfFltRuptProb": 0.5, "PDsNone": 0.1556, "PDsSlight": 0.2107, "PDsModerate": 0.1308, "PDsExtensive": 0.1977, "PDsComplete": 0.305, "PDsExceedSlight": 0.8443, "PDsExceedModerate": 0.6336, "PDsExceedExtensive": 0.5027, "FunctDay1": 36.4, "FunctDay3": 45.5, "FunctDay7": 50.7, "FunctDay14": 51.9, "FunctDay30": 53.5, "FunctDay90": 65.4, "EconLoss": 734107.5625, "Name": "'PLEASANT HILL ROAD'", "City": "null", "State": "null" }, "geometry": { "type": "Point", "coordinates": [ -122.096222, 37.897286 ] } },
{ "type": "Feature", "properties": { "FacilityType": "HighwayBridge", "FacilityId": "CA006904", "Anchor": "null", "FoundationType": "null", "eqBldgType": "null", "DesignLevel": "null", "SoilType": "D", "LqfSusCat": 0, "LndSusCat": 0, "WaterDepth": 5.0, "Distance": "null", "PGA": 0.74986439943313599, "PGV": 46.097896575927734, "Sa03": 1.8606994152069092, "Sa10": 1.3066445589065552, "LqfSettlPGD": 0.0, "LqfSprPGD": 0.0, "LqfProb": 0.0, "LndPGD": 0.0, "LndProb": 0.0, "SufFltRuptPGD": 29.523393630981445, "SurfFltRuptProb": 0.5, "PDsNone": 0.1705, "PDsSlight": 0.0, "PDsModerate": 0.0878, "PDsExtensive": 0.2145, "PDsComplete": 0.527, "PDsExceedSlight": 0.8294, "PDsExceedModerate": 0.8294, "PDsExceedExtensive": 0.7415, "FunctDay1": 21.4, "FunctDay3": 24.0, "FunctDay7": 27.6, "FunctDay14": 28.7, "FunctDay30": 30.7, "FunctDay90": 44.9, "EconLoss": 148875.984375, "Name": "'SAN PABLO CREEK'", "City": "null", "State": "null" }, "geometry": { "type": "Point", "coordinates": [ -122.328639, 37.962503 ] } },
{ "type": "Feature", "properties": { "FacilityType": "HighwayBridge", "FacilityId": "CA006905", "Anchor": "null", "FoundationType": "null", "eqBldgType": "null", "DesignLevel": "null", "SoilType": "D", "LqfSusCat": 0, "LndSusCat": 0, "WaterDepth": 5.0, "Distance": "null", "PGA": 0.52618581056594849, "PGV": 21.990455627441406, "Sa03": 1.3398592472076416, "Sa10": 0.67062509059906006, "LqfSettlPGD": 0.0, "LqfSprPGD": 0.0, "LqfProb": 0.0, "LndPGD": 0.0, "LndProb": 0.0, "SufFltRuptPGD": 29.523393630981445, "SurfFltRuptProb": 0.5, "PDsNone": 0.4264, "PDsSlight": 0.2561, "PDsModerate": 0.1082, "PDsExtensive": 0.1167, "PDsComplete": 0.0923, "PDsExceedSlight": 0.5735, "PDsExceedModerate": 0.3174, "PDsExceedExtensive": 0.2091, "FunctDay1": 65.5, "FunctDay3": 75.1, "FunctDay7": 79.3, "FunctDay14": 80.1, "FunctDay30": 81.0, "FunctDay90": 87.4, "EconLoss": 606945.0625, "Name": "'STATE ROUTE 160'", "City": "null", "State": "null" }, "geometry": { "type": "Point", "coordinates": [ -121.755861, 37.997728 ] } },
{ "type": "Feature", "properties": { "FacilityType": "HighwayBridge", "FacilityId": "CA006906", "Anchor": "null", "FoundationType": "null", "eqBldgType": "null", "DesignLevel": "null", "SoilType": "D", "LqfSusCat": 0, "LndSusCat": 0, "WaterDepth": 5.0, "Distance": "null", "PGA": 0.79791748523712158, "PGV": 33.432174682617188, "Sa03": 1.9508605003356934, "Sa10": 0.94616395235061646, "LqfSettlPGD": 0.0, "LqfSprPGD": 0.0, "LqfProb": 0.0, "LndPGD": 0.0, "LndProb": 0.0, "SufFltRuptPGD": 29.523393630981445, "SurfFltRuptProb": 0.5, "PDsNone": 0.3898, "PDsSlight": 0.1217, "PDsModerate": 0.1188, "PDsExtensive": 0.189, "PDsComplete": 0.1804, "PDsExceedSlight": 0.6101, "PDsExceedModerate": 0.4883, "PDsExceedExtensive": 0.3695, "FunctDay1": 52.5, "FunctDay3": 59.1, "FunctDay7": 63.8, "FunctDay14": 64.8, "FunctDay30": 66.3, "FunctDay90": 76.9, "EconLoss": 334010.625, "Name": "'ACALANES ROAD'", "City": "null", "State": "null" }, "geometry": { "type": "Point", "coordinates": [ -122.154667, 37.892397 ] } },
{ "type": "Feature", "properties": { "FacilityType": "HighwayBridge", "FacilityId": "CA006907", "Anchor": "null", "FoundationType": "null", "eqBldgType": "null", "DesignLevel": "null", "SoilType": "D", "LqfSusCat": 0, "LndSusCat": 0, "WaterDepth": 5.0, "Distance": "null", "PGA": 0.79791748523712158, "PGV": 33.432174682617188, "Sa03": 1.9508605003356934, "Sa10": 0.94616395235061646, "LqfSettlPGD": 0.0, "LqfSprPGD": 0.0, "LqfProb": 0.0, "LndPGD": 0.0, "LndProb": 0.0, "SufFltRuptPGD": 29.523393630981445, "SurfFltRuptProb": 0.5, "PDsNone": 0.3898, "PDsSlight": 0.1217, "PDsModerate": 0.1188, "PDsExtensive": 0.189, "PDsComplete": 0.1804, "PDsExceedSlight": 0.6101, "PDsExceedModerate": 0.4883, "PDsExceedExtensive": 0.3695, "FunctDay1": 52.5, "FunctDay3": 59.1, "FunctDay7": 63.8, "FunctDay14": 64.8, "FunctDay30": 66.3, "FunctDay90": 76.9, "EconLoss": 702574.125, "Name": "'ACALANES ROAD'", "City": "null", "State": "null" }, "geometry": { "type": "Point", "coordinates": [ -122.154597, 37.892133 ] } },
{ "type": "Feature", "properties": { "FacilityType": "HighwayBridge", "FacilityId": "CA006908", "Anchor": "null", "FoundationType": "null", "eqBldgType": "null", "DesignLevel": "null", "SoilType": "D", "LqfSusCat": 0, "LndSusCat": 0, "WaterDepth": 5.0, "Distance": "null", "PGA": 0.79791748523712158, "PGV": 33.432174682617188, "Sa03": 1.9508605003356934, "Sa10": 0.94616395235061646, "LqfSettlPGD": 0.0, "LqfSprPGD": 0.0, "LqfProb": 0.0, "LndPGD": 0.0, "LndProb": 0.0, "SufFltRuptPGD": 29.523393630981445, "SurfFltRuptProb": 0.5, "PDsNone": 0.3898, "PDsSlight": 0.1217, "PDsModerate": 0.1188, "PDsExtensive": 0.189, "PDsComplete": 0.1804, "PDsExceedSlight": 0.6101, "PDsExceedModerate": 0.4883, "PDsExceedExtensive": 0.3695, "FunctDay1": 52.5, "FunctDay3": 59.1, "FunctDay7": 63.8, "FunctDay14": 64.8, "FunctDay30": 66.3, "FunctDay90": 76.9, "EconLoss": 623335.5625, "Name": "'ACALANES ROAD'", "City": "null", "State": "null" }, "geometry": { "type": "Point", "coordinates": [ -122.154511, 37.891747 ] } },
{ "type": "Feature", "properties": { "FacilityType": "HighwayBridge", "FacilityId": "CA006909", "Anchor": "null", "FoundationType": "null", "eqBldgType": "null", "DesignLevel": "null", "SoilType": "D", "LqfSusCat": 0, "LndSusCat": 0, "WaterDepth": 5.0, "Distance": "null", "PGA": 0.79791748523712158, "PGV": 33.432174682617188, "Sa03": 1.9508605003356934, "Sa10": 0.94616395235061646, "LqfSettlPGD": 0.0, "LqfSprPGD": 0.0, "LqfProb": 0.0, "LndPGD": 0.0, "LndProb": 0.0, "SufFltRuptPGD": 29.523393630981445, "SurfFltRuptProb": 0.5, "PDsNone": 0.3898, "PDsSlight": 0.1262, "PDsModerate": 0.1185, "PDsExtensive": 0.1877, "PDsComplete": 0.1775, "PDsExceedSlight": 0.6101, "PDsExceedModerate": 0.4838, "PDsExceedExtensive": 0.3653, "FunctDay1": 52.9, "FunctDay3": 59.5, "FunctDay7": 64.2, "FunctDay14": 65.2, "FunctDay30": 66.7, "FunctDay90": 77.2, "EconLoss": 309123.5625, "Name": "'ACALANES ROAD'", "City": "null", "State": "null" }, "geometry": { "type": "Point", "coordinates": [ -122.154469, 37.891581 ] } },
{ "type": "Feature", "properties": { "FacilityType": "HighwayBridge", "FacilityId": "CA006910", "Anchor": "null", "FoundationType": "null", "eqBldgType": "null", "DesignLevel": "null", "SoilType": "D", "LqfSusCat": 0, "LndSusCat": 0, "WaterDepth": 5.0, "Distance": "null", "PGA": 0.79791748523712158, "PGV": 33.432174682617188, "Sa03": 1.9508605003356934, "Sa10": 0.94616395235061646, "LqfSettlPGD": 0.0, "LqfSprPGD": 0.0, "LqfProb": 0.0, "LndPGD": 0.0, "LndProb": 0.0, "SufFltRuptPGD": 29.523393630981445, "SurfFltRuptProb": 0.5, "PDsNone": 0.2238, "PDsSlight": 0.2428, "PDsModerate": 0.1323, "PDsExtensive": 0.1796, "PDsComplete": 0.2212, "PDsExceedSlight": 0.7761, "PDsExceedModerate": 0.5332, "PDsExceedExtensive": 0.4008, "FunctDay1": 45.4, "FunctDay3": 55.4, "FunctDay7": 60.6, "FunctDay14": 61.7, "FunctDay30": 63.2, "FunctDay90": 73.6, "EconLoss": 856106.5, "Name": "'STATE ROUTE 24 & BARTD'", "City": "null", "State": "null" }, "geometry": { "type": "Point", "coordinates": [ -122.171486, 37.891989 ] } },
{ "type": "Feature", "properties": { "FacilityType": "HighwayBridge", "FacilityId": "CA006911", "Anchor": "null", "FoundationType": "null", "eqBldgType": "null", "DesignLevel": "null", "SoilType": "D", "LqfSusCat": 0, "LndSusCat": 0, "WaterDepth": 5.0, "Distance": "null", "PGA": 0.78646308183670044, "PGV": 46.787063598632813, "Sa03": 1.958044171333313, "Sa10": 1.3109819889068604, "LqfSettlPGD": 0.0, "LqfSprPGD": 0.0, "LqfProb": 0.0, "LndPGD": 0.0, "LndProb": 0.0, "SufFltRuptPGD": 29.523393630981445, "SurfFltRuptProb": 0.5, "PDsNone": 0.054, "PDsSlight": 0.1406, "PDsModerate": 0.176, "PDsExtensive": 0.283, "PDsComplete": 0.3461, "PDsExceedSlight": 0.9459, "PDsExceedModerate": 0.8052, "PDsExceedExtensive": 0.6291, "FunctDay1": 22.7, "FunctDay3": 31.4, "FunctDay7": 38.4, "FunctDay14": 39.9, "FunctDay30": 42.2, "FunctDay90": 58.6, "EconLoss": 4105961.5, "Name": "'CENTRAL AVENUE'", "City": "null", "State": "null" }, "geometry": { "type": "Point", "coordinates": [ -122.310389, 37.900708 ] } },
{ "type": "Feature", "properties": { "FacilityType": "HighwayBridge", "FacilityId": "CA006912", "Anchor": "null", "FoundationType": "null", "eqBldgType": "null", "DesignLevel": "null", "SoilType": "D", "LqfSusCat": 0, "LndSusCat": 0, "WaterDepth": 5.0, "Distance": "null", "PGA": 0.80157685279846191, "PGV": 43.148735046386719, "Sa03": 1.9964525699615479, "Sa10": 1.3447792530059814, "LqfSettlPGD": 0.0, "LqfSprPGD": 0.0, "LqfProb": 0.0, "LndPGD": 0.0, "LndProb": 0.0, "SufFltRuptPGD": 29.523393630981445, "SurfFltRuptProb": 0.5, "PDsNone": 0.2467, "PDsSlight": 0.0, "PDsModerate": 0.1163, "PDsExtensive": 0.2031, "PDsComplete": 0.4338, "PDsExceedSlight": 0.7532, "PDsExceedModerate": 0.7532, "PDsExceedExtensive": 0.6369, "FunctDay1": 29.6, "FunctDay3": 33.0, "FunctDay7": 37.7, "FunctDay14": 38.8, "FunctDay30": 40.6, "FunctDay90": 53.6, "EconLoss": 4064884.25, "Name": "'I 680  N MAIN STREET'", "City": "null", "State": "null" }, "geometry": { "type": "Point", "coordinates": [ -122.0609, 37.93335 ] } },
{ "type": "Feature", "properties": { "FacilityType": "HighwayBridge", "FacilityId": "CA006913", "Anchor": "null", "FoundationType": "null", "eqBldgType": "null", "DesignLevel": "null", "SoilType": "D", "LqfSusCat": 0, "LndSusCat": 0, "WaterDepth": 5.0, "Distance": "null", "PGA": 0.88981062173843384, "PGV": 37.460258483886719, "Sa03": 2.213346004486084, "Sa10": 1.0647217035293579, "LqfSettlPGD": 0.0, "LqfSprPGD": 0.0, "LqfProb": 0.0, "LndPGD": 0.0, "LndProb": 0.0, "SufFltRuptPGD": 29.523393630981445, "SurfFltRuptProb": 0.5, "PDsNone": 0.3754, "PDsSlight": 0.0, "PDsModerate": 0.1313, "PDsExtensive": 0.1965, "PDsComplete": 0.2966, "PDsExceedSlight": 0.6245, "PDsExceedModerate": 0.6245, "PDsExceedExtensive": 0.4931, "FunctDay1": 42.6, "FunctDay3": 46.5, "FunctDay7": 51.7, "FunctDay14": 52.8, "FunctDay30": 54.4, "FunctDay90": 66.2, "EconLoss": 1867432.0, "Name": "'INTERSTATE 680'", "City": "null", "State": "null" }, "geometry": { "type": "Point", "coordinates": [ -122.071286, 37.901531 ] } },
{ "type": "Feature", "properties": { "FacilityType": "HighwayBridge", "FacilityId": "CA006914", "Anchor": "null", "FoundationType": "null", "eqBldgType": "null", "DesignLevel": "null", "SoilType": "D", "LqfSusCat": 0, "LndSusCat": 0, "WaterDepth": 5.0, "Distance": "null", "PGA": 0.88981062173843384, "PGV": 37.460258483886719, "Sa03": 2.213346004486084, "Sa10": 1.0647217035293579, "LqfSettlPGD": 0.0, "LqfSprPGD": 0.0, "LqfProb": 0.0, "LndPGD": 0.0, "LndProb": 0.0, "SufFltRuptPGD": 29.523393630981445, "SurfFltRuptProb": 0.5, "PDsNone": 0.2989, "PDsSlight": 0.0, "PDsModerate": 0.1245, "PDsExtensive": 0.2035, "PDsComplete": 0.373, "PDsExceedSlight": 0.701, "PDsExceedModerate": 0.701, "PDsExceedExtensive": 0.5765, "FunctDay1": 34.9, "FunctDay3": 38.6, "FunctDay7": 43.6, "FunctDay14": 44.7, "FunctDay30": 46.5, "FunctDay90": 59.1, "EconLoss": 2705044.25, "Name": "'YGNACIO VALLEY ROAD'", "City": "null", "State": "null" }, "geometry": { "type": "Point", "coordinates": [ -122.069892, 37.905481 ] } },
{ "type": "Feature", "properties": { "FacilityType": "HighwayBridge", "FacilityId": "CA006915", "Anchor": "null", "FoundationType": "null", "eqBldgType": "null", "DesignLevel": "null", "SoilType": "D", "LqfSusCat": 0, "LndSusCat": 0, "WaterDepth": 5.0, "Distance": "null", "PGA": 0.88981062173843384, "PGV": 37.460258483886719, "Sa03": 2.213346004486084, "Sa10": 1.0647217035293579, "LqfSettlPGD": 0.0, "LqfSprPGD": 0.0, "LqfProb": 0.0, "LndPGD": 0.0, "LndProb": 0.0, "SufFltRuptPGD": 29.523393630981445, "SurfFltRuptProb": 0.5, "PDsNone": 0.3077, "PDsSlight": 0.0, "PDsModerate": 0.1256, "PDsExtensive": 0.2031, "PDsComplete": 0.3634, "PDsExceedSlight": 0.6922, "PDsExceedModerate": 0.6922, "PDsExceedExtensive": 0.5666, "FunctDay1": 35.8, "FunctDay3": 39.5, "FunctDay7": 44.5, "FunctDay14": 45.7, "FunctDay30": 47.4, "FunctDay90": 60.0, "EconLoss": 3326236.25, "Name": "'YGNACIO VALLEY ROAD'", "City": "null", "State": "null" }, "geometry": { "type": "Point", "coordinates": [ -122.069717, 37.904731 ] } },
{ "type": "Feature", "properties": { "FacilityType": "HighwayBridge", "FacilityId": "CA006916", "Anchor": "null", "FoundationType": "null", "eqBldgType": "null", "DesignLevel": "null", "SoilType": "D", "LqfSusCat": 0, "LndSusCat": 0, "WaterDepth": 5.0, "Distance": "null", "PGA": 0.88981062173843384, "PGV": 37.460258483886719, "Sa03": 2.213346004486084, "Sa10": 1.0647217035293579, "LqfSettlPGD": 0.0, "LqfSprPGD": 0.0, "LqfProb": 0.0, "LndPGD": 0.0, "LndProb": 0.0, "SufFltRuptPGD": 29.523393630981445, "SurfFltRuptProb": 0.5, "PDsNone": 0.3168, "PDsSlight": 0.0596, "PDsModerate": 0.1191, "PDsExtensive": 0.2198, "PDsComplete": 0.2844, "PDsExceedSlight": 0.6831, "PDsExceedModerate": 0.6234, "PDsExceedExtensive": 0.5042, "FunctDay1": 40.9, "FunctDay3": 45.9, "FunctDay7": 50.7, "FunctDay14": 51.8, "FunctDay30": 53.6, "FunctDay90": 66.4, "EconLoss": 2470106.75, "Name": "'YGNACIO VALLEY ROAD'", "City": "null", "State": "null" }, "geometry": { "type": "Point", "coordinates": [ -122.069336, 37.90505 ] } },
{ "type": "Feature", "properties": { "FacilityType": "HighwayBridge", "FacilityId": "CA006917", "Anchor": "null", "FoundationType": "null", "eqBldgType": "null", "DesignLevel": "null", "SoilType": "D", "LqfSusCat": 0, "LndSusCat": 0, "WaterDepth": 5.0, "Distance": "null", "PGA": 0.88981062173843384, "PGV": 37.460258483886719, "Sa03": 2.213346004486084, "Sa10": 1.0647217035293579, "LqfSettlPGD": 0.0, "LqfSprPGD": 0.0, "LqfProb": 0.0, "LndPGD": 0.0, "LndProb": 0.0, "SufFltRuptPGD": 29.523393630981445, "SurfFltRuptProb": 0.5, "PDsNone": 0.3168, "PDsSlight": 0.0975, "PDsModerate": 0.1205, "PDsExtensive": 0.213, "PDsComplete": 0.2519, "PDsExceedSlight": 0.6831, "PDsExceedModerate": 0.5855, "PDsExceedExtensive": 0.465, "FunctDay1": 43.7, "FunctDay3": 49.7, "FunctDay7": 54.5, "FunctDay14": 55.6, "FunctDay30": 57.3, "FunctDay90": 69.6, "EconLoss": 2640046.75, "Name": "'PARKSIDE DRIVE'", "City": "null", "State": "null" }, "geometry": { "type": "Point", "coordinates": [ -122.067433, 37.910892 ] } },
{ "type": "Feature", "properties": { "FacilityType": "HighwayBridge", "FacilityId": "CA006918", "Anchor": "null", "FoundationType": "null", "eqBldgType": "null", "DesignLevel": "null", "SoilType": "D", "LqfSusCat": 0, "LndSusCat": 0, "WaterDepth": 5.0, "Distance": "null", "PGA": 0.88981062173843384, "PGV": 37.460258483886719, "Sa03": 2.213346004486084, "Sa10": 1.0647217035293579, "LqfSettlPGD": 0.0, "LqfSprPGD": 0.0, "LqfProb": 0.0, "LndPGD": 0.0, "LndProb": 0.0, "SufFltRuptPGD": 29.523393630981445, "SurfFltRuptProb": 0.5, "PDsNone": 0.2286, "PDsSlight": 0.0, "PDsModerate": 0.1126, "PDsExtensive": 0.2017, "PDsComplete": 0.4569, "PDsExceedSlight": 0.7713, "PDsExceedModerate": 0.7713, "PDsExceedExtensive": 0.6586, "FunctDay1": 27.7, "FunctDay3": 31.0, "FunctDay7": 35.6, "FunctDay14": 36.7, "FunctDay30": 38.5, "FunctDay90": 51.6, "EconLoss": 7072101.5, "Name": "'INTERSTATE 680'", "City": "null", "State": "null" }, "geometry": { "type": "Point", "coordinates": [ -122.066022, 37.916344 ] } },
{ "type": "Feature", "properties": { "FacilityType": "HighwayBridge", "FacilityId": "CA006919", "Anchor": "null", "FoundationType": "null", "eqBldgType": "null", "DesignLevel": "null", "SoilType": "D", "LqfSusCat": 0, "LndSusCat": 0, "WaterDepth": 5.0, "Distance": "null", "PGA": 0.80157685279846191, "PGV": 43.148735046386719, "Sa03": 1.9964525699615479, "Sa10": 1.3447792530059814, "LqfSettlPGD": 0.0, "LqfSprPGD": 0.0, "LqfProb": 0.0, "LndPGD": 0.0, "LndProb": 0.0, "SufFltRuptPGD": 29.523393630981445, "SurfFltRuptProb": 0.5, "PDsNone": 0.2501, "PDsSlight": 0.0, "PDsModerate": 0.1169, "PDsExtensive": 0.2032, "PDsComplete": 0.4295, "PDsExceedSlight": 0.7498, "PDsExceedModerate": 0.7498, "PDsExceedExtensive": 0.6328, "FunctDay1": 29.9, "FunctDay3": 33.4, "FunctDay7": 38.1, "FunctDay14": 39.2, "FunctDay30": 41.0, "FunctDay90": 54.0, "EconLoss": 6142261.0, "Name": "'INTERSTATE 680'", "City": "null", "State": "null" }, "geometry": { "type": "Point", "coordinates": [ -122.061025, 37.926292 ] } },
{ "type": "Feature", "properties": { "FacilityType": "HighwayBridge", "FacilityId": "CA006920", "Anchor": "null", "FoundationType": "null", "eqBldgType": "null", "DesignLevel": "null", "SoilType": "D", "LqfSusCat": 0, "LndSusCat": 0, "WaterDepth": 5.0, "Distance": "null", "PGA": 0.81645458936691284, "PGV": 37.333194732666016, "Sa03": 2.0122029781341553, "Sa10": 1.001726508140564, "LqfSettlPGD": 0.0, "LqfSprPGD": 0.0, "LqfProb": 0.0, "LndPGD": 0.0, "LndProb": 0.0, "SufFltRuptPGD": 29.523393630981445, "SurfFltRuptProb": 0.5, "PDsNone": 0.3539, "PDsSlight": 0.1363, "PDsModerate": 0.1197, "PDsExtensive": 0.195, "PDsComplete": 0.1949, "PDsExceedSlight": 0.646, "PDsExceedModerate": 0.5097, "PDsExceedExtensive": 0.3899, "FunctDay1": 50.1, "FunctDay3": 57.1, "FunctDay7": 61.8, "FunctDay14": 62.9, "FunctDay30": 64.4, "FunctDay90": 75.4, "EconLoss": 1877030.5, "Name": "'PINOLE VALLEY ROAD'", "City": "null", "State": "null" }, "geometry": { "type": "Point", "coordinates": [ -122.286164, 37.9969 ] } },
{ "type": "Feature", "properties": { "FacilityType": "HighwayBridge", "FacilityId": "CA006921", "Anchor": "null", "FoundationType": "null", "eqBldgType": "null", "DesignLevel": "null", "SoilType": "D", "LqfSusCat": 0, "LndSusCat": 0, "WaterDepth": 5.0, "Distance": "null", "PGA": 0.90310841798782349, "PGV": 42.278400421142578, "Sa03": 2.2275204658508301, "Sa10": 1.1406011581420898, "LqfSettlPGD": 0.0, "LqfSprPGD": 0.0, "LqfProb": 0.0, "LndPGD": 0.0, "LndProb": 0.0, "SufFltRuptPGD": 29.523393630981445, "SurfFltRuptProb": 0.5, "PDsNone": 0.3167, "PDsSlight": 0.0, "PDsModerate": 0.1266, "PDsExtensive": 0.2026, "PDsComplete": 0.354, "PDsExceedSlight": 0.6832, "PDsExceedModerate": 0.6832, "PDsExceedExtensive": 0.5566, "FunctDay1": 36.7, "FunctDay3": 40.5, "FunctDay7": 45.5, "FunctDay14": 46.6, "FunctDay30": 48.4, "FunctDay90": 60.8, "EconLoss": 1870419.0, "Name": "'EL PORTAL DRIVE'", "City": "null", "State": "null" }, "geometry": { "type": "Point", "coordinates": [ -122.322414, 37.966083 ] } },
{ "type": "Feature", "properties": { "FacilityType": "HighwayBridge", "FacilityId": "CA006922", "Anchor": "null", "FoundationType": "null", "eqBldgType": "null", "DesignLevel": "null", "SoilType": "D", "LqfSusCat": 0, "LndSusCat": 0, "WaterDepth": 5.0, "Distance": "null", "PGA": 0.78646308183670044, "PGV": 46.787063598632813, "Sa03": 1.958044171333313, "Sa10": 1.3109819889068604, "LqfSettlPGD": 0.0, "LqfSprPGD": 0.0, "LqfProb": 0.0, "LndPGD": 0.0, "LndProb": 0.0, "SufFltRuptPGD": 29.523393630981445, "SurfFltRuptProb": 0.5, "PDsNone": 0.1799, "PDsSlight": 0.0, "PDsModerate": 0.1006, "PDsExtensive": 0.1938, "PDsComplete": 0.5256, "PDsExceedSlight": 0.82, "PDsExceedModerate": 0.82, "PDsExceedExtensive": 0.7194, "FunctDay1": 22.6, "FunctDay3": 25.6, "FunctDay7": 29.7, "FunctDay14": 30.7, "FunctDay30": 32.6, "FunctDay90": 45.7, "EconLoss": 3426439.5, "Name": "'CARLSON BLVD'", "City": "null", "State": "null" }, "geometry": { "type": "Point", "coordinates": [ -122.316925, 37.9106 ] } },
{ "type": "Feature", "properties": { "FacilityType": "HighwayBridge", "FacilityId": "CA006923", "Anchor": "null", "FoundationType": "null", "eqBldgType": "null", "DesignLevel": "null", "SoilType": "D", "LqfSusCat": 0, "LndSusCat": 0, "WaterDepth": 5.0, "Distance": "null", "PGA": 0.83762073516845703, "PGV": 37.623123168945313, "Sa03": 2.1028585433959961, "Sa10": 1.1015702486038208, "LqfSettlPGD": 0.0, "LqfSprPGD": 0.0, "LqfProb": 0.0, "LndPGD": 0.0, "LndProb": 0.0, "SufFltRuptPGD": 29.523393630981445, "SurfFltRuptProb": 0.5, "PDsNone": 0.1556, "PDsSlight": 0.2016, "PDsModerate": 0.1302, "PDsExtensive": 0.1988, "PDsComplete": 0.3136, "PDsExceedSlight": 0.8443, "PDsExceedModerate": 0.6427, "PDsExceedExtensive": 0.5124, "FunctDay1": 35.7, "FunctDay3": 44.6, "FunctDay7": 49.8, "FunctDay14": 50.9, "FunctDay30": 52.6, "FunctDay90": 64.6, "EconLoss": 1973489.375, "Name": "'STATE ROUTE 24 & BARTD'", "City": "null", "State": "null" }, "geometry": { "type": "Point", "coordinates": [ -122.085286, 37.898519 ] } },
{ "type": "Feature", "properties": { "FacilityType": "HighwayBridge", "FacilityId": "CA006924", "Anchor": "null", "FoundationType": "null", "eqBldgType": "null", "DesignLevel": "null", "SoilType": "D", "LqfSusCat": 0, "LndSusCat": 0, "WaterDepth": 5.0, "Distance": "null", "PGA": 0.83762073516845703, "PGV": 37.623123168945313, "Sa03": 2.1028585433959961, "Sa10": 1.1015702486038208, "LqfSettlPGD": 0.0, "LqfSprPGD": 0.0, "LqfProb": 0.0, "LndPGD": 0.0, "LndProb": 0.0, "SufFltRuptPGD": 29.523393630981445, "SurfFltRuptProb": 0.5, "PDsNone": 0.3681, "PDsSlight": 0.0, "PDsModerate": 0.1309, "PDsExtensive": 0.1975, "PDsComplete": 0.3034, "PDsExceedSlight": 0.6318, "PDsExceedModerate": 0.6318, "PDsExceedExtensive": 0.5009, "FunctDay1": 41.9, "FunctDay3": 45.7, "FunctDay7": 50.9, "FunctDay14": 52.1, "FunctDay30": 53.7, "FunctDay90": 65.6, "EconLoss": 3573852.0, "Name": "'N680-W24  CAMINO DIABLO'", "City": "null", "State": "null" }, "geometry": { "type": "Point", "coordinates": [ -122.075775, 37.896103 ] } },
{ "type": "Feature", "properties": { "FacilityType": "HighwayBridge", "FacilityId": "CA006925", "Anchor": "null", "FoundationType": "null", "eqBldgType": "null", "DesignLevel": "null", "SoilType": "D", "LqfSusCat": 0, "LndSusCat": 0, "WaterDepth": 5.0, "Distance": "null", "PGA": 0.88981062173843384, "PGV": 37.460258483886719, "Sa03": 2.213346004486084, "Sa10": 1.0647217035293579, "LqfSettlPGD": 0.0, "LqfSprPGD": 0.0, "LqfProb": 0.0, "LndPGD": 0.0, "LndProb": 0.0, "SufFltRuptPGD": 29.523393630981445, "SurfFltRuptProb": 0.5, "PDsNone": 0.3896, "PDsSlight": 0.0, "PDsModerate": 0.1319, "PDsExtensive": 0.1944, "PDsComplete": 0.2839, "PDsExceedSlight": 0.6103, "PDsExceedModerate": 0.6103, "PDsExceedExtensive": 0.4783, "FunctDay1": 44.0, "FunctDay3": 47.9, "FunctDay7": 53.1, "FunctDay14": 54.2, "FunctDay30": 55.8, "FunctDay90": 67.4, "EconLoss": 5700356.0, "Name": "'N680\/W24 CONN I-680 C.D.'", "City": "null", "State": "null" }, "geometry": { "type": "Point", "coordinates": [ -122.071986, 37.896914 ] } },
{ "type": "Feature", "properties": { "FacilityType": "HighwayBridge", "FacilityId": "CA006926", "Anchor": "null", "FoundationType": "null", "eqBldgType": "null", "DesignLevel": "null", "SoilType": "D", "LqfSusCat": 0, "LndSusCat": 0, "WaterDepth": 5.0, "Distance": "null", "PGA": 0.88981062173843384, "PGV": 37.460258483886719, "Sa03": 2.213346004486084, "Sa10": 1.0647217035293579, "LqfSettlPGD": 0.0, "LqfSprPGD": 0.0, "LqfProb": 0.0, "LndPGD": 0.0, "LndProb": 0.0, "SufFltRuptPGD": 29.523393630981445, "SurfFltRuptProb": 0.5, "PDsNone": 0.3699, "PDsSlight": 0.0, "PDsModerate": 0.131, "PDsExtensive": 0.1972, "PDsComplete": 0.3017, "PDsExceedSlight": 0.63, "PDsExceedModerate": 0.63, "PDsExceedExtensive": 0.499, "FunctDay1": 42.1, "FunctDay3": 45.9, "FunctDay7": 51.1, "FunctDay14": 52.2, "FunctDay30": 53.9, "FunctDay90": 65.7, "EconLoss": 1678381.625, "Name": "'BOULEVARD WAY'", "City": "null", "State": "null" }, "geometry": { "type": "Point", "coordinates": [ -122.072625, 37.895278 ] } },
{ "type": "Feature", "properties": { "FacilityType": "HighwayBridge", "FacilityId": "CA006927", "Anchor": "null", "FoundationType": "null", "eqBldgType": "null", "DesignLevel": "null", "SoilType": "D", "LqfSusCat": 0, "LndSusCat": 0, "WaterDepth": 5.0, "Distance": "null", "PGA": 0.88981062173843384, "PGV": 37.460258483886719, "Sa03": 2.213346004486084, "Sa10": 1.0647217035293579, "LqfSettlPGD": 0.0, "LqfSprPGD": 0.0, "LqfProb": 0.0, "LndPGD": 0.0, "LndProb": 0.0, "SufFltRuptPGD": 29.523393630981445, "SurfFltRuptProb": 0.5, "PDsNone": 0.3896, "PDsSlight": 0.0, "PDsModerate": 0.1319, "PDsExtensive": 0.1944, "PDsComplete": 0.2839, "PDsExceedSlight": 0.6103, "PDsExceedModerate": 0.6103, "PDsExceedExtensive": 0.4783, "FunctDay1": 44.0, "FunctDay3": 47.9, "FunctDay7": 53.1, "FunctDay14": 54.2, "FunctDay30": 55.8, "FunctDay90": 67.4, "EconLoss": 2896943.0, "Name": "'MT DIABLO BOULEVARD'", "City": "null", "State": "null" }, "geometry": { "type": "Point", "coordinates": [ -122.070672, 37.896214 ] } },
{ "type": "Feature", "properties": { "FacilityType": "HighwayBridge", "FacilityId": "CA006928", "Anchor": "null", "FoundationType": "null", "eqBldgType": "null", "DesignLevel": "null", "SoilType": "D", "LqfSusCat": 0, "LndSusCat": 0, "WaterDepth": 5.0, "Distance": "null", "PGA": 0.88981062173843384, "PGV": 37.460258483886719, "Sa03": 2.213346004486084, "Sa10": 1.0647217035293579, "LqfSettlPGD": 0.0, "LqfSprPGD": 0.0, "LqfProb": 0.0, "LndPGD": 0.0, "LndProb": 0.0, "SufFltRuptPGD": 29.523393630981445, "SurfFltRuptProb": 0.5, "PDsNone": 0.3737, "PDsSlight": 0.0, "PDsModerate": 0.1312, "PDsExtensive": 0.1967, "PDsComplete": 0.2982, "PDsExceedSlight": 0.6262, "PDsExceedModerate": 0.6262, "PDsExceedExtensive": 0.495, "FunctDay1": 42.4, "FunctDay3": 46.3, "FunctDay7": 51.5, "FunctDay14": 52.6, "FunctDay30": 54.3, "FunctDay90": 66.0, "EconLoss": 2210521.0, "Name": "'MT DIABLO BOULEVARD'", "City": "null", "State": "null" }, "geometry": { "type": "Point", "coordinates": [ -122.070308, 37.896206 ] } },
{ "type": "Feature", "properties": { "FacilityType": "HighwayBridge", "FacilityId": "CA006929", "Anchor": "null", "FoundationType": "null", "eqBldgType": "null", "DesignLevel": "null", "SoilType": "D", "LqfSusCat": 0, "LndSusCat": 0, "WaterDepth": 5.0, "Distance": "null", "PGA": 0.88981062173843384, "PGV": 37.460258483886719, "Sa03": 2.213346004486084, "Sa10": 1.0647217035293579, "LqfSettlPGD": 0.0, "LqfSprPGD": 0.0, "LqfProb": 0.0, "LndPGD": 0.0, "LndProb": 0.0, "SufFltRuptPGD": 29.523393630981445, "SurfFltRuptProb": 0.5, "PDsNone": 0.3896, "PDsSlight": 0.0, "PDsModerate": 0.1319, "PDsExtensive": 0.1944, "PDsComplete": 0.2839, "PDsExceedSlight": 0.6103, "PDsExceedModerate": 0.6103, "PDsExceedExtensive": 0.4783, "FunctDay1": 44.0, "FunctDay3": 47.9, "FunctDay7": 53.1, "FunctDay14": 54.2, "FunctDay30": 55.8, "FunctDay90": 67.4, "EconLoss": 5073969.0, "Name": "'OLYMPIC BLVD I-680'", "City": "null", "State": "null" }, "geometry": { "type": "Point", "coordinates": [ -122.073731, 37.896353 ] } },
{ "type": "Feature", "properties": { "FacilityType": "HighwayBridge", "FacilityId": "CA006930", "Anchor": "null", "FoundationType": "null", "eqBldgType": "null", "DesignLevel": "null", "SoilType": "D", "LqfSusCat": 0, "LndSusCat": 0, "WaterDepth": 5.0, "Distance": "null", "PGA": 0.83762073516845703, "PGV": 37.623123168945313, "Sa03": 2.1028585433959961, "Sa10": 1.1015702486038208, "LqfSettlPGD": 0.0, "LqfSprPGD": 0.0, "LqfProb": 0.0, "LndPGD": 0.0, "LndProb": 0.0, "SufFltRuptPGD": 29.523393630981445, "SurfFltRuptProb": 0.5, "PDsNone": 0.1556, "PDsSlight": 0.2094, "PDsModerate": 0.1307, "PDsExtensive": 0.1979, "PDsComplete": 0.3062, "PDsExceedSlight": 0.8443, "PDsExceedModerate": 0.6349, "PDsExceedExtensive": 0.5041, "FunctDay1": 36.3, "FunctDay3": 45.4, "FunctDay7": 50.6, "FunctDay14": 51.7, "FunctDay30": 53.4, "FunctDay90": 65.3, "EconLoss": 885300.5, "Name": "'BROWN AVENUE'", "City": "null", "State": "null" }, "geometry": { "type": "Point", "coordinates": [ -122.110922, 37.895297 ] } },
{ "type": "Feature", "properties": { "FacilityType": "HighwayBridge", "FacilityId": "CA006931", "Anchor": "null", "FoundationType": "null", "eqBldgType": "null", "DesignLevel": "null", "SoilType": "D", "LqfSusCat": 0, "LndSusCat": 0, "WaterDepth": 5.0, "Distance": "null", "PGA": 0.79791748523712158, "PGV": 33.432174682617188, "Sa03": 1.9508605003356934, "Sa10": 0.94616395235061646, "LqfSettlPGD": 0.0, "LqfSprPGD": 0.0, "LqfProb": 0.0, "LndPGD": 0.0, "LndProb": 0.0, "SufFltRuptPGD": 29.523393630981445, "SurfFltRuptProb": 0.5, "PDsNone": 0.2238, "PDsSlight": 0.2396, "PDsModerate": 0.1324, "PDsExtensive": 0.1803, "PDsComplete": 0.2236, "PDsExceedSlight": 0.7761, "PDsExceedModerate": 0.5364, "PDsExceedExtensive": 0.404, "FunctDay1": 45.2, "FunctDay3": 55.1, "FunctDay7": 60.3, "FunctDay14": 61.4, "FunctDay30": 62.9, "FunctDay90": 73.3, "EconLoss": 693531.5, "Name": "'HAPPY VALLEY ROAD'", "City": "null", "State": "null" }, "geometry": { "type": "Point", "coordinates": [ -122.126433, 37.892869 ] } },
{ "type": "Feature", "properties": { "FacilityType": "HighwayBridge", "FacilityId": "CA006932", "Anchor": "null", "FoundationType": "null", "eqBldgType": "null", "DesignLevel": "null", "SoilType": "D", "LqfSusCat": 0, "LndSusCat": 0, "WaterDepth": 5.0, "Distance": "null", "PGA": 0.79791748523712158, "PGV": 33.432174682617188, "Sa03": 1.9508605003356934, "Sa10": 0.94616395235061646, "LqfSettlPGD": 0.0, "LqfSprPGD": 0.0, "LqfProb": 0.0, "LndPGD": 0.0, "LndProb": 0.0, "SufFltRuptPGD": 29.523393630981445, "SurfFltRuptProb": 0.5, "PDsNone": 0.2238, "PDsSlight": 0.2396, "PDsModerate": 0.1324, "PDsExtensive": 0.1803, "PDsComplete": 0.2236, "PDsExceedSlight": 0.7761, "PDsExceedModerate": 0.5364, "PDsExceedExtensive": 0.404, "FunctDay1": 45.2, "FunctDay3": 55.1, "FunctDay7": 60.3, "FunctDay14": 61.4, "FunctDay30": 62.9, "FunctDay90": 73.3, "EconLoss": 693531.5, "Name": "'HAPPY VALLEY ROAD'", "City": "null", "State": "null" }, "geometry": { "type": "Point", "coordinates": [ -122.126353, 37.892453 ] } },
{ "type": "Feature", "properties": { "FacilityType": "HighwayBridge", "FacilityId": "CA006933", "Anchor": "null", "FoundationType": "null", "eqBldgType": "null", "DesignLevel": "null", "SoilType": "D", "LqfSusCat": 0, "LndSusCat": 0, "WaterDepth": 5.0, "Distance": "null", "PGA": 0.83762073516845703, "PGV": 37.623123168945313, "Sa03": 2.1028585433959961, "Sa10": 1.1015702486038208, "LqfSettlPGD": 0.0, "LqfSprPGD": 0.0, "LqfProb": 0.0, "LndPGD": 0.0, "LndProb": 0.0, "SufFltRuptPGD": 29.523393630981445, "SurfFltRuptProb": 0.5, "PDsNone": 0.1556, "PDsSlight": 0.1481, "PDsModerate": 0.1251, "PDsExtensive": 0.2033, "PDsComplete": 0.3677, "PDsExceedSlight": 0.8443, "PDsExceedModerate": 0.6961, "PDsExceedExtensive": 0.571, "FunctDay1": 31.7, "FunctDay3": 39.1, "FunctDay7": 44.1, "FunctDay14": 45.2, "FunctDay30": 47.0, "FunctDay90": 59.6, "EconLoss": 1314102.0, "Name": "'OAK HILL ROAD'", "City": "null", "State": "null" }, "geometry": { "type": "Point", "coordinates": [ -122.12165, 37.893994 ] } },
{ "type": "Feature", "properties": { "FacilityType": "HighwayBridge", "FacilityId": "CA006934", "Anchor": "null", "FoundationType": "null", "eqBldgType": "null", "DesignLevel": "null", "SoilType": "D", "LqfSusCat": 0, "LndSusCat": 0, "WaterDepth": 5.0, "Distance": "null", "PGA": 0.83762073516845703, "PGV": 37.623123168945313, "Sa03": 2.1028585433959961, "Sa10": 1.1015702486038208, "LqfSettlPGD": 0.0, "LqfSprPGD": 0.0, "LqfProb": 0.0, "LndPGD": 0.0, "LndProb": 0.0, "SufFltRuptPGD": 29.523393630981445, "SurfFltRuptProb": 0.5, "PDsNone": 0.1556, "PDsSlight": 0.182, "PDsModerate": 0.1287, "PDsExtensive": 0.2009, "PDsComplete": 0.3326, "PDsExceedSlight": 0.8443, "PDsExceedModerate": 0.6623, "PDsExceedExtensive": 0.5336, "FunctDay1": 34.2, "FunctDay3": 42.6, "FunctDay7": 47.7, "FunctDay14": 48.9, "FunctDay30": 50.6, "FunctDay90": 62.8, "EconLoss": 1055755.75, "Name": "'OAK HILL ROAD'", "City": "null", "State": "null" }, "geometry": { "type": "Point", "coordinates": [ -122.121253, 37.893639 ] } },
{ "type": "Feature", "properties": { "FacilityType": "HighwayBridge", "FacilityId": "CA006935", "Anchor": "null", "FoundationType": "null", "eqBldgType": "null", "DesignLevel": "null", "SoilType": "D", "LqfSusCat": 0, "LndSusCat": 0, "WaterDepth": 5.0, "Distance": "null", "PGA": 0.79791748523712158, "PGV": 33.432174682617188, "Sa03": 1.9508605003356934, "Sa10": 0.94616395235061646, "LqfSettlPGD": 0.0, "LqfSprPGD": 0.0, "LqfProb": 0.0, "LndPGD": 0.0, "LndProb": 0.0, "SufFltRuptPGD": 29.523393630981445, "SurfFltRuptProb": 0.5, "PDsNone": 0.3898, "PDsSlight": 0.0765, "PDsModerate": 0.1204, "PDsExtensive": 0.2012, "PDsComplete": 0.2118, "PDsExceedSlight": 0.6101, "PDsExceedModerate": 0.5336, "PDsExceedExtensive": 0.4131, "FunctDay1": 49.3, "FunctDay3": 54.8, "FunctDay7": 59.6, "FunctDay14": 60.6, "FunctDay30": 62.2, "FunctDay90": 73.6, "EconLoss": 986334.4375, "Name": "'DOLORES DRIVE'", "City": "null", "State": "null" }, "geometry": { "type": "Point", "coordinates": [ -122.128867, 37.892275 ] } },
{ "type": "Feature", "properties": { "FacilityType": "HighwayBridge", "FacilityId": "CA006936", "Anchor": "null", "FoundationType": "null", "eqBldgType": "null", "DesignLevel": "null", "SoilType": "D", "LqfSusCat": 0, "LndSusCat": 0, "WaterDepth": 5.0, "Distance": "null", "PGA": 0.79791748523712158, "PGV": 33.432174682617188, "Sa03": 1.9508605003356934, "Sa10": 0.94616395235061646, "LqfSettlPGD": 0.0, "LqfSprPGD": 0.0, "LqfProb": 0.0, "LndPGD": 0.0, "LndProb": 0.0, "SufFltRuptPGD": 29.523393630981445, "SurfFltRuptProb": 0.5, "PDsNone": 0.3898, "PDsSlight": 0.1468, "PDsModerate": 0.1172, "PDsExtensive": 0.1816, "PDsComplete": 0.1643, "PDsExceedSlight": 0.6101, "PDsExceedModerate": 0.4632, "PDsExceedExtensive": 0.346, "FunctDay1": 54.3, "FunctDay3": 61.4, "FunctDay7": 66.1, "FunctDay14": 67.1, "FunctDay30": 68.5, "FunctDay90": 78.6, "EconLoss": 418032.15625, "Name": "'DOLORES DRIVE'", "City": "null", "State": "null" }, "geometry": { "type": "Point", "coordinates": [ -122.128669, 37.891883 ] } },
{ "type": "Feature", "properties": { "FacilityType": "HighwayBridge", "FacilityId": "CA006937", "Anchor": "null", "FoundationType": "null", "eqBldgType": "null", "DesignLevel": "null", "SoilType": "D", "LqfSusCat": 0, "LndSusCat": 0, "WaterDepth": 5.0, "Distance": "null", "PGA": 0.88981062173843384, "PGV": 37.460258483886719, "Sa03": 2.213346004486084, "Sa10": 1.0647217035293579, "LqfSettlPGD": 0.0, "LqfSprPGD": 0.0, "LqfProb": 0.0, "LndPGD": 0.0, "LndProb": 0.0, "SufFltRuptPGD": 29.523393630981445, "SurfFltRuptProb": 0.5, "PDsNone": 0.3634, "PDsSlight": 0.0, "PDsModerate": 0.1306, "PDsExtensive": 0.1981, "PDsComplete": 0.3077, "PDsExceedSlight": 0.6365, "PDsExceedModerate": 0.6365, "PDsExceedExtensive": 0.5058, "FunctDay1": 41.4, "FunctDay3": 45.2, "FunctDay7": 50.4, "FunctDay14": 51.6, "FunctDay30": 53.2, "FunctDay90": 65.1, "EconLoss": 1713302.625, "Name": "'CANAL & BIKE PATH'", "City": "null", "State": "null" }, "geometry": { "type": "Point", "coordinates": [ -122.061386, 37.921714 ] } },
{ "type": "Feature", "properties": { "FacilityType": "HighwayBridge", "FacilityId": "CA006939", "Anchor": "null", "FoundationType": "null", "eqBldgType": "null", "DesignLevel": "null", "SoilType": "D", "LqfSusCat": 0, "LndSusCat": 0, "WaterDepth": 5.0, "Distance": "null", "PGA": 0.79791748523712158, "PGV": 33.432174682617188, "Sa03": 1.9508605003356934, "Sa10": 0.94616395235061646, "LqfSettlPGD": 0.0, "LqfSprPGD": 0.0, "LqfProb": 0.0, "LndPGD": 0.0, "LndProb": 0.0, "SufFltRuptPGD": 29.523393630981445, "SurfFltRuptProb": 0.5, "PDsNone": 0.2238, "PDsSlight": 0.2428, "PDsModerate": 0.1323, "PDsExtensive": 0.1796, "PDsComplete": 0.2212, "PDsExceedSlight": 0.7761, "PDsExceedModerate": 0.5332, "PDsExceedExtensive": 0.4008, "FunctDay1": 45.4, "FunctDay3": 55.4, "FunctDay7": 60.6, "FunctDay14": 61.7, "FunctDay30": 63.2, "FunctDay90": 73.6, "EconLoss": 1261224.0, "Name": "'EL NIDO RANCH RD AQUEDUC'", "City": "null", "State": "null" }, "geometry": { "type": "Point", "coordinates": [ -122.146083, 37.891369 ] } },
{ "type": "Feature", "properties": { "FacilityType": "HighwayBridge", "FacilityId": "CA006940", "Anchor": "null", "FoundationType": "null", "eqBldgType": "null", "DesignLevel": "null", "SoilType": "D", "LqfSusCat": 0, "LndSusCat": 0, "WaterDepth": 5.0, "Distance": "null", "PGA": 0.79791748523712158, "PGV": 33.432174682617188, "Sa03": 1.9508605003356934, "Sa10": 0.94616395235061646, "LqfSettlPGD": 0.0, "LqfSprPGD": 0.0, "LqfProb": 0.0, "LndPGD": 0.0, "LndProb": 0.0, "SufFltRuptPGD": 29.523393630981445, "SurfFltRuptProb": 0.5, "PDsNone": 0.2238, "PDsSlight": 0.2428, "PDsModerate": 0.1323, "PDsExtensive": 0.1796, "PDsComplete": 0.2212, "PDsExceedSlight": 0.7761, "PDsExceedModerate": 0.5332, "PDsExceedExtensive": 0.4008, "FunctDay1": 45.4, "FunctDay3": 55.4, "FunctDay7": 60.6, "FunctDay14": 61.7, "FunctDay30": 63.2, "FunctDay90": 73.6, "EconLoss": 1490989.625, "Name": "'EL NIDO RANCH RD'", "City": "null", "State": "null" }, "geometry": { "type": "Point", "coordinates": [ -122.145339, 37.890869 ] } },
{ "type": "Feature", "properties": { "FacilityType": "HighwayBridge", "FacilityId": "CA006941", "Anchor": "null", "FoundationType": "null", "eqBldgType": "null", "DesignLevel": "null", "SoilType": "D", "LqfSusCat": 0, "LndSusCat": 0, "WaterDepth": 5.0, "Distance": "null", "PGA": 0.71104931831359863, "PGV": 38.343650817871094, "Sa03": 1.7765729427337646, "Sa10": 1.066614031791687, "LqfSettlPGD": 0.0, "LqfSprPGD": 0.0, "LqfProb": 0.0, "LndPGD": 0.0, "LndProb": 0.0, "SufFltRuptPGD": 29.523393630981445, "SurfFltRuptProb": 0.5, "PDsNone": 0.3885, "PDsSlight": 0.0, "PDsModerate": 0.1319, "PDsExtensive": 0.1945, "PDsComplete": 0.2849, "PDsExceedSlight": 0.6114, "PDsExceedModerate": 0.6114, "PDsExceedExtensive": 0.4795, "FunctDay1": 43.9, "FunctDay3": 47.8, "FunctDay7": 53.0, "FunctDay14": 54.1, "FunctDay30": 55.7, "FunctDay90": 67.3, "EconLoss": 2452385.75, "Name": "'MARINE STREET'", "City": "null", "State": "null" }, "geometry": { "type": "Point", "coordinates": [ -122.391117, 37.931156 ] } },
{ "type": "Feature", "properties": { "FacilityType": "HighwayBridge", "FacilityId": "CA006942", "Anchor": "null", "FoundationType": "null", "eqBldgType": "null", "DesignLevel": "null", "SoilType": "D", "LqfSusCat": 0, "LndSusCat": 0, "WaterDepth": 5.0, "Distance": "null", "PGA": 0.71104931831359863, "PGV": 38.343650817871094, "Sa03": 1.7765729427337646, "Sa10": 1.066614031791687, "LqfSettlPGD": 0.0, "LqfSprPGD": 0.0, "LqfProb": 0.0, "LndPGD": 0.0, "LndProb": 0.0, "SufFltRuptPGD": 29.523393630981445, "SurfFltRuptProb": 0.5, "PDsNone": 0.3885, "PDsSlight": 0.0, "PDsModerate": 0.1319, "PDsExtensive": 0.1945, "PDsComplete": 0.2849, "PDsExceedSlight": 0.6114, "PDsExceedModerate": 0.6114, "PDsExceedExtensive": 0.4795, "FunctDay1": 43.9, "FunctDay3": 47.8, "FunctDay7": 53.0, "FunctDay14": 54.1, "FunctDay30": 55.7, "FunctDay90": 67.3, "EconLoss": 2693111.5, "Name": "'SCOFIELD AVENUE'", "City": "null", "State": "null" }, "geometry": { "type": "Point", "coordinates": [ -122.397981, 37.932344 ] } },
{ "type": "Feature", "properties": { "FacilityType": "HighwayBridge", "FacilityId": "CA006943", "Anchor": "null", "FoundationType": "null", "eqBldgType": "null", "DesignLevel": "null", "SoilType": "D", "LqfSusCat": 0, "LndSusCat": 0, "WaterDepth": 5.0, "Distance": "null", "PGA": 0.71104931831359863, "PGV": 38.343650817871094, "Sa03": 1.7765729427337646, "Sa10": 1.066614031791687, "LqfSettlPGD": 0.0, "LqfSprPGD": 0.0, "LqfProb": 0.0, "LndPGD": 0.0, "LndProb": 0.0, "SufFltRuptPGD": 29.523393630981445, "SurfFltRuptProb": 0.5, "PDsNone": 0.3885, "PDsSlight": 0.0, "PDsModerate": 0.1319, "PDsExtensive": 0.1945, "PDsComplete": 0.2849, "PDsExceedSlight": 0.6114, "PDsExceedModerate": 0.6114, "PDsExceedExtensive": 0.4795, "FunctDay1": 43.9, "FunctDay3": 47.8, "FunctDay7": 53.0, "FunctDay14": 54.1, "FunctDay30": 55.7, "FunctDay90": 67.3, "EconLoss": 3217743.75, "Name": "'SCOFIELD AVENUE'", "City": "null", "State": "null" }, "geometry": { "type": "Point", "coordinates": [ -122.397614, 37.932642 ] } },
{ "type": "Feature", "properties": { "FacilityType": "HighwayBridge", "FacilityId": "CA006944", "Anchor": "null", "FoundationType": "null", "eqBldgType": "null", "DesignLevel": "null", "SoilType": "D", "LqfSusCat": 0, "LndSusCat": 0, "WaterDepth": 5.0, "Distance": "null", "PGA": 0.71104931831359863, "PGV": 38.343650817871094, "Sa03": 1.7765729427337646, "Sa10": 1.066614031791687, "LqfSettlPGD": 0.0, "LqfSprPGD": 0.0, "LqfProb": 0.0, "LndPGD": 0.0, "LndProb": 0.0, "SufFltRuptPGD": 29.523393630981445, "SurfFltRuptProb": 0.5, "PDsNone": 0.2786, "PDsSlight": 0.0, "PDsModerate": 0.0, "PDsExtensive": 0.2418, "PDsComplete": 0.4795, "PDsExceedSlight": 0.7213, "PDsExceedModerate": 0.7213, "PDsExceedExtensive": 0.7213, "FunctDay1": 29.7, "FunctDay3": 29.8, "FunctDay7": 30.1, "FunctDay14": 30.8, "FunctDay30": 32.9, "FunctDay90": 48.1, "EconLoss": 1463417.125, "Name": "'STENMARK DR SB ON-RAMP'", "City": "null", "State": "null" }, "geometry": { "type": "Point", "coordinates": [ -122.401203, 37.932206 ] } },
{ "type": "Feature", "properties": { "FacilityType": "HighwayBridge", "FacilityId": "CA006945", "Anchor": "null", "FoundationType": "null", "eqBldgType": "null", "DesignLevel": "null", "SoilType": "D", "LqfSusCat": 0, "LndSusCat": 0, "WaterDepth": 5.0, "Distance": "null", "PGA": 0.76457589864730835, "PGV": 33.199306488037109, "Sa03": 1.8811763525009155, "Sa10": 0.93338006734848022, "LqfSettlPGD": 0.0, "LqfSprPGD": 0.0, "LqfProb": 0.0, "LndPGD": 0.0, "LndProb": 0.0, "SufFltRuptPGD": 29.523393630981445, "SurfFltRuptProb": 0.5, "PDsNone": 0.4758, "PDsSlight": 0.0, "PDsModerate": 0.132, "PDsExtensive": 0.1775, "PDsComplete": 0.2145, "PDsExceedSlight": 0.5241, "PDsExceedModerate": 0.5241, "PDsExceedExtensive": 0.3921, "FunctDay1": 52.4, "FunctDay3": 56.3, "FunctDay7": 61.5, "FunctDay14": 62.6, "FunctDay30": 64.0, "FunctDay90": 74.3, "EconLoss": 5376475.0, "Name": "'BNSF SYCAMORE WILLOW'", "City": "null", "State": "null" }, "geometry": { "type": "Point", "coordinates": [ -122.272983, 38.010753 ] } },
{ "type": "Feature", "properties": { "FacilityType": "HighwayBridge", "FacilityId": "CA006946", "Anchor": "null", "FoundationType": "null", "eqBldgType": "null", "DesignLevel": "null", "SoilType": "D", "LqfSusCat": 0, "LndSusCat": 0, "WaterDepth": 5.0, "Distance": "null", "PGA": 0.76457589864730835, "PGV": 33.199306488037109, "Sa03": 1.8811763525009155, "Sa10": 0.93338006734848022, "LqfSettlPGD": 0.0, "LqfSprPGD": 0.0, "LqfProb": 0.0, "LndPGD": 0.0, "LndProb": 0.0, "SufFltRuptPGD": 29.523393630981445, "SurfFltRuptProb": 0.5, "PDsNone": 0.4758, "PDsSlight": 0.0, "PDsModerate": 0.132, "PDsExtensive": 0.1775, "PDsComplete": 0.2145, "PDsExceedSlight": 0.5241, "PDsExceedModerate": 0.5241, "PDsExceedExtensive": 0.3921, "FunctDay1": 52.4, "FunctDay3": 56.3, "FunctDay7": 61.5, "FunctDay14": 62.6, "FunctDay30": 64.0, "FunctDay90": 74.3, "EconLoss": 1680805.25, "Name": "'BNSF  WILLOW  SYCAMORE'", "City": "null", "State": "null" }, "geometry": { "type": "Point", "coordinates": [ -122.272144, 38.012803 ] } },
{ "type": "Feature", "properties": { "FacilityType": "HighwayBridge", "FacilityId": "CA006947", "Anchor": "null", "FoundationType": "null", "eqBldgType": "null", "DesignLevel": "null", "SoilType": "D", "LqfSusCat": 0, "LndSusCat": 0, "WaterDepth": 5.0, "Distance": "null", "PGA": 0.83762073516845703, "PGV": 37.623123168945313, "Sa03": 2.1028585433959961, "Sa10": 1.1015702486038208, "LqfSettlPGD": 0.0, "LqfSprPGD": 0.0, "LqfProb": 0.0, "LndPGD": 0.0, "LndProb": 0.0, "SufFltRuptPGD": 29.523393630981445, "SurfFltRuptProb": 0.5, "PDsNone": 0.1556, "PDsSlight": 0.0111, "PDsModerate": 0.0967, "PDsExtensive": 0.1904, "PDsComplete": 0.546, "PDsExceedSlight": 0.8443, "PDsExceedModerate": 0.8332, "PDsExceedExtensive": 0.7364, "FunctDay1": 20.9, "FunctDay3": 24.1, "FunctDay7": 28.0, "FunctDay14": 29.0, "FunctDay30": 30.9, "FunctDay90": 44.0, "EconLoss": 2621634.25, "Name": "'EBMUD AQUEDUCT  BROWN AV'", "City": "null", "State": "null" }, "geometry": { "type": "Point", "coordinates": [ -122.112303, 37.895503 ] } },
{ "type": "Feature", "properties": { "FacilityType": "HighwayBridge", "FacilityId": "CA006948", "Anchor": "null", "FoundationType": "null", "eqBldgType": "null", "DesignLevel": "null", "SoilType": "D", "LqfSusCat": 0, "LndSusCat": 0, "WaterDepth": 5.0, "Distance": "null", "PGA": 0.83762073516845703, "PGV": 37.623123168945313, "Sa03": 2.1028585433959961, "Sa10": 1.1015702486038208, "LqfSettlPGD": 0.0, "LqfSprPGD": 0.0, "LqfProb": 0.0, "LndPGD": 0.0, "LndProb": 0.0, "SufFltRuptPGD": 29.523393630981445, "SurfFltRuptProb": 0.5, "PDsNone": 0.1556, "PDsSlight": 0.0042, "PDsModerate": 0.0945, "PDsExtensive": 0.1884, "PDsComplete": 0.557, "PDsExceedSlight": 0.8443, "PDsExceedModerate": 0.8401, "PDsExceedExtensive": 0.7455, "FunctDay1": 20.3, "FunctDay3": 23.3, "FunctDay7": 27.1, "FunctDay14": 28.1, "FunctDay30": 30.0, "FunctDay90": 43.1, "EconLoss": 3107807.25, "Name": "'EBMUD AQUEDUCT'", "City": "null", "State": "null" }, "geometry": { "type": "Point", "coordinates": [ -122.113019, 37.89495 ] } },
{ "type": "Feature", "properties": { "FacilityType": "HighwayBridge", "FacilityId": "CA006949", "Anchor": "null", "FoundationType": "null", "eqBldgType": "null", "DesignLevel": "null", "SoilType": "D", "LqfSusCat": 0, "LndSusCat": 0, "WaterDepth": 5.0, "Distance": "null", "PGA": 0.81645458936691284, "PGV": 37.333194732666016, "Sa03": 2.0122029781341553, "Sa10": 1.001726508140564, "LqfSettlPGD": 0.0, "LqfSprPGD": 0.0, "LqfProb": 0.0, "LndPGD": 0.0, "LndProb": 0.0, "SufFltRuptPGD": 29.523393630981445, "SurfFltRuptProb": 0.5, "PDsNone": 0.1964, "PDsSlight": 0.2228, "PDsModerate": 0.1327, "PDsExtensive": 0.1893, "PDsComplete": 0.2585, "PDsExceedSlight": 0.8035, "PDsExceedModerate": 0.5806, "PDsExceedExtensive": 0.4479, "FunctDay1": 41.3, "FunctDay3": 50.8, "FunctDay7": 56.1, "FunctDay14": 57.2, "FunctDay30": 58.7, "FunctDay90": 69.9, "EconLoss": 484807.25, "Name": "'INTERSTATE 80'", "City": "null", "State": "null" }, "geometry": { "type": "Point", "coordinates": [ -122.302236, 37.993639 ] } },
{ "type": "Feature", "properties": { "FacilityType": "HighwayBridge", "FacilityId": "CA006950", "Anchor": "null", "FoundationType": "null", "eqBldgType": "null", "DesignLevel": "null", "SoilType": "D", "LqfSusCat": 0, "LndSusCat": 0, "WaterDepth": 5.0, "Distance": "null", "PGA": 0.77480834722518921, "PGV": 35.311855316162109, "Sa03": 1.9298560619354248, "Sa10": 1.0328832864761353, "LqfSettlPGD": 0.0, "LqfSprPGD": 0.0, "LqfProb": 0.0, "LndPGD": 0.0, "LndProb": 0.0, "SufFltRuptPGD": 29.523393630981445, "SurfFltRuptProb": 0.5, "PDsNone": 0.3351, "PDsSlight": 0.1318, "PDsModerate": 0.1204, "PDsExtensive": 0.2011, "PDsComplete": 0.2114, "PDsExceedSlight": 0.6648, "PDsExceedModerate": 0.533, "PDsExceedExtensive": 0.4125, "FunctDay1": 48.0, "FunctDay3": 54.8, "FunctDay7": 59.6, "FunctDay14": 60.7, "FunctDay30": 62.3, "FunctDay90": 73.7, "EconLoss": 1344784.5, "Name": "'HOLBROOK CHANNEL'", "City": "null", "State": "null" }, "geometry": { "type": "Point", "coordinates": [ -122.038742, 37.995372 ] } },
{ "type": "Feature", "properties": { "FacilityType": "HighwayBridge", "FacilityId": "CA006951", "Anchor": "null", "FoundationType": "null", "eqBldgType": "null", "DesignLevel": "null", "SoilType": "D", "LqfSusCat": 0, "LndSusCat": 0, "WaterDepth": 5.0, "Distance": "null", "PGA": 0.76457589864730835, "PGV": 33.199306488037109, "Sa03": 1.8811763525009155, "Sa10": 0.93338006734848022, "LqfSettlPGD": 0.0, "LqfSprPGD": 0.0, "LqfProb": 0.0, "LndPGD": 0.0, "LndProb": 0.0, "SufFltRuptPGD": 29.523393630981445, "SurfFltRuptProb": 0.5, "PDsNone": 0.2307, "PDsSlight": 0.245, "PDsModerate": 0.132, "PDsExtensive": 0.1775, "PDsComplete": 0.2145, "PDsExceedSlight": 0.7692, "PDsExceedModerate": 0.5241, "PDsExceedExtensive": 0.3921, "FunctDay1": 46.2, "FunctDay3": 56.3, "FunctDay7": 61.5, "FunctDay14": 62.6, "FunctDay30": 64.0, "FunctDay90": 74.3, "EconLoss": 2254469.75, "Name": "'STATE ROUTE 4 & RAMPS'", "City": "null", "State": "null" }, "geometry": { "type": "Point", "coordinates": [ -122.269478, 38.014667 ] } },
{ "type": "Feature", "properties": { "FacilityType": "HighwayBridge", "FacilityId": "CA006952", "Anchor": "null", "FoundationType": "null", "eqBldgType": "null", "DesignLevel": "null", "SoilType": "D", "LqfSusCat": 0, "LndSusCat": 0, "WaterDepth": 5.0, "Distance": "null", "PGA": 0.74830800294876099, "PGV": 32.61968994140625, "Sa03": 1.848130464553833, "Sa10": 0.93514639139175415, "LqfSettlPGD": 0.0, "LqfSprPGD": 0.0, "LqfProb": 0.0, "LndPGD": 0.0, "LndProb": 0.0, "SufFltRuptPGD": 29.523393630981445, "SurfFltRuptProb": 0.5, "PDsNone": 0.029, "PDsSlight": 0.0715, "PDsModerate": 0.0643, "PDsExtensive": 0.2177, "PDsComplete": 0.6172, "PDsExceedSlight": 0.9709, "PDsExceedModerate": 0.8993, "PDsExceedExtensive": 0.835, "FunctDay1": 12.1, "FunctDay3": 15.8, "FunctDay7": 18.6, "FunctDay14": 19.6, "FunctDay30": 21.7, "FunctDay90": 36.6, "EconLoss": 2308212.0, "Name": "'INTERSTATE 80'", "City": "null", "State": "null" }, "geometry": { "type": "Point", "coordinates": [ -122.238644, 38.045175 ] } },
{ "type": "Feature", "properties": { "FacilityType": "HighwayBridge", "FacilityId": "CA006953", "Anchor": "null", "FoundationType": "null", "eqBldgType": "null", "DesignLevel": "null", "SoilType": "D", "LqfSusCat": 0, "LndSusCat": 0, "WaterDepth": 5.0, "Distance": "null", "PGA": 0.76457589864730835, "PGV": 33.199306488037109, "Sa03": 1.8811763525009155, "Sa10": 0.93338006734848022, "LqfSettlPGD": 0.0, "LqfSprPGD": 0.0, "LqfProb": 0.0, "LndPGD": 0.0, "LndProb": 0.0, "SufFltRuptPGD": 29.523393630981445, "SurfFltRuptProb": 0.5, "PDsNone": 0.149, "PDsSlight": 0.2383, "PDsModerate": 0.2092, "PDsExtensive": 0.2373, "PDsComplete": 0.1659, "PDsExceedSlight": 0.8509, "PDsExceedModerate": 0.6125, "PDsExceedExtensive": 0.4032, "FunctDay1": 40.0, "FunctDay3": 52.0, "FunctDay7": 60.2, "FunctDay14": 61.8, "FunctDay30": 63.5, "FunctDay90": 76.5, "EconLoss": 2805179.5, "Name": "'WILLOW AVENUE'", "City": "null", "State": "null" }, "geometry": { "type": "Point", "coordinates": [ -122.262539, 38.022411 ] } },
{ "type": "Feature", "properties": { "FacilityType": "HighwayBridge", "FacilityId": "CA006954", "Anchor": "null", "FoundationType": "null", "eqBldgType": "null", "DesignLevel": "null", "SoilType": "D", "LqfSusCat": 0, "LndSusCat": 0, "WaterDepth": 5.0, "Distance": "null", "PGA": 0.76457589864730835, "PGV": 33.199306488037109, "Sa03": 1.8811763525009155, "Sa10": 0.93338006734848022, "LqfSettlPGD": 0.0, "LqfSprPGD": 0.0, "LqfProb": 0.0, "LndPGD": 0.0, "LndProb": 0.0, "SufFltRuptPGD": 29.523393630981445, "SurfFltRuptProb": 0.5, "PDsNone": 0.4643, "PDsSlight": 0.0, "PDsModerate": 0.1324, "PDsExtensive": 0.1801, "PDsComplete": 0.223, "PDsExceedSlight": 0.5356, "PDsExceedModerate": 0.5356, "PDsExceedExtensive": 0.4032, "FunctDay1": 51.3, "FunctDay3": 55.2, "FunctDay7": 60.4, "FunctDay14": 61.5, "FunctDay30": 63.0, "FunctDay90": 73.4, "EconLoss": 527366.25, "Name": "'WILLOW AVENUE'", "City": "null", "State": "null" }, "geometry": { "type": "Point", "coordinates": [ -122.262389, 38.022261 ] } },
{ "type": "Feature", "properties": { "FacilityType": "HighwayBridge", "FacilityId": "CA006955", "Anchor": "null", "FoundationType": "null", "eqBldgType": "null", "DesignLevel": "null", "SoilType": "D", "LqfSusCat": 0, "LndSusCat": 0, "WaterDepth": 5.0, "Distance": "null", "PGA": 0.6000664234161377, "PGV": 40.070621490478516, "Sa03": 1.5195895433425903, "Sa10": 1.3292993307113647, "LqfSettlPGD": 0.0, "LqfSprPGD": 0.0, "LqfProb": 0.0, "LndPGD": 0.0, "LndProb": 0.0, "SufFltRuptPGD": 29.523393630981445, "SurfFltRuptProb": 0.5, "PDsNone": 0.0924, "PDsSlight": 0.1653, "PDsModerate": 0.1183, "PDsExtensive": 0.2829, "PDsComplete": 0.3409, "PDsExceedSlight": 0.9075, "PDsExceedModerate": 0.7421, "PDsExceedExtensive": 0.6238, "FunctDay1": 26.7, "FunctDay3": 34.4, "FunctDay7": 39.2, "FunctDay14": 40.5, "FunctDay30": 42.7, "FunctDay90": 59.1, "EconLoss": 34513984.0, "Name": "'UP BNSF AMTRAK SUISUN BA'", "City": "null", "State": "null" }, "geometry": { "type": "Point", "coordinates": [ -122.117283, 38.033219 ] } },
{ "type": "Feature", "properties": { "FacilityType": "HighwayBridge", "FacilityId": "CA006956", "Anchor": "null", "FoundationType": "null", "eqBldgType": "null", "DesignLevel": "null", "SoilType": "D", "LqfSusCat": 0, "LndSusCat": 0, "WaterDepth": 5.0, "Distance": "null", "PGA": 0.6000664234161377, "PGV": 40.070621490478516, "Sa03": 1.5195895433425903, "Sa10": 1.3292993307113647, "LqfSettlPGD": 0.0, "LqfSprPGD": 0.0, "LqfProb": 0.0, "LndPGD": 0.0, "LndProb": 0.0, "SufFltRuptPGD": 29.523393630981445, "SurfFltRuptProb": 0.5, "PDsNone": 0.0924, "PDsSlight": 0.1653, "PDsModerate": 0.1183, "PDsExtensive": 0.2829, "PDsComplete": 0.3409, "PDsExceedSlight": 0.9075, "PDsExceedModerate": 0.7421, "PDsExceedExtensive": 0.6238, "FunctDay1": 26.7, "FunctDay3": 34.4, "FunctDay7": 39.2, "FunctDay14": 40.5, "FunctDay30": 42.7, "FunctDay90": 59.1, "EconLoss": 41450564.0, "Name": "'UP BNSF AMTRAK SUISUN BA'", "City": "null", "State": "null" }, "geometry": { "type": "Point", "coordinates": [ -122.116639, 38.031817 ] } },
{ "type": "Feature", "properties": { "FacilityType": "HighwayBridge", "FacilityId": "CA006957", "Anchor": "null", "FoundationType": "null", "eqBldgType": "null", "DesignLevel": "null", "SoilType": "D", "LqfSusCat": 0, "LndSusCat": 0, "WaterDepth": 5.0, "Distance": "null", "PGA": 0.74830800294876099, "PGV": 32.61968994140625, "Sa03": 1.848130464553833, "Sa10": 0.93514639139175415, "LqfSettlPGD": 0.0, "LqfSprPGD": 0.0, "LqfProb": 0.0, "LndPGD": 0.0, "LndProb": 0.0, "SufFltRuptPGD": 29.523393630981445, "SurfFltRuptProb": 0.5, "PDsNone": 0.029, "PDsSlight": 0.1185, "PDsModerate": 0.0811, "PDsExtensive": 0.2444, "PDsComplete": 0.5267, "PDsExceedSlight": 0.9709, "PDsExceedModerate": 0.8523, "PDsExceedExtensive": 0.7711, "FunctDay1": 16.0, "FunctDay3": 21.4, "FunctDay7": 24.8, "FunctDay14": 25.9, "FunctDay30": 28.1, "FunctDay90": 43.8, "EconLoss": 1375455.5, "Name": "'REFINERY ACCESS RD'", "City": "null", "State": "null" }, "geometry": { "type": "Point", "coordinates": [ -122.246539, 38.039028 ] } },
{ "type": "Feature", "properties": { "FacilityType": "HighwayBridge", "FacilityId": "CA006958", "Anchor": "null", "FoundationType": "null", "eqBldgType": "null", "DesignLevel": "null", "SoilType": "D", "LqfSusCat": 0, "LndSusCat": 0, "WaterDepth": 5.0, "Distance": "null", "PGA": 0.74830800294876099, "PGV": 32.61968994140625, "Sa03": 1.848130464553833, "Sa10": 0.93514639139175415, "LqfSettlPGD": 0.0, "LqfSprPGD": 0.0, "LqfProb": 0.0, "LndPGD": 0.0, "LndProb": 0.0, "SufFltRuptPGD": 29.523393630981445, "SurfFltRuptProb": 0.5, "PDsNone": 0.3973, "PDsSlight": 0.1471, "PDsModerate": 0.1166, "PDsExtensive": 0.1792, "PDsComplete": 0.1595, "PDsExceedSlight": 0.6026, "PDsExceedModerate": 0.4555, "PDsExceedExtensive": 0.3388, "FunctDay1": 55.0, "FunctDay3": 62.2, "FunctDay7": 66.8, "FunctDay14": 67.8, "FunctDay30": 69.1, "FunctDay90": 79.1, "EconLoss": 376969.8125, "Name": "'REFINERY ACCESS RD'", "City": "null", "State": "null" }, "geometry": { "type": "Point", "coordinates": [ -122.251392, 38.034117 ] } },
{ "type": "Feature", "properties": { "FacilityType": "HighwayBridge", "FacilityId": "CA006959", "Anchor": "null", "FoundationType": "null", "eqBldgType": "null", "DesignLevel": "null", "SoilType": "D", "LqfSusCat": 0, "LndSusCat": 0, "WaterDepth": 5.0, "Distance": "null", "PGA": 0.88981062173843384, "PGV": 37.460258483886719, "Sa03": 2.213346004486084, "Sa10": 1.0647217035293579, "LqfSettlPGD": 0.0, "LqfSprPGD": 0.0, "LqfProb": 0.0, "LndPGD": 0.0, "LndProb": 0.0, "SufFltRuptPGD": 29.523393630981445, "SurfFltRuptProb": 0.5, "PDsNone": 0.3894, "PDsSlight": 0.0, "PDsModerate": 0.1319, "PDsExtensive": 0.1944, "PDsComplete": 0.284, "PDsExceedSlight": 0.6105, "PDsExceedModerate": 0.6105, "PDsExceedExtensive": 0.4785, "FunctDay1": 44.0, "FunctDay3": 47.9, "FunctDay7": 53.1, "FunctDay14": 54.2, "FunctDay30": 55.8, "FunctDay90": 67.4, "EconLoss": 5301029.5, "Name": "'NEWELL AVENUE'", "City": "null", "State": "null" }, "geometry": { "type": "Point", "coordinates": [ -122.062261, 37.891997 ] } },
{ "type": "Feature", "properties": { "FacilityType": "HighwayBridge", "FacilityId": "CA006960", "Anchor": "null", "FoundationType": "null", "eqBldgType": "null", "DesignLevel": "null", "SoilType": "D", "LqfSusCat": 0, "LndSusCat": 0, "WaterDepth": 5.0, "Distance": "null", "PGA": 0.88981062173843384, "PGV": 37.460258483886719, "Sa03": 2.213346004486084, "Sa10": 1.0647217035293579, "LqfSettlPGD": 0.0, "LqfSprPGD": 0.0, "LqfProb": 0.0, "LndPGD": 0.0, "LndProb": 0.0, "SufFltRuptPGD": 29.523393630981445, "SurfFltRuptProb": 0.5, "PDsNone": 0.3873, "PDsSlight": 0.0, "PDsModerate": 0.1318, "PDsExtensive": 0.1947, "PDsComplete": 0.286, "PDsExceedSlight": 0.6126, "PDsExceedModerate": 0.6126, "PDsExceedExtensive": 0.4808, "FunctDay1": 43.8, "FunctDay3": 47.6, "FunctDay7": 52.9, "FunctDay14": 54.0, "FunctDay30": 55.6, "FunctDay90": 67.2, "EconLoss": 6372913.0, "Name": "'OLYMPIC BOULEVARD'", "City": "null", "State": "null" }, "geometry": { "type": "Point", "coordinates": [ -122.066439, 37.893825 ] } },
{ "type": "Feature", "properties": { "FacilityType": "HighwayBridge", "FacilityId": "CA006961", "Anchor": "null", "FoundationType": "null", "eqBldgType": "null", "DesignLevel": "null", "SoilType": "D", "LqfSusCat": 0, "LndSusCat": 0, "WaterDepth": 5.0, "Distance": "null", "PGA": 0.88981062173843384, "PGV": 37.460258483886719, "Sa03": 2.213346004486084, "Sa10": 1.0647217035293579, "LqfSettlPGD": 0.0, "LqfSprPGD": 0.0, "LqfProb": 0.0, "LndPGD": 0.0, "LndProb": 0.0, "SufFltRuptPGD": 29.523393630981445, "SurfFltRuptProb": 0.5, "PDsNone": 0.38, "PDsSlight": 0.0, "PDsModerate": 0.1315, "PDsExtensive": 0.1958, "PDsComplete": 0.2924, "PDsExceedSlight": 0.6199, "PDsExceedModerate": 0.6199, "PDsExceedExtensive": 0.4883, "FunctDay1": 43.1, "FunctDay3": 46.9, "FunctDay7": 52.1, "FunctDay14": 53.3, "FunctDay30": 54.9, "FunctDay90": 66.6, "EconLoss": 3035721.5, "Name": "'LAS TRAMPAS CREEK'", "City": "null", "State": "null" }, "geometry": { "type": "Point", "coordinates": [ -122.063133, 37.892344 ] } },
{ "type": "Feature", "properties": { "FacilityType": "HighwayBridge", "FacilityId": "CA006962", "Anchor": "null", "FoundationType": "null", "eqBldgType": "null", "DesignLevel": "null", "SoilType": "D", "LqfSusCat": 0, "LndSusCat": 0, "WaterDepth": 5.0, "Distance": "null", "PGA": 0.88981062173843384, "PGV": 37.460258483886719, "Sa03": 2.213346004486084, "Sa10": 1.0647217035293579, "LqfSettlPGD": 0.0, "LqfSprPGD": 0.0, "LqfProb": 0.0, "LndPGD": 0.0, "LndProb": 0.0, "SufFltRuptPGD": 29.523393630981445, "SurfFltRuptProb": 0.5, "PDsNone": 0.3168, "PDsSlight": 0.1315, "PDsModerate": 0.1207, "PDsExtensive": 0.2056, "PDsComplete": 0.2252, "PDsExceedSlight": 0.6831, "PDsExceedModerate": 0.5515, "PDsExceedExtensive": 0.4308, "FunctDay1": 46.2, "FunctDay3": 53.0, "FunctDay7": 57.8, "FunctDay14": 58.9, "FunctDay30": 60.6, "FunctDay90": 72.3, "EconLoss": 1192327.875, "Name": "'LAS TRAMPAS CREEK'", "City": "null", "State": "null" }, "geometry": { "type": "Point", "coordinates": [ -122.063644, 37.891897 ] } },
{ "type": "Feature", "properties": { "FacilityType": "HighwayBridge", "FacilityId": "CA006963", "Anchor": "null", "FoundationType": "null", "eqBldgType": "null", "DesignLevel": "null", "SoilType": "D", "LqfSusCat": 0, "LndSusCat": 0, "WaterDepth": 5.0, "Distance": "null", "PGA": 0.88981062173843384, "PGV": 37.460258483886719, "Sa03": 2.213346004486084, "Sa10": 1.0647217035293579, "LqfSettlPGD": 0.0, "LqfSprPGD": 0.0, "LqfProb": 0.0, "LndPGD": 0.0, "LndProb": 0.0, "SufFltRuptPGD": 29.523393630981445, "SurfFltRuptProb": 0.5, "PDsNone": 0.3168, "PDsSlight": 0.1414, "PDsModerate": 0.1206, "PDsExtensive": 0.2032, "PDsComplete": 0.2177, "PDsExceedSlight": 0.6831, "PDsExceedModerate": 0.5416, "PDsExceedExtensive": 0.4209, "FunctDay1": 46.9, "FunctDay3": 54.0, "FunctDay7": 58.8, "FunctDay14": 59.9, "FunctDay30": 61.5, "FunctDay90": 73.0, "EconLoss": 666712.1875, "Name": "'LAS TRAMPAS CREEK'", "City": "null", "State": "null" }, "geometry": { "type": "Point", "coordinates": [ -122.063036, 37.892428 ] } },
{ "type": "Feature", "properties": { "FacilityType": "HighwayBridge", "FacilityId": "CA006964", "Anchor": "null", "FoundationType": "null", "eqBldgType": "null", "DesignLevel": "null", "SoilType": "D", "LqfSusCat": 0, "LndSusCat": 0, "WaterDepth": 5.0, "Distance": "null", "PGA": 0.80157685279846191, "PGV": 43.148735046386719, "Sa03": 1.9964525699615479, "Sa10": 1.3447792530059814, "LqfSettlPGD": 0.0, "LqfSprPGD": 0.0, "LqfProb": 0.0, "LndPGD": 0.0, "LndProb": 0.0, "SufFltRuptPGD": 29.523393630981445, "SurfFltRuptProb": 0.5, "PDsNone": 0.2516, "PDsSlight": 0.0, "PDsModerate": 0.1172, "PDsExtensive": 0.2033, "PDsComplete": 0.4277, "PDsExceedSlight": 0.7483, "PDsExceedModerate": 0.7483, "PDsExceedExtensive": 0.6311, "FunctDay1": 30.1, "FunctDay3": 33.6, "FunctDay7": 38.3, "FunctDay14": 39.4, "FunctDay30": 41.2, "FunctDay90": 54.2, "EconLoss": 3261139.5, "Name": "'WILLOW PASS ROAD'", "City": "null", "State": "null" }, "geometry": { "type": "Point", "coordinates": [ -122.047697, 37.970906 ] } },
{ "type": "Feature", "properties": { "FacilityType": "HighwayBridge", "FacilityId": "CA006965", "Anchor": "null", "FoundationType": "null", "eqBldgType": "null", "DesignLevel": "null", "SoilType": "D", "LqfSusCat": 0, "LndSusCat": 0, "WaterDepth": 5.0, "Distance": "null", "PGA": 0.80157685279846191, "PGV": 43.148735046386719, "Sa03": 1.9964525699615479, "Sa10": 1.3447792530059814, "LqfSettlPGD": 0.0, "LqfSprPGD": 0.0, "LqfProb": 0.0, "LndPGD": 0.0, "LndProb": 0.0, "SufFltRuptPGD": 29.523393630981445, "SurfFltRuptProb": 0.5, "PDsNone": 0.0892, "PDsSlight": 0.0833, "PDsModerate": 0.0985, "PDsExtensive": 0.192, "PDsComplete": 0.5368, "PDsExceedSlight": 0.9107, "PDsExceedModerate": 0.8273, "PDsExceedExtensive": 0.7288, "FunctDay1": 19.7, "FunctDay3": 24.7, "FunctDay7": 28.7, "FunctDay14": 29.8, "FunctDay30": 31.6, "FunctDay90": 44.8, "EconLoss": 1099026.0, "Name": "'PINE CREEK'", "City": "null", "State": "null" }, "geometry": { "type": "Point", "coordinates": [ -122.047528, 37.970769 ] } },
{ "type": "Feature", "properties": { "FacilityType": "HighwayBridge", "FacilityId": "CA006966", "Anchor": "null", "FoundationType": "null", "eqBldgType": "null", "DesignLevel": "null", "SoilType": "D", "LqfSusCat": 0, "LndSusCat": 0, "WaterDepth": 5.0, "Distance": "null", "PGA": 0.80157685279846191, "PGV": 43.148735046386719, "Sa03": 1.9964525699615479, "Sa10": 1.3447792530059814, "LqfSettlPGD": 0.0, "LqfSprPGD": 0.0, "LqfProb": 0.0, "LndPGD": 0.0, "LndProb": 0.0, "SufFltRuptPGD": 29.523393630981445, "SurfFltRuptProb": 0.5, "PDsNone": 0.1933, "PDsSlight": 0.0579, "PDsModerate": 0.1056, "PDsExtensive": 0.2277, "PDsComplete": 0.4152, "PDsExceedSlight": 0.8066, "PDsExceedModerate": 0.7486, "PDsExceedExtensive": 0.6429, "FunctDay1": 28.3, "FunctDay3": 32.9, "FunctDay7": 37.2, "FunctDay14": 38.3, "FunctDay30": 40.3, "FunctDay90": 54.4, "EconLoss": 489725.53125, "Name": "'PINE CREEK'", "City": "null", "State": "null" }, "geometry": { "type": "Point", "coordinates": [ -122.047178, 37.970619 ] } },
{ "type": "Feature", "properties": { "FacilityType": "HighwayBridge", "FacilityId": "CA006967", "Anchor": "null", "FoundationType": "null", "eqBldgType": "null", "DesignLevel": "null", "SoilType": "D", "LqfSusCat": 0, "LndSusCat": 0, "WaterDepth": 5.0, "Distance": "null", "PGA": 0.88981062173843384, "PGV": 37.460258483886719, "Sa03": 2.213346004486084, "Sa10": 1.0647217035293579, "LqfSettlPGD": 0.0, "LqfSprPGD": 0.0, "LqfProb": 0.0, "LndPGD": 0.0, "LndProb": 0.0, "SufFltRuptPGD": 29.523393630981445, "SurfFltRuptProb": 0.5, "PDsNone": 0.2222, "PDsSlight": 0.0, "PDsModerate": 0.1112, "PDsExtensive": 0.201, "PDsComplete": 0.4653, "PDsExceedSlight": 0.7777, "PDsExceedModerate": 0.7777, "PDsExceedExtensive": 0.6664, "FunctDay1": 27.0, "FunctDay3": 30.3, "FunctDay7": 34.8, "FunctDay14": 35.9, "FunctDay30": 37.8, "FunctDay90": 50.9, "EconLoss": 4854785.5, "Name": "'LILAC DRIVE'", "City": "null", "State": "null" }, "geometry": { "type": "Point", "coordinates": [ -122.058678, 37.890172 ] } },
{ "type": "Feature", "properties": { "FacilityType": "HighwayBridge", "FacilityId": "CA006968", "Anchor": "null", "FoundationType": "null", "eqBldgType": "null", "DesignLevel": "null", "SoilType": "D", "LqfSusCat": 0, "LndSusCat": 0, "WaterDepth": 5.0, "Distance": "null", "PGA": 0.88981062173843384, "PGV": 37.460258483886719, "Sa03": 2.213346004486084, "Sa10": 1.0647217035293579, "LqfSettlPGD": 0.0, "LqfSprPGD": 0.0, "LqfProb": 0.0, "LndPGD": 0.0, "LndProb": 0.0, "SufFltRuptPGD": 29.523393630981445, "SurfFltRuptProb": 0.5, "PDsNone": 0.3119, "PDsSlight": 0.0, "PDsModerate": 0.114, "PDsExtensive": 0.2271, "PDsComplete": 0.3468, "PDsExceedSlight": 0.688, "PDsExceedModerate": 0.688, "PDsExceedExtensive": 0.574, "FunctDay1": 36.0, "FunctDay3": 39.3, "FunctDay7": 43.9, "FunctDay14": 45.1, "FunctDay30": 47.0, "FunctDay90": 60.6, "EconLoss": 5410459.5, "Name": "'SOUTH MAIN STREET'", "City": "null", "State": "null" }, "geometry": { "type": "Point", "coordinates": [ -122.055236, 37.886006 ] } },
{ "type": "Feature", "properties": { "FacilityType": "HighwayBridge", "FacilityId": "CA006969", "Anchor": "null", "FoundationType": "null", "eqBldgType": "null", "DesignLevel": "null", "SoilType": "D", "LqfSusCat": 0, "LndSusCat": 0, "WaterDepth": 5.0, "Distance": "null", "PGA": 0.76386553049087524, "PGV": 29.488838195800781, "Sa03": 1.8258516788482666, "Sa10": 0.83847570419311523, "LqfSettlPGD": 0.0, "LqfSprPGD": 0.0, "LqfProb": 0.0, "LndPGD": 0.0, "LndProb": 0.0, "SufFltRuptPGD": 29.523393630981445, "SurfFltRuptProb": 0.5, "PDsNone": 0.2885, "PDsSlight": 0.2584, "PDsModerate": 0.1275, "PDsExtensive": 0.1592, "PDsComplete": 0.1661, "PDsExceedSlight": 0.7114, "PDsExceedModerate": 0.453, "PDsExceedExtensive": 0.3254, "FunctDay1": 52.7, "FunctDay3": 63.0, "FunctDay7": 68.0, "FunctDay14": 69.0, "FunctDay30": 70.2, "FunctDay90": 79.3, "EconLoss": 481086.875, "Name": "'INTERSTATE ROUTE 680'", "City": "null", "State": "null" }, "geometry": { "type": "Point", "coordinates": [ -122.085436, 38.007881 ] } },
{ "type": "Feature", "properties": { "FacilityType": "HighwayBridge", "FacilityId": "CA006970", "Anchor": "null", "FoundationType": "null", "eqBldgType": "null", "DesignLevel": "null", "SoilType": "D", "LqfSusCat": 0, "LndSusCat": 0, "WaterDepth": 5.0, "Distance": "null", "PGA": 0.76386553049087524, "PGV": 29.488838195800781, "Sa03": 1.8258516788482666, "Sa10": 0.83847570419311523, "LqfSettlPGD": 0.0, "LqfSprPGD": 0.0, "LqfProb": 0.0, "LndPGD": 0.0, "LndProb": 0.0, "SufFltRuptPGD": 29.523393630981445, "SurfFltRuptProb": 0.5, "PDsNone": 0.5469, "PDsSlight": 0.0, "PDsModerate": 0.1275, "PDsExtensive": 0.1592, "PDsComplete": 0.1661, "PDsExceedSlight": 0.453, "PDsExceedModerate": 0.453, "PDsExceedExtensive": 0.3254, "FunctDay1": 59.3, "FunctDay3": 63.0, "FunctDay7": 68.0, "FunctDay14": 69.0, "FunctDay30": 70.2, "FunctDay90": 79.3, "EconLoss": 1193454.25, "Name": "'ARTHUR ROAD'", "City": "null", "State": "null" }, "geometry": { "type": "Point", "coordinates": [ -122.088114, 38.010864 ] } },
{ "type": "Feature", "properties": { "FacilityType": "HighwayBridge", "FacilityId": "CA006971", "Anchor": "null", "FoundationType": "null", "eqBldgType": "null", "DesignLevel": "null", "SoilType": "D", "LqfSusCat": 0, "LndSusCat": 0, "WaterDepth": 5.0, "Distance": "null", "PGA": 0.76386553049087524, "PGV": 29.488838195800781, "Sa03": 1.8258516788482666, "Sa10": 0.83847570419311523, "LqfSettlPGD": 0.0, "LqfSprPGD": 0.0, "LqfProb": 0.0, "LndPGD": 0.0, "LndProb": 0.0, "SufFltRuptPGD": 29.523393630981445, "SurfFltRuptProb": 0.5, "PDsNone": 0.1944, "PDsSlight": 0.2743, "PDsModerate": 0.2057, "PDsExtensive": 0.206, "PDsComplete": 0.1193, "PDsExceedSlight": 0.8055, "PDsExceedModerate": 0.5312, "PDsExceedExtensive": 0.3254, "FunctDay1": 46.9, "FunctDay3": 59.7, "FunctDay7": 67.7, "FunctDay14": 69.2, "FunctDay30": 70.7, "FunctDay90": 81.8, "EconLoss": 8268622.0, "Name": "'UPRR MARINA VISTA MOCOCO'", "City": "null", "State": "null" }, "geometry": { "type": "Point", "coordinates": [ -122.109953, 38.024678 ] } },
{ "type": "Feature", "properties": { "FacilityType": "HighwayBridge", "FacilityId": "CA006972", "Anchor": "null", "FoundationType": "null", "eqBldgType": "null", "DesignLevel": "null", "SoilType": "D", "LqfSusCat": 0, "LndSusCat": 0, "WaterDepth": 5.0, "Distance": "null", "PGA": 0.76386553049087524, "PGV": 29.488838195800781, "Sa03": 1.8258516788482666, "Sa10": 0.83847570419311523, "LqfSettlPGD": 0.0, "LqfSprPGD": 0.0, "LqfProb": 0.0, "LndPGD": 0.0, "LndProb": 0.0, "SufFltRuptPGD": 29.523393630981445, "SurfFltRuptProb": 0.5, "PDsNone": 0.5469, "PDsSlight": 0.0, "PDsModerate": 0.1275, "PDsExtensive": 0.1592, "PDsComplete": 0.1661, "PDsExceedSlight": 0.453, "PDsExceedModerate": 0.453, "PDsExceedExtensive": 0.3254, "FunctDay1": 59.3, "FunctDay3": 63.0, "FunctDay7": 68.0, "FunctDay14": 69.0, "FunctDay30": 70.2, "FunctDay90": 79.3, "EconLoss": 571544.375, "Name": "'MARSH WETLANDS'", "City": "null", "State": "null" }, "geometry": { "type": "Point", "coordinates": [ -122.112472, 38.024306 ] } },
{ "type": "Feature", "properties": { "FacilityType": "HighwayBridge", "FacilityId": "CA006973", "Anchor": "null", "FoundationType": "null", "eqBldgType": "null", "DesignLevel": "null", "SoilType": "D", "LqfSusCat": 0, "LndSusCat": 0, "WaterDepth": 5.0, "Distance": "null", "PGA": 0.77480834722518921, "PGV": 35.311855316162109, "Sa03": 1.9298560619354248, "Sa10": 1.0328832864761353, "LqfSettlPGD": 0.0, "LqfSprPGD": 0.0, "LqfProb": 0.0, "LndPGD": 0.0, "LndProb": 0.0, "SufFltRuptPGD": 29.523393630981445, "SurfFltRuptProb": 0.5, "PDsNone": 0.3021, "PDsSlight": 0.0, "PDsModerate": 0.1249, "PDsExtensive": 0.2033, "PDsComplete": 0.3695, "PDsExceedSlight": 0.6978, "PDsExceedModerate": 0.6978, "PDsExceedExtensive": 0.5729, "FunctDay1": 35.3, "FunctDay3": 38.9, "FunctDay7": 43.9, "FunctDay14": 45.1, "FunctDay30": 46.8, "FunctDay90": 59.4, "EconLoss": 2182084.0, "Name": "'BLUM ROAD'", "City": "null", "State": "null" }, "geometry": { "type": "Point", "coordinates": [ -122.074044, 37.99825 ] } },
{ "type": "Feature", "properties": { "FacilityType": "HighwayBridge", "FacilityId": "CA006974", "Anchor": "null", "FoundationType": "null", "eqBldgType": "null", "DesignLevel": "null", "SoilType": "D", "LqfSusCat": 0, "LndSusCat": 0, "WaterDepth": 5.0, "Distance": "null", "PGA": 0.77480834722518921, "PGV": 35.311855316162109, "Sa03": 1.9298560619354248, "Sa10": 1.0328832864761353, "LqfSettlPGD": 0.0, "LqfSprPGD": 0.0, "LqfProb": 0.0, "LndPGD": 0.0, "LndProb": 0.0, "SufFltRuptPGD": 29.523393630981445, "SurfFltRuptProb": 0.5, "PDsNone": 0.3021, "PDsSlight": 0.0, "PDsModerate": 0.1249, "PDsExtensive": 0.2033, "PDsComplete": 0.3695, "PDsExceedSlight": 0.6978, "PDsExceedModerate": 0.6978, "PDsExceedExtensive": 0.5729, "FunctDay1": 35.3, "FunctDay3": 38.9, "FunctDay7": 43.9, "FunctDay14": 45.1, "FunctDay30": 46.8, "FunctDay90": 59.4, "EconLoss": 688415.5625, "Name": "'BLUM ROAD'", "City": "null", "State": "null" }, "geometry": { "type": "Point", "coordinates": [ -122.074042, 37.997708 ] } },
{ "type": "Feature", "properties": { "FacilityType": "HighwayBridge", "FacilityId": "CA006975", "Anchor": "null", "FoundationType": "null", "eqBldgType": "null", "DesignLevel": "null", "SoilType": "D", "LqfSusCat": 0, "LndSusCat": 0, "WaterDepth": 5.0, "Distance": "null", "PGA": 0.74986439943313599, "PGV": 46.097896575927734, "Sa03": 1.8606994152069092, "Sa10": 1.3066445589065552, "LqfSettlPGD": 0.0, "LqfSprPGD": 0.0, "LqfProb": 0.0, "LndPGD": 0.0, "LndProb": 0.0, "SufFltRuptPGD": 29.523393630981445, "SurfFltRuptProb": 0.5, "PDsNone": 0.2067, "PDsSlight": 0.1211, "PDsModerate": 0.1156, "PDsExtensive": 0.2259, "PDsComplete": 0.3304, "PDsExceedSlight": 0.7932, "PDsExceedModerate": 0.6721, "PDsExceedExtensive": 0.5564, "FunctDay1": 34.5, "FunctDay3": 41.0, "FunctDay7": 45.6, "FunctDay14": 46.8, "FunctDay30": 48.6, "FunctDay90": 62.1, "EconLoss": 83427.2421875, "Name": "'WILDCAT CREEK'", "City": "null", "State": "null" }, "geometry": { "type": "Point", "coordinates": [ -122.327114, 37.951239 ] } },
{ "type": "Feature", "properties": { "FacilityType": "HighwayBridge", "FacilityId": "CA006976", "Anchor": "null", "FoundationType": "null", "eqBldgType": "null", "DesignLevel": "null", "SoilType": "D", "LqfSusCat": 0, "LndSusCat": 0, "WaterDepth": 5.0, "Distance": "null", "PGA": 0.80157685279846191, "PGV": 43.148735046386719, "Sa03": 1.9964525699615479, "Sa10": 1.3447792530059814, "LqfSettlPGD": 0.0, "LqfSprPGD": 0.0, "LqfProb": 0.0, "LndPGD": 0.0, "LndProb": 0.0, "SufFltRuptPGD": 29.523393630981445, "SurfFltRuptProb": 0.5, "PDsNone": 0.2475, "PDsSlight": 0.0, "PDsModerate": 0.1164, "PDsExtensive": 0.2031, "PDsComplete": 0.4327, "PDsExceedSlight": 0.7524, "PDsExceedModerate": 0.7524, "PDsExceedExtensive": 0.6359, "FunctDay1": 29.7, "FunctDay3": 33.1, "FunctDay7": 37.8, "FunctDay14": 38.9, "FunctDay30": 40.7, "FunctDay90": 53.7, "EconLoss": 2230101.0, "Name": "'WILLOW PASS ROAD'", "City": "null", "State": "null" }, "geometry": { "type": "Point", "coordinates": [ -122.055172, 37.966597 ] } },
{ "type": "Feature", "properties": { "FacilityType": "HighwayBridge", "FacilityId": "CA006977", "Anchor": "null", "FoundationType": "null", "eqBldgType": "null", "DesignLevel": "null", "SoilType": "D", "LqfSusCat": 0, "LndSusCat": 0, "WaterDepth": 5.0, "Distance": "null", "PGA": 0.77480834722518921, "PGV": 35.311855316162109, "Sa03": 1.9298560619354248, "Sa10": 1.0328832864761353, "LqfSettlPGD": 0.0, "LqfSprPGD": 0.0, "LqfProb": 0.0, "LndPGD": 0.0, "LndProb": 0.0, "SufFltRuptPGD": 29.523393630981445, "SurfFltRuptProb": 0.5, "PDsNone": 0.1826, "PDsSlight": 0.2138, "PDsModerate": 0.1322, "PDsExtensive": 0.1933, "PDsComplete": 0.2779, "PDsExceedSlight": 0.8173, "PDsExceedModerate": 0.6035, "PDsExceedExtensive": 0.4712, "FunctDay1": 39.3, "FunctDay3": 48.6, "FunctDay7": 53.8, "FunctDay14": 54.9, "FunctDay30": 56.5, "FunctDay90": 68.0, "EconLoss": 603694.9375, "Name": "'INTERSTATE 680'", "City": "null", "State": "null" }, "geometry": { "type": "Point", "coordinates": [ -122.070272, 37.994469 ] } },
{ "type": "Feature", "properties": { "FacilityType": "HighwayBridge", "FacilityId": "CA006978", "Anchor": "null", "FoundationType": "null", "eqBldgType": "null", "DesignLevel": "null", "SoilType": "D", "LqfSusCat": 0, "LndSusCat": 0, "WaterDepth": 5.0, "Distance": "null", "PGA": 0.77480834722518921, "PGV": 35.311855316162109, "Sa03": 1.9298560619354248, "Sa10": 1.0328832864761353, "LqfSettlPGD": 0.0, "LqfSprPGD": 0.0, "LqfProb": 0.0, "LndPGD": 0.0, "LndProb": 0.0, "SufFltRuptPGD": 29.523393630981445, "SurfFltRuptProb": 0.5, "PDsNone": 0.1826, "PDsSlight": 0.2138, "PDsModerate": 0.1322, "PDsExtensive": 0.1933, "PDsComplete": 0.2779, "PDsExceedSlight": 0.8173, "PDsExceedModerate": 0.6035, "PDsExceedExtensive": 0.4712, "FunctDay1": 39.3, "FunctDay3": 48.6, "FunctDay7": 53.8, "FunctDay14": 54.9, "FunctDay30": 56.5, "FunctDay90": 68.0, "EconLoss": 603694.9375, "Name": "'INTERSTATE 680'", "City": "null", "State": "null" }, "geometry": { "type": "Point", "coordinates": [ -122.070072, 37.994308 ] } },
{ "type": "Feature", "properties": { "FacilityType": "HighwayBridge", "FacilityId": "CA006979", "Anchor": "null", "FoundationType": "null", "eqBldgType": "null", "DesignLevel": "null", "SoilType": "D", "LqfSusCat": 0, "LndSusCat": 0, "WaterDepth": 5.0, "Distance": "null", "PGA": 0.77480834722518921, "PGV": 35.311855316162109, "Sa03": 1.9298560619354248, "Sa10": 1.0328832864761353, "LqfSettlPGD": 0.0, "LqfSprPGD": 0.0, "LqfProb": 0.0, "LndPGD": 0.0, "LndProb": 0.0, "SufFltRuptPGD": 29.523393630981445, "SurfFltRuptProb": 0.5, "PDsNone": 0.2309, "PDsSlight": 0.0, "PDsModerate": 0.1131, "PDsExtensive": 0.2019, "PDsComplete": 0.454, "PDsExceedSlight": 0.769, "PDsExceedModerate": 0.769, "PDsExceedExtensive": 0.6559, "FunctDay1": 28.0, "FunctDay3": 31.3, "FunctDay7": 35.8, "FunctDay14": 37.0, "FunctDay30": 38.8, "FunctDay90": 51.9, "EconLoss": 3055552.25, "Name": "'GRAYSON CREEK'", "City": "null", "State": "null" }, "geometry": { "type": "Point", "coordinates": [ -122.067394, 37.991022 ] } },
{ "type": "Feature", "properties": { "FacilityType": "HighwayBridge", "FacilityId": "CA006980", "Anchor": "null", "FoundationType": "null", "eqBldgType": "null", "DesignLevel": "null", "SoilType": "D", "LqfSusCat": 0, "LndSusCat": 0, "WaterDepth": 5.0, "Distance": "null", "PGA": 0.77480834722518921, "PGV": 35.311855316162109, "Sa03": 1.9298560619354248, "Sa10": 1.0328832864761353, "LqfSettlPGD": 0.0, "LqfSprPGD": 0.0, "LqfProb": 0.0, "LndPGD": 0.0, "LndProb": 0.0, "SufFltRuptPGD": 29.523393630981445, "SurfFltRuptProb": 0.5, "PDsNone": 0.2309, "PDsSlight": 0.0, "PDsModerate": 0.1131, "PDsExtensive": 0.2019, "PDsComplete": 0.454, "PDsExceedSlight": 0.769, "PDsExceedModerate": 0.769, "PDsExceedExtensive": 0.6559, "FunctDay1": 28.0, "FunctDay3": 31.3, "FunctDay7": 35.8, "FunctDay14": 37.0, "FunctDay30": 38.8, "FunctDay90": 51.9, "EconLoss": 558604.5, "Name": "'GRAYSON CREEK'", "City": "null", "State": "null" }, "geometry": { "type": "Point", "coordinates": [ -122.067792, 37.990239 ] } },
{ "type": "Feature", "properties": { "FacilityType": "HighwayBridge", "FacilityId": "CA006981", "Anchor": "null", "FoundationType": "null", "eqBldgType": "null", "DesignLevel": "null", "SoilType": "D", "LqfSusCat": 0, "LndSusCat": 0, "WaterDepth": 5.0, "Distance": "null", "PGA": 0.77480834722518921, "PGV": 35.311855316162109, "Sa03": 1.9298560619354248, "Sa10": 1.0328832864761353, "LqfSettlPGD": 0.0, "LqfSprPGD": 0.0, "LqfProb": 0.0, "LndPGD": 0.0, "LndProb": 0.0, "SufFltRuptPGD": 29.523393630981445, "SurfFltRuptProb": 0.5, "PDsNone": 0.4092, "PDsSlight": 0.0, "PDsModerate": 0.1325, "PDsExtensive": 0.1911, "PDsComplete": 0.267, "PDsExceedSlight": 0.5907, "PDsExceedModerate": 0.5907, "PDsExceedExtensive": 0.4582, "FunctDay1": 46.0, "FunctDay3": 49.8, "FunctDay7": 55.1, "FunctDay14": 56.2, "FunctDay30": 57.8, "FunctDay90": 69.1, "EconLoss": 1204536.75, "Name": "'CENTER AVE'", "City": "null", "State": "null" }, "geometry": { "type": "Point", "coordinates": [ -122.065947, 37.983383 ] } },
{ "type": "Feature", "properties": { "FacilityType": "HighwayBridge", "FacilityId": "CA006982", "Anchor": "null", "FoundationType": "null", "eqBldgType": "null", "DesignLevel": "null", "SoilType": "D", "LqfSusCat": 0, "LndSusCat": 0, "WaterDepth": 5.0, "Distance": "null", "PGA": 0.77480834722518921, "PGV": 35.311855316162109, "Sa03": 1.9298560619354248, "Sa10": 1.0328832864761353, "LqfSettlPGD": 0.0, "LqfSprPGD": 0.0, "LqfProb": 0.0, "LndPGD": 0.0, "LndProb": 0.0, "SufFltRuptPGD": 29.523393630981445, "SurfFltRuptProb": 0.5, "PDsNone": 0.1826, "PDsSlight": 0.2194, "PDsModerate": 0.1323, "PDsExtensive": 0.1924, "PDsComplete": 0.2731, "PDsExceedSlight": 0.8173, "PDsExceedModerate": 0.5979, "PDsExceedExtensive": 0.4655, "FunctDay1": 39.7, "FunctDay3": 49.1, "FunctDay7": 54.3, "FunctDay14": 55.5, "FunctDay30": 57.1, "FunctDay90": 68.5, "EconLoss": 611610.6875, "Name": "'PACHECO BLVD'", "City": "null", "State": "null" }, "geometry": { "type": "Point", "coordinates": [ -122.074181, 37.993142 ] } },
{ "type": "Feature", "properties": { "FacilityType": "HighwayBridge", "FacilityId": "CA006983", "Anchor": "null", "FoundationType": "null", "eqBldgType": "null", "DesignLevel": "null", "SoilType": "D", "LqfSusCat": 0, "LndSusCat": 0, "WaterDepth": 5.0, "Distance": "null", "PGA": 0.77480834722518921, "PGV": 35.311855316162109, "Sa03": 1.9298560619354248, "Sa10": 1.0328832864761353, "LqfSettlPGD": 0.0, "LqfSprPGD": 0.0, "LqfProb": 0.0, "LndPGD": 0.0, "LndProb": 0.0, "SufFltRuptPGD": 29.523393630981445, "SurfFltRuptProb": 0.5, "PDsNone": 0.1826, "PDsSlight": 0.2194, "PDsModerate": 0.1323, "PDsExtensive": 0.1924, "PDsComplete": 0.2731, "PDsExceedSlight": 0.8173, "PDsExceedModerate": 0.5979, "PDsExceedExtensive": 0.4655, "FunctDay1": 39.7, "FunctDay3": 49.1, "FunctDay7": 54.3, "FunctDay14": 55.5, "FunctDay30": 57.1, "FunctDay90": 68.5, "EconLoss": 611610.6875, "Name": "'PACHECO BLVD'", "City": "null", "State": "null" }, "geometry": { "type": "Point", "coordinates": [ -122.074133, 37.992922 ] } },
{ "type": "Feature", "properties": { "FacilityType": "HighwayBridge", "FacilityId": "CA006984", "Anchor": "null", "FoundationType": "null", "eqBldgType": "null", "DesignLevel": "null", "SoilType": "D", "LqfSusCat": 0, "LndSusCat": 0, "WaterDepth": 5.0, "Distance": "null", "PGA": 0.57236021757125854, "PGV": 23.94725227355957, "Sa03": 1.4608070850372314, "Sa10": 0.72987604141235352, "LqfSettlPGD": 0.0, "LqfSprPGD": 0.0, "LqfProb": 0.0, "LndPGD": 0.0, "LndProb": 0.0, "SufFltRuptPGD": 29.523393630981445, "SurfFltRuptProb": 0.5, "PDsNone": 0.5802, "PDsSlight": 0.0, "PDsModerate": 0.1241, "PDsExtensive": 0.1496, "PDsComplete": 0.1459, "PDsExceedSlight": 0.4197, "PDsExceedModerate": 0.4197, "PDsExceedExtensive": 0.2956, "FunctDay1": 62.4, "FunctDay3": 66.0, "FunctDay7": 70.9, "FunctDay14": 71.8, "FunctDay30": 73.0, "FunctDay90": 81.4, "EconLoss": 1597211.25, "Name": "'STATE ROUTE 4'", "City": "null", "State": "null" }, "geometry": { "type": "Point", "coordinates": [ -121.785564, 37.996547 ] } },
{ "type": "Feature", "properties": { "FacilityType": "HighwayBridge", "FacilityId": "CA006985", "Anchor": "null", "FoundationType": "null", "eqBldgType": "null", "DesignLevel": "null", "SoilType": "D", "LqfSusCat": 0, "LndSusCat": 0, "WaterDepth": 5.0, "Distance": "null", "PGA": 0.57236021757125854, "PGV": 23.94725227355957, "Sa03": 1.4608070850372314, "Sa10": 0.72987604141235352, "LqfSettlPGD": 0.0, "LqfSprPGD": 0.0, "LqfProb": 0.0, "LndPGD": 0.0, "LndProb": 0.0, "SufFltRuptPGD": 29.523393630981445, "SurfFltRuptProb": 0.5, "PDsNone": 0.5802, "PDsSlight": 0.0, "PDsModerate": 0.1241, "PDsExtensive": 0.1496, "PDsComplete": 0.1459, "PDsExceedSlight": 0.4197, "PDsExceedModerate": 0.4197, "PDsExceedExtensive": 0.2956, "FunctDay1": 62.4, "FunctDay3": 66.0, "FunctDay7": 70.9, "FunctDay14": 71.8, "FunctDay30": 73.0, "FunctDay90": 81.4, "EconLoss": 1581549.375, "Name": "'STATE ROUTE 4'", "City": "null", "State": "null" }, "geometry": { "type": "Point", "coordinates": [ -121.78575, 37.996544 ] } },
{ "type": "Feature", "properties": { "FacilityType": "HighwayBridge", "FacilityId": "CA006986", "Anchor": "null", "FoundationType": "null", "eqBldgType": "null", "DesignLevel": "null", "SoilType": "D", "LqfSusCat": 0, "LndSusCat": 0, "WaterDepth": 5.0, "Distance": "null", "PGA": 0.81645458936691284, "PGV": 37.333194732666016, "Sa03": 2.0122029781341553, "Sa10": 1.001726508140564, "LqfSettlPGD": 0.0, "LqfSprPGD": 0.0, "LqfProb": 0.0, "LndPGD": 0.0, "LndProb": 0.0, "SufFltRuptPGD": 29.523393630981445, "SurfFltRuptProb": 0.5, "PDsNone": 0.3539, "PDsSlight": 0.1387, "PDsModerate": 0.1196, "PDsExtensive": 0.1943, "PDsComplete": 0.1932, "PDsExceedSlight": 0.646, "PDsExceedModerate": 0.5073, "PDsExceedExtensive": 0.3876, "FunctDay1": 50.3, "FunctDay3": 57.3, "FunctDay7": 62.0, "FunctDay14": 63.1, "FunctDay30": 64.6, "FunctDay90": 75.6, "EconLoss": 65260.3984375, "Name": "'PINOLE CREEK'", "City": "null", "State": "null" }, "geometry": { "type": "Point", "coordinates": [ -122.287189, 37.996219 ] } },
{ "type": "Feature", "properties": { "FacilityType": "HighwayBridge", "FacilityId": "CA006987", "Anchor": "null", "FoundationType": "null", "eqBldgType": "null", "DesignLevel": "null", "SoilType": "D", "LqfSusCat": 0, "LndSusCat": 0, "WaterDepth": 5.0, "Distance": "null", "PGA": 0.77480834722518921, "PGV": 35.311855316162109, "Sa03": 1.9298560619354248, "Sa10": 1.0328832864761353, "LqfSettlPGD": 0.0, "LqfSprPGD": 0.0, "LqfProb": 0.0, "LndPGD": 0.0, "LndProb": 0.0, "SufFltRuptPGD": 29.523393630981445, "SurfFltRuptProb": 0.5, "PDsNone": 0.4042, "PDsSlight": 0.0, "PDsModerate": 0.1324, "PDsExtensive": 0.192, "PDsComplete": 0.2712, "PDsExceedSlight": 0.5957, "PDsExceedModerate": 0.5957, "PDsExceedExtensive": 0.4632, "FunctDay1": 45.5, "FunctDay3": 49.3, "FunctDay7": 54.6, "FunctDay14": 55.7, "FunctDay30": 57.3, "FunctDay90": 68.6, "EconLoss": 1358663.5, "Name": "'CONCORD AVENUE'", "City": "null", "State": "null" }, "geometry": { "type": "Point", "coordinates": [ -122.043269, 37.978778 ] } },
{ "type": "Feature", "properties": { "FacilityType": "HighwayBridge", "FacilityId": "CA006988", "Anchor": "null", "FoundationType": "null", "eqBldgType": "null", "DesignLevel": "null", "SoilType": "D", "LqfSusCat": 0, "LndSusCat": 0, "WaterDepth": 5.0, "Distance": "null", "PGA": 0.77480834722518921, "PGV": 35.311855316162109, "Sa03": 1.9298560619354248, "Sa10": 1.0328832864761353, "LqfSettlPGD": 0.0, "LqfSprPGD": 0.0, "LqfProb": 0.0, "LndPGD": 0.0, "LndProb": 0.0, "SufFltRuptPGD": 29.523393630981445, "SurfFltRuptProb": 0.5, "PDsNone": 0.4074, "PDsSlight": 0.0, "PDsModerate": 0.1325, "PDsExtensive": 0.1915, "PDsComplete": 0.2685, "PDsExceedSlight": 0.5925, "PDsExceedModerate": 0.5925, "PDsExceedExtensive": 0.46, "FunctDay1": 45.8, "FunctDay3": 49.6, "FunctDay7": 54.9, "FunctDay14": 56.0, "FunctDay30": 57.6, "FunctDay90": 68.9, "EconLoss": 731572.125, "Name": "'CONCORD AVENUE'", "City": "null", "State": "null" }, "geometry": { "type": "Point", "coordinates": [ -122.043694, 37.978836 ] } },
{ "type": "Feature", "properties": { "FacilityType": "HighwayBridge", "FacilityId": "CA006989", "Anchor": "null", "FoundationType": "null", "eqBldgType": "null", "DesignLevel": "null", "SoilType": "D", "LqfSusCat": 0, "LndSusCat": 0, "WaterDepth": 5.0, "Distance": "null", "PGA": 0.77480834722518921, "PGV": 35.311855316162109, "Sa03": 1.9298560619354248, "Sa10": 1.0328832864761353, "LqfSettlPGD": 0.0, "LqfSprPGD": 0.0, "LqfProb": 0.0, "LndPGD": 0.0, "LndProb": 0.0, "SufFltRuptPGD": 29.523393630981445, "SurfFltRuptProb": 0.5, "PDsNone": 0.4074, "PDsSlight": 0.0, "PDsModerate": 0.1325, "PDsExtensive": 0.1915, "PDsComplete": 0.2685, "PDsExceedSlight": 0.5925, "PDsExceedModerate": 0.5925, "PDsExceedExtensive": 0.46, "FunctDay1": 45.8, "FunctDay3": 49.6, "FunctDay7": 54.9, "FunctDay14": 56.0, "FunctDay30": 57.6, "FunctDay90": 68.9, "EconLoss": 580380.5625, "Name": "'CONCORD AVENUE'", "City": "null", "State": "null" }, "geometry": { "type": "Point", "coordinates": [ -122.043078, 37.978697 ] } },
{ "type": "Feature", "properties": { "FacilityType": "HighwayBridge", "FacilityId": "CA006990", "Anchor": "null", "FoundationType": "null", "eqBldgType": "null", "DesignLevel": "null", "SoilType": "D", "LqfSusCat": 0, "LndSusCat": 0, "WaterDepth": 5.0, "Distance": "null", "PGA": 0.77480834722518921, "PGV": 35.311855316162109, "Sa03": 1.9298560619354248, "Sa10": 1.0328832864761353, "LqfSettlPGD": 0.0, "LqfSprPGD": 0.0, "LqfProb": 0.0, "LndPGD": 0.0, "LndProb": 0.0, "SufFltRuptPGD": 29.523393630981445, "SurfFltRuptProb": 0.5, "PDsNone": 0.2862, "PDsSlight": 0.0, "PDsModerate": 0.1228, "PDsExtensive": 0.2038, "PDsComplete": 0.387, "PDsExceedSlight": 0.7137, "PDsExceedModerate": 0.7137, "PDsExceedExtensive": 0.5909, "FunctDay1": 33.6, "FunctDay3": 37.3, "FunctDay7": 42.2, "FunctDay14": 43.3, "FunctDay30": 45.1, "FunctDay90": 57.8, "EconLoss": 3849252.5, "Name": "'RV STORAGE'", "City": "null", "State": "null" }, "geometry": { "type": "Point", "coordinates": [ -122.042336, 37.980414 ] } },
{ "type": "Feature", "properties": { "FacilityType": "HighwayBridge", "FacilityId": "CA006991", "Anchor": "null", "FoundationType": "null", "eqBldgType": "null", "DesignLevel": "null", "SoilType": "D", "LqfSusCat": 0, "LndSusCat": 0, "WaterDepth": 5.0, "Distance": "null", "PGA": 0.77480834722518921, "PGV": 35.311855316162109, "Sa03": 1.9298560619354248, "Sa10": 1.0328832864761353, "LqfSettlPGD": 0.0, "LqfSprPGD": 0.0, "LqfProb": 0.0, "LndPGD": 0.0, "LndProb": 0.0, "SufFltRuptPGD": 29.523393630981445, "SurfFltRuptProb": 0.5, "PDsNone": 0.3351, "PDsSlight": 0.1227, "PDsModerate": 0.1206, "PDsExtensive": 0.2033, "PDsComplete": 0.2181, "PDsExceedSlight": 0.6648, "PDsExceedModerate": 0.5421, "PDsExceedExtensive": 0.4214, "FunctDay1": 47.3, "FunctDay3": 54.0, "FunctDay7": 58.8, "FunctDay14": 59.8, "FunctDay30": 61.4, "FunctDay90": 73.0, "EconLoss": 893013.0625, "Name": "'RV STORAGE'", "City": "null", "State": "null" }, "geometry": { "type": "Point", "coordinates": [ -122.042458, 37.981219 ] } },
{ "type": "Feature", "properties": { "FacilityType": "HighwayBridge", "FacilityId": "CA006992", "Anchor": "null", "FoundationType": "null", "eqBldgType": "null", "DesignLevel": "null", "SoilType": "D", "LqfSusCat": 0, "LndSusCat": 0, "WaterDepth": 5.0, "Distance": "null", "PGA": 0.91845971345901489, "PGV": 40.322734832763672, "Sa03": 2.2173798084259033, "Sa10": 1.0956919193267822, "LqfSettlPGD": 0.0, "LqfSprPGD": 0.0, "LqfProb": 0.0, "LndPGD": 0.0, "LndProb": 0.0, "SufFltRuptPGD": 29.523393630981445, "SurfFltRuptProb": 0.5, "PDsNone": 0.0154, "PDsSlight": 0.0658, "PDsModerate": 0.0559, "PDsExtensive": 0.2011, "PDsComplete": 0.6615, "PDsExceedSlight": 0.9845, "PDsExceedModerate": 0.9187, "PDsExceedExtensive": 0.8627, "FunctDay1": 10.1, "FunctDay3": 13.4, "FunctDay7": 15.9, "FunctDay14": 16.8, "FunctDay30": 18.8, "FunctDay90": 33.2, "EconLoss": 3292943.25, "Name": "'STATE ROUTE 24'", "City": "null", "State": "null" }, "geometry": { "type": "Point", "coordinates": [ -122.198556, 37.867797 ] } },
{ "type": "Feature", "properties": { "FacilityType": "HighwayBridge", "FacilityId": "CA006993", "Anchor": "null", "FoundationType": "null", "eqBldgType": "null", "DesignLevel": "null", "SoilType": "D", "LqfSusCat": 0, "LndSusCat": 0, "WaterDepth": 5.0, "Distance": "null", "PGA": 0.76457589864730835, "PGV": 33.199306488037109, "Sa03": 1.8811763525009155, "Sa10": 0.93338006734848022, "LqfSettlPGD": 0.0, "LqfSprPGD": 0.0, "LqfProb": 0.0, "LndPGD": 0.0, "LndProb": 0.0, "SufFltRuptPGD": 29.523393630981445, "SurfFltRuptProb": 0.5, "PDsNone": 0.2307, "PDsSlight": 0.245, "PDsModerate": 0.132, "PDsExtensive": 0.1775, "PDsComplete": 0.2145, "PDsExceedSlight": 0.7692, "PDsExceedModerate": 0.5241, "PDsExceedExtensive": 0.3921, "FunctDay1": 46.2, "FunctDay3": 56.3, "FunctDay7": 61.5, "FunctDay14": 62.6, "FunctDay30": 64.0, "FunctDay90": 74.3, "EconLoss": 429968.6875, "Name": "'STATE ROUTE 4'", "City": "null", "State": "null" }, "geometry": { "type": "Point", "coordinates": [ -122.269717, 38.014858 ] } },
{ "type": "Feature", "properties": { "FacilityType": "HighwayBridge", "FacilityId": "CA006994", "Anchor": "null", "FoundationType": "null", "eqBldgType": "null", "DesignLevel": "null", "SoilType": "D", "LqfSusCat": 0, "LndSusCat": 0, "WaterDepth": 5.0, "Distance": "null", "PGA": 0.76457589864730835, "PGV": 33.199306488037109, "Sa03": 1.8811763525009155, "Sa10": 0.93338006734848022, "LqfSettlPGD": 0.0, "LqfSprPGD": 0.0, "LqfProb": 0.0, "LndPGD": 0.0, "LndProb": 0.0, "SufFltRuptPGD": 29.523393630981445, "SurfFltRuptProb": 0.5, "PDsNone": 0.2307, "PDsSlight": 0.245, "PDsModerate": 0.132, "PDsExtensive": 0.1775, "PDsComplete": 0.2145, "PDsExceedSlight": 0.7692, "PDsExceedModerate": 0.5241, "PDsExceedExtensive": 0.3921, "FunctDay1": 46.2, "FunctDay3": 56.3, "FunctDay7": 61.5, "FunctDay14": 62.6, "FunctDay30": 64.0, "FunctDay90": 74.3, "EconLoss": 429968.6875, "Name": "'STATE ROUTE 4'", "City": "null", "State": "null" }, "geometry": { "type": "Point", "coordinates": [ -122.270217, 38.015089 ] } },
{ "type": "Feature", "properties": { "FacilityType": "HighwayBridge", "FacilityId": "CA006995", "Anchor": "null", "FoundationType": "null", "eqBldgType": "null", "DesignLevel": "null", "SoilType": "D", "LqfSusCat": 0, "LndSusCat": 0, "WaterDepth": 5.0, "Distance": "null", "PGA": 0.77480834722518921, "PGV": 35.311855316162109, "Sa03": 1.9298560619354248, "Sa10": 1.0328832864761353, "LqfSettlPGD": 0.0, "LqfSprPGD": 0.0, "LqfProb": 0.0, "LndPGD": 0.0, "LndProb": 0.0, "SufFltRuptPGD": 29.523393630981445, "SurfFltRuptProb": 0.5, "PDsNone": 0.3911, "PDsSlight": 0.0, "PDsModerate": 0.132, "PDsExtensive": 0.1941, "PDsComplete": 0.2825, "PDsExceedSlight": 0.6088, "PDsExceedModerate": 0.6088, "PDsExceedExtensive": 0.4767, "FunctDay1": 44.2, "FunctDay3": 48.0, "FunctDay7": 53.3, "FunctDay14": 54.4, "FunctDay30": 56.0, "FunctDay90": 67.5, "EconLoss": 1727789.125, "Name": "'CONCORD AVE'", "City": "null", "State": "null" }, "geometry": { "type": "Point", "coordinates": [ -122.063775, 37.9761 ] } },
{ "type": "Feature", "properties": { "FacilityType": "HighwayBridge", "FacilityId": "CA006996", "Anchor": "null", "FoundationType": "null", "eqBldgType": "null", "DesignLevel": "null", "SoilType": "D", "LqfSusCat": 0, "LndSusCat": 0, "WaterDepth": 5.0, "Distance": "null", "PGA": 0.89809775352478027, "PGV": 36.905895233154297, "Sa03": 2.1609253883361816, "Sa10": 1.0195722579956055, "LqfSettlPGD": 0.0, "LqfSprPGD": 0.0, "LqfProb": 0.0, "LndPGD": 0.0, "LndProb": 0.0, "SufFltRuptPGD": 29.523393630981445, "SurfFltRuptProb": 0.5, "PDsNone": 0.3995, "PDsSlight": 0.0, "PDsModerate": 0.1323, "PDsExtensive": 0.1928, "PDsComplete": 0.2753, "PDsExceedSlight": 0.6004, "PDsExceedModerate": 0.6004, "PDsExceedExtensive": 0.4681, "FunctDay1": 45.0, "FunctDay3": 48.9, "FunctDay7": 54.1, "FunctDay14": 55.2, "FunctDay30": 56.8, "FunctDay90": 68.3, "EconLoss": 1990423.25, "Name": "'LIVORNA ROAD'", "City": "null", "State": "null" }, "geometry": { "type": "Point", "coordinates": [ -122.034964, 37.863231 ] } },
{ "type": "Feature", "properties": { "FacilityType": "HighwayBridge", "FacilityId": "CA006997", "Anchor": "null", "FoundationType": "null", "eqBldgType": "null", "DesignLevel": "null", "SoilType": "D", "LqfSusCat": 0, "LndSusCat": 0, "WaterDepth": 5.0, "Distance": "null", "PGA": 0.86473178863525391, "PGV": 34.965812683105469, "Sa03": 2.0895538330078125, "Sa10": 0.97678053379058838, "LqfSettlPGD": 0.0, "LqfSprPGD": 0.0, "LqfProb": 0.0, "LndPGD": 0.0, "LndProb": 0.0, "SufFltRuptPGD": 29.523393630981445, "SurfFltRuptProb": 0.5, "PDsNone": 0.4406, "PDsSlight": 0.0, "PDsModerate": 0.1327, "PDsExtensive": 0.1852, "PDsComplete": 0.2412, "PDsExceedSlight": 0.5593, "PDsExceedModerate": 0.5593, "PDsExceedExtensive": 0.4265, "FunctDay1": 49.0, "FunctDay3": 52.9, "FunctDay7": 58.1, "FunctDay14": 59.2, "FunctDay30": 60.7, "FunctDay90": 71.6, "EconLoss": 1377853.0, "Name": "'LA GONDA WAY'", "City": "null", "State": "null" }, "geometry": { "type": "Point", "coordinates": [ -122.016022, 37.839306 ] } },
{ "type": "Feature", "properties": { "FacilityType": "HighwayBridge", "FacilityId": "CA006998", "Anchor": "null", "FoundationType": "null", "eqBldgType": "null", "DesignLevel": "null", "SoilType": "D", "LqfSusCat": 0, "LndSusCat": 0, "WaterDepth": 5.0, "Distance": "null", "PGA": 0.76457589864730835, "PGV": 33.199306488037109, "Sa03": 1.8811763525009155, "Sa10": 0.93338006734848022, "LqfSettlPGD": 0.0, "LqfSprPGD": 0.0, "LqfProb": 0.0, "LndPGD": 0.0, "LndProb": 0.0, "SufFltRuptPGD": 29.523393630981445, "SurfFltRuptProb": 0.5, "PDsNone": 0.3985, "PDsSlight": 0.1469, "PDsModerate": 0.1165, "PDsExtensive": 0.1789, "PDsComplete": 0.1589, "PDsExceedSlight": 0.6014, "PDsExceedModerate": 0.4544, "PDsExceedExtensive": 0.3378, "FunctDay1": 55.1, "FunctDay3": 62.3, "FunctDay7": 66.9, "FunctDay14": 67.8, "FunctDay30": 69.2, "FunctDay90": 79.2, "EconLoss": 47391.4296875, "Name": "'RODEO CREEK'", "City": "null", "State": "null" }, "geometry": { "type": "Point", "coordinates": [ -122.260908, 38.022097 ] } },
{ "type": "Feature", "properties": { "FacilityType": "HighwayBridge", "FacilityId": "CA006999", "Anchor": "null", "FoundationType": "null", "eqBldgType": "null", "DesignLevel": "null", "SoilType": "D", "LqfSusCat": 0, "LndSusCat": 0, "WaterDepth": 5.0, "Distance": "null", "PGA": 0.76457589864730835, "PGV": 33.199306488037109, "Sa03": 1.8811763525009155, "Sa10": 0.93338006734848022, "LqfSettlPGD": 0.0, "LqfSprPGD": 0.0, "LqfProb": 0.0, "LndPGD": 0.0, "LndProb": 0.0, "SufFltRuptPGD": 29.523393630981445, "SurfFltRuptProb": 0.5, "PDsNone": 0.3985, "PDsSlight": 0.1398, "PDsModerate": 0.1171, "PDsExtensive": 0.1811, "PDsComplete": 0.1633, "PDsExceedSlight": 0.6014, "PDsExceedModerate": 0.4615, "PDsExceedExtensive": 0.3444, "FunctDay1": 54.7, "FunctDay3": 61.6, "FunctDay7": 66.2, "FunctDay14": 67.2, "FunctDay30": 68.6, "FunctDay90": 78.7, "EconLoss": 48434.75, "Name": "'RODEO CREEK'", "City": "null", "State": "null" }, "geometry": { "type": "Point", "coordinates": [ -122.261733, 38.023 ] } },
{ "type": "Feature", "properties": { "FacilityType": "HighwayBridge", "FacilityId": "CA007000", "Anchor": "null", "FoundationType": "null", "eqBldgType": "null", "DesignLevel": "null", "SoilType": "D", "LqfSusCat": 0, "LndSusCat": 0, "WaterDepth": 5.0, "Distance": "null", "PGA": 0.8453102707862854, "PGV": 39.551097869873047, "Sa03": 2.1369194984436035, "Sa10": 1.1330232620239258, "LqfSettlPGD": 0.0, "LqfSprPGD": 0.0, "LqfProb": 0.0, "LndPGD": 0.0, "LndProb": 0.0, "SufFltRuptPGD": 29.523393630981445, "SurfFltRuptProb": 0.5, "PDsNone": 0.3399, "PDsSlight": 0.0, "PDsModerate": 0.1289, "PDsExtensive": 0.2007, "PDsComplete": 0.3304, "PDsExceedSlight": 0.66, "PDsExceedModerate": 0.66, "PDsExceedExtensive": 0.5311, "FunctDay1": 39.1, "FunctDay3": 42.8, "FunctDay7": 48.0, "FunctDay14": 49.1, "FunctDay30": 50.8, "FunctDay90": 63.0, "EconLoss": 2192379.5, "Name": "'INTERSTATE 680'", "City": "null", "State": "null" }, "geometry": { "type": "Point", "coordinates": [ -121.993297, 37.811244 ] } },
{ "type": "Feature", "properties": { "FacilityType": "HighwayBridge", "FacilityId": "CA007001", "Anchor": "null", "FoundationType": "null", "eqBldgType": "null", "DesignLevel": "null", "SoilType": "D", "LqfSusCat": 0, "LndSusCat": 0, "WaterDepth": 5.0, "Distance": "null", "PGA": 0.8453102707862854, "PGV": 39.551097869873047, "Sa03": 2.1369194984436035, "Sa10": 1.1330232620239258, "LqfSettlPGD": 0.0, "LqfSprPGD": 0.0, "LqfProb": 0.0, "LndPGD": 0.0, "LndProb": 0.0, "SufFltRuptPGD": 29.523393630981445, "SurfFltRuptProb": 0.5, "PDsNone": 0.1806, "PDsSlight": 0.0, "PDsModerate": 0.1008, "PDsExtensive": 0.1939, "PDsComplete": 0.5245, "PDsExceedSlight": 0.8193, "PDsExceedModerate": 0.8193, "PDsExceedExtensive": 0.7185, "FunctDay1": 22.7, "FunctDay3": 25.7, "FunctDay7": 29.8, "FunctDay14": 30.8, "FunctDay30": 32.7, "FunctDay90": 45.8, "EconLoss": 5695551.0, "Name": "'LAUREL DRIVE'", "City": "null", "State": "null" }, "geometry": { "type": "Point", "coordinates": [ -121.993072, 37.814725 ] } },
{ "type": "Feature", "properties": { "FacilityType": "HighwayBridge", "FacilityId": "CA007002", "Anchor": "null", "FoundationType": "null", "eqBldgType": "null", "DesignLevel": "null", "SoilType": "D", "LqfSusCat": 0, "LndSusCat": 0, "WaterDepth": 5.0, "Distance": "null", "PGA": 0.8453102707862854, "PGV": 39.551097869873047, "Sa03": 2.1369194984436035, "Sa10": 1.1330232620239258, "LqfSettlPGD": 0.0, "LqfSprPGD": 0.0, "LqfProb": 0.0, "LndPGD": 0.0, "LndProb": 0.0, "SufFltRuptPGD": 29.523393630981445, "SurfFltRuptProb": 0.5, "PDsNone": 0.3505, "PDsSlight": 0.0, "PDsModerate": 0.1297, "PDsExtensive": 0.1996, "PDsComplete": 0.32, "PDsExceedSlight": 0.6494, "PDsExceedModerate": 0.6494, "PDsExceedExtensive": 0.5196, "FunctDay1": 40.1, "FunctDay3": 43.9, "FunctDay7": 49.1, "FunctDay14": 50.2, "FunctDay30": 51.9, "FunctDay90": 64.0, "EconLoss": 2507650.0, "Name": "'SAN RAMON CREEK'", "City": "null", "State": "null" }, "geometry": { "type": "Point", "coordinates": [ -121.992989, 37.820906 ] } },
{ "type": "Feature", "properties": { "FacilityType": "HighwayBridge", "FacilityId": "CA007003", "Anchor": "null", "FoundationType": "null", "eqBldgType": "null", "DesignLevel": "null", "SoilType": "D", "LqfSusCat": 0, "LndSusCat": 0, "WaterDepth": 5.0, "Distance": "null", "PGA": 0.8453102707862854, "PGV": 39.551097869873047, "Sa03": 2.1369194984436035, "Sa10": 1.1330232620239258, "LqfSettlPGD": 0.0, "LqfSprPGD": 0.0, "LqfProb": 0.0, "LndPGD": 0.0, "LndProb": 0.0, "SufFltRuptPGD": 29.523393630981445, "SurfFltRuptProb": 0.5, "PDsNone": 0.3505, "PDsSlight": 0.0, "PDsModerate": 0.1297, "PDsExtensive": 0.1996, "PDsComplete": 0.32, "PDsExceedSlight": 0.6494, "PDsExceedModerate": 0.6494, "PDsExceedExtensive": 0.5196, "FunctDay1": 40.1, "FunctDay3": 43.9, "FunctDay7": 49.1, "FunctDay14": 50.2, "FunctDay30": 51.9, "FunctDay90": 64.0, "EconLoss": 613597.875, "Name": "'SAN RAMON CREEK'", "City": "null", "State": "null" }, "geometry": { "type": "Point", "coordinates": [ -121.993497, 37.820975 ] } },
{ "type": "Feature", "properties": { "FacilityType": "HighwayBridge", "FacilityId": "CA007004", "Anchor": "null", "FoundationType": "null", "eqBldgType": "null", "DesignLevel": "null", "SoilType": "D", "LqfSusCat": 0, "LndSusCat": 0, "WaterDepth": 5.0, "Distance": "null", "PGA": 0.8453102707862854, "PGV": 39.551097869873047, "Sa03": 2.1369194984436035, "Sa10": 1.1330232620239258, "LqfSettlPGD": 0.0, "LqfSprPGD": 0.0, "LqfProb": 0.0, "LndPGD": 0.0, "LndProb": 0.0, "SufFltRuptPGD": 29.523393630981445, "SurfFltRuptProb": 0.5, "PDsNone": 0.3505, "PDsSlight": 0.0, "PDsModerate": 0.1297, "PDsExtensive": 0.1996, "PDsComplete": 0.32, "PDsExceedSlight": 0.6494, "PDsExceedModerate": 0.6494, "PDsExceedExtensive": 0.5196, "FunctDay1": 40.1, "FunctDay3": 43.9, "FunctDay7": 49.1, "FunctDay14": 50.2, "FunctDay30": 51.9, "FunctDay90": 64.0, "EconLoss": 697793.3125, "Name": "'SAN RAMON CREEK'", "City": "null", "State": "null" }, "geometry": { "type": "Point", "coordinates": [ -121.992953, 37.819842 ] } },
{ "type": "Feature", "properties": { "FacilityType": "HighwayBridge", "FacilityId": "CA007005", "Anchor": "null", "FoundationType": "null", "eqBldgType": "null", "DesignLevel": "null", "SoilType": "D", "LqfSusCat": 0, "LndSusCat": 0, "WaterDepth": 5.0, "Distance": "null", "PGA": 0.8453102707862854, "PGV": 39.551097869873047, "Sa03": 2.1369194984436035, "Sa10": 1.1330232620239258, "LqfSettlPGD": 0.0, "LqfSprPGD": 0.0, "LqfProb": 0.0, "LndPGD": 0.0, "LndProb": 0.0, "SufFltRuptPGD": 29.523393630981445, "SurfFltRuptProb": 0.5, "PDsNone": 0.3384, "PDsSlight": 0.0, "PDsModerate": 0.1287, "PDsExtensive": 0.2008, "PDsComplete": 0.3318, "PDsExceedSlight": 0.6615, "PDsExceedModerate": 0.6615, "PDsExceedExtensive": 0.5327, "FunctDay1": 38.9, "FunctDay3": 42.7, "FunctDay7": 47.8, "FunctDay14": 49.0, "FunctDay30": 50.7, "FunctDay90": 62.9, "EconLoss": 1961152.375, "Name": "'DIABLO ROAD'", "City": "null", "State": "null" }, "geometry": { "type": "Point", "coordinates": [ -121.993342, 37.822817 ] } },
{ "type": "Feature", "properties": { "FacilityType": "HighwayBridge", "FacilityId": "CA007006", "Anchor": "null", "FoundationType": "null", "eqBldgType": "null", "DesignLevel": "null", "SoilType": "D", "LqfSusCat": 0, "LndSusCat": 0, "WaterDepth": 5.0, "Distance": "null", "PGA": 0.86473178863525391, "PGV": 34.965812683105469, "Sa03": 2.0895538330078125, "Sa10": 0.97678053379058838, "LqfSettlPGD": 0.0, "LqfSprPGD": 0.0, "LqfProb": 0.0, "LndPGD": 0.0, "LndProb": 0.0, "SufFltRuptPGD": 29.523393630981445, "SurfFltRuptProb": 0.5, "PDsNone": 0.4371, "PDsSlight": 0.0, "PDsModerate": 0.1328, "PDsExtensive": 0.1859, "PDsComplete": 0.244, "PDsExceedSlight": 0.5628, "PDsExceedModerate": 0.5628, "PDsExceedExtensive": 0.43, "FunctDay1": 48.7, "FunctDay3": 52.6, "FunctDay7": 57.8, "FunctDay14": 58.9, "FunctDay30": 60.4, "FunctDay90": 71.3, "EconLoss": 1634941.75, "Name": "'EL CERRO BOULEVARD'", "City": "null", "State": "null" }, "geometry": { "type": "Point", "coordinates": [ -122.0005, 37.82965 ] } },
{ "type": "Feature", "properties": { "FacilityType": "HighwayBridge", "FacilityId": "CA007007", "Anchor": "null", "FoundationType": "null", "eqBldgType": "null", "DesignLevel": "null", "SoilType": "D", "LqfSusCat": 0, "LndSusCat": 0, "WaterDepth": 5.0, "Distance": "null", "PGA": 0.86473178863525391, "PGV": 34.965812683105469, "Sa03": 2.0895538330078125, "Sa10": 0.97678053379058838, "LqfSettlPGD": 0.0, "LqfSprPGD": 0.0, "LqfProb": 0.0, "LndPGD": 0.0, "LndProb": 0.0, "SufFltRuptPGD": 29.523393630981445, "SurfFltRuptProb": 0.5, "PDsNone": 0.4371, "PDsSlight": 0.0, "PDsModerate": 0.1328, "PDsExtensive": 0.1859, "PDsComplete": 0.244, "PDsExceedSlight": 0.5628, "PDsExceedModerate": 0.5628, "PDsExceedExtensive": 0.43, "FunctDay1": 48.7, "FunctDay3": 52.6, "FunctDay7": 57.8, "FunctDay14": 58.9, "FunctDay30": 60.4, "FunctDay90": 71.3, "EconLoss": 1333007.5, "Name": "'EL PINTADO ROAD'", "City": "null", "State": "null" }, "geometry": { "type": "Point", "coordinates": [ -122.008783, 37.834939 ] } },
{ "type": "Feature", "properties": { "FacilityType": "HighwayBridge", "FacilityId": "CA007008", "Anchor": "null", "FoundationType": "null", "eqBldgType": "null", "DesignLevel": "null", "SoilType": "D", "LqfSusCat": 0, "LndSusCat": 0, "WaterDepth": 5.0, "Distance": "null", "PGA": 0.89809775352478027, "PGV": 36.905895233154297, "Sa03": 2.1609253883361816, "Sa10": 1.0195722579956055, "LqfSettlPGD": 0.0, "LqfSprPGD": 0.0, "LqfProb": 0.0, "LndPGD": 0.0, "LndProb": 0.0, "SufFltRuptPGD": 29.523393630981445, "SurfFltRuptProb": 0.5, "PDsNone": 0.4014, "PDsSlight": 0.0, "PDsModerate": 0.1323, "PDsExtensive": 0.1925, "PDsComplete": 0.2737, "PDsExceedSlight": 0.5985, "PDsExceedModerate": 0.5985, "PDsExceedExtensive": 0.4662, "FunctDay1": 45.2, "FunctDay3": 49.0, "FunctDay7": 54.3, "FunctDay14": 55.4, "FunctDay30": 57.0, "FunctDay90": 68.4, "EconLoss": 2059982.125, "Name": "'STONE VALLEY ROAD'", "City": "null", "State": "null" }, "geometry": { "type": "Point", "coordinates": [ -122.028508, 37.851369 ] } },
{ "type": "Feature", "properties": { "FacilityType": "HighwayBridge", "FacilityId": "CA007009", "Anchor": "null", "FoundationType": "null", "eqBldgType": "null", "DesignLevel": "null", "SoilType": "D", "LqfSusCat": 0, "LndSusCat": 0, "WaterDepth": 5.0, "Distance": "null", "PGA": 0.70648092031478882, "PGV": 26.046087265014648, "Sa03": 1.6615453958511353, "Sa10": 0.68669795989990234, "LqfSettlPGD": 0.0, "LqfSprPGD": 0.0, "LqfProb": 0.0, "LndPGD": 0.0, "LndProb": 0.0, "SufFltRuptPGD": 29.523393630981445, "SurfFltRuptProb": 0.5, "PDsNone": 0.6004, "PDsSlight": 0.134, "PDsModerate": 0.0894, "PDsExtensive": 0.1106, "PDsComplete": 0.0654, "PDsExceedSlight": 0.3995, "PDsExceedModerate": 0.2655, "PDsExceedExtensive": 0.1761, "FunctDay1": 73.1, "FunctDay3": 79.1, "FunctDay7": 82.6, "FunctDay14": 83.3, "FunctDay30": 84.1, "FunctDay90": 90.1, "EconLoss": 578759.75, "Name": "'BAILEY ROAD'", "City": "null", "State": "null" }, "geometry": { "type": "Point", "coordinates": [ -121.942289, 38.019 ] } },
{ "type": "Feature", "properties": { "FacilityType": "HighwayBridge", "FacilityId": "CA007010", "Anchor": "null", "FoundationType": "null", "eqBldgType": "null", "DesignLevel": "null", "SoilType": "D", "LqfSusCat": 0, "LndSusCat": 0, "WaterDepth": 5.0, "Distance": "null", "PGA": 0.70648092031478882, "PGV": 26.046087265014648, "Sa03": 1.6615453958511353, "Sa10": 0.68669795989990234, "LqfSettlPGD": 0.0, "LqfSprPGD": 0.0, "LqfProb": 0.0, "LndPGD": 0.0, "LndProb": 0.0, "SufFltRuptPGD": 29.523393630981445, "SurfFltRuptProb": 0.5, "PDsNone": 0.6004, "PDsSlight": 0.134, "PDsModerate": 0.0894, "PDsExtensive": 0.1106, "PDsComplete": 0.0654, "PDsExceedSlight": 0.3995, "PDsExceedModerate": 0.2655, "PDsExceedExtensive": 0.1761, "FunctDay1": 73.1, "FunctDay3": 79.1, "FunctDay7": 82.6, "FunctDay14": 83.3, "FunctDay30": 84.1, "FunctDay90": 90.1, "EconLoss": 578759.75, "Name": "'BAILEY ROAD'", "City": "null", "State": "null" }, "geometry": { "type": "Point", "coordinates": [ -121.942286, 38.018622 ] } },
{ "type": "Feature", "properties": { "FacilityType": "HighwayBridge", "FacilityId": "CA007011", "Anchor": "null", "FoundationType": "null", "eqBldgType": "null", "DesignLevel": "null", "SoilType": "D", "LqfSusCat": 0, "LndSusCat": 0, "WaterDepth": 5.0, "Distance": "null", "PGA": 0.78982573747634888, "PGV": 39.467784881591797, "Sa03": 1.9969159364700317, "Sa10": 1.1809400320053101, "LqfSettlPGD": 0.0, "LqfSprPGD": 0.0, "LqfProb": 0.0, "LndPGD": 0.0, "LndProb": 0.0, "SufFltRuptPGD": 29.523393630981445, "SurfFltRuptProb": 0.5, "PDsNone": 0.3246, "PDsSlight": 0.0, "PDsModerate": 0.1274, "PDsExtensive": 0.202, "PDsComplete": 0.3458, "PDsExceedSlight": 0.6753, "PDsExceedModerate": 0.6753, "PDsExceedExtensive": 0.5479, "FunctDay1": 37.5, "FunctDay3": 41.3, "FunctDay7": 46.3, "FunctDay14": 47.5, "FunctDay30": 49.2, "FunctDay90": 61.6, "EconLoss": 2154094.0, "Name": "'INTERSTATE 680'", "City": "null", "State": "null" }, "geometry": { "type": "Point", "coordinates": [ -121.972625, 37.771247 ] } },
{ "type": "Feature", "properties": { "FacilityType": "HighwayBridge", "FacilityId": "CA007012", "Anchor": "null", "FoundationType": "null", "eqBldgType": "null", "DesignLevel": "null", "SoilType": "D", "LqfSusCat": 0, "LndSusCat": 0, "WaterDepth": 5.0, "Distance": "null", "PGA": 0.8453102707862854, "PGV": 39.551097869873047, "Sa03": 2.1369194984436035, "Sa10": 1.1330232620239258, "LqfSettlPGD": 0.0, "LqfSprPGD": 0.0, "LqfProb": 0.0, "LndPGD": 0.0, "LndProb": 0.0, "SufFltRuptPGD": 29.523393630981445, "SurfFltRuptProb": 0.5, "PDsNone": 0.1446, "PDsSlight": 0.2047, "PDsModerate": 0.1296, "PDsExtensive": 0.1997, "PDsComplete": 0.3211, "PDsExceedSlight": 0.8553, "PDsExceedModerate": 0.6505, "PDsExceedExtensive": 0.5209, "FunctDay1": 34.8, "FunctDay3": 43.8, "FunctDay7": 49.0, "FunctDay14": 50.1, "FunctDay30": 51.8, "FunctDay90": 63.9, "EconLoss": 2344375.75, "Name": "'INTERSTATE 680'", "City": "null", "State": "null" }, "geometry": { "type": "Point", "coordinates": [ -121.975633, 37.776797 ] } },
{ "type": "Feature", "properties": { "FacilityType": "HighwayBridge", "FacilityId": "CA007013", "Anchor": "null", "FoundationType": "null", "eqBldgType": "null", "DesignLevel": "null", "SoilType": "D", "LqfSusCat": 0, "LndSusCat": 0, "WaterDepth": 5.0, "Distance": "null", "PGA": 0.77480834722518921, "PGV": 35.311855316162109, "Sa03": 1.9298560619354248, "Sa10": 1.0328832864761353, "LqfSettlPGD": 0.0, "LqfSprPGD": 0.0, "LqfProb": 0.0, "LndPGD": 0.0, "LndProb": 0.0, "SufFltRuptPGD": 29.523393630981445, "SurfFltRuptProb": 0.5, "PDsNone": 0.2862, "PDsSlight": 0.0, "PDsModerate": 0.1228, "PDsExtensive": 0.2038, "PDsComplete": 0.387, "PDsExceedSlight": 0.7137, "PDsExceedModerate": 0.7137, "PDsExceedExtensive": 0.5909, "FunctDay1": 33.6, "FunctDay3": 37.3, "FunctDay7": 42.2, "FunctDay14": 43.3, "FunctDay30": 45.1, "FunctDay90": 57.8, "EconLoss": 2526218.75, "Name": "'SOLANO WAY'", "City": "null", "State": "null" }, "geometry": { "type": "Point", "coordinates": [ -122.040333, 37.988064 ] } },
{ "type": "Feature", "properties": { "FacilityType": "HighwayBridge", "FacilityId": "CA007015", "Anchor": "null", "FoundationType": "null", "eqBldgType": "null", "DesignLevel": "null", "SoilType": "D", "LqfSusCat": 0, "LndSusCat": 0, "WaterDepth": 5.0, "Distance": "null", "PGA": 0.76386553049087524, "PGV": 29.488838195800781, "Sa03": 1.8258516788482666, "Sa10": 0.83847570419311523, "LqfSettlPGD": 0.0, "LqfSprPGD": 0.0, "LqfProb": 0.0, "LndPGD": 0.0, "LndProb": 0.0, "SufFltRuptPGD": 29.523393630981445, "SurfFltRuptProb": 0.5, "PDsNone": 0.5419, "PDsSlight": 0.0, "PDsModerate": 0.128, "PDsExtensive": 0.1606, "PDsComplete": 0.1693, "PDsExceedSlight": 0.458, "PDsExceedModerate": 0.458, "PDsExceedExtensive": 0.33, "FunctDay1": 58.8, "FunctDay3": 62.5, "FunctDay7": 67.5, "FunctDay14": 68.5, "FunctDay30": 69.8, "FunctDay90": 78.9, "EconLoss": 2445924.5, "Name": "'STATE ROUTE 4'", "City": "null", "State": "null" }, "geometry": { "type": "Point", "coordinates": [ -122.120528, 37.9952 ] } },
{ "type": "Feature", "properties": { "FacilityType": "HighwayBridge", "FacilityId": "CA007016", "Anchor": "null", "FoundationType": "null", "eqBldgType": "null", "DesignLevel": "null", "SoilType": "D", "LqfSusCat": 0, "LndSusCat": 0, "WaterDepth": 5.0, "Distance": "null", "PGA": 0.77617365121841431, "PGV": 33.037834167480469, "Sa03": 1.9110754728317261, "Sa10": 0.94630396366119385, "LqfSettlPGD": 0.0, "LqfSprPGD": 0.0, "LqfProb": 0.0, "LndPGD": 0.0, "LndProb": 0.0, "SufFltRuptPGD": 29.523393630981445, "SurfFltRuptProb": 0.5, "PDsNone": 0.2238, "PDsSlight": 0.2201, "PDsModerate": 0.1327, "PDsExtensive": 0.1845, "PDsComplete": 0.2387, "PDsExceedSlight": 0.7761, "PDsExceedModerate": 0.556, "PDsExceedExtensive": 0.4232, "FunctDay1": 43.8, "FunctDay3": 53.2, "FunctDay7": 58.5, "FunctDay14": 59.6, "FunctDay30": 61.1, "FunctDay90": 71.8, "EconLoss": 446966.59375, "Name": "'STATE ROUTE 4'", "City": "null", "State": "null" }, "geometry": { "type": "Point", "coordinates": [ -122.19045, 38.015775 ] } },
{ "type": "Feature", "properties": { "FacilityType": "HighwayBridge", "FacilityId": "CA007017", "Anchor": "null", "FoundationType": "null", "eqBldgType": "null", "DesignLevel": "null", "SoilType": "D", "LqfSusCat": 0, "LndSusCat": 0, "WaterDepth": 5.0, "Distance": "null", "PGA": 0.77303975820541382, "PGV": 31.891193389892578, "Sa03": 1.8982447385787964, "Sa10": 0.90335595607757568, "LqfSettlPGD": 0.0, "LqfSprPGD": 0.0, "LqfProb": 0.0, "LndPGD": 0.0, "LndProb": 0.0, "SufFltRuptPGD": 29.523393630981445, "SurfFltRuptProb": 0.5, "PDsNone": 0.4956, "PDsSlight": 0.0, "PDsModerate": 0.1312, "PDsExtensive": 0.1728, "PDsComplete": 0.2002, "PDsExceedSlight": 0.5043, "PDsExceedModerate": 0.5043, "PDsExceedExtensive": 0.373, "FunctDay1": 54.4, "FunctDay3": 58.2, "FunctDay7": 63.3, "FunctDay14": 64.4, "FunctDay30": 65.8, "FunctDay90": 75.7, "EconLoss": 530401.0625, "Name": "'ALHAMBRA AVE'", "City": "null", "State": "null" }, "geometry": { "type": "Point", "coordinates": [ -122.130294, 37.990622 ] } },
{ "type": "Feature", "properties": { "FacilityType": "HighwayBridge", "FacilityId": "CA007018", "Anchor": "null", "FoundationType": "null", "eqBldgType": "null", "DesignLevel": "null", "SoilType": "D", "LqfSusCat": 0, "LndSusCat": 0, "WaterDepth": 5.0, "Distance": "null", "PGA": 0.77303975820541382, "PGV": 31.891193389892578, "Sa03": 1.8982447385787964, "Sa10": 0.90335595607757568, "LqfSettlPGD": 0.0, "LqfSprPGD": 0.0, "LqfProb": 0.0, "LndPGD": 0.0, "LndProb": 0.0, "SufFltRuptPGD": 29.523393630981445, "SurfFltRuptProb": 0.5, "PDsNone": 0.2476, "PDsSlight": 0.248, "PDsModerate": 0.1312, "PDsExtensive": 0.1728, "PDsComplete": 0.2002, "PDsExceedSlight": 0.7523, "PDsExceedModerate": 0.5043, "PDsExceedExtensive": 0.373, "FunctDay1": 48.1, "FunctDay3": 58.2, "FunctDay7": 63.3, "FunctDay14": 64.4, "FunctDay30": 65.8, "FunctDay90": 75.7, "EconLoss": 371783.90625, "Name": "'ALHAMBRA AVE'", "City": "null", "State": "null" }, "geometry": { "type": "Point", "coordinates": [ -122.130211, 37.990467 ] } },
{ "type": "Feature", "properties": { "FacilityType": "HighwayBridge", "FacilityId": "CA007019", "Anchor": "null", "FoundationType": "null", "eqBldgType": "null", "DesignLevel": "null", "SoilType": "D", "LqfSusCat": 0, "LndSusCat": 0, "WaterDepth": 5.0, "Distance": "null", "PGA": 0.77617365121841431, "PGV": 33.037834167480469, "Sa03": 1.9110754728317261, "Sa10": 0.94630396366119385, "LqfSettlPGD": 0.0, "LqfSprPGD": 0.0, "LqfProb": 0.0, "LndPGD": 0.0, "LndProb": 0.0, "SufFltRuptPGD": 29.523393630981445, "SurfFltRuptProb": 0.5, "PDsNone": 0.2238, "PDsSlight": 0.2314, "PDsModerate": 0.1326, "PDsExtensive": 0.1821, "PDsComplete": 0.2299, "PDsExceedSlight": 0.7761, "PDsExceedModerate": 0.5447, "PDsExceedExtensive": 0.4121, "FunctDay1": 44.6, "FunctDay3": 54.3, "FunctDay7": 59.5, "FunctDay14": 60.6, "FunctDay30": 62.1, "FunctDay90": 72.7, "EconLoss": 353369.1875, "Name": "'MCEWEN ROAD'", "City": "null", "State": "null" }, "geometry": { "type": "Point", "coordinates": [ -122.177878, 38.015144 ] } },
{ "type": "Feature", "properties": { "FacilityType": "HighwayBridge", "FacilityId": "CA007020", "Anchor": "null", "FoundationType": "null", "eqBldgType": "null", "DesignLevel": "null", "SoilType": "D", "LqfSusCat": 0, "LndSusCat": 0, "WaterDepth": 5.0, "Distance": "null", "PGA": 0.77617365121841431, "PGV": 33.037834167480469, "Sa03": 1.9110754728317261, "Sa10": 0.94630396366119385, "LqfSettlPGD": 0.0, "LqfSprPGD": 0.0, "LqfProb": 0.0, "LndPGD": 0.0, "LndProb": 0.0, "SufFltRuptPGD": 29.523393630981445, "SurfFltRuptProb": 0.5, "PDsNone": 0.2238, "PDsSlight": 0.2314, "PDsModerate": 0.1326, "PDsExtensive": 0.1821, "PDsComplete": 0.2299, "PDsExceedSlight": 0.7761, "PDsExceedModerate": 0.5447, "PDsExceedExtensive": 0.4121, "FunctDay1": 44.6, "FunctDay3": 54.3, "FunctDay7": 59.5, "FunctDay14": 60.6, "FunctDay30": 62.1, "FunctDay90": 72.7, "EconLoss": 365554.3125, "Name": "'MCEWEN ROAD'", "City": "null", "State": "null" }, "geometry": { "type": "Point", "coordinates": [ -122.177944, 38.014936 ] } },
{ "type": "Feature", "properties": { "FacilityType": "HighwayBridge", "FacilityId": "CA007021", "Anchor": "null", "FoundationType": "null", "eqBldgType": "null", "DesignLevel": "null", "SoilType": "D", "LqfSusCat": 0, "LndSusCat": 0, "WaterDepth": 5.0, "Distance": "null", "PGA": 0.77303975820541382, "PGV": 31.891193389892578, "Sa03": 1.8982447385787964, "Sa10": 0.90335595607757568, "LqfSettlPGD": 0.0, "LqfSprPGD": 0.0, "LqfProb": 0.0, "LndPGD": 0.0, "LndProb": 0.0, "SufFltRuptPGD": 29.523393630981445, "SurfFltRuptProb": 0.5, "PDsNone": 0.4956, "PDsSlight": 0.0, "PDsModerate": 0.1312, "PDsExtensive": 0.1728, "PDsComplete": 0.2002, "PDsExceedSlight": 0.5043, "PDsExceedModerate": 0.5043, "PDsExceedExtensive": 0.373, "FunctDay1": 54.4, "FunctDay3": 58.2, "FunctDay7": 63.3, "FunctDay14": 64.4, "FunctDay30": 65.8, "FunctDay90": 75.7, "EconLoss": 682323.125, "Name": "'ALHAMBRA WAY'", "City": "null", "State": "null" }, "geometry": { "type": "Point", "coordinates": [ -122.126764, 37.991428 ] } },
{ "type": "Feature", "properties": { "FacilityType": "HighwayBridge", "FacilityId": "CA007022", "Anchor": "null", "FoundationType": "null", "eqBldgType": "null", "DesignLevel": "null", "SoilType": "D", "LqfSusCat": 0, "LndSusCat": 0, "WaterDepth": 5.0, "Distance": "null", "PGA": 0.77303975820541382, "PGV": 31.891193389892578, "Sa03": 1.8982447385787964, "Sa10": 0.90335595607757568, "LqfSettlPGD": 0.0, "LqfSprPGD": 0.0, "LqfProb": 0.0, "LndPGD": 0.0, "LndProb": 0.0, "SufFltRuptPGD": 29.523393630981445, "SurfFltRuptProb": 0.5, "PDsNone": 0.4956, "PDsSlight": 0.0, "PDsModerate": 0.1312, "PDsExtensive": 0.1728, "PDsComplete": 0.2002, "PDsExceedSlight": 0.5043, "PDsExceedModerate": 0.5043, "PDsExceedExtensive": 0.373, "FunctDay1": 54.4, "FunctDay3": 58.2, "FunctDay7": 63.3, "FunctDay14": 64.4, "FunctDay30": 65.8, "FunctDay90": 75.7, "EconLoss": 600295.25, "Name": "'ALHAMBRA WAY'", "City": "null", "State": "null" }, "geometry": { "type": "Point", "coordinates": [ -122.126639, 37.991208 ] } },
{ "type": "Feature", "properties": { "FacilityType": "HighwayBridge", "FacilityId": "CA007023", "Anchor": "null", "FoundationType": "null", "eqBldgType": "null", "DesignLevel": "null", "SoilType": "D", "LqfSusCat": 0, "LndSusCat": 0, "WaterDepth": 5.0, "Distance": "null", "PGA": 0.76386553049087524, "PGV": 29.488838195800781, "Sa03": 1.8258516788482666, "Sa10": 0.83847570419311523, "LqfSettlPGD": 0.0, "LqfSprPGD": 0.0, "LqfProb": 0.0, "LndPGD": 0.0, "LndProb": 0.0, "SufFltRuptPGD": 29.523393630981445, "SurfFltRuptProb": 0.5, "PDsNone": 0.5143, "PDsSlight": 0.0, "PDsModerate": 0.1301, "PDsExtensive": 0.168, "PDsComplete": 0.1874, "PDsExceedSlight": 0.4856, "PDsExceedModerate": 0.4856, "PDsExceedExtensive": 0.3555, "FunctDay1": 56.2, "FunctDay3": 59.9, "FunctDay7": 65.1, "FunctDay14": 66.1, "FunctDay30": 67.4, "FunctDay90": 77.0, "EconLoss": 1639323.25, "Name": "'STATE ROUTE 4'", "City": "null", "State": "null" }, "geometry": { "type": "Point", "coordinates": [ -122.086633, 37.991522 ] } },
{ "type": "Feature", "properties": { "FacilityType": "HighwayBridge", "FacilityId": "CA007024", "Anchor": "null", "FoundationType": "null", "eqBldgType": "null", "DesignLevel": "null", "SoilType": "D", "LqfSusCat": 0, "LndSusCat": 0, "WaterDepth": 5.0, "Distance": "null", "PGA": 0.76386553049087524, "PGV": 29.488838195800781, "Sa03": 1.8258516788482666, "Sa10": 0.83847570419311523, "LqfSettlPGD": 0.0, "LqfSprPGD": 0.0, "LqfProb": 0.0, "LndPGD": 0.0, "LndProb": 0.0, "SufFltRuptPGD": 29.523393630981445, "SurfFltRuptProb": 0.5, "PDsNone": 0.4687, "PDsSlight": 0.12, "PDsModerate": 0.1125, "PDsExtensive": 0.1648, "PDsComplete": 0.1337, "PDsExceedSlight": 0.5312, "PDsExceedModerate": 0.4111, "PDsExceedExtensive": 0.2985, "FunctDay1": 59.9, "FunctDay3": 66.2, "FunctDay7": 70.7, "FunctDay14": 71.6, "FunctDay30": 72.9, "FunctDay90": 82.0, "EconLoss": 1079521.875, "Name": "'MORELLO AVE'", "City": "null", "State": "null" }, "geometry": { "type": "Point", "coordinates": [ -122.101008, 37.992036 ] } },
{ "type": "Feature", "properties": { "FacilityType": "HighwayBridge", "FacilityId": "CA007025", "Anchor": "null", "FoundationType": "null", "eqBldgType": "null", "DesignLevel": "null", "SoilType": "D", "LqfSusCat": 0, "LndSusCat": 0, "WaterDepth": 5.0, "Distance": "null", "PGA": 0.76386553049087524, "PGV": 29.488838195800781, "Sa03": 1.8258516788482666, "Sa10": 0.83847570419311523, "LqfSettlPGD": 0.0, "LqfSprPGD": 0.0, "LqfProb": 0.0, "LndPGD": 0.0, "LndProb": 0.0, "SufFltRuptPGD": 29.523393630981445, "SurfFltRuptProb": 0.5, "PDsNone": 0.4687, "PDsSlight": 0.12, "PDsModerate": 0.1125, "PDsExtensive": 0.1648, "PDsComplete": 0.1337, "PDsExceedSlight": 0.5312, "PDsExceedModerate": 0.4111, "PDsExceedExtensive": 0.2985, "FunctDay1": 59.9, "FunctDay3": 66.2, "FunctDay7": 70.7, "FunctDay14": 71.6, "FunctDay30": 72.9, "FunctDay90": 82.0, "EconLoss": 883245.1875, "Name": "'MORELLO AVE'", "City": "null", "State": "null" }, "geometry": { "type": "Point", "coordinates": [ -122.101036, 37.991753 ] } },
{ "type": "Feature", "properties": { "FacilityType": "HighwayBridge", "FacilityId": "CA007026", "Anchor": "null", "FoundationType": "null", "eqBldgType": "null", "DesignLevel": "null", "SoilType": "D", "LqfSusCat": 0, "LndSusCat": 0, "WaterDepth": 5.0, "Distance": "null", "PGA": 0.76386553049087524, "PGV": 29.488838195800781, "Sa03": 1.8258516788482666, "Sa10": 0.83847570419311523, "LqfSettlPGD": 0.0, "LqfSprPGD": 0.0, "LqfProb": 0.0, "LndPGD": 0.0, "LndProb": 0.0, "SufFltRuptPGD": 29.523393630981445, "SurfFltRuptProb": 0.5, "PDsNone": 0.4687, "PDsSlight": 0.1175, "PDsModerate": 0.1128, "PDsExtensive": 0.1656, "PDsComplete": 0.135, "PDsExceedSlight": 0.5312, "PDsExceedModerate": 0.4136, "PDsExceedExtensive": 0.3007, "FunctDay1": 59.8, "FunctDay3": 66.0, "FunctDay7": 70.5, "FunctDay14": 71.4, "FunctDay30": 72.7, "FunctDay90": 81.8, "EconLoss": 42964.09375, "Name": "'E MARTINEZ DRAIN'", "City": "null", "State": "null" }, "geometry": { "type": "Point", "coordinates": [ -122.08155, 38.006747 ] } },
{ "type": "Feature", "properties": { "FacilityType": "HighwayBridge", "FacilityId": "CA007027", "Anchor": "null", "FoundationType": "null", "eqBldgType": "null", "DesignLevel": "null", "SoilType": "D", "LqfSusCat": 0, "LndSusCat": 0, "WaterDepth": 5.0, "Distance": "null", "PGA": 0.76386553049087524, "PGV": 29.488838195800781, "Sa03": 1.8258516788482666, "Sa10": 0.83847570419311523, "LqfSettlPGD": 0.0, "LqfSprPGD": 0.0, "LqfProb": 0.0, "LndPGD": 0.0, "LndProb": 0.0, "SufFltRuptPGD": 29.523393630981445, "SurfFltRuptProb": 0.5, "PDsNone": 0.4687, "PDsSlight": 0.1466, "PDsModerate": 0.1094, "PDsExtensive": 0.1556, "PDsComplete": 0.1193, "PDsExceedSlight": 0.5312, "PDsExceedModerate": 0.3845, "PDsExceedExtensive": 0.275, "FunctDay1": 61.8, "FunctDay3": 68.7, "FunctDay7": 73.0, "FunctDay14": 73.9, "FunctDay30": 75.0, "FunctDay90": 83.6, "EconLoss": 35759.95703125, "Name": "'SOUTH MOCOCO DRAIN'", "City": "null", "State": "null" }, "geometry": { "type": "Point", "coordinates": [ -122.105217, 38.023147 ] } },
{ "type": "Feature", "properties": { "FacilityType": "HighwayBridge", "FacilityId": "CA007028", "Anchor": "null", "FoundationType": "null", "eqBldgType": "null", "DesignLevel": "null", "SoilType": "D", "LqfSusCat": 0, "LndSusCat": 0, "WaterDepth": 5.0, "Distance": "null", "PGA": 0.78982573747634888, "PGV": 39.467784881591797, "Sa03": 1.9969159364700317, "Sa10": 1.1809400320053101, "LqfSettlPGD": 0.0, "LqfSprPGD": 0.0, "LqfProb": 0.0, "LndPGD": 0.0, "LndProb": 0.0, "SufFltRuptPGD": 29.523393630981445, "SurfFltRuptProb": 0.5, "PDsNone": 0.3251, "PDsSlight": 0.0, "PDsModerate": 0.1275, "PDsExtensive": 0.202, "PDsComplete": 0.3452, "PDsExceedSlight": 0.6748, "PDsExceedModerate": 0.6748, "PDsExceedExtensive": 0.5472, "FunctDay1": 37.6, "FunctDay3": 41.3, "FunctDay7": 46.4, "FunctDay14": 47.5, "FunctDay30": 49.3, "FunctDay90": 61.6, "EconLoss": 1641200.125, "Name": "'PINE VALLEY ROAD'", "City": "null", "State": "null" }, "geometry": { "type": "Point", "coordinates": [ -121.950233, 37.736964 ] } },
{ "type": "Feature", "properties": { "FacilityType": "HighwayBridge", "FacilityId": "CA007029", "Anchor": "null", "FoundationType": "null", "eqBldgType": "null", "DesignLevel": "null", "SoilType": "D", "LqfSusCat": 0, "LndSusCat": 0, "WaterDepth": 5.0, "Distance": "null", "PGA": 0.78982573747634888, "PGV": 39.467784881591797, "Sa03": 1.9969159364700317, "Sa10": 1.1809400320053101, "LqfSettlPGD": 0.0, "LqfSprPGD": 0.0, "LqfProb": 0.0, "LndPGD": 0.0, "LndProb": 0.0, "SufFltRuptPGD": 29.523393630981445, "SurfFltRuptProb": 0.5, "PDsNone": 0.3251, "PDsSlight": 0.0, "PDsModerate": 0.1275, "PDsExtensive": 0.202, "PDsComplete": 0.3452, "PDsExceedSlight": 0.6748, "PDsExceedModerate": 0.6748, "PDsExceedExtensive": 0.5472, "FunctDay1": 37.6, "FunctDay3": 41.3, "FunctDay7": 46.4, "FunctDay14": 47.5, "FunctDay30": 49.3, "FunctDay90": 61.6, "EconLoss": 1645052.625, "Name": "'MONTEVIDEO DRIVE'", "City": "null", "State": "null" }, "geometry": { "type": "Point", "coordinates": [ -121.957036, 37.747242 ] } },
{ "type": "Feature", "properties": { "FacilityType": "HighwayBridge", "FacilityId": "CA007030", "Anchor": "null", "FoundationType": "null", "eqBldgType": "null", "DesignLevel": "null", "SoilType": "D", "LqfSusCat": 0, "LndSusCat": 0, "WaterDepth": 5.0, "Distance": "null", "PGA": 0.8453102707862854, "PGV": 39.551097869873047, "Sa03": 2.1369194984436035, "Sa10": 1.1330232620239258, "LqfSettlPGD": 0.0, "LqfSprPGD": 0.0, "LqfProb": 0.0, "LndPGD": 0.0, "LndProb": 0.0, "SufFltRuptPGD": 29.523393630981445, "SurfFltRuptProb": 0.5, "PDsNone": 0.1446, "PDsSlight": 0.2059, "PDsModerate": 0.1297, "PDsExtensive": 0.1996, "PDsComplete": 0.32, "PDsExceedSlight": 0.8553, "PDsExceedModerate": 0.6494, "PDsExceedExtensive": 0.5196, "FunctDay1": 34.9, "FunctDay3": 43.9, "FunctDay7": 49.1, "FunctDay14": 50.2, "FunctDay30": 51.9, "FunctDay90": 64.0, "EconLoss": 735667.0, "Name": "'INTERSTATE 680'", "City": "null", "State": "null" }, "geometry": { "type": "Point", "coordinates": [ -121.983511, 37.792356 ] } },
{ "type": "Feature", "properties": { "FacilityType": "HighwayBridge", "FacilityId": "CA007031", "Anchor": "null", "FoundationType": "null", "eqBldgType": "null", "DesignLevel": "null", "SoilType": "D", "LqfSusCat": 0, "LndSusCat": 0, "WaterDepth": 5.0, "Distance": "null", "PGA": 0.78982573747634888, "PGV": 39.467784881591797, "Sa03": 1.9969159364700317, "Sa10": 1.1809400320053101, "LqfSettlPGD": 0.0, "LqfSprPGD": 0.0, "LqfProb": 0.0, "LndPGD": 0.0, "LndProb": 0.0, "SufFltRuptPGD": 29.523393630981445, "SurfFltRuptProb": 0.5, "PDsNone": 0.3207, "PDsSlight": 0.0, "PDsModerate": 0.127, "PDsExtensive": 0.2023, "PDsComplete": 0.3498, "PDsExceedSlight": 0.6792, "PDsExceedModerate": 0.6792, "PDsExceedExtensive": 0.5521, "FunctDay1": 37.1, "FunctDay3": 40.9, "FunctDay7": 45.9, "FunctDay14": 47.1, "FunctDay30": 48.8, "FunctDay90": 61.2, "EconLoss": 1980265.625, "Name": "'INTERSTATE 680'", "City": "null", "State": "null" }, "geometry": { "type": "Point", "coordinates": [ -121.965739, 37.759803 ] } },
{ "type": "Feature", "properties": { "FacilityType": "HighwayBridge", "FacilityId": "CA007032", "Anchor": "null", "FoundationType": "null", "eqBldgType": "null", "DesignLevel": "null", "SoilType": "D", "LqfSusCat": 0, "LndSusCat": 0, "WaterDepth": 5.0, "Distance": "null", "PGA": 0.90310841798782349, "PGV": 42.278400421142578, "Sa03": 2.2275204658508301, "Sa10": 1.1406011581420898, "LqfSettlPGD": 0.0, "LqfSprPGD": 0.0, "LqfProb": 0.0, "LndPGD": 0.0, "LndProb": 0.0, "SufFltRuptPGD": 29.523393630981445, "SurfFltRuptProb": 0.5, "PDsNone": 0.2772, "PDsSlight": 0.09, "PDsModerate": 0.1186, "PDsExtensive": 0.2212, "PDsComplete": 0.2927, "PDsExceedSlight": 0.7227, "PDsExceedModerate": 0.6327, "PDsExceedExtensive": 0.514, "FunctDay1": 39.2, "FunctDay3": 45.0, "FunctDay7": 49.8, "FunctDay14": 50.9, "FunctDay30": 52.7, "FunctDay90": 65.7, "EconLoss": 691506.0625, "Name": "'BARTD'", "City": "null", "State": "null" }, "geometry": { "type": "Point", "coordinates": [ -122.324514, 37.931072 ] } },
{ "type": "Feature", "properties": { "FacilityType": "HighwayBridge", "FacilityId": "CA007033", "Anchor": "null", "FoundationType": "null", "eqBldgType": "null", "DesignLevel": "null", "SoilType": "D", "LqfSusCat": 0, "LndSusCat": 0, "WaterDepth": 5.0, "Distance": "null", "PGA": 0.83762073516845703, "PGV": 37.623123168945313, "Sa03": 2.1028585433959961, "Sa10": 1.1015702486038208, "LqfSettlPGD": 0.0, "LqfSprPGD": 0.0, "LqfProb": 0.0, "LndPGD": 0.0, "LndProb": 0.0, "SufFltRuptPGD": 29.523393630981445, "SurfFltRuptProb": 0.5, "PDsNone": 0.2969, "PDsSlight": 0.1349, "PDsModerate": 0.1207, "PDsExtensive": 0.2093, "PDsComplete": 0.2379, "PDsExceedSlight": 0.703, "PDsExceedModerate": 0.5681, "PDsExceedExtensive": 0.4473, "FunctDay1": 44.5, "FunctDay3": 51.4, "FunctDay7": 56.2, "FunctDay14": 57.3, "FunctDay30": 59.0, "FunctDay90": 71.0, "EconLoss": 436130.4375, "Name": "'FIRST STREET'", "City": "null", "State": "null" }, "geometry": { "type": "Point", "coordinates": [ -122.116878, 37.895006 ] } },
{ "type": "Feature", "properties": { "FacilityType": "HighwayBridge", "FacilityId": "CA007034", "Anchor": "null", "FoundationType": "null", "eqBldgType": "null", "DesignLevel": "null", "SoilType": "D", "LqfSusCat": 0, "LndSusCat": 0, "WaterDepth": 5.0, "Distance": "null", "PGA": 0.83762073516845703, "PGV": 37.623123168945313, "Sa03": 2.1028585433959961, "Sa10": 1.1015702486038208, "LqfSettlPGD": 0.0, "LqfSprPGD": 0.0, "LqfProb": 0.0, "LndPGD": 0.0, "LndProb": 0.0, "SufFltRuptPGD": 29.523393630981445, "SurfFltRuptProb": 0.5, "PDsNone": 0.2969, "PDsSlight": 0.1357, "PDsModerate": 0.1207, "PDsExtensive": 0.2092, "PDsComplete": 0.2373, "PDsExceedSlight": 0.703, "PDsExceedModerate": 0.5672, "PDsExceedExtensive": 0.4465, "FunctDay1": 44.5, "FunctDay3": 51.5, "FunctDay7": 56.3, "FunctDay14": 57.4, "FunctDay30": 59.1, "FunctDay90": 71.1, "EconLoss": 1184119.375, "Name": "'FIRST STREET'", "City": "null", "State": "null" }, "geometry": { "type": "Point", "coordinates": [ -122.116856, 37.894775 ] } },
{ "type": "Feature", "properties": { "FacilityType": "HighwayBridge", "FacilityId": "CA007035", "Anchor": "null", "FoundationType": "null", "eqBldgType": "null", "DesignLevel": "null", "SoilType": "D", "LqfSusCat": 0, "LndSusCat": 0, "WaterDepth": 5.0, "Distance": "null", "PGA": 0.83762073516845703, "PGV": 37.623123168945313, "Sa03": 2.1028585433959961, "Sa10": 1.1015702486038208, "LqfSettlPGD": 0.0, "LqfSprPGD": 0.0, "LqfProb": 0.0, "LndPGD": 0.0, "LndProb": 0.0, "SufFltRuptPGD": 29.523393630981445, "SurfFltRuptProb": 0.5, "PDsNone": 0.2969, "PDsSlight": 0.1357, "PDsModerate": 0.1207, "PDsExtensive": 0.2092, "PDsComplete": 0.2373, "PDsExceedSlight": 0.703, "PDsExceedModerate": 0.5672, "PDsExceedExtensive": 0.4465, "FunctDay1": 44.5, "FunctDay3": 51.5, "FunctDay7": 56.3, "FunctDay14": 57.4, "FunctDay30": 59.1, "FunctDay90": 71.1, "EconLoss": 1134781.125, "Name": "'FIRST STREET'", "City": "null", "State": "null" }, "geometry": { "type": "Point", "coordinates": [ -122.116814, 37.894367 ] } },
{ "type": "Feature", "properties": { "FacilityType": "HighwayBridge", "FacilityId": "CA007036", "Anchor": "null", "FoundationType": "null", "eqBldgType": "null", "DesignLevel": "null", "SoilType": "D", "LqfSusCat": 0, "LndSusCat": 0, "WaterDepth": 5.0, "Distance": "null", "PGA": 0.83762073516845703, "PGV": 37.623123168945313, "Sa03": 2.1028585433959961, "Sa10": 1.1015702486038208, "LqfSettlPGD": 0.0, "LqfSprPGD": 0.0, "LqfProb": 0.0, "LndPGD": 0.0, "LndProb": 0.0, "SufFltRuptPGD": 29.523393630981445, "SurfFltRuptProb": 0.5, "PDsNone": 0.2969, "PDsSlight": 0.1276, "PDsModerate": 0.1206, "PDsExtensive": 0.2109, "PDsComplete": 0.2437, "PDsExceedSlight": 0.703, "PDsExceedModerate": 0.5753, "PDsExceedExtensive": 0.4547, "FunctDay1": 43.9, "FunctDay3": 50.7, "FunctDay7": 55.5, "FunctDay14": 56.6, "FunctDay30": 58.3, "FunctDay90": 70.4, "EconLoss": 884170.0, "Name": "'LAFAYETTE STA PUC(BARTD)'", "City": "null", "State": "null" }, "geometry": { "type": "Point", "coordinates": [ -122.1248, 37.893264 ] } },
{ "type": "Feature", "properties": { "FacilityType": "HighwayBridge", "FacilityId": "CA007037", "Anchor": "null", "FoundationType": "null", "eqBldgType": "null", "DesignLevel": "null", "SoilType": "D", "LqfSusCat": 0, "LndSusCat": 0, "WaterDepth": 5.0, "Distance": "null", "PGA": 0.83762073516845703, "PGV": 37.623123168945313, "Sa03": 2.1028585433959961, "Sa10": 1.1015702486038208, "LqfSettlPGD": 0.0, "LqfSprPGD": 0.0, "LqfProb": 0.0, "LndPGD": 0.0, "LndProb": 0.0, "SufFltRuptPGD": 29.523393630981445, "SurfFltRuptProb": 0.5, "PDsNone": 0.2969, "PDsSlight": 0.1377, "PDsModerate": 0.1207, "PDsExtensive": 0.2087, "PDsComplete": 0.2357, "PDsExceedSlight": 0.703, "PDsExceedModerate": 0.5652, "PDsExceedExtensive": 0.4445, "FunctDay1": 44.7, "FunctDay3": 51.7, "FunctDay7": 56.5, "FunctDay14": 57.6, "FunctDay30": 59.3, "FunctDay90": 71.2, "EconLoss": 279494.65625, "Name": "'LAFAYETTE STA PUC(BARTD)'", "City": "null", "State": "null" }, "geometry": { "type": "Point", "coordinates": [ -122.124669, 37.893103 ] } },
{ "type": "Feature", "properties": { "FacilityType": "HighwayBridge", "FacilityId": "CA007038", "Anchor": "null", "FoundationType": "null", "eqBldgType": "null", "DesignLevel": "null", "SoilType": "D", "LqfSusCat": 0, "LndSusCat": 0, "WaterDepth": 5.0, "Distance": "null", "PGA": 0.78646308183670044, "PGV": 46.787063598632813, "Sa03": 1.958044171333313, "Sa10": 1.3109819889068604, "LqfSettlPGD": 0.0, "LqfSprPGD": 0.0, "LqfProb": 0.0, "LndPGD": 0.0, "LndProb": 0.0, "SufFltRuptPGD": 29.523393630981445, "SurfFltRuptProb": 0.5, "PDsNone": 0.2653, "PDsSlight": 0.0, "PDsModerate": 0.1196, "PDsExtensive": 0.2038, "PDsComplete": 0.4111, "PDsExceedSlight": 0.7346, "PDsExceedModerate": 0.7346, "PDsExceedExtensive": 0.615, "FunctDay1": 31.5, "FunctDay3": 35.0, "FunctDay7": 39.8, "FunctDay14": 41.0, "FunctDay30": 42.8, "FunctDay90": 55.7, "EconLoss": 3635805.25, "Name": "'INTERSTATE 580'", "City": "null", "State": "null" }, "geometry": { "type": "Point", "coordinates": [ -122.314397, 37.899875 ] } },
{ "type": "Feature", "properties": { "FacilityType": "HighwayBridge", "FacilityId": "CA007039", "Anchor": "null", "FoundationType": "null", "eqBldgType": "null", "DesignLevel": "null", "SoilType": "D", "LqfSusCat": 0, "LndSusCat": 0, "WaterDepth": 5.0, "Distance": "null", "PGA": 0.78646308183670044, "PGV": 46.787063598632813, "Sa03": 1.958044171333313, "Sa10": 1.3109819889068604, "LqfSettlPGD": 0.0, "LqfSprPGD": 0.0, "LqfProb": 0.0, "LndPGD": 0.0, "LndProb": 0.0, "SufFltRuptPGD": 29.523393630981445, "SurfFltRuptProb": 0.5, "PDsNone": 0.2653, "PDsSlight": 0.0, "PDsModerate": 0.1196, "PDsExtensive": 0.2038, "PDsComplete": 0.4111, "PDsExceedSlight": 0.7346, "PDsExceedModerate": 0.7346, "PDsExceedExtensive": 0.615, "FunctDay1": 31.5, "FunctDay3": 35.0, "FunctDay7": 39.8, "FunctDay14": 41.0, "FunctDay30": 42.8, "FunctDay90": 55.7, "EconLoss": 421851.15625, "Name": "'CENTRAL AVE'", "City": "null", "State": "null" }, "geometry": { "type": "Point", "coordinates": [ -122.312089, 37.898028 ] } },
{ "type": "Feature", "properties": { "FacilityType": "HighwayBridge", "FacilityId": "CA007040", "Anchor": "null", "FoundationType": "null", "eqBldgType": "null", "DesignLevel": "null", "SoilType": "D", "LqfSusCat": 0, "LndSusCat": 0, "WaterDepth": 5.0, "Distance": "null", "PGA": 0.78646308183670044, "PGV": 46.787063598632813, "Sa03": 1.958044171333313, "Sa10": 1.3109819889068604, "LqfSettlPGD": 0.0, "LqfSprPGD": 0.0, "LqfProb": 0.0, "LndPGD": 0.0, "LndProb": 0.0, "SufFltRuptPGD": 29.523393630981445, "SurfFltRuptProb": 0.5, "PDsNone": 0.2653, "PDsSlight": 0.0, "PDsModerate": 0.1196, "PDsExtensive": 0.2038, "PDsComplete": 0.4111, "PDsExceedSlight": 0.7346, "PDsExceedModerate": 0.7346, "PDsExceedExtensive": 0.615, "FunctDay1": 31.5, "FunctDay3": 35.0, "FunctDay7": 39.8, "FunctDay14": 41.0, "FunctDay30": 42.8, "FunctDay90": 55.7, "EconLoss": 749773.25, "Name": "'CENTRAL AVE'", "City": "null", "State": "null" }, "geometry": { "type": "Point", "coordinates": [ -122.312833, 37.899008 ] } },
{ "type": "Feature", "properties": { "FacilityType": "HighwayBridge", "FacilityId": "CA007041", "Anchor": "null", "FoundationType": "null", "eqBldgType": "null", "DesignLevel": "null", "SoilType": "D", "LqfSusCat": 0, "LndSusCat": 0, "WaterDepth": 5.0, "Distance": "null", "PGA": 0.78646308183670044, "PGV": 46.787063598632813, "Sa03": 1.958044171333313, "Sa10": 1.3109819889068604, "LqfSettlPGD": 0.0, "LqfSprPGD": 0.0, "LqfProb": 0.0, "LndPGD": 0.0, "LndProb": 0.0, "SufFltRuptPGD": 29.523393630981445, "SurfFltRuptProb": 0.5, "PDsNone": 0.2653, "PDsSlight": 0.0, "PDsModerate": 0.1196, "PDsExtensive": 0.2038, "PDsComplete": 0.4111, "PDsExceedSlight": 0.7346, "PDsExceedModerate": 0.7346, "PDsExceedExtensive": 0.615, "FunctDay1": 31.5, "FunctDay3": 35.0, "FunctDay7": 39.8, "FunctDay14": 41.0, "FunctDay30": 42.8, "FunctDay90": 55.7, "EconLoss": 1038110.25, "Name": "'CENTRAL AVE'", "City": "null", "State": "null" }, "geometry": { "type": "Point", "coordinates": [ -122.313836, 37.900244 ] } },
{ "type": "Feature", "properties": { "FacilityType": "HighwayBridge", "FacilityId": "CA007042", "Anchor": "null", "FoundationType": "null", "eqBldgType": "null", "DesignLevel": "null", "SoilType": "D", "LqfSusCat": 0, "LndSusCat": 0, "WaterDepth": 5.0, "Distance": "null", "PGA": 0.78646308183670044, "PGV": 46.787063598632813, "Sa03": 1.958044171333313, "Sa10": 1.3109819889068604, "LqfSettlPGD": 0.0, "LqfSprPGD": 0.0, "LqfProb": 0.0, "LndPGD": 0.0, "LndProb": 0.0, "SufFltRuptPGD": 29.523393630981445, "SurfFltRuptProb": 0.5, "PDsNone": 0.2653, "PDsSlight": 0.0, "PDsModerate": 0.1196, "PDsExtensive": 0.2038, "PDsComplete": 0.4111, "PDsExceedSlight": 0.7346, "PDsExceedModerate": 0.7346, "PDsExceedExtensive": 0.615, "FunctDay1": 31.5, "FunctDay3": 35.0, "FunctDay7": 39.8, "FunctDay14": 41.0, "FunctDay30": 42.8, "FunctDay90": 55.7, "EconLoss": 354673.59375, "Name": "'CENTRAL AVE'", "City": "null", "State": "null" }, "geometry": { "type": "Point", "coordinates": [ -122.314508, 37.901078 ] } },
{ "type": "Feature", "properties": { "FacilityType": "HighwayBridge", "FacilityId": "CA007043", "Anchor": "null", "FoundationType": "null", "eqBldgType": "null", "DesignLevel": "null", "SoilType": "D", "LqfSusCat": 0, "LndSusCat": 0, "WaterDepth": 5.0, "Distance": "null", "PGA": 0.77303975820541382, "PGV": 31.891193389892578, "Sa03": 1.8982447385787964, "Sa10": 0.90335595607757568, "LqfSettlPGD": 0.0, "LqfSprPGD": 0.0, "LqfProb": 0.0, "LndPGD": 0.0, "LndProb": 0.0, "SufFltRuptPGD": 29.523393630981445, "SurfFltRuptProb": 0.5, "PDsNone": 0.4197, "PDsSlight": 0.1474, "PDsModerate": 0.1147, "PDsExtensive": 0.172, "PDsComplete": 0.1459, "PDsExceedSlight": 0.5802, "PDsExceedModerate": 0.4327, "PDsExceedExtensive": 0.318, "FunctDay1": 57.2, "FunctDay3": 64.3, "FunctDay7": 68.8, "FunctDay14": 69.8, "FunctDay30": 71.1, "FunctDay90": 80.6, "EconLoss": 52983.1953125, "Name": "'FRANKLIN EQUIP & PIPE UC'", "City": "null", "State": "null" }, "geometry": { "type": "Point", "coordinates": [ -122.146647, 37.998964 ] } },
{ "type": "Feature", "properties": { "FacilityType": "HighwayBridge", "FacilityId": "CA007044", "Anchor": "null", "FoundationType": "null", "eqBldgType": "null", "DesignLevel": "null", "SoilType": "D", "LqfSusCat": 0, "LndSusCat": 0, "WaterDepth": 5.0, "Distance": "null", "PGA": 0.75770741701126099, "PGV": 32.710296630859375, "Sa03": 1.885928750038147, "Sa10": 0.92795771360397339, "LqfSettlPGD": 0.0, "LqfSprPGD": 0.0, "LqfProb": 0.0, "LndPGD": 0.0, "LndProb": 0.0, "SufFltRuptPGD": 29.523393630981445, "SurfFltRuptProb": 0.5, "PDsNone": 0.3827, "PDsSlight": 0.0, "PDsModerate": 0.1316, "PDsExtensive": 0.1954, "PDsComplete": 0.2901, "PDsExceedSlight": 0.6172, "PDsExceedModerate": 0.6172, "PDsExceedExtensive": 0.4856, "FunctDay1": 43.3, "FunctDay3": 47.2, "FunctDay7": 52.4, "FunctDay14": 53.5, "FunctDay30": 55.2, "FunctDay90": 66.8, "EconLoss": 3821517.5, "Name": "'USN RR & KINNE BLVD'", "City": "null", "State": "null" }, "geometry": { "type": "Point", "coordinates": [ -122.012931, 38.011339 ] } },
{ "type": "Feature", "properties": { "FacilityType": "HighwayBridge", "FacilityId": "CA007045", "Anchor": "null", "FoundationType": "null", "eqBldgType": "null", "DesignLevel": "null", "SoilType": "D", "LqfSusCat": 0, "LndSusCat": 0, "WaterDepth": 5.0, "Distance": "null", "PGA": 0.75770741701126099, "PGV": 32.710296630859375, "Sa03": 1.885928750038147, "Sa10": 0.92795771360397339, "LqfSettlPGD": 0.0, "LqfSprPGD": 0.0, "LqfProb": 0.0, "LndPGD": 0.0, "LndProb": 0.0, "SufFltRuptPGD": 29.523393630981445, "SurfFltRuptProb": 0.5, "PDsNone": 0.3827, "PDsSlight": 0.0, "PDsModerate": 0.1316, "PDsExtensive": 0.1954, "PDsComplete": 0.2901, "PDsExceedSlight": 0.6172, "PDsExceedModerate": 0.6172, "PDsExceedExtensive": 0.4856, "FunctDay1": 43.3, "FunctDay3": 47.2, "FunctDay7": 52.4, "FunctDay14": 53.5, "FunctDay30": 55.2, "FunctDay90": 66.8, "EconLoss": 3821517.5, "Name": "'USN RR & KINNE BLVD'", "City": "null", "State": "null" }, "geometry": { "type": "Point", "coordinates": [ -122.012331, 38.010986 ] } },
{ "type": "Feature", "properties": { "FacilityType": "HighwayBridge", "FacilityId": "CA007046", "Anchor": "null", "FoundationType": "null", "eqBldgType": "null", "DesignLevel": "null", "SoilType": "D", "LqfSusCat": 0, "LndSusCat": 0, "WaterDepth": 5.0, "Distance": "null", "PGA": 0.77480834722518921, "PGV": 35.311855316162109, "Sa03": 1.9298560619354248, "Sa10": 1.0328832864761353, "LqfSettlPGD": 0.0, "LqfSprPGD": 0.0, "LqfProb": 0.0, "LndPGD": 0.0, "LndProb": 0.0, "SufFltRuptPGD": 29.523393630981445, "SurfFltRuptProb": 0.5, "PDsNone": 0.4092, "PDsSlight": 0.0, "PDsModerate": 0.1325, "PDsExtensive": 0.1911, "PDsComplete": 0.267, "PDsExceedSlight": 0.5907, "PDsExceedModerate": 0.5907, "PDsExceedExtensive": 0.4582, "FunctDay1": 46.0, "FunctDay3": 49.8, "FunctDay7": 55.1, "FunctDay14": 56.2, "FunctDay30": 57.8, "FunctDay90": 69.1, "EconLoss": 932007.6875, "Name": "'WALNUT CREEK'", "City": "null", "State": "null" }, "geometry": { "type": "Point", "coordinates": [ -122.057719, 37.999806 ] } },
{ "type": "Feature", "properties": { "FacilityType": "HighwayBridge", "FacilityId": "CA007047", "Anchor": "null", "FoundationType": "null", "eqBldgType": "null", "DesignLevel": "null", "SoilType": "D", "LqfSusCat": 0, "LndSusCat": 0, "WaterDepth": 5.0, "Distance": "null", "PGA": 0.77480834722518921, "PGV": 35.311855316162109, "Sa03": 1.9298560619354248, "Sa10": 1.0328832864761353, "LqfSettlPGD": 0.0, "LqfSprPGD": 0.0, "LqfProb": 0.0, "LndPGD": 0.0, "LndProb": 0.0, "SufFltRuptPGD": 29.523393630981445, "SurfFltRuptProb": 0.5, "PDsNone": 0.4092, "PDsSlight": 0.0, "PDsModerate": 0.1325, "PDsExtensive": 0.1911, "PDsComplete": 0.267, "PDsExceedSlight": 0.5907, "PDsExceedModerate": 0.5907, "PDsExceedExtensive": 0.4582, "FunctDay1": 46.0, "FunctDay3": 49.8, "FunctDay7": 55.1, "FunctDay14": 56.2, "FunctDay30": 57.8, "FunctDay90": 69.1, "EconLoss": 919083.0625, "Name": "'WALNUT CREEK'", "City": "null", "State": "null" }, "geometry": { "type": "Point", "coordinates": [ -122.057539, 37.999556 ] } },
{ "type": "Feature", "properties": { "FacilityType": "HighwayBridge", "FacilityId": "CA007048", "Anchor": "null", "FoundationType": "null", "eqBldgType": "null", "DesignLevel": "null", "SoilType": "D", "LqfSusCat": 0, "LndSusCat": 0, "WaterDepth": 5.0, "Distance": "null", "PGA": 0.77480834722518921, "PGV": 35.311855316162109, "Sa03": 1.9298560619354248, "Sa10": 1.0328832864761353, "LqfSettlPGD": 0.0, "LqfSprPGD": 0.0, "LqfProb": 0.0, "LndPGD": 0.0, "LndProb": 0.0, "SufFltRuptPGD": 29.523393630981445, "SurfFltRuptProb": 0.5, "PDsNone": 0.4079, "PDsSlight": 0.0, "PDsModerate": 0.1325, "PDsExtensive": 0.1914, "PDsComplete": 0.268, "PDsExceedSlight": 0.592, "PDsExceedModerate": 0.592, "PDsExceedExtensive": 0.4594, "FunctDay1": 45.8, "FunctDay3": 49.7, "FunctDay7": 54.9, "FunctDay14": 56.1, "FunctDay30": 57.6, "FunctDay90": 69.0, "EconLoss": 1212786.125, "Name": "'SOLANO WAY'", "City": "null", "State": "null" }, "geometry": { "type": "Point", "coordinates": [ -122.053472, 38.001008 ] } },
{ "type": "Feature", "properties": { "FacilityType": "HighwayBridge", "FacilityId": "CA007049", "Anchor": "null", "FoundationType": "null", "eqBldgType": "null", "DesignLevel": "null", "SoilType": "D", "LqfSusCat": 0, "LndSusCat": 0, "WaterDepth": 5.0, "Distance": "null", "PGA": 0.77480834722518921, "PGV": 35.311855316162109, "Sa03": 1.9298560619354248, "Sa10": 1.0328832864761353, "LqfSettlPGD": 0.0, "LqfSprPGD": 0.0, "LqfProb": 0.0, "LndPGD": 0.0, "LndProb": 0.0, "SufFltRuptPGD": 29.523393630981445, "SurfFltRuptProb": 0.5, "PDsNone": 0.4092, "PDsSlight": 0.0, "PDsModerate": 0.1325, "PDsExtensive": 0.1911, "PDsComplete": 0.267, "PDsExceedSlight": 0.5907, "PDsExceedModerate": 0.5907, "PDsExceedExtensive": 0.4582, "FunctDay1": 46.0, "FunctDay3": 49.8, "FunctDay7": 55.1, "FunctDay14": 56.2, "FunctDay30": 57.8, "FunctDay90": 69.1, "EconLoss": 1293824.875, "Name": "'SOLANO WAY'", "City": "null", "State": "null" }, "geometry": { "type": "Point", "coordinates": [ -122.053378, 38.000664 ] } },
{ "type": "Feature", "properties": { "FacilityType": "HighwayBridge", "FacilityId": "CA007050", "Anchor": "null", "FoundationType": "null", "eqBldgType": "null", "DesignLevel": "null", "SoilType": "D", "LqfSusCat": 0, "LndSusCat": 0, "WaterDepth": 5.0, "Distance": "null", "PGA": 0.77480834722518921, "PGV": 35.311855316162109, "Sa03": 1.9298560619354248, "Sa10": 1.0328832864761353, "LqfSettlPGD": 0.0, "LqfSprPGD": 0.0, "LqfProb": 0.0, "LndPGD": 0.0, "LndProb": 0.0, "SufFltRuptPGD": 29.523393630981445, "SurfFltRuptProb": 0.5, "PDsNone": 0.3351, "PDsSlight": 0.1433, "PDsModerate": 0.1201, "PDsExtensive": 0.1981, "PDsComplete": 0.2031, "PDsExceedSlight": 0.6648, "PDsExceedModerate": 0.5215, "PDsExceedExtensive": 0.4013, "FunctDay1": 48.8, "FunctDay3": 55.9, "FunctDay7": 60.7, "FunctDay14": 61.8, "FunctDay30": 63.3, "FunctDay90": 74.5, "EconLoss": 1275779.625, "Name": "'PERALTA ROAD'", "City": "null", "State": "null" }, "geometry": { "type": "Point", "coordinates": [ -122.047942, 38.002381 ] } },
{ "type": "Feature", "properties": { "FacilityType": "HighwayBridge", "FacilityId": "CA007051", "Anchor": "null", "FoundationType": "null", "eqBldgType": "null", "DesignLevel": "null", "SoilType": "D", "LqfSusCat": 0, "LndSusCat": 0, "WaterDepth": 5.0, "Distance": "null", "PGA": 0.77480834722518921, "PGV": 35.311855316162109, "Sa03": 1.9298560619354248, "Sa10": 1.0328832864761353, "LqfSettlPGD": 0.0, "LqfSprPGD": 0.0, "LqfProb": 0.0, "LndPGD": 0.0, "LndProb": 0.0, "SufFltRuptPGD": 29.523393630981445, "SurfFltRuptProb": 0.5, "PDsNone": 0.3351, "PDsSlight": 0.1267, "PDsModerate": 0.1205, "PDsExtensive": 0.2024, "PDsComplete": 0.2151, "PDsExceedSlight": 0.6648, "PDsExceedModerate": 0.5381, "PDsExceedExtensive": 0.4175, "FunctDay1": 47.6, "FunctDay3": 54.3, "FunctDay7": 59.1, "FunctDay14": 60.2, "FunctDay30": 61.8, "FunctDay90": 73.3, "EconLoss": 1691504.25, "Name": "'PERALTA ROAD'", "City": "null", "State": "null" }, "geometry": { "type": "Point", "coordinates": [ -122.047936, 38.002019 ] } },
{ "type": "Feature", "properties": { "FacilityType": "HighwayBridge", "FacilityId": "CA007052", "Anchor": "null", "FoundationType": "null", "eqBldgType": "null", "DesignLevel": "null", "SoilType": "D", "LqfSusCat": 0, "LndSusCat": 0, "WaterDepth": 5.0, "Distance": "null", "PGA": 0.77480834722518921, "PGV": 35.311855316162109, "Sa03": 1.9298560619354248, "Sa10": 1.0328832864761353, "LqfSettlPGD": 0.0, "LqfSprPGD": 0.0, "LqfProb": 0.0, "LndPGD": 0.0, "LndProb": 0.0, "SufFltRuptPGD": 29.523393630981445, "SurfFltRuptProb": 0.5, "PDsNone": 0.1717, "PDsSlight": 0.0, "PDsModerate": 0.0982, "PDsExtensive": 0.1918, "PDsComplete": 0.5381, "PDsExceedSlight": 0.8282, "PDsExceedModerate": 0.8282, "PDsExceedExtensive": 0.7299, "FunctDay1": 21.7, "FunctDay3": 24.6, "FunctDay7": 28.6, "FunctDay14": 29.7, "FunctDay30": 31.5, "FunctDay90": 44.7, "EconLoss": 4238340.5, "Name": "'W4-S242 CONNECTOR RAMP'", "City": "null", "State": "null" }, "geometry": { "type": "Point", "coordinates": [ -122.036561, 38.005819 ] } },
{ "type": "Feature", "properties": { "FacilityType": "HighwayBridge", "FacilityId": "CA007053", "Anchor": "null", "FoundationType": "null", "eqBldgType": "null", "DesignLevel": "null", "SoilType": "D", "LqfSusCat": 0, "LndSusCat": 0, "WaterDepth": 5.0, "Distance": "null", "PGA": 0.77480834722518921, "PGV": 35.311855316162109, "Sa03": 1.9298560619354248, "Sa10": 1.0328832864761353, "LqfSettlPGD": 0.0, "LqfSprPGD": 0.0, "LqfProb": 0.0, "LndPGD": 0.0, "LndProb": 0.0, "SufFltRuptPGD": 29.523393630981445, "SurfFltRuptProb": 0.5, "PDsNone": 0.1949, "PDsSlight": 0.0, "PDsModerate": 0.1047, "PDsExtensive": 0.1969, "PDsComplete": 0.5033, "PDsExceedSlight": 0.805, "PDsExceedModerate": 0.805, "PDsExceedExtensive": 0.7002, "FunctDay1": 24.2, "FunctDay3": 27.3, "FunctDay7": 31.5, "FunctDay14": 32.6, "FunctDay30": 34.4, "FunctDay90": 47.6, "EconLoss": 3501606.25, "Name": "'W4-S242 CONNECTOR RAMP'", "City": "null", "State": "null" }, "geometry": { "type": "Point", "coordinates": [ -122.0369, 38.005342 ] } },
{ "type": "Feature", "properties": { "FacilityType": "HighwayBridge", "FacilityId": "CA007054", "Anchor": "null", "FoundationType": "null", "eqBldgType": "null", "DesignLevel": "null", "SoilType": "D", "LqfSusCat": 0, "LndSusCat": 0, "WaterDepth": 5.0, "Distance": "null", "PGA": 0.77480834722518921, "PGV": 35.311855316162109, "Sa03": 1.9298560619354248, "Sa10": 1.0328832864761353, "LqfSettlPGD": 0.0, "LqfSprPGD": 0.0, "LqfProb": 0.0, "LndPGD": 0.0, "LndProb": 0.0, "SufFltRuptPGD": 29.523393630981445, "SurfFltRuptProb": 0.5, "PDsNone": 0.3383, "PDsSlight": 0.0, "PDsModerate": 0.1287, "PDsExtensive": 0.2008, "PDsComplete": 0.3319, "PDsExceedSlight": 0.6616, "PDsExceedModerate": 0.6616, "PDsExceedExtensive": 0.5328, "FunctDay1": 38.9, "FunctDay3": 42.7, "FunctDay7": 47.8, "FunctDay14": 48.9, "FunctDay30": 50.7, "FunctDay90": 62.9, "EconLoss": 1764886.75, "Name": "'W4-S242 & N242-E4 CONNS'", "City": "null", "State": "null" }, "geometry": { "type": "Point", "coordinates": [ -122.036956, 38.005178 ] } },
{ "type": "Feature", "properties": { "FacilityType": "HighwayBridge", "FacilityId": "CA007055", "Anchor": "null", "FoundationType": "null", "eqBldgType": "null", "DesignLevel": "null", "SoilType": "D", "LqfSusCat": 0, "LndSusCat": 0, "WaterDepth": 5.0, "Distance": "null", "PGA": 0.75770741701126099, "PGV": 32.710296630859375, "Sa03": 1.885928750038147, "Sa10": 0.92795771360397339, "LqfSettlPGD": 0.0, "LqfSprPGD": 0.0, "LqfProb": 0.0, "LndPGD": 0.0, "LndProb": 0.0, "SufFltRuptPGD": 29.523393630981445, "SurfFltRuptProb": 0.5, "PDsNone": 0.1513, "PDsSlight": 0.2507, "PDsModerate": 0.2092, "PDsExtensive": 0.2319, "PDsComplete": 0.1566, "PDsExceedSlight": 0.8486, "PDsExceedModerate": 0.5978, "PDsExceedExtensive": 0.3886, "FunctDay1": 41.1, "FunctDay3": 53.5, "FunctDay7": 61.6, "FunctDay14": 63.2, "FunctDay30": 64.9, "FunctDay90": 77.5, "EconLoss": 1660507.125, "Name": "'PORT CHICAGO HWY'", "City": "null", "State": "null" }, "geometry": { "type": "Point", "coordinates": [ -122.023183, 38.009764 ] } },
{ "type": "Feature", "properties": { "FacilityType": "HighwayBridge", "FacilityId": "CA007056", "Anchor": "null", "FoundationType": "null", "eqBldgType": "null", "DesignLevel": "null", "SoilType": "D", "LqfSusCat": 0, "LndSusCat": 0, "WaterDepth": 5.0, "Distance": "null", "PGA": 0.75770741701126099, "PGV": 32.710296630859375, "Sa03": 1.885928750038147, "Sa10": 0.92795771360397339, "LqfSettlPGD": 0.0, "LqfSprPGD": 0.0, "LqfProb": 0.0, "LndPGD": 0.0, "LndProb": 0.0, "SufFltRuptPGD": 29.523393630981445, "SurfFltRuptProb": 0.5, "PDsNone": 0.4023, "PDsSlight": 0.147, "PDsModerate": 0.1162, "PDsExtensive": 0.1777, "PDsComplete": 0.1566, "PDsExceedSlight": 0.5976, "PDsExceedModerate": 0.4506, "PDsExceedExtensive": 0.3343, "FunctDay1": 55.5, "FunctDay3": 62.6, "FunctDay7": 67.2, "FunctDay14": 68.2, "FunctDay30": 69.6, "FunctDay90": 79.5, "EconLoss": 2636824.25, "Name": "'PORT CHICAGO HWY'", "City": "null", "State": "null" }, "geometry": { "type": "Point", "coordinates": [ -122.022967, 38.009189 ] } },
{ "type": "Feature", "properties": { "FacilityType": "HighwayBridge", "FacilityId": "CA007057", "Anchor": "null", "FoundationType": "null", "eqBldgType": "null", "DesignLevel": "null", "SoilType": "D", "LqfSusCat": 0, "LndSusCat": 0, "WaterDepth": 5.0, "Distance": "null", "PGA": 0.75770741701126099, "PGV": 32.710296630859375, "Sa03": 1.885928750038147, "Sa10": 0.92795771360397339, "LqfSettlPGD": 0.0, "LqfSprPGD": 0.0, "LqfProb": 0.0, "LndPGD": 0.0, "LndProb": 0.0, "SufFltRuptPGD": 29.523393630981445, "SurfFltRuptProb": 0.5, "PDsNone": 0.4023, "PDsSlight": 0.1472, "PDsModerate": 0.1162, "PDsExtensive": 0.1776, "PDsComplete": 0.1564, "PDsExceedSlight": 0.5976, "PDsExceedModerate": 0.4504, "PDsExceedExtensive": 0.3341, "FunctDay1": 55.5, "FunctDay3": 62.6, "FunctDay7": 67.2, "FunctDay14": 68.2, "FunctDay30": 69.6, "FunctDay90": 79.5, "EconLoss": 1230363.875, "Name": "'WILLOW PASS ROAD'", "City": "null", "State": "null" }, "geometry": { "type": "Point", "coordinates": [ -121.997836, 38.013761 ] } },
{ "type": "Feature", "properties": { "FacilityType": "HighwayBridge", "FacilityId": "CA007058", "Anchor": "null", "FoundationType": "null", "eqBldgType": "null", "DesignLevel": "null", "SoilType": "D", "LqfSusCat": 0, "LndSusCat": 0, "WaterDepth": 5.0, "Distance": "null", "PGA": 0.75770741701126099, "PGV": 32.710296630859375, "Sa03": 1.885928750038147, "Sa10": 0.92795771360397339, "LqfSettlPGD": 0.0, "LqfSprPGD": 0.0, "LqfProb": 0.0, "LndPGD": 0.0, "LndProb": 0.0, "SufFltRuptPGD": 29.523393630981445, "SurfFltRuptProb": 0.5, "PDsNone": 0.4023, "PDsSlight": 0.1472, "PDsModerate": 0.1162, "PDsExtensive": 0.1776, "PDsComplete": 0.1564, "PDsExceedSlight": 0.5976, "PDsExceedModerate": 0.4504, "PDsExceedExtensive": 0.3341, "FunctDay1": 55.5, "FunctDay3": 62.6, "FunctDay7": 67.2, "FunctDay14": 68.2, "FunctDay30": 69.6, "FunctDay90": 79.5, "EconLoss": 1328605.875, "Name": "'WILLOW PASS ROAD'", "City": "null", "State": "null" }, "geometry": { "type": "Point", "coordinates": [ -121.997608, 38.013369 ] } },
{ "type": "Feature", "properties": { "FacilityType": "HighwayBridge", "FacilityId": "CA007059", "Anchor": "null", "FoundationType": "null", "eqBldgType": "null", "DesignLevel": "null", "SoilType": "D", "LqfSusCat": 0, "LndSusCat": 0, "WaterDepth": 5.0, "Distance": "null", "PGA": 0.77480834722518921, "PGV": 35.311855316162109, "Sa03": 1.9298560619354248, "Sa10": 1.0328832864761353, "LqfSettlPGD": 0.0, "LqfSprPGD": 0.0, "LqfProb": 0.0, "LndPGD": 0.0, "LndProb": 0.0, "SufFltRuptPGD": 29.523393630981445, "SurfFltRuptProb": 0.5, "PDsNone": 0.402, "PDsSlight": 0.0, "PDsModerate": 0.1323, "PDsExtensive": 0.1924, "PDsComplete": 0.2731, "PDsExceedSlight": 0.5979, "PDsExceedModerate": 0.5979, "PDsExceedExtensive": 0.4655, "FunctDay1": 45.2, "FunctDay3": 49.1, "FunctDay7": 54.3, "FunctDay14": 55.5, "FunctDay30": 57.1, "FunctDay90": 68.5, "EconLoss": 2467068.5, "Name": "'STATE ROUTE 242'", "City": "null", "State": "null" }, "geometry": { "type": "Point", "coordinates": [ -122.039233, 37.997564 ] } },
{ "type": "Feature", "properties": { "FacilityType": "HighwayBridge", "FacilityId": "CA007060", "Anchor": "null", "FoundationType": "null", "eqBldgType": "null", "DesignLevel": "null", "SoilType": "D", "LqfSusCat": 0, "LndSusCat": 0, "WaterDepth": 5.0, "Distance": "null", "PGA": 0.77480834722518921, "PGV": 35.311855316162109, "Sa03": 1.9298560619354248, "Sa10": 1.0328832864761353, "LqfSettlPGD": 0.0, "LqfSprPGD": 0.0, "LqfProb": 0.0, "LndPGD": 0.0, "LndProb": 0.0, "SufFltRuptPGD": 29.523393630981445, "SurfFltRuptProb": 0.5, "PDsNone": 0.4092, "PDsSlight": 0.0, "PDsModerate": 0.1325, "PDsExtensive": 0.1911, "PDsComplete": 0.267, "PDsExceedSlight": 0.5907, "PDsExceedModerate": 0.5907, "PDsExceedExtensive": 0.4582, "FunctDay1": 46.0, "FunctDay3": 49.8, "FunctDay7": 55.1, "FunctDay14": 56.2, "FunctDay30": 57.8, "FunctDay90": 69.1, "EconLoss": 2091083.25, "Name": "'STATE ROUTES 4 & 242'", "City": "null", "State": "null" }, "geometry": { "type": "Point", "coordinates": [ -122.036536, 38.003903 ] } },
{ "type": "Feature", "properties": { "FacilityType": "HighwayBridge", "FacilityId": "CA007061", "Anchor": "null", "FoundationType": "null", "eqBldgType": "null", "DesignLevel": "null", "SoilType": "D", "LqfSusCat": 0, "LndSusCat": 0, "WaterDepth": 5.0, "Distance": "null", "PGA": 0.76386553049087524, "PGV": 29.488838195800781, "Sa03": 1.8258516788482666, "Sa10": 0.83847570419311523, "LqfSettlPGD": 0.0, "LqfSprPGD": 0.0, "LqfProb": 0.0, "LndPGD": 0.0, "LndProb": 0.0, "SufFltRuptPGD": 29.523393630981445, "SurfFltRuptProb": 0.5, "PDsNone": 0.4687, "PDsSlight": 0.0597, "PDsModerate": 0.1178, "PDsExtensive": 0.1841, "PDsComplete": 0.1695, "PDsExceedSlight": 0.5312, "PDsExceedModerate": 0.4714, "PDsExceedExtensive": 0.3536, "FunctDay1": 55.7, "FunctDay3": 60.7, "FunctDay7": 65.3, "FunctDay14": 66.3, "FunctDay30": 67.8, "FunctDay90": 78.1, "EconLoss": 1736464.625, "Name": "'BNSF RY'", "City": "null", "State": "null" }, "geometry": { "type": "Point", "coordinates": [ -122.120747, 37.994514 ] } },
{ "type": "Feature", "properties": { "FacilityType": "HighwayBridge", "FacilityId": "CA007062", "Anchor": "null", "FoundationType": "null", "eqBldgType": "null", "DesignLevel": "null", "SoilType": "D", "LqfSusCat": 0, "LndSusCat": 0, "WaterDepth": 5.0, "Distance": "null", "PGA": 0.76386553049087524, "PGV": 29.488838195800781, "Sa03": 1.8258516788482666, "Sa10": 0.83847570419311523, "LqfSettlPGD": 0.0, "LqfSprPGD": 0.0, "LqfProb": 0.0, "LndPGD": 0.0, "LndProb": 0.0, "SufFltRuptPGD": 29.523393630981445, "SurfFltRuptProb": 0.5, "PDsNone": 0.4687, "PDsSlight": 0.0331, "PDsModerate": 0.1192, "PDsExtensive": 0.1918, "PDsComplete": 0.1869, "PDsExceedSlight": 0.5312, "PDsExceedModerate": 0.498, "PDsExceedExtensive": 0.3787, "FunctDay1": 53.8, "FunctDay3": 58.2, "FunctDay7": 62.9, "FunctDay14": 63.9, "FunctDay30": 65.4, "FunctDay90": 76.2, "EconLoss": 86368.234375, "Name": "'E MARTINEZ DRAIN'", "City": "null", "State": "null" }, "geometry": { "type": "Point", "coordinates": [ -122.089531, 38.006797 ] } },
{ "type": "Feature", "properties": { "FacilityType": "HighwayBridge", "FacilityId": "CA007063", "Anchor": "null", "FoundationType": "null", "eqBldgType": "null", "DesignLevel": "null", "SoilType": "D", "LqfSusCat": 0, "LndSusCat": 0, "WaterDepth": 5.0, "Distance": "null", "PGA": 0.77480834722518921, "PGV": 35.311855316162109, "Sa03": 1.9298560619354248, "Sa10": 1.0328832864761353, "LqfSettlPGD": 0.0, "LqfSprPGD": 0.0, "LqfProb": 0.0, "LndPGD": 0.0, "LndProb": 0.0, "SufFltRuptPGD": 29.523393630981445, "SurfFltRuptProb": 0.5, "PDsNone": 0.3351, "PDsSlight": 0.1433, "PDsModerate": 0.1201, "PDsExtensive": 0.1981, "PDsComplete": 0.2031, "PDsExceedSlight": 0.6648, "PDsExceedModerate": 0.5215, "PDsExceedExtensive": 0.4013, "FunctDay1": 48.8, "FunctDay3": 55.9, "FunctDay7": 60.7, "FunctDay14": 61.8, "FunctDay30": 63.3, "FunctDay90": 74.5, "EconLoss": 481323.6875, "Name": "'EBMUD SERVICE ROAD'", "City": "null", "State": "null" }, "geometry": { "type": "Point", "coordinates": [ -122.039378, 38.00425 ] } },
{ "type": "Feature", "properties": { "FacilityType": "HighwayBridge", "FacilityId": "CA007064", "Anchor": "null", "FoundationType": "null", "eqBldgType": "null", "DesignLevel": "null", "SoilType": "D", "LqfSusCat": 0, "LndSusCat": 0, "WaterDepth": 5.0, "Distance": "null", "PGA": 0.77480834722518921, "PGV": 35.311855316162109, "Sa03": 1.9298560619354248, "Sa10": 1.0328832864761353, "LqfSettlPGD": 0.0, "LqfSprPGD": 0.0, "LqfProb": 0.0, "LndPGD": 0.0, "LndProb": 0.0, "SufFltRuptPGD": 29.523393630981445, "SurfFltRuptProb": 0.5, "PDsNone": 0.3351, "PDsSlight": 0.1425, "PDsModerate": 0.1202, "PDsExtensive": 0.1983, "PDsComplete": 0.2037, "PDsExceedSlight": 0.6648, "PDsExceedModerate": 0.5223, "PDsExceedExtensive": 0.4021, "FunctDay1": 48.7, "FunctDay3": 55.9, "FunctDay7": 60.6, "FunctDay14": 61.7, "FunctDay30": 63.3, "FunctDay90": 74.5, "EconLoss": 118617.03125, "Name": "'EBMUD SERVICE ROAD'", "City": "null", "State": "null" }, "geometry": { "type": "Point", "coordinates": [ -122.039294, 38.004011 ] } },
{ "type": "Feature", "properties": { "FacilityType": "HighwayBridge", "FacilityId": "CA007065", "Anchor": "null", "FoundationType": "null", "eqBldgType": "null", "DesignLevel": "null", "SoilType": "D", "LqfSusCat": 0, "LndSusCat": 0, "WaterDepth": 5.0, "Distance": "null", "PGA": 0.77480834722518921, "PGV": 35.311855316162109, "Sa03": 1.9298560619354248, "Sa10": 1.0328832864761353, "LqfSettlPGD": 0.0, "LqfSprPGD": 0.0, "LqfProb": 0.0, "LndPGD": 0.0, "LndProb": 0.0, "SufFltRuptPGD": 29.523393630981445, "SurfFltRuptProb": 0.5, "PDsNone": 0.3351, "PDsSlight": 0.1433, "PDsModerate": 0.1201, "PDsExtensive": 0.1981, "PDsComplete": 0.2031, "PDsExceedSlight": 0.6648, "PDsExceedModerate": 0.5215, "PDsExceedExtensive": 0.4013, "FunctDay1": 48.8, "FunctDay3": 55.9, "FunctDay7": 60.7, "FunctDay14": 61.8, "FunctDay30": 63.3, "FunctDay90": 74.5, "EconLoss": 254383.78125, "Name": "'EBMUD SERVICE ROAD'", "City": "null", "State": "null" }, "geometry": { "type": "Point", "coordinates": [ -122.040158, 37.997758 ] } },
{ "type": "Feature", "properties": { "FacilityType": "HighwayBridge", "FacilityId": "CA007066", "Anchor": "null", "FoundationType": "null", "eqBldgType": "null", "DesignLevel": "null", "SoilType": "D", "LqfSusCat": 0, "LndSusCat": 0, "WaterDepth": 5.0, "Distance": "null", "PGA": 0.77480834722518921, "PGV": 35.311855316162109, "Sa03": 1.9298560619354248, "Sa10": 1.0328832864761353, "LqfSettlPGD": 0.0, "LqfSprPGD": 0.0, "LqfProb": 0.0, "LndPGD": 0.0, "LndProb": 0.0, "SufFltRuptPGD": 29.523393630981445, "SurfFltRuptProb": 0.5, "PDsNone": 0.3351, "PDsSlight": 0.1433, "PDsModerate": 0.1201, "PDsExtensive": 0.1981, "PDsComplete": 0.2031, "PDsExceedSlight": 0.6648, "PDsExceedModerate": 0.5215, "PDsExceedExtensive": 0.4013, "FunctDay1": 48.8, "FunctDay3": 55.9, "FunctDay7": 60.7, "FunctDay14": 61.8, "FunctDay30": 63.3, "FunctDay90": 74.5, "EconLoss": 83387.2265625, "Name": "'EBMUD SERVICE ROAD'", "City": "null", "State": "null" }, "geometry": { "type": "Point", "coordinates": [ -122.039347, 37.997344 ] } },
{ "type": "Feature", "properties": { "FacilityType": "HighwayBridge", "FacilityId": "CA007067", "Anchor": "null", "FoundationType": "null", "eqBldgType": "null", "DesignLevel": "null", "SoilType": "D", "LqfSusCat": 0, "LndSusCat": 0, "WaterDepth": 5.0, "Distance": "null", "PGA": 0.8453102707862854, "PGV": 39.551097869873047, "Sa03": 2.1369194984436035, "Sa10": 1.1330232620239258, "LqfSettlPGD": 0.0, "LqfSprPGD": 0.0, "LqfProb": 0.0, "LndPGD": 0.0, "LndProb": 0.0, "SufFltRuptPGD": 29.523393630981445, "SurfFltRuptProb": 0.5, "PDsNone": 0.2809, "PDsSlight": 0.1364, "PDsModerate": 0.1205, "PDsExtensive": 0.2124, "PDsComplete": 0.2496, "PDsExceedSlight": 0.719, "PDsExceedModerate": 0.5826, "PDsExceedExtensive": 0.462, "FunctDay1": 43.0, "FunctDay3": 50.0, "FunctDay7": 54.8, "FunctDay14": 55.9, "FunctDay30": 57.6, "FunctDay90": 69.8, "EconLoss": 99878.25, "Name": "'GREEN VALLEY CREEK'", "City": "null", "State": "null" }, "geometry": { "type": "Point", "coordinates": [ -121.993839, 37.823972 ] } },
{ "type": "Feature", "properties": { "FacilityType": "HighwayBridge", "FacilityId": "CA007068", "Anchor": "null", "FoundationType": "null", "eqBldgType": "null", "DesignLevel": "null", "SoilType": "D", "LqfSusCat": 0, "LndSusCat": 0, "WaterDepth": 5.0, "Distance": "null", "PGA": 0.70878857374191284, "PGV": 28.83775520324707, "Sa03": 1.5971506834030151, "Sa10": 0.68521612882614136, "LqfSettlPGD": 0.0, "LqfSprPGD": 0.0, "LqfProb": 0.0, "LndPGD": 0.0, "LndProb": 0.0, "SufFltRuptPGD": 29.523393630981445, "SurfFltRuptProb": 0.5, "PDsNone": 0.6752, "PDsSlight": 0.0, "PDsModerate": 0.1096, "PDsExtensive": 0.1192, "PDsComplete": 0.0958, "PDsExceedSlight": 0.3247, "PDsExceedModerate": 0.3247, "PDsExceedExtensive": 0.215, "FunctDay1": 71.3, "FunctDay3": 74.5, "FunctDay7": 78.7, "FunctDay14": 79.5, "FunctDay30": 80.5, "FunctDay90": 87.0, "EconLoss": 2857449.5, "Name": "'INTERSTATE 580'", "City": "null", "State": "null" }, "geometry": { "type": "Point", "coordinates": [ -122.32505, 37.911189 ] } },
{ "type": "Feature", "properties": { "FacilityType": "HighwayBridge", "FacilityId": "CA007069", "Anchor": "null", "FoundationType": "null", "eqBldgType": "null", "DesignLevel": "null", "SoilType": "D", "LqfSusCat": 0, "LndSusCat": 0, "WaterDepth": 5.0, "Distance": "null", "PGA": 0.78646308183670044, "PGV": 46.787063598632813, "Sa03": 1.958044171333313, "Sa10": 1.3109819889068604, "LqfSettlPGD": 0.0, "LqfSprPGD": 0.0, "LqfProb": 0.0, "LndPGD": 0.0, "LndProb": 0.0, "SufFltRuptPGD": 29.523393630981445, "SurfFltRuptProb": 0.5, "PDsNone": 0.2653, "PDsSlight": 0.0, "PDsModerate": 0.1196, "PDsExtensive": 0.2038, "PDsComplete": 0.4111, "PDsExceedSlight": 0.7346, "PDsExceedModerate": 0.7346, "PDsExceedExtensive": 0.615, "FunctDay1": 31.5, "FunctDay3": 35.0, "FunctDay7": 39.8, "FunctDay14": 41.0, "FunctDay30": 42.8, "FunctDay90": 55.7, "EconLoss": 1044746.1875, "Name": "'NONE'", "City": "null", "State": "null" }, "geometry": { "type": "Point", "coordinates": [ -122.322231, 37.910569 ] } },
{ "type": "Feature", "properties": { "FacilityType": "HighwayBridge", "FacilityId": "CA007070", "Anchor": "null", "FoundationType": "null", "eqBldgType": "null", "DesignLevel": "null", "SoilType": "D", "LqfSusCat": 0, "LndSusCat": 0, "WaterDepth": 5.0, "Distance": "null", "PGA": 0.78646308183670044, "PGV": 46.787063598632813, "Sa03": 1.958044171333313, "Sa10": 1.3109819889068604, "LqfSettlPGD": 0.0, "LqfSprPGD": 0.0, "LqfProb": 0.0, "LndPGD": 0.0, "LndProb": 0.0, "SufFltRuptPGD": 29.523393630981445, "SurfFltRuptProb": 0.5, "PDsNone": 0.2653, "PDsSlight": 0.0, "PDsModerate": 0.1196, "PDsExtensive": 0.2038, "PDsComplete": 0.4111, "PDsExceedSlight": 0.7346, "PDsExceedModerate": 0.7346, "PDsExceedExtensive": 0.615, "FunctDay1": 31.5, "FunctDay3": 35.0, "FunctDay7": 39.8, "FunctDay14": 41.0, "FunctDay30": 42.8, "FunctDay90": 55.7, "EconLoss": 1432786.75, "Name": "'NONE'", "City": "null", "State": "null" }, "geometry": { "type": "Point", "coordinates": [ -122.323844, 37.91275 ] } },
{ "type": "Feature", "properties": { "FacilityType": "HighwayBridge", "FacilityId": "CA007071", "Anchor": "null", "FoundationType": "null", "eqBldgType": "null", "DesignLevel": "null", "SoilType": "D", "LqfSusCat": 0, "LndSusCat": 0, "WaterDepth": 5.0, "Distance": "null", "PGA": 0.70878857374191284, "PGV": 28.83775520324707, "Sa03": 1.5971506834030151, "Sa10": 0.68521612882614136, "LqfSettlPGD": 0.0, "LqfSprPGD": 0.0, "LqfProb": 0.0, "LndPGD": 0.0, "LndProb": 0.0, "SufFltRuptPGD": 29.523393630981445, "SurfFltRuptProb": 0.5, "PDsNone": 0.6748, "PDsSlight": 0.0, "PDsModerate": 0.1097, "PDsExtensive": 0.1194, "PDsComplete": 0.096, "PDsExceedSlight": 0.3251, "PDsExceedModerate": 0.3251, "PDsExceedExtensive": 0.2154, "FunctDay1": 71.3, "FunctDay3": 74.4, "FunctDay7": 78.7, "FunctDay14": 79.5, "FunctDay30": 80.4, "FunctDay90": 87.0, "EconLoss": 1458187.75, "Name": "'INTERSTATE 580'", "City": "null", "State": "null" }, "geometry": { "type": "Point", "coordinates": [ -122.347317, 37.921544 ] } },
{ "type": "Feature", "properties": { "FacilityType": "HighwayBridge", "FacilityId": "CA007072", "Anchor": "null", "FoundationType": "null", "eqBldgType": "null", "DesignLevel": "null", "SoilType": "D", "LqfSusCat": 0, "LndSusCat": 0, "WaterDepth": 5.0, "Distance": "null", "PGA": 0.70878857374191284, "PGV": 28.83775520324707, "Sa03": 1.5971506834030151, "Sa10": 0.68521612882614136, "LqfSettlPGD": 0.0, "LqfSprPGD": 0.0, "LqfProb": 0.0, "LndPGD": 0.0, "LndProb": 0.0, "SufFltRuptPGD": 29.523393630981445, "SurfFltRuptProb": 0.5, "PDsNone": 0.6563, "PDsSlight": 0.0, "PDsModerate": 0.113, "PDsExtensive": 0.1256, "PDsComplete": 0.1049, "PDsExceedSlight": 0.3436, "PDsExceedModerate": 0.3436, "PDsExceedExtensive": 0.2305, "FunctDay1": 69.5, "FunctDay3": 72.8, "FunctDay7": 77.2, "FunctDay14": 78.1, "FunctDay30": 79.0, "FunctDay90": 86.0, "EconLoss": 1140320.25, "Name": "'INTERSTATE 580'", "City": "null", "State": "null" }, "geometry": { "type": "Point", "coordinates": [ -122.355772, 37.921678 ] } },
{ "type": "Feature", "properties": { "FacilityType": "HighwayBridge", "FacilityId": "CA007073", "Anchor": "null", "FoundationType": "null", "eqBldgType": "null", "DesignLevel": "null", "SoilType": "D", "LqfSusCat": 0, "LndSusCat": 0, "WaterDepth": 5.0, "Distance": "null", "PGA": 0.74986439943313599, "PGV": 46.097896575927734, "Sa03": 1.8606994152069092, "Sa10": 1.3066445589065552, "LqfSettlPGD": 0.0, "LqfSprPGD": 0.0, "LqfProb": 0.0, "LndPGD": 0.0, "LndProb": 0.0, "SufFltRuptPGD": 29.523393630981445, "SurfFltRuptProb": 0.5, "PDsNone": 0.1525, "PDsSlight": 0.0, "PDsModerate": 0.0921, "PDsExtensive": 0.1861, "PDsComplete": 0.5691, "PDsExceedSlight": 0.8474, "PDsExceedModerate": 0.8474, "PDsExceedExtensive": 0.7552, "FunctDay1": 19.7, "FunctDay3": 22.4, "FunctDay7": 26.2, "FunctDay14": 27.2, "FunctDay30": 29.0, "FunctDay90": 42.1, "EconLoss": 7523302.5, "Name": "'INTERSTATE 580'", "City": "null", "State": "null" }, "geometry": { "type": "Point", "coordinates": [ -122.363119, 37.925133 ] } },
{ "type": "Feature", "properties": { "FacilityType": "HighwayBridge", "FacilityId": "CA007074", "Anchor": "null", "FoundationType": "null", "eqBldgType": "null", "DesignLevel": "null", "SoilType": "D", "LqfSusCat": 0, "LndSusCat": 0, "WaterDepth": 5.0, "Distance": "null", "PGA": 0.74986439943313599, "PGV": 46.097896575927734, "Sa03": 1.8606994152069092, "Sa10": 1.3066445589065552, "LqfSettlPGD": 0.0, "LqfSprPGD": 0.0, "LqfProb": 0.0, "LndPGD": 0.0, "LndProb": 0.0, "SufFltRuptPGD": 29.523393630981445, "SurfFltRuptProb": 0.5, "PDsNone": 0.2671, "PDsSlight": 0.0, "PDsModerate": 0.1199, "PDsExtensive": 0.2038, "PDsComplete": 0.409, "PDsExceedSlight": 0.7328, "PDsExceedModerate": 0.7328, "PDsExceedExtensive": 0.6129, "FunctDay1": 31.7, "FunctDay3": 35.2, "FunctDay7": 40.0, "FunctDay14": 41.2, "FunctDay30": 43.0, "FunctDay90": 55.8, "EconLoss": 6382708.5, "Name": "'BNSF RY  SOUTH SECOND ST'", "City": "null", "State": "null" }, "geometry": { "type": "Point", "coordinates": [ -122.367744, 37.927206 ] } },
{ "type": "Feature", "properties": { "FacilityType": "HighwayBridge", "FacilityId": "CA007075", "Anchor": "null", "FoundationType": "null", "eqBldgType": "null", "DesignLevel": "null", "SoilType": "D", "LqfSusCat": 0, "LndSusCat": 0, "WaterDepth": 5.0, "Distance": "null", "PGA": 0.71104931831359863, "PGV": 38.343650817871094, "Sa03": 1.7765729427337646, "Sa10": 1.066614031791687, "LqfSettlPGD": 0.0, "LqfSprPGD": 0.0, "LqfProb": 0.0, "LndPGD": 0.0, "LndProb": 0.0, "SufFltRuptPGD": 29.523393630981445, "SurfFltRuptProb": 0.5, "PDsNone": 0.3885, "PDsSlight": 0.0, "PDsModerate": 0.1319, "PDsExtensive": 0.1946, "PDsComplete": 0.2849, "PDsExceedSlight": 0.6114, "PDsExceedModerate": 0.6114, "PDsExceedExtensive": 0.4795, "FunctDay1": 43.9, "FunctDay3": 47.8, "FunctDay7": 53.0, "FunctDay14": 54.1, "FunctDay30": 55.7, "FunctDay90": 67.3, "EconLoss": 4627756.0, "Name": "'CANAL BOULEVARD'", "City": "null", "State": "null" }, "geometry": { "type": "Point", "coordinates": [ -122.377889, 37.9273 ] } },
{ "type": "Feature", "properties": { "FacilityType": "HighwayBridge", "FacilityId": "CA007076", "Anchor": "null", "FoundationType": "null", "eqBldgType": "null", "DesignLevel": "null", "SoilType": "D", "LqfSusCat": 0, "LndSusCat": 0, "WaterDepth": 5.0, "Distance": "null", "PGA": 0.81645458936691284, "PGV": 37.333194732666016, "Sa03": 2.0122029781341553, "Sa10": 1.001726508140564, "LqfSettlPGD": 0.0, "LqfSprPGD": 0.0, "LqfProb": 0.0, "LndPGD": 0.0, "LndProb": 0.0, "SufFltRuptPGD": 29.523393630981445, "SurfFltRuptProb": 0.5, "PDsNone": 0.4289, "PDsSlight": 0.0, "PDsModerate": 0.1327, "PDsExtensive": 0.1875, "PDsComplete": 0.2506, "PDsExceedSlight": 0.571, "PDsExceedModerate": 0.571, "PDsExceedExtensive": 0.4382, "FunctDay1": 47.9, "FunctDay3": 51.8, "FunctDay7": 57.0, "FunctDay14": 58.1, "FunctDay30": 59.6, "FunctDay90": 70.6, "EconLoss": 1642993.375, "Name": "'INTERSTATE 80'", "City": "null", "State": "null" }, "geometry": { "type": "Point", "coordinates": [ -122.318872, 37.976353 ] } },
{ "type": "Feature", "properties": { "FacilityType": "HighwayBridge", "FacilityId": "CA007077", "Anchor": "null", "FoundationType": "null", "eqBldgType": "null", "DesignLevel": "null", "SoilType": "D", "LqfSusCat": 0, "LndSusCat": 0, "WaterDepth": 5.0, "Distance": "null", "PGA": 0.81645458936691284, "PGV": 37.333194732666016, "Sa03": 2.0122029781341553, "Sa10": 1.001726508140564, "LqfSettlPGD": 0.0, "LqfSprPGD": 0.0, "LqfProb": 0.0, "LndPGD": 0.0, "LndProb": 0.0, "SufFltRuptPGD": 29.523393630981445, "SurfFltRuptProb": 0.5, "PDsNone": 0.4287, "PDsSlight": 0.0, "PDsModerate": 0.1327, "PDsExtensive": 0.1876, "PDsComplete": 0.2508, "PDsExceedSlight": 0.5712, "PDsExceedModerate": 0.5712, "PDsExceedExtensive": 0.4384, "FunctDay1": 47.9, "FunctDay3": 51.7, "FunctDay7": 57.0, "FunctDay14": 58.1, "FunctDay30": 59.6, "FunctDay90": 70.6, "EconLoss": 1682453.0, "Name": "'INTERSTATE 80'", "City": "null", "State": "null" }, "geometry": { "type": "Point", "coordinates": [ -122.318922, 37.976228 ] } },
{ "type": "Feature", "properties": { "FacilityType": "HighwayBridge", "FacilityId": "CA007078", "Anchor": "null", "FoundationType": "null", "eqBldgType": "null", "DesignLevel": "null", "SoilType": "D", "LqfSusCat": 0, "LndSusCat": 0, "WaterDepth": 5.0, "Distance": "null", "PGA": 0.91845971345901489, "PGV": 40.322734832763672, "Sa03": 2.2173798084259033, "Sa10": 1.0956919193267822, "LqfSettlPGD": 0.0, "LqfSprPGD": 0.0, "LqfProb": 0.0, "LndPGD": 0.0, "LndProb": 0.0, "SufFltRuptPGD": 29.523393630981445, "SurfFltRuptProb": 0.5, "PDsNone": 0.3, "PDsSlight": 0.1394, "PDsModerate": 0.1207, "PDsExtensive": 0.2077, "PDsComplete": 0.232, "PDsExceedSlight": 0.6999, "PDsExceedModerate": 0.5605, "PDsExceedExtensive": 0.4397, "FunctDay1": 45.1, "FunctDay3": 52.2, "FunctDay7": 57.0, "FunctDay14": 58.1, "FunctDay30": 59.7, "FunctDay90": 71.6, "EconLoss": 99815.515625, "Name": "'STATE ROUTE 24'", "City": "null", "State": "null" }, "geometry": { "type": "Point", "coordinates": [ -122.209681, 37.861122 ] } },
{ "type": "Feature", "properties": { "FacilityType": "HighwayBridge", "FacilityId": "CA007079", "Anchor": "null", "FoundationType": "null", "eqBldgType": "null", "DesignLevel": "null", "SoilType": "D", "LqfSusCat": 0, "LndSusCat": 0, "WaterDepth": 5.0, "Distance": "null", "PGA": 0.70878857374191284, "PGV": 28.83775520324707, "Sa03": 1.5971506834030151, "Sa10": 0.68521612882614136, "LqfSettlPGD": 0.0, "LqfSprPGD": 0.0, "LqfProb": 0.0, "LndPGD": 0.0, "LndProb": 0.0, "SufFltRuptPGD": 29.523393630981445, "SurfFltRuptProb": 0.5, "PDsNone": 0.6752, "PDsSlight": 0.0, "PDsModerate": 0.1096, "PDsExtensive": 0.1192, "PDsComplete": 0.0958, "PDsExceedSlight": 0.3247, "PDsExceedModerate": 0.3247, "PDsExceedExtensive": 0.215, "FunctDay1": 71.3, "FunctDay3": 74.5, "FunctDay7": 78.7, "FunctDay14": 79.5, "FunctDay30": 80.5, "FunctDay90": 87.0, "EconLoss": 773176.375, "Name": "'INTERSTATE ROUTE 580'", "City": "null", "State": "null" }, "geometry": { "type": "Point", "coordinates": [ -122.333178, 37.919933 ] } },
{ "type": "Feature", "properties": { "FacilityType": "HighwayBridge", "FacilityId": "CA007080", "Anchor": "null", "FoundationType": "null", "eqBldgType": "null", "DesignLevel": "null", "SoilType": "D", "LqfSusCat": 0, "LndSusCat": 0, "WaterDepth": 5.0, "Distance": "null", "PGA": 0.81645458936691284, "PGV": 37.333194732666016, "Sa03": 2.0122029781341553, "Sa10": 1.001726508140564, "LqfSettlPGD": 0.0, "LqfSprPGD": 0.0, "LqfProb": 0.0, "LndPGD": 0.0, "LndProb": 0.0, "SufFltRuptPGD": 29.523393630981445, "SurfFltRuptProb": 0.5, "PDsNone": 0.4219, "PDsSlight": 0.0, "PDsModerate": 0.1327, "PDsExtensive": 0.1888, "PDsComplete": 0.2563, "PDsExceedSlight": 0.578, "PDsExceedModerate": 0.578, "PDsExceedExtensive": 0.4452, "FunctDay1": 47.2, "FunctDay3": 51.1, "FunctDay7": 56.3, "FunctDay14": 57.4, "FunctDay30": 59.0, "FunctDay90": 70.1, "EconLoss": 1597566.25, "Name": "'INTERSTATE 80'", "City": "null", "State": "null" }, "geometry": { "type": "Point", "coordinates": [ -122.301919, 37.993744 ] } },
{ "type": "Feature", "properties": { "FacilityType": "HighwayBridge", "FacilityId": "CA007081", "Anchor": "null", "FoundationType": "null", "eqBldgType": "null", "DesignLevel": "null", "SoilType": "D", "LqfSusCat": 0, "LndSusCat": 0, "WaterDepth": 5.0, "Distance": "null", "PGA": 0.80157685279846191, "PGV": 43.148735046386719, "Sa03": 1.9964525699615479, "Sa10": 1.3447792530059814, "LqfSettlPGD": 0.0, "LqfSprPGD": 0.0, "LqfProb": 0.0, "LndPGD": 0.0, "LndProb": 0.0, "SufFltRuptPGD": 29.523393630981445, "SurfFltRuptProb": 0.5, "PDsNone": 0.2197, "PDsSlight": 0.0, "PDsModerate": 0.1107, "PDsExtensive": 0.2007, "PDsComplete": 0.4687, "PDsExceedSlight": 0.7802, "PDsExceedModerate": 0.7802, "PDsExceedExtensive": 0.6695, "FunctDay1": 26.8, "FunctDay3": 30.1, "FunctDay7": 34.5, "FunctDay14": 35.6, "FunctDay30": 37.5, "FunctDay90": 50.6, "EconLoss": 4216719.5, "Name": "'CLAYTON ROAD-S242 ON RMP'", "City": "null", "State": "null" }, "geometry": { "type": "Point", "coordinates": [ -122.047836, 37.969531 ] } },
{ "type": "Feature", "properties": { "FacilityType": "HighwayBridge", "FacilityId": "CA007082", "Anchor": "null", "FoundationType": "null", "eqBldgType": "null", "DesignLevel": "null", "SoilType": "D", "LqfSusCat": 0, "LndSusCat": 0, "WaterDepth": 5.0, "Distance": "null", "PGA": 0.71104931831359863, "PGV": 38.343650817871094, "Sa03": 1.7765729427337646, "Sa10": 1.066614031791687, "LqfSettlPGD": 0.0, "LqfSprPGD": 0.0, "LqfProb": 0.0, "LndPGD": 0.0, "LndProb": 0.0, "SufFltRuptPGD": 29.523393630981445, "SurfFltRuptProb": 0.5, "PDsNone": 0.3885, "PDsSlight": 0.0, "PDsModerate": 0.1319, "PDsExtensive": 0.1945, "PDsComplete": 0.2849, "PDsExceedSlight": 0.6114, "PDsExceedModerate": 0.6114, "PDsExceedExtensive": 0.4795, "FunctDay1": 43.9, "FunctDay3": 47.8, "FunctDay7": 53.0, "FunctDay14": 54.1, "FunctDay30": 55.7, "FunctDay90": 67.3, "EconLoss": 2582577.75, "Name": "'CASTRO STREET'", "City": "null", "State": "null" }, "geometry": { "type": "Point", "coordinates": [ -122.386119, 37.929025 ] } },
{ "type": "Feature", "properties": { "FacilityType": "HighwayBridge", "FacilityId": "CA007083", "Anchor": "null", "FoundationType": "null", "eqBldgType": "null", "DesignLevel": "null", "SoilType": "D", "LqfSusCat": 0, "LndSusCat": 0, "WaterDepth": 5.0, "Distance": "null", "PGA": 0.71104931831359863, "PGV": 38.343650817871094, "Sa03": 1.7765729427337646, "Sa10": 1.066614031791687, "LqfSettlPGD": 0.0, "LqfSprPGD": 0.0, "LqfProb": 0.0, "LndPGD": 0.0, "LndProb": 0.0, "SufFltRuptPGD": 29.523393630981445, "SurfFltRuptProb": 0.5, "PDsNone": 0.3885, "PDsSlight": 0.0, "PDsModerate": 0.1319, "PDsExtensive": 0.1945, "PDsComplete": 0.2849, "PDsExceedSlight": 0.6114, "PDsExceedModerate": 0.6114, "PDsExceedExtensive": 0.4795, "FunctDay1": 43.9, "FunctDay3": 47.8, "FunctDay7": 53.0, "FunctDay14": 54.1, "FunctDay30": 55.7, "FunctDay90": 67.3, "EconLoss": 1318266.125, "Name": "'CASTRO STREET'", "City": "null", "State": "null" }, "geometry": { "type": "Point", "coordinates": [ -122.385833, 37.929147 ] } },
{ "type": "Feature", "properties": { "FacilityType": "HighwayBridge", "FacilityId": "CA007084", "Anchor": "null", "FoundationType": "null", "eqBldgType": "null", "DesignLevel": "null", "SoilType": "D", "LqfSusCat": 0, "LndSusCat": 0, "WaterDepth": 5.0, "Distance": "null", "PGA": 0.71104931831359863, "PGV": 38.343650817871094, "Sa03": 1.7765729427337646, "Sa10": 1.066614031791687, "LqfSettlPGD": 0.0, "LqfSprPGD": 0.0, "LqfProb": 0.0, "LndPGD": 0.0, "LndProb": 0.0, "SufFltRuptPGD": 29.523393630981445, "SurfFltRuptProb": 0.5, "PDsNone": 0.3885, "PDsSlight": 0.0, "PDsModerate": 0.1319, "PDsExtensive": 0.1945, "PDsComplete": 0.2849, "PDsExceedSlight": 0.6114, "PDsExceedModerate": 0.6114, "PDsExceedExtensive": 0.4795, "FunctDay1": 43.9, "FunctDay3": 47.8, "FunctDay7": 53.0, "FunctDay14": 54.1, "FunctDay30": 55.7, "FunctDay90": 67.3, "EconLoss": 967723.5625, "Name": "'CASTRO STREET'", "City": "null", "State": "null" }, "geometry": { "type": "Point", "coordinates": [ -122.385681, 37.929267 ] } },
{ "type": "Feature", "properties": { "FacilityType": "HighwayBridge", "FacilityId": "CA007085", "Anchor": "null", "FoundationType": "null", "eqBldgType": "null", "DesignLevel": "null", "SoilType": "D", "LqfSusCat": 0, "LndSusCat": 0, "WaterDepth": 5.0, "Distance": "null", "PGA": 0.70878857374191284, "PGV": 28.83775520324707, "Sa03": 1.5971506834030151, "Sa10": 0.68521612882614136, "LqfSettlPGD": 0.0, "LqfSprPGD": 0.0, "LqfProb": 0.0, "LndPGD": 0.0, "LndProb": 0.0, "SufFltRuptPGD": 29.523393630981445, "SurfFltRuptProb": 0.5, "PDsNone": 0.6752, "PDsSlight": 0.0, "PDsModerate": 0.1096, "PDsExtensive": 0.1192, "PDsComplete": 0.0958, "PDsExceedSlight": 0.3247, "PDsExceedModerate": 0.3247, "PDsExceedExtensive": 0.215, "FunctDay1": 71.3, "FunctDay3": 74.5, "FunctDay7": 78.7, "FunctDay14": 79.5, "FunctDay30": 80.5, "FunctDay90": 87.0, "EconLoss": 1676466.625, "Name": "'INTERSTATE 580'", "City": "null", "State": "null" }, "geometry": { "type": "Point", "coordinates": [ -122.359919, 37.923094 ] } },
{ "type": "Feature", "properties": { "FacilityType": "HighwayBridge", "FacilityId": "CA007086", "Anchor": "null", "FoundationType": "null", "eqBldgType": "null", "DesignLevel": "null", "SoilType": "D", "LqfSusCat": 0, "LndSusCat": 0, "WaterDepth": 5.0, "Distance": "null", "PGA": 0.71104931831359863, "PGV": 38.343650817871094, "Sa03": 1.7765729427337646, "Sa10": 1.066614031791687, "LqfSettlPGD": 0.0, "LqfSprPGD": 0.0, "LqfProb": 0.0, "LndPGD": 0.0, "LndProb": 0.0, "SufFltRuptPGD": 29.523393630981445, "SurfFltRuptProb": 0.5, "PDsNone": 0.3885, "PDsSlight": 0.0, "PDsModerate": 0.1319, "PDsExtensive": 0.1945, "PDsComplete": 0.2849, "PDsExceedSlight": 0.6114, "PDsExceedModerate": 0.6114, "PDsExceedExtensive": 0.4795, "FunctDay1": 43.9, "FunctDay3": 47.8, "FunctDay7": 53.0, "FunctDay14": 54.1, "FunctDay30": 55.7, "FunctDay90": 67.3, "EconLoss": 79694.28125, "Name": "'HILLSIDE'", "City": "null", "State": "null" }, "geometry": { "type": "Point", "coordinates": [ -122.393686, 37.932328 ] } },
{ "type": "Feature", "properties": { "FacilityType": "HighwayBridge", "FacilityId": "CA007087", "Anchor": "null", "FoundationType": "null", "eqBldgType": "null", "DesignLevel": "null", "SoilType": "D", "LqfSusCat": 0, "LndSusCat": 0, "WaterDepth": 5.0, "Distance": "null", "PGA": 0.81645458936691284, "PGV": 37.333194732666016, "Sa03": 2.0122029781341553, "Sa10": 1.001726508140564, "LqfSettlPGD": 0.0, "LqfSprPGD": 0.0, "LqfProb": 0.0, "LndPGD": 0.0, "LndProb": 0.0, "SufFltRuptPGD": 29.523393630981445, "SurfFltRuptProb": 0.5, "PDsNone": 0.4291, "PDsSlight": 0.0, "PDsModerate": 0.1327, "PDsExtensive": 0.1875, "PDsComplete": 0.2505, "PDsExceedSlight": 0.5708, "PDsExceedModerate": 0.5708, "PDsExceedExtensive": 0.438, "FunctDay1": 47.9, "FunctDay3": 51.8, "FunctDay7": 57.0, "FunctDay14": 58.1, "FunctDay30": 59.7, "FunctDay90": 70.7, "EconLoss": 6455913.5, "Name": "'INTERSTATE 80'", "City": "null", "State": "null" }, "geometry": { "type": "Point", "coordinates": [ -122.315267, 37.986683 ] } },
{ "type": "Feature", "properties": { "FacilityType": "HighwayBridge", "FacilityId": "CA007088", "Anchor": "null", "FoundationType": "null", "eqBldgType": "null", "DesignLevel": "null", "SoilType": "D", "LqfSusCat": 0, "LndSusCat": 0, "WaterDepth": 5.0, "Distance": "null", "PGA": 0.88981062173843384, "PGV": 37.460258483886719, "Sa03": 2.213346004486084, "Sa10": 1.0647217035293579, "LqfSettlPGD": 0.0, "LqfSprPGD": 0.0, "LqfProb": 0.0, "LndPGD": 0.0, "LndProb": 0.0, "SufFltRuptPGD": 29.523393630981445, "SurfFltRuptProb": 0.5, "PDsNone": 0.1038, "PDsSlight": 0.213, "PDsModerate": 0.2047, "PDsExtensive": 0.2605, "PDsComplete": 0.2177, "PDsExceedSlight": 0.8961, "PDsExceedModerate": 0.6831, "PDsExceedExtensive": 0.4783, "FunctDay1": 33.6, "FunctDay3": 44.9, "FunctDay7": 53.0, "FunctDay14": 54.6, "FunctDay30": 56.6, "FunctDay90": 71.0, "EconLoss": 2844900.0, "Name": "'E24-S680 CONNECTOR RAMP'", "City": "null", "State": "null" }, "geometry": { "type": "Point", "coordinates": [ -122.069208, 37.894297 ] } },
{ "type": "Feature", "properties": { "FacilityType": "HighwayBridge", "FacilityId": "CA007089", "Anchor": "null", "FoundationType": "null", "eqBldgType": "null", "DesignLevel": "null", "SoilType": "D", "LqfSusCat": 0, "LndSusCat": 0, "WaterDepth": 5.0, "Distance": "null", "PGA": 0.70648092031478882, "PGV": 26.046087265014648, "Sa03": 1.6615453958511353, "Sa10": 0.68669795989990234, "LqfSettlPGD": 0.0, "LqfSprPGD": 0.0, "LqfProb": 0.0, "LndPGD": 0.0, "LndProb": 0.0, "SufFltRuptPGD": 29.523393630981445, "SurfFltRuptProb": 0.5, "PDsNone": 0.6716, "PDsSlight": 0.0, "PDsModerate": 0.1103, "PDsExtensive": 0.1204, "PDsComplete": 0.0974, "PDsExceedSlight": 0.3283, "PDsExceedModerate": 0.3283, "PDsExceedExtensive": 0.2179, "FunctDay1": 71.0, "FunctDay3": 74.1, "FunctDay7": 78.5, "FunctDay14": 79.3, "FunctDay30": 80.2, "FunctDay90": 86.8, "EconLoss": 975360.6875, "Name": "'WILLOW PASS ROAD'", "City": "null", "State": "null" }, "geometry": { "type": "Point", "coordinates": [ -121.966017, 38.023044 ] } },
{ "type": "Feature", "properties": { "FacilityType": "HighwayBridge", "FacilityId": "CA007090", "Anchor": "null", "FoundationType": "null", "eqBldgType": "null", "DesignLevel": "null", "SoilType": "D", "LqfSusCat": 0, "LndSusCat": 0, "WaterDepth": 5.0, "Distance": "null", "PGA": 0.70648092031478882, "PGV": 26.046087265014648, "Sa03": 1.6615453958511353, "Sa10": 0.68669795989990234, "LqfSettlPGD": 0.0, "LqfSprPGD": 0.0, "LqfProb": 0.0, "LndPGD": 0.0, "LndProb": 0.0, "SufFltRuptPGD": 29.523393630981445, "SurfFltRuptProb": 0.5, "PDsNone": 0.6732, "PDsSlight": 0.0, "PDsModerate": 0.11, "PDsExtensive": 0.1199, "PDsComplete": 0.0967, "PDsExceedSlight": 0.3267, "PDsExceedModerate": 0.3267, "PDsExceedExtensive": 0.2167, "FunctDay1": 71.1, "FunctDay3": 74.3, "FunctDay7": 78.6, "FunctDay14": 79.4, "FunctDay30": 80.3, "FunctDay90": 86.9, "EconLoss": 893805.0625, "Name": "'WILLOW PASS ROAD'", "City": "null", "State": "null" }, "geometry": { "type": "Point", "coordinates": [ -121.966144, 38.022689 ] } },
{ "type": "Feature", "properties": { "FacilityType": "HighwayBridge", "FacilityId": "CA007091", "Anchor": "null", "FoundationType": "null", "eqBldgType": "null", "DesignLevel": "null", "SoilType": "D", "LqfSusCat": 0, "LndSusCat": 0, "WaterDepth": 5.0, "Distance": "null", "PGA": 0.88981062173843384, "PGV": 37.460258483886719, "Sa03": 2.213346004486084, "Sa10": 1.0647217035293579, "LqfSettlPGD": 0.0, "LqfSprPGD": 0.0, "LqfProb": 0.0, "LndPGD": 0.0, "LndProb": 0.0, "SufFltRuptPGD": 29.523393630981445, "SurfFltRuptProb": 0.5, "PDsNone": 0.3168, "PDsSlight": 0.0682, "PDsModerate": 0.1195, "PDsExtensive": 0.2184, "PDsComplete": 0.2767, "PDsExceedSlight": 0.6831, "PDsExceedModerate": 0.6148, "PDsExceedExtensive": 0.4952, "FunctDay1": 41.6, "FunctDay3": 46.8, "FunctDay7": 51.6, "FunctDay14": 52.7, "FunctDay30": 54.5, "FunctDay90": 67.2, "EconLoss": 667240.5625, "Name": "'N680&E24-YGNACIO OFF RMP'", "City": "null", "State": "null" }, "geometry": { "type": "Point", "coordinates": [ -122.069442, 37.901592 ] } },
{ "type": "Feature", "properties": { "FacilityType": "HighwayBridge", "FacilityId": "CA007092", "Anchor": "null", "FoundationType": "null", "eqBldgType": "null", "DesignLevel": "null", "SoilType": "D", "LqfSusCat": 0, "LndSusCat": 0, "WaterDepth": 5.0, "Distance": "null", "PGA": 0.8453102707862854, "PGV": 39.551097869873047, "Sa03": 2.1369194984436035, "Sa10": 1.1330232620239258, "LqfSettlPGD": 0.0, "LqfSprPGD": 0.0, "LqfProb": 0.0, "LndPGD": 0.0, "LndProb": 0.0, "SufFltRuptPGD": 29.523393630981445, "SurfFltRuptProb": 0.5, "PDsNone": 0.3467, "PDsSlight": 0.0, "PDsModerate": 0.1294, "PDsExtensive": 0.2, "PDsComplete": 0.3237, "PDsExceedSlight": 0.6532, "PDsExceedModerate": 0.6532, "PDsExceedExtensive": 0.5237, "FunctDay1": 39.8, "FunctDay3": 43.5, "FunctDay7": 48.7, "FunctDay14": 49.8, "FunctDay30": 51.5, "FunctDay90": 63.6, "EconLoss": 5394070.0, "Name": "'INTERSTATE 680'", "City": "null", "State": "null" }, "geometry": { "type": "Point", "coordinates": [ -121.977108, 37.779697 ] } },
{ "type": "Feature", "properties": { "FacilityType": "HighwayBridge", "FacilityId": "CA007093", "Anchor": "null", "FoundationType": "null", "eqBldgType": "null", "DesignLevel": "null", "SoilType": "D", "LqfSusCat": 0, "LndSusCat": 0, "WaterDepth": 5.0, "Distance": "null", "PGA": 0.70648092031478882, "PGV": 26.046087265014648, "Sa03": 1.6615453958511353, "Sa10": 0.68669795989990234, "LqfSettlPGD": 0.0, "LqfSprPGD": 0.0, "LqfProb": 0.0, "LndPGD": 0.0, "LndProb": 0.0, "SufFltRuptPGD": 29.523393630981445, "SurfFltRuptProb": 0.5, "PDsNone": 0.6004, "PDsSlight": 0.1129, "PDsModerate": 0.0936, "PDsExtensive": 0.119, "PDsComplete": 0.0738, "PDsExceedSlight": 0.3995, "PDsExceedModerate": 0.2865, "PDsExceedExtensive": 0.1928, "FunctDay1": 71.7, "FunctDay3": 77.3, "FunctDay7": 81.0, "FunctDay14": 81.7, "FunctDay30": 82.6, "FunctDay90": 89.0, "EconLoss": 164158.984375, "Name": "'E4-BAILEY RD OFF RAMP'", "City": "null", "State": "null" }, "geometry": { "type": "Point", "coordinates": [ -121.944658, 38.018244 ] } },
{ "type": "Feature", "properties": { "FacilityType": "HighwayBridge", "FacilityId": "CA007094", "Anchor": "null", "FoundationType": "null", "eqBldgType": "null", "DesignLevel": "null", "SoilType": "D", "LqfSusCat": 0, "LndSusCat": 0, "WaterDepth": 5.0, "Distance": "null", "PGA": 0.70648092031478882, "PGV": 26.046087265014648, "Sa03": 1.6615453958511353, "Sa10": 0.68669795989990234, "LqfSettlPGD": 0.0, "LqfSprPGD": 0.0, "LqfProb": 0.0, "LndPGD": 0.0, "LndProb": 0.0, "SufFltRuptPGD": 29.523393630981445, "SurfFltRuptProb": 0.5, "PDsNone": 0.6739, "PDsSlight": 0.0, "PDsModerate": 0.1099, "PDsExtensive": 0.1197, "PDsComplete": 0.0964, "PDsExceedSlight": 0.326, "PDsExceedModerate": 0.326, "PDsExceedExtensive": 0.2161, "FunctDay1": 71.2, "FunctDay3": 74.3, "FunctDay7": 78.6, "FunctDay14": 79.4, "FunctDay30": 80.4, "FunctDay90": 87.0, "EconLoss": 634170.375, "Name": "'CONTRA COSTA CANAL'", "City": "null", "State": "null" }, "geometry": { "type": "Point", "coordinates": [ -121.944431, 38.019331 ] } },
{ "type": "Feature", "properties": { "FacilityType": "HighwayBridge", "FacilityId": "CA007095", "Anchor": "null", "FoundationType": "null", "eqBldgType": "null", "DesignLevel": "null", "SoilType": "D", "LqfSusCat": 0, "LndSusCat": 0, "WaterDepth": 5.0, "Distance": "null", "PGA": 0.70648092031478882, "PGV": 26.046087265014648, "Sa03": 1.6615453958511353, "Sa10": 0.68669795989990234, "LqfSettlPGD": 0.0, "LqfSprPGD": 0.0, "LqfProb": 0.0, "LndPGD": 0.0, "LndProb": 0.0, "SufFltRuptPGD": 29.523393630981445, "SurfFltRuptProb": 0.5, "PDsNone": 0.6739, "PDsSlight": 0.0, "PDsModerate": 0.1099, "PDsExtensive": 0.1197, "PDsComplete": 0.0964, "PDsExceedSlight": 0.326, "PDsExceedModerate": 0.326, "PDsExceedExtensive": 0.2161, "FunctDay1": 71.2, "FunctDay3": 74.3, "FunctDay7": 78.6, "FunctDay14": 79.4, "FunctDay30": 80.4, "FunctDay90": 87.0, "EconLoss": 184853.5625, "Name": "'CONTRA COSTA CANAL'", "City": "null", "State": "null" }, "geometry": { "type": "Point", "coordinates": [ -121.942942, 38.019864 ] } },
{ "type": "Feature", "properties": { "FacilityType": "HighwayBridge", "FacilityId": "CA007096", "Anchor": "null", "FoundationType": "null", "eqBldgType": "null", "DesignLevel": "null", "SoilType": "D", "LqfSusCat": 0, "LndSusCat": 0, "WaterDepth": 5.0, "Distance": "null", "PGA": 0.80157685279846191, "PGV": 43.148735046386719, "Sa03": 1.9964525699615479, "Sa10": 1.3447792530059814, "LqfSettlPGD": 0.0, "LqfSprPGD": 0.0, "LqfProb": 0.0, "LndPGD": 0.0, "LndProb": 0.0, "SufFltRuptPGD": 29.523393630981445, "SurfFltRuptProb": 0.5, "PDsNone": 0.2516, "PDsSlight": 0.0, "PDsModerate": 0.1172, "PDsExtensive": 0.2033, "PDsComplete": 0.4277, "PDsExceedSlight": 0.7483, "PDsExceedModerate": 0.7483, "PDsExceedExtensive": 0.6311, "FunctDay1": 30.1, "FunctDay3": 33.6, "FunctDay7": 38.3, "FunctDay14": 39.4, "FunctDay30": 41.2, "FunctDay90": 54.2, "EconLoss": 2787407.0, "Name": "'CONTRA COSTA-S680 ON RMP'", "City": "null", "State": "null" }, "geometry": { "type": "Point", "coordinates": [ -122.060703, 37.939444 ] } },
{ "type": "Feature", "properties": { "FacilityType": "HighwayBridge", "FacilityId": "CA007097", "Anchor": "null", "FoundationType": "null", "eqBldgType": "null", "DesignLevel": "null", "SoilType": "D", "LqfSusCat": 0, "LndSusCat": 0, "WaterDepth": 5.0, "Distance": "null", "PGA": 0.80157685279846191, "PGV": 43.148735046386719, "Sa03": 1.9964525699615479, "Sa10": 1.3447792530059814, "LqfSettlPGD": 0.0, "LqfSprPGD": 0.0, "LqfProb": 0.0, "LndPGD": 0.0, "LndProb": 0.0, "SufFltRuptPGD": 29.523393630981445, "SurfFltRuptProb": 0.5, "PDsNone": 0.2516, "PDsSlight": 0.0, "PDsModerate": 0.1172, "PDsExtensive": 0.2033, "PDsComplete": 0.4277, "PDsExceedSlight": 0.7483, "PDsExceedModerate": 0.7483, "PDsExceedExtensive": 0.6311, "FunctDay1": 30.1, "FunctDay3": 33.6, "FunctDay7": 38.3, "FunctDay14": 39.4, "FunctDay30": 41.2, "FunctDay90": 54.2, "EconLoss": 2368326.0, "Name": "'INTERSTATE 680'", "City": "null", "State": "null" }, "geometry": { "type": "Point", "coordinates": [ -122.059564, 37.940703 ] } },
{ "type": "Feature", "properties": { "FacilityType": "HighwayBridge", "FacilityId": "CA007098", "Anchor": "null", "FoundationType": "null", "eqBldgType": "null", "DesignLevel": "null", "SoilType": "D", "LqfSusCat": 0, "LndSusCat": 0, "WaterDepth": 5.0, "Distance": "null", "PGA": 0.76457589864730835, "PGV": 33.199306488037109, "Sa03": 1.8811763525009155, "Sa10": 0.93338006734848022, "LqfSettlPGD": 0.0, "LqfSprPGD": 0.0, "LqfProb": 0.0, "LndPGD": 0.0, "LndProb": 0.0, "SufFltRuptPGD": 29.523393630981445, "SurfFltRuptProb": 0.5, "PDsNone": 0.402, "PDsSlight": 0.0, "PDsModerate": 0.1323, "PDsExtensive": 0.1924, "PDsComplete": 0.2731, "PDsExceedSlight": 0.5979, "PDsExceedModerate": 0.5979, "PDsExceedExtensive": 0.4655, "FunctDay1": 45.2, "FunctDay3": 49.1, "FunctDay7": 54.3, "FunctDay14": 55.5, "FunctDay30": 57.1, "FunctDay90": 68.5, "EconLoss": 2214708.25, "Name": "'STATE ROUTE 4'", "City": "null", "State": "null" }, "geometry": { "type": "Point", "coordinates": [ -122.256697, 38.01395 ] } },
{ "type": "Feature", "properties": { "FacilityType": "HighwayBridge", "FacilityId": "CA007099", "Anchor": "null", "FoundationType": "null", "eqBldgType": "null", "DesignLevel": "null", "SoilType": "D", "LqfSusCat": 0, "LndSusCat": 0, "WaterDepth": 5.0, "Distance": "null", "PGA": 0.74830800294876099, "PGV": 32.61968994140625, "Sa03": 1.848130464553833, "Sa10": 0.93514639139175415, "LqfSettlPGD": 0.0, "LqfSprPGD": 0.0, "LqfProb": 0.0, "LndPGD": 0.0, "LndProb": 0.0, "SufFltRuptPGD": 29.523393630981445, "SurfFltRuptProb": 0.5, "PDsNone": 0.2297, "PDsSlight": 0.2447, "PDsModerate": 0.1321, "PDsExtensive": 0.2337, "PDsComplete": 0.1595, "PDsExceedSlight": 0.7702, "PDsExceedModerate": 0.5254, "PDsExceedExtensive": 0.3933, "FunctDay1": 46.2, "FunctDay3": 56.3, "FunctDay7": 61.5, "FunctDay14": 62.7, "FunctDay30": 64.5, "FunctDay90": 77.2, "EconLoss": 20871748.0, "Name": "'CARQUINEZ STRAITS  RR'", "City": "null", "State": "null" }, "geometry": { "type": "Point", "coordinates": [ -122.225958, 38.055956 ] } },
{ "type": "Feature", "properties": { "FacilityType": "HighwayBridge", "FacilityId": "CA007100", "Anchor": "null", "FoundationType": "null", "eqBldgType": "null", "DesignLevel": "null", "SoilType": "D", "LqfSusCat": 0, "LndSusCat": 0, "WaterDepth": 5.0, "Distance": "null", "PGA": 0.76386553049087524, "PGV": 29.488838195800781, "Sa03": 1.8258516788482666, "Sa10": 0.83847570419311523, "LqfSettlPGD": 0.0, "LqfSprPGD": 0.0, "LqfProb": 0.0, "LndPGD": 0.0, "LndProb": 0.0, "SufFltRuptPGD": 29.523393630981445, "SurfFltRuptProb": 0.5, "PDsNone": 0.5469, "PDsSlight": 0.0, "PDsModerate": 0.1275, "PDsExtensive": 0.1592, "PDsComplete": 0.1661, "PDsExceedSlight": 0.453, "PDsExceedModerate": 0.453, "PDsExceedExtensive": 0.3254, "FunctDay1": 59.3, "FunctDay3": 63.0, "FunctDay7": 68.0, "FunctDay14": 69.0, "FunctDay30": 70.2, "FunctDay90": 79.3, "EconLoss": 3785959.5, "Name": "'UPRR MARINA VISTA MOCOCO'", "City": "null", "State": "null" }, "geometry": { "type": "Point", "coordinates": [ -122.109703, 38.024814 ] } },
{ "type": "Feature", "properties": { "FacilityType": "HighwayBridge", "FacilityId": "CA007101", "Anchor": "null", "FoundationType": "null", "eqBldgType": "null", "DesignLevel": "null", "SoilType": "D", "LqfSusCat": 0, "LndSusCat": 0, "WaterDepth": 5.0, "Distance": "null", "PGA": 0.6000664234161377, "PGV": 40.070621490478516, "Sa03": 1.5195895433425903, "Sa10": 1.3292993307113647, "LqfSettlPGD": 0.0, "LqfSprPGD": 0.0, "LqfProb": 0.0, "LndPGD": 0.0, "LndProb": 0.0, "SufFltRuptPGD": 29.523393630981445, "SurfFltRuptProb": 0.5, "PDsNone": 0.2578, "PDsSlight": 0.0, "PDsModerate": 0.1183, "PDsExtensive": 0.2036, "PDsComplete": 0.4202, "PDsExceedSlight": 0.7421, "PDsExceedModerate": 0.7421, "PDsExceedExtensive": 0.6238, "FunctDay1": 30.7, "FunctDay3": 34.2, "FunctDay7": 39.0, "FunctDay14": 40.1, "FunctDay30": 41.9, "FunctDay90": 54.9, "EconLoss": 417775.125, "Name": "'MARSH WETLANDS'", "City": "null", "State": "null" }, "geometry": { "type": "Point", "coordinates": [ -122.109114, 38.025131 ] } },
{ "type": "Feature", "properties": { "FacilityType": "HighwayBridge", "FacilityId": "CA007102", "Anchor": "null", "FoundationType": "null", "eqBldgType": "null", "DesignLevel": "null", "SoilType": "D", "LqfSusCat": 0, "LndSusCat": 0, "WaterDepth": 5.0, "Distance": "null", "PGA": 0.76457589864730835, "PGV": 33.199306488037109, "Sa03": 1.8811763525009155, "Sa10": 0.93338006734848022, "LqfSettlPGD": 0.0, "LqfSprPGD": 0.0, "LqfProb": 0.0, "LndPGD": 0.0, "LndProb": 0.0, "SufFltRuptPGD": 29.523393630981445, "SurfFltRuptProb": 0.5, "PDsNone": 0.4758, "PDsSlight": 0.0, "PDsModerate": 0.132, "PDsExtensive": 0.1775, "PDsComplete": 0.2145, "PDsExceedSlight": 0.5241, "PDsExceedModerate": 0.5241, "PDsExceedExtensive": 0.3921, "FunctDay1": 52.4, "FunctDay3": 56.3, "FunctDay7": 61.5, "FunctDay14": 62.6, "FunctDay30": 64.0, "FunctDay90": 74.3, "EconLoss": 769713.5625, "Name": "'STATE ROUTE 4'", "City": "null", "State": "null" }, "geometry": { "type": "Point", "coordinates": [ -122.244883, 38.015414 ] } },
{ "type": "Feature", "properties": { "FacilityType": "HighwayBridge", "FacilityId": "CA007103", "Anchor": "null", "FoundationType": "null", "eqBldgType": "null", "DesignLevel": "null", "SoilType": "D", "LqfSusCat": 0, "LndSusCat": 0, "WaterDepth": 5.0, "Distance": "null", "PGA": 0.77617365121841431, "PGV": 33.037834167480469, "Sa03": 1.9110754728317261, "Sa10": 0.94630396366119385, "LqfSettlPGD": 0.0, "LqfSprPGD": 0.0, "LqfProb": 0.0, "LndPGD": 0.0, "LndProb": 0.0, "SufFltRuptPGD": 29.523393630981445, "SurfFltRuptProb": 0.5, "PDsNone": 0.4666, "PDsSlight": 0.0, "PDsModerate": 0.1323, "PDsExtensive": 0.1796, "PDsComplete": 0.2213, "PDsExceedSlight": 0.5333, "PDsExceedModerate": 0.5333, "PDsExceedExtensive": 0.4009, "FunctDay1": 51.6, "FunctDay3": 55.4, "FunctDay7": 60.6, "FunctDay14": 61.7, "FunctDay30": 63.2, "FunctDay90": 73.6, "EconLoss": 3536025.25, "Name": "'BNSF RY & AMTRAK'", "City": "null", "State": "null" }, "geometry": { "type": "Point", "coordinates": [ -122.212781, 38.008164 ] } },
{ "type": "Feature", "properties": { "FacilityType": "HighwayBridge", "FacilityId": "CA007104", "Anchor": "null", "FoundationType": "null", "eqBldgType": "null", "DesignLevel": "null", "SoilType": "D", "LqfSusCat": 0, "LndSusCat": 0, "WaterDepth": 5.0, "Distance": "null", "PGA": 0.77617365121841431, "PGV": 33.037834167480469, "Sa03": 1.9110754728317261, "Sa10": 0.94630396366119385, "LqfSettlPGD": 0.0, "LqfSprPGD": 0.0, "LqfProb": 0.0, "LndPGD": 0.0, "LndProb": 0.0, "SufFltRuptPGD": 29.523393630981445, "SurfFltRuptProb": 0.5, "PDsNone": 0.3897, "PDsSlight": 0.1456, "PDsModerate": 0.1173, "PDsExtensive": 0.182, "PDsComplete": 0.1652, "PDsExceedSlight": 0.6102, "PDsExceedModerate": 0.4646, "PDsExceedExtensive": 0.3472, "FunctDay1": 54.2, "FunctDay3": 61.3, "FunctDay7": 66.0, "FunctDay14": 67.0, "FunctDay30": 68.4, "FunctDay90": 78.5, "EconLoss": 141954.046875, "Name": "'PRIVATE ACCESS ROAD'", "City": "null", "State": "null" }, "geometry": { "type": "Point", "coordinates": [ -122.2063, 38.009089 ] } },
{ "type": "Feature", "properties": { "FacilityType": "HighwayBridge", "FacilityId": "CA007105", "Anchor": "null", "FoundationType": "null", "eqBldgType": "null", "DesignLevel": "null", "SoilType": "D", "LqfSusCat": 0, "LndSusCat": 0, "WaterDepth": 5.0, "Distance": "null", "PGA": 0.71104931831359863, "PGV": 38.343650817871094, "Sa03": 1.7765729427337646, "Sa10": 1.066614031791687, "LqfSettlPGD": 0.0, "LqfSprPGD": 0.0, "LqfProb": 0.0, "LndPGD": 0.0, "LndProb": 0.0, "SufFltRuptPGD": 29.523393630981445, "SurfFltRuptProb": 0.5, "PDsNone": 0.3885, "PDsSlight": 0.0, "PDsModerate": 0.1319, "PDsExtensive": 0.1945, "PDsComplete": 0.2849, "PDsExceedSlight": 0.6114, "PDsExceedModerate": 0.6114, "PDsExceedExtensive": 0.4795, "FunctDay1": 43.9, "FunctDay3": 47.8, "FunctDay7": 53.0, "FunctDay14": 54.1, "FunctDay30": 55.7, "FunctDay90": 67.3, "EconLoss": 59629.23046875, "Name": "'HILLSIDE'", "City": "null", "State": "null" }, "geometry": { "type": "Point", "coordinates": [ -122.396642, 37.932786 ] } },
{ "type": "Feature", "properties": { "FacilityType": "HighwayBridge", "FacilityId": "CA007106", "Anchor": "null", "FoundationType": "null", "eqBldgType": "null", "DesignLevel": "null", "SoilType": "D", "LqfSusCat": 0, "LndSusCat": 0, "WaterDepth": 5.0, "Distance": "null", "PGA": 0.74830800294876099, "PGV": 32.61968994140625, "Sa03": 1.848130464553833, "Sa10": 0.93514639139175415, "LqfSettlPGD": 0.0, "LqfSprPGD": 0.0, "LqfProb": 0.0, "LndPGD": 0.0, "LndProb": 0.0, "SufFltRuptPGD": 29.523393630981445, "SurfFltRuptProb": 0.5, "PDsNone": 0.4745, "PDsSlight": 0.0, "PDsModerate": 0.1321, "PDsExtensive": 0.1778, "PDsComplete": 0.2154, "PDsExceedSlight": 0.5254, "PDsExceedModerate": 0.5254, "PDsExceedExtensive": 0.3933, "FunctDay1": 52.3, "FunctDay3": 56.2, "FunctDay7": 61.4, "FunctDay14": 62.4, "FunctDay30": 63.9, "FunctDay90": 74.2, "EconLoss": 6426623.5, "Name": "'SAN PABLO  ETC.  UP RR'", "City": "null", "State": "null" }, "geometry": { "type": "Point", "coordinates": [ -122.228114, 38.052517 ] } },
{ "type": "Feature", "properties": { "FacilityType": "HighwayBridge", "FacilityId": "CA007107", "Anchor": "null", "FoundationType": "null", "eqBldgType": "null", "DesignLevel": "null", "SoilType": "D", "LqfSusCat": 0, "LndSusCat": 0, "WaterDepth": 5.0, "Distance": "null", "PGA": 0.74830800294876099, "PGV": 32.61968994140625, "Sa03": 1.848130464553833, "Sa10": 0.93514639139175415, "LqfSettlPGD": 0.0, "LqfSprPGD": 0.0, "LqfProb": 0.0, "LndPGD": 0.0, "LndProb": 0.0, "SufFltRuptPGD": 29.523393630981445, "SurfFltRuptProb": 0.5, "PDsNone": 0.4745, "PDsSlight": 0.0, "PDsModerate": 0.1321, "PDsExtensive": 0.1778, "PDsComplete": 0.2154, "PDsExceedSlight": 0.5254, "PDsExceedModerate": 0.5254, "PDsExceedExtensive": 0.3933, "FunctDay1": 52.3, "FunctDay3": 56.2, "FunctDay7": 61.4, "FunctDay14": 62.4, "FunctDay30": 63.9, "FunctDay90": 74.2, "EconLoss": 1470602.0, "Name": "'WANDA  POMONA  VIRGINIA'", "City": "null", "State": "null" }, "geometry": { "type": "Point", "coordinates": [ -122.228322, 38.052678 ] } },
{ "type": "Feature", "properties": { "FacilityType": "HighwayBridge", "FacilityId": "CA007108", "Anchor": "null", "FoundationType": "null", "eqBldgType": "null", "DesignLevel": "null", "SoilType": "D", "LqfSusCat": 0, "LndSusCat": 0, "WaterDepth": 5.0, "Distance": "null", "PGA": 0.74830800294876099, "PGV": 32.61968994140625, "Sa03": 1.848130464553833, "Sa10": 0.93514639139175415, "LqfSettlPGD": 0.0, "LqfSprPGD": 0.0, "LqfProb": 0.0, "LndPGD": 0.0, "LndProb": 0.0, "SufFltRuptPGD": 29.523393630981445, "SurfFltRuptProb": 0.5, "PDsNone": 0.4745, "PDsSlight": 0.0, "PDsModerate": 0.1321, "PDsExtensive": 0.1778, "PDsComplete": 0.2154, "PDsExceedSlight": 0.5254, "PDsExceedModerate": 0.5254, "PDsExceedExtensive": 0.3933, "FunctDay1": 52.3, "FunctDay3": 56.2, "FunctDay7": 61.4, "FunctDay14": 62.4, "FunctDay30": 63.9, "FunctDay90": 74.2, "EconLoss": 1787092.875, "Name": "'POMONA ST  WANDA ST'", "City": "null", "State": "null" }, "geometry": { "type": "Point", "coordinates": [ -122.227917, 38.052036 ] } },
{ "type": "Feature", "properties": { "FacilityType": "HighwayBridge", "FacilityId": "CA007109", "Anchor": "null", "FoundationType": "null", "eqBldgType": "null", "DesignLevel": "null", "SoilType": "D", "LqfSusCat": 0, "LndSusCat": 0, "WaterDepth": 5.0, "Distance": "null", "PGA": 0.74830800294876099, "PGV": 32.61968994140625, "Sa03": 1.848130464553833, "Sa10": 0.93514639139175415, "LqfSettlPGD": 0.0, "LqfSprPGD": 0.0, "LqfProb": 0.0, "LndPGD": 0.0, "LndProb": 0.0, "SufFltRuptPGD": 29.523393630981445, "SurfFltRuptProb": 0.5, "PDsNone": 0.4745, "PDsSlight": 0.0, "PDsModerate": 0.1321, "PDsExtensive": 0.1778, "PDsComplete": 0.2154, "PDsExceedSlight": 0.5254, "PDsExceedModerate": 0.5254, "PDsExceedExtensive": 0.3933, "FunctDay1": 52.3, "FunctDay3": 56.2, "FunctDay7": 61.4, "FunctDay14": 62.4, "FunctDay30": 63.9, "FunctDay90": 74.2, "EconLoss": 1233729.875, "Name": "'DOWRELIO DR'", "City": "null", "State": "null" }, "geometry": { "type": "Point", "coordinates": [ -122.227803, 38.054481 ] } },
{ "type": "Feature", "properties": { "FacilityType": "HighwayBridge", "FacilityId": "CA007110", "Anchor": "null", "FoundationType": "null", "eqBldgType": "null", "DesignLevel": "null", "SoilType": "D", "LqfSusCat": 0, "LndSusCat": 0, "WaterDepth": 5.0, "Distance": "null", "PGA": 0.76457589864730835, "PGV": 33.199306488037109, "Sa03": 1.8811763525009155, "Sa10": 0.93338006734848022, "LqfSettlPGD": 0.0, "LqfSprPGD": 0.0, "LqfProb": 0.0, "LndPGD": 0.0, "LndProb": 0.0, "SufFltRuptPGD": 29.523393630981445, "SurfFltRuptProb": 0.5, "PDsNone": 0.3985, "PDsSlight": 0.1471, "PDsModerate": 0.1165, "PDsExtensive": 0.1788, "PDsComplete": 0.1588, "PDsExceedSlight": 0.6014, "PDsExceedModerate": 0.4542, "PDsExceedExtensive": 0.3376, "FunctDay1": 55.2, "FunctDay3": 62.3, "FunctDay7": 66.9, "FunctDay14": 67.9, "FunctDay30": 69.2, "FunctDay90": 79.2, "EconLoss": 501388.6875, "Name": "'FRANKLIN CANYON RD'", "City": "null", "State": "null" }, "geometry": { "type": "Point", "coordinates": [ -122.228517, 38.010167 ] } },
{ "type": "Feature", "properties": { "FacilityType": "HighwayBridge", "FacilityId": "CA007111", "Anchor": "null", "FoundationType": "null", "eqBldgType": "null", "DesignLevel": "null", "SoilType": "D", "LqfSusCat": 0, "LndSusCat": 0, "WaterDepth": 5.0, "Distance": "null", "PGA": 0.54588890075683594, "PGV": 23.135929107666016, "Sa03": 1.3937472105026245, "Sa10": 0.70402932167053223, "LqfSettlPGD": 0.0, "LqfSprPGD": 0.0, "LqfProb": 0.0, "LndPGD": 0.0, "LndProb": 0.0, "SufFltRuptPGD": 29.523393630981445, "SurfFltRuptProb": 0.5, "PDsNone": 0.5843, "PDsSlight": 0.1363, "PDsModerate": 0.0922, "PDsExtensive": 0.1161, "PDsComplete": 0.0708, "PDsExceedSlight": 0.4156, "PDsExceedModerate": 0.2793, "PDsExceedExtensive": 0.187, "FunctDay1": 71.8, "FunctDay3": 77.9, "FunctDay7": 81.6, "FunctDay14": 82.3, "FunctDay30": 83.1, "FunctDay90": 89.4, "EconLoss": 335986.25, "Name": "'SAN JOSE AVENUE'", "City": "null", "State": "null" }, "geometry": { "type": "Point", "coordinates": [ -121.739792, 37.940011 ] } },
{ "type": "Feature", "properties": { "FacilityType": "HighwayBridge", "FacilityId": "CA007112", "Anchor": "null", "FoundationType": "null", "eqBldgType": "null", "DesignLevel": "null", "SoilType": "D", "LqfSusCat": 0, "LndSusCat": 0, "WaterDepth": 5.0, "Distance": "null", "PGA": 0.54588890075683594, "PGV": 23.135929107666016, "Sa03": 1.3937472105026245, "Sa10": 0.70402932167053223, "LqfSettlPGD": 0.0, "LqfSprPGD": 0.0, "LqfProb": 0.0, "LndPGD": 0.0, "LndProb": 0.0, "SufFltRuptPGD": 29.523393630981445, "SurfFltRuptProb": 0.5, "PDsNone": 0.5843, "PDsSlight": 0.1186, "PDsModerate": 0.0956, "PDsExtensive": 0.1231, "PDsComplete": 0.0781, "PDsExceedSlight": 0.4156, "PDsExceedModerate": 0.2969, "PDsExceedExtensive": 0.2013, "FunctDay1": 70.6, "FunctDay3": 76.4, "FunctDay7": 80.2, "FunctDay14": 80.9, "FunctDay30": 81.8, "FunctDay90": 88.5, "EconLoss": 374317.46875, "Name": "'SAN JOSE AVENUE'", "City": "null", "State": "null" }, "geometry": { "type": "Point", "coordinates": [ -121.740258, 37.940003 ] } },
{ "type": "Feature", "properties": { "FacilityType": "HighwayBridge", "FacilityId": "CA007113", "Anchor": "null", "FoundationType": "null", "eqBldgType": "null", "DesignLevel": "null", "SoilType": "D", "LqfSusCat": 0, "LndSusCat": 0, "WaterDepth": 5.0, "Distance": "null", "PGA": 0.54588890075683594, "PGV": 23.135929107666016, "Sa03": 1.3937472105026245, "Sa10": 0.70402932167053223, "LqfSettlPGD": 0.0, "LqfSprPGD": 0.0, "LqfProb": 0.0, "LndPGD": 0.0, "LndProb": 0.0, "SufFltRuptPGD": 29.523393630981445, "SurfFltRuptProb": 0.5, "PDsNone": 0.5843, "PDsSlight": 0.1363, "PDsModerate": 0.0922, "PDsExtensive": 0.1161, "PDsComplete": 0.0708, "PDsExceedSlight": 0.4156, "PDsExceedModerate": 0.2793, "PDsExceedExtensive": 0.187, "FunctDay1": 71.8, "FunctDay3": 77.9, "FunctDay7": 81.6, "FunctDay14": 82.3, "FunctDay30": 83.1, "FunctDay90": 89.4, "EconLoss": 276686.03125, "Name": "'SAND CREEK'", "City": "null", "State": "null" }, "geometry": { "type": "Point", "coordinates": [ -121.743306, 37.947403 ] } },
{ "type": "Feature", "properties": { "FacilityType": "HighwayBridge", "FacilityId": "CA007114", "Anchor": "null", "FoundationType": "null", "eqBldgType": "null", "DesignLevel": "null", "SoilType": "D", "LqfSusCat": 0, "LndSusCat": 0, "WaterDepth": 5.0, "Distance": "null", "PGA": 0.54588890075683594, "PGV": 23.135929107666016, "Sa03": 1.3937472105026245, "Sa10": 0.70402932167053223, "LqfSettlPGD": 0.0, "LqfSprPGD": 0.0, "LqfProb": 0.0, "LndPGD": 0.0, "LndProb": 0.0, "SufFltRuptPGD": 29.523393630981445, "SurfFltRuptProb": 0.5, "PDsNone": 0.5843, "PDsSlight": 0.132, "PDsModerate": 0.0931, "PDsExtensive": 0.1178, "PDsComplete": 0.0726, "PDsExceedSlight": 0.4156, "PDsExceedModerate": 0.2836, "PDsExceedExtensive": 0.1905, "FunctDay1": 71.5, "FunctDay3": 77.6, "FunctDay7": 81.2, "FunctDay14": 81.9, "FunctDay30": 82.8, "FunctDay90": 89.2, "EconLoss": 356749.75, "Name": "'SAND CREEK'", "City": "null", "State": "null" }, "geometry": { "type": "Point", "coordinates": [ -121.743778, 37.947147 ] } },
{ "type": "Feature", "properties": { "FacilityType": "HighwayBridge", "FacilityId": "CA007115", "Anchor": "null", "FoundationType": "null", "eqBldgType": "null", "DesignLevel": "null", "SoilType": "D", "LqfSusCat": 0, "LndSusCat": 0, "WaterDepth": 5.0, "Distance": "null", "PGA": 0.54588890075683594, "PGV": 23.135929107666016, "Sa03": 1.3937472105026245, "Sa10": 0.70402932167053223, "LqfSettlPGD": 0.0, "LqfSprPGD": 0.0, "LqfProb": 0.0, "LndPGD": 0.0, "LndProb": 0.0, "SufFltRuptPGD": 29.523393630981445, "SurfFltRuptProb": 0.5, "PDsNone": 0.6396, "PDsSlight": 0.0, "PDsModerate": 0.1158, "PDsExtensive": 0.1311, "PDsComplete": 0.1133, "PDsExceedSlight": 0.3603, "PDsExceedModerate": 0.3603, "PDsExceedExtensive": 0.2444, "FunctDay1": 68.0, "FunctDay3": 71.3, "FunctDay7": 75.9, "FunctDay14": 76.7, "FunctDay30": 77.7, "FunctDay90": 85.0, "EconLoss": 645421.625, "Name": "'SAND CREEK ROAD'", "City": "null", "State": "null" }, "geometry": { "type": "Point", "coordinates": [ -121.741511, 37.943853 ] } },
{ "type": "Feature", "properties": { "FacilityType": "HighwayBridge", "FacilityId": "CA007116", "Anchor": "null", "FoundationType": "null", "eqBldgType": "null", "DesignLevel": "null", "SoilType": "D", "LqfSusCat": 0, "LndSusCat": 0, "WaterDepth": 5.0, "Distance": "null", "PGA": 0.54588890075683594, "PGV": 23.135929107666016, "Sa03": 1.3937472105026245, "Sa10": 0.70402932167053223, "LqfSettlPGD": 0.0, "LqfSprPGD": 0.0, "LqfProb": 0.0, "LndPGD": 0.0, "LndProb": 0.0, "SufFltRuptPGD": 29.523393630981445, "SurfFltRuptProb": 0.5, "PDsNone": 0.6375, "PDsSlight": 0.0, "PDsModerate": 0.1162, "PDsExtensive": 0.1317, "PDsComplete": 0.1144, "PDsExceedSlight": 0.3624, "PDsExceedModerate": 0.3624, "PDsExceedExtensive": 0.2462, "FunctDay1": 67.8, "FunctDay3": 71.2, "FunctDay7": 75.7, "FunctDay14": 76.6, "FunctDay30": 77.6, "FunctDay90": 84.9, "EconLoss": 761692.5625, "Name": "'SAND CREEK ROAD'", "City": "null", "State": "null" }, "geometry": { "type": "Point", "coordinates": [ -121.742081, 37.943769 ] } },
{ "type": "Feature", "properties": { "FacilityType": "HighwayBridge", "FacilityId": "CA007117", "Anchor": "null", "FoundationType": "null", "eqBldgType": "null", "DesignLevel": "null", "SoilType": "D", "LqfSusCat": 0, "LndSusCat": 0, "WaterDepth": 5.0, "Distance": "null", "PGA": 0.6755908727645874, "PGV": 27.875143051147461, "Sa03": 1.6690680980682373, "Sa10": 0.80134338140487671, "LqfSettlPGD": 0.0, "LqfSprPGD": 0.0, "LqfProb": 0.0, "LndPGD": 0.0, "LndProb": 0.0, "SufFltRuptPGD": 29.523393630981445, "SurfFltRuptProb": 0.5, "PDsNone": 0.5682, "PDsSlight": 0.0, "PDsModerate": 0.1254, "PDsExtensive": 0.1532, "PDsComplete": 0.153, "PDsExceedSlight": 0.4317, "PDsExceedModerate": 0.4317, "PDsExceedExtensive": 0.3063, "FunctDay1": 61.3, "FunctDay3": 64.9, "FunctDay7": 69.8, "FunctDay14": 70.8, "FunctDay30": 72.0, "FunctDay90": 80.7, "EconLoss": 2131217.25, "Name": "'STATE ROUTE 4'", "City": "null", "State": "null" }, "geometry": { "type": "Point", "coordinates": [ -121.882939, 38.015744 ] } },
{ "type": "Feature", "properties": { "FacilityType": "HighwayBridge", "FacilityId": "CA007118", "Anchor": "null", "FoundationType": "null", "eqBldgType": "null", "DesignLevel": "null", "SoilType": "D", "LqfSusCat": 0, "LndSusCat": 0, "WaterDepth": 5.0, "Distance": "null", "PGA": 0.6755908727645874, "PGV": 27.875143051147461, "Sa03": 1.6690680980682373, "Sa10": 0.80134338140487671, "LqfSettlPGD": 0.0, "LqfSprPGD": 0.0, "LqfProb": 0.0, "LndPGD": 0.0, "LndProb": 0.0, "SufFltRuptPGD": 29.523393630981445, "SurfFltRuptProb": 0.5, "PDsNone": 0.5766, "PDsSlight": 0.0, "PDsModerate": 0.1245, "PDsExtensive": 0.1507, "PDsComplete": 0.148, "PDsExceedSlight": 0.4233, "PDsExceedModerate": 0.4233, "PDsExceedExtensive": 0.2988, "FunctDay1": 62.1, "FunctDay3": 65.7, "FunctDay7": 70.6, "FunctDay14": 71.5, "FunctDay30": 72.7, "FunctDay90": 81.2, "EconLoss": 2787322.0, "Name": "'STATE ROUTE 4'", "City": "null", "State": "null" }, "geometry": { "type": "Point", "coordinates": [ -121.889528, 38.017358 ] } },
{ "type": "Feature", "properties": { "FacilityType": "HighwayBridge", "FacilityId": "CA007119", "Anchor": "null", "FoundationType": "null", "eqBldgType": "null", "DesignLevel": "null", "SoilType": "D", "LqfSusCat": 0, "LndSusCat": 0, "WaterDepth": 5.0, "Distance": "null", "PGA": 0.74830800294876099, "PGV": 32.61968994140625, "Sa03": 1.848130464553833, "Sa10": 0.93514639139175415, "LqfSettlPGD": 0.0, "LqfSprPGD": 0.0, "LqfProb": 0.0, "LndPGD": 0.0, "LndProb": 0.0, "SufFltRuptPGD": 29.523393630981445, "SurfFltRuptProb": 0.5, "PDsNone": 0.4517, "PDsSlight": 0.0, "PDsModerate": 0.1326, "PDsExtensive": 0.1829, "PDsComplete": 0.2326, "PDsExceedSlight": 0.5482, "PDsExceedModerate": 0.5482, "PDsExceedExtensive": 0.4155, "FunctDay1": 50.1, "FunctDay3": 54.0, "FunctDay7": 59.2, "FunctDay14": 60.3, "FunctDay30": 61.8, "FunctDay90": 72.4, "EconLoss": 948379.875, "Name": "'INTERSTATE 80'", "City": "null", "State": "null" }, "geometry": { "type": "Point", "coordinates": [ -122.255675, 38.030186 ] } },
{ "type": "Feature", "properties": { "FacilityType": "HighwayBridge", "FacilityId": "CA007120", "Anchor": "null", "FoundationType": "null", "eqBldgType": "null", "DesignLevel": "null", "SoilType": "D", "LqfSusCat": 0, "LndSusCat": 0, "WaterDepth": 5.0, "Distance": "null", "PGA": 0.52618581056594849, "PGV": 21.990455627441406, "Sa03": 1.3398592472076416, "Sa10": 0.67062509059906006, "LqfSettlPGD": 0.0, "LqfSprPGD": 0.0, "LqfProb": 0.0, "LndPGD": 0.0, "LndProb": 0.0, "SufFltRuptPGD": 29.523393630981445, "SurfFltRuptProb": 0.5, "PDsNone": 0.6694, "PDsSlight": 0.0, "PDsModerate": 0.1107, "PDsExtensive": 0.1212, "PDsComplete": 0.0985, "PDsExceedSlight": 0.3305, "PDsExceedModerate": 0.3305, "PDsExceedExtensive": 0.2197, "FunctDay1": 70.8, "FunctDay3": 74.0, "FunctDay7": 78.3, "FunctDay14": 79.1, "FunctDay30": 80.0, "FunctDay90": 86.7, "EconLoss": 771010.25, "Name": "'STATE ROUTE 4'", "City": "null", "State": "null" }, "geometry": { "type": "Point", "coordinates": [ -121.758681, 37.990767 ] } },
{ "type": "Feature", "properties": { "FacilityType": "HighwayBridge", "FacilityId": "CA007121", "Anchor": "null", "FoundationType": "null", "eqBldgType": "null", "DesignLevel": "null", "SoilType": "D", "LqfSusCat": 0, "LndSusCat": 0, "WaterDepth": 5.0, "Distance": "null", "PGA": 0.52618581056594849, "PGV": 21.990455627441406, "Sa03": 1.3398592472076416, "Sa10": 0.67062509059906006, "LqfSettlPGD": 0.0, "LqfSprPGD": 0.0, "LqfProb": 0.0, "LndPGD": 0.0, "LndProb": 0.0, "SufFltRuptPGD": 29.523393630981445, "SurfFltRuptProb": 0.5, "PDsNone": 0.6444, "PDsSlight": 0.0, "PDsModerate": 0.115, "PDsExtensive": 0.1295, "PDsComplete": 0.1108, "PDsExceedSlight": 0.3555, "PDsExceedModerate": 0.3555, "PDsExceedExtensive": 0.2404, "FunctDay1": 68.4, "FunctDay3": 71.8, "FunctDay7": 76.3, "FunctDay14": 77.1, "FunctDay30": 78.1, "FunctDay90": 85.3, "EconLoss": 1605216.125, "Name": "'CONTRA COSTA CANAL'", "City": "null", "State": "null" }, "geometry": { "type": "Point", "coordinates": [ -121.747508, 37.983636 ] } },
{ "type": "Feature", "properties": { "FacilityType": "HighwayBridge", "FacilityId": "CA007122", "Anchor": "null", "FoundationType": "null", "eqBldgType": "null", "DesignLevel": "null", "SoilType": "D", "LqfSusCat": 0, "LndSusCat": 0, "WaterDepth": 5.0, "Distance": "null", "PGA": 0.52618581056594849, "PGV": 21.990455627441406, "Sa03": 1.3398592472076416, "Sa10": 0.67062509059906006, "LqfSettlPGD": 0.0, "LqfSprPGD": 0.0, "LqfProb": 0.0, "LndPGD": 0.0, "LndProb": 0.0, "SufFltRuptPGD": 29.523393630981445, "SurfFltRuptProb": 0.5, "PDsNone": 0.6532, "PDsSlight": 0.0, "PDsModerate": 0.1136, "PDsExtensive": 0.1266, "PDsComplete": 0.1064, "PDsExceedSlight": 0.3467, "PDsExceedModerate": 0.3467, "PDsExceedExtensive": 0.2331, "FunctDay1": 69.3, "FunctDay3": 72.5, "FunctDay7": 77.0, "FunctDay14": 77.8, "FunctDay30": 78.8, "FunctDay90": 85.8, "EconLoss": 1326976.25, "Name": "'CONTRA COSTA CANAL'", "City": "null", "State": "null" }, "geometry": { "type": "Point", "coordinates": [ -121.747894, 37.983633 ] } },
{ "type": "Feature", "properties": { "FacilityType": "HighwayBridge", "FacilityId": "CA007123", "Anchor": "null", "FoundationType": "null", "eqBldgType": "null", "DesignLevel": "null", "SoilType": "D", "LqfSusCat": 0, "LndSusCat": 0, "WaterDepth": 5.0, "Distance": "null", "PGA": 0.52618581056594849, "PGV": 21.990455627441406, "Sa03": 1.3398592472076416, "Sa10": 0.67062509059906006, "LqfSettlPGD": 0.0, "LqfSprPGD": 0.0, "LqfProb": 0.0, "LndPGD": 0.0, "LndProb": 0.0, "SufFltRuptPGD": 29.523393630981445, "SurfFltRuptProb": 0.5, "PDsNone": 0.6843, "PDsSlight": 0.0, "PDsModerate": 0.1079, "PDsExtensive": 0.1161, "PDsComplete": 0.0915, "PDsExceedSlight": 0.3156, "PDsExceedModerate": 0.3156, "PDsExceedExtensive": 0.2076, "FunctDay1": 72.1, "FunctDay3": 75.3, "FunctDay7": 79.5, "FunctDay14": 80.2, "FunctDay30": 81.1, "FunctDay90": 87.5, "EconLoss": 1373038.25, "Name": "'STATE ROUTE 4'", "City": "null", "State": "null" }, "geometry": { "type": "Point", "coordinates": [ -121.743867, 37.979225 ] } },
{ "type": "Feature", "properties": { "FacilityType": "HighwayBridge", "FacilityId": "CA007124", "Anchor": "null", "FoundationType": "null", "eqBldgType": "null", "DesignLevel": "null", "SoilType": "D", "LqfSusCat": 0, "LndSusCat": 0, "WaterDepth": 5.0, "Distance": "null", "PGA": 0.54588890075683594, "PGV": 23.135929107666016, "Sa03": 1.3937472105026245, "Sa10": 0.70402932167053223, "LqfSettlPGD": 0.0, "LqfSprPGD": 0.0, "LqfProb": 0.0, "LndPGD": 0.0, "LndProb": 0.0, "SufFltRuptPGD": 29.523393630981445, "SurfFltRuptProb": 0.5, "PDsNone": 0.62, "PDsSlight": 0.0, "PDsModerate": 0.1188, "PDsExtensive": 0.1374, "PDsComplete": 0.1236, "PDsExceedSlight": 0.3799, "PDsExceedModerate": 0.3799, "PDsExceedExtensive": 0.261, "FunctDay1": 66.2, "FunctDay3": 69.6, "FunctDay7": 74.3, "FunctDay14": 75.1, "FunctDay30": 76.2, "FunctDay90": 83.9, "EconLoss": 1166661.625, "Name": "'LONE TREE WAY'", "City": "null", "State": "null" }, "geometry": { "type": "Point", "coordinates": [ -121.742664, 37.961919 ] } },
{ "type": "Feature", "properties": { "FacilityType": "HighwayBridge", "FacilityId": "CA007125", "Anchor": "null", "FoundationType": "null", "eqBldgType": "null", "DesignLevel": "null", "SoilType": "D", "LqfSusCat": 0, "LndSusCat": 0, "WaterDepth": 5.0, "Distance": "null", "PGA": 0.54588890075683594, "PGV": 23.135929107666016, "Sa03": 1.3937472105026245, "Sa10": 0.70402932167053223, "LqfSettlPGD": 0.0, "LqfSprPGD": 0.0, "LqfProb": 0.0, "LndPGD": 0.0, "LndProb": 0.0, "SufFltRuptPGD": 29.523393630981445, "SurfFltRuptProb": 0.5, "PDsNone": 0.6229, "PDsSlight": 0.0, "PDsModerate": 0.1184, "PDsExtensive": 0.1365, "PDsComplete": 0.1221, "PDsExceedSlight": 0.377, "PDsExceedModerate": 0.377, "PDsExceedExtensive": 0.2586, "FunctDay1": 66.4, "FunctDay3": 69.9, "FunctDay7": 74.5, "FunctDay14": 75.4, "FunctDay30": 76.4, "FunctDay90": 84.0, "EconLoss": 844550.4375, "Name": "'LONE TREE WAY'", "City": "null", "State": "null" }, "geometry": { "type": "Point", "coordinates": [ -121.743183, 37.961894 ] } },
{ "type": "Feature", "properties": { "FacilityType": "HighwayBridge", "FacilityId": "CA007126", "Anchor": "null", "FoundationType": "null", "eqBldgType": "null", "DesignLevel": "null", "SoilType": "D", "LqfSusCat": 0, "LndSusCat": 0, "WaterDepth": 5.0, "Distance": "null", "PGA": 0.5400269627571106, "PGV": 23.361949920654297, "Sa03": 1.3766359090805054, "Sa10": 0.70610624551773071, "LqfSettlPGD": 0.0, "LqfSprPGD": 0.0, "LqfProb": 0.0, "LndPGD": 0.0, "LndProb": 0.0, "SufFltRuptPGD": 29.523393630981445, "SurfFltRuptProb": 0.5, "PDsNone": 0.5824, "PDsSlight": 0.1366, "PDsModerate": 0.0925, "PDsExtensive": 0.1168, "PDsComplete": 0.0715, "PDsExceedSlight": 0.4175, "PDsExceedModerate": 0.2809, "PDsExceedExtensive": 0.1883, "FunctDay1": 71.7, "FunctDay3": 77.8, "FunctDay7": 81.4, "FunctDay14": 82.1, "FunctDay30": 83.0, "FunctDay90": 89.3, "EconLoss": 376763.625, "Name": "'STATE ROUTE 4'", "City": "null", "State": "null" }, "geometry": { "type": "Point", "coordinates": [ -121.724714, 37.90655 ] } },
{ "type": "Feature", "properties": { "FacilityType": "HighwayBridge", "FacilityId": "CA007127", "Anchor": "null", "FoundationType": "null", "eqBldgType": "null", "DesignLevel": "null", "SoilType": "D", "LqfSusCat": 0, "LndSusCat": 0, "WaterDepth": 5.0, "Distance": "null", "PGA": 0.5400269627571106, "PGV": 23.361949920654297, "Sa03": 1.3766359090805054, "Sa10": 0.70610624551773071, "LqfSettlPGD": 0.0, "LqfSprPGD": 0.0, "LqfProb": 0.0, "LndPGD": 0.0, "LndProb": 0.0, "SufFltRuptPGD": 29.523393630981445, "SurfFltRuptProb": 0.5, "PDsNone": 0.5824, "PDsSlight": 0.1188, "PDsModerate": 0.0959, "PDsExtensive": 0.1238, "PDsComplete": 0.0788, "PDsExceedSlight": 0.4175, "PDsExceedModerate": 0.2986, "PDsExceedExtensive": 0.2026, "FunctDay1": 70.5, "FunctDay3": 76.3, "FunctDay7": 80.0, "FunctDay14": 80.8, "FunctDay30": 81.7, "FunctDay90": 88.4, "EconLoss": 596726.9375, "Name": "'MARSH CREEK'", "City": "null", "State": "null" }, "geometry": { "type": "Point", "coordinates": [ -121.717183, 37.898522 ] } },
{ "type": "Feature", "properties": { "FacilityType": "HighwayBridge", "FacilityId": "CA007128", "Anchor": "null", "FoundationType": "null", "eqBldgType": "null", "DesignLevel": "null", "SoilType": "D", "LqfSusCat": 0, "LndSusCat": 0, "WaterDepth": 5.0, "Distance": "null", "PGA": 0.62511557340621948, "PGV": 26.522377014160156, "Sa03": 1.5736724138259888, "Sa10": 0.79263198375701904, "LqfSettlPGD": 0.0, "LqfSprPGD": 0.0, "LqfProb": 0.0, "LndPGD": 0.0, "LndProb": 0.0, "SufFltRuptPGD": 29.523393630981445, "SurfFltRuptProb": 0.5, "PDsNone": 0.4633, "PDsSlight": 0.0, "PDsModerate": 0.1324, "PDsExtensive": 0.1803, "PDsComplete": 0.2237, "PDsExceedSlight": 0.5366, "PDsExceedModerate": 0.5366, "PDsExceedExtensive": 0.4041, "FunctDay1": 51.2, "FunctDay3": 55.1, "FunctDay7": 60.3, "FunctDay14": 61.4, "FunctDay30": 62.9, "FunctDay90": 73.3, "EconLoss": 4967393.5, "Name": "'STATE ROUTE 4'", "City": "null", "State": "null" }, "geometry": { "type": "Point", "coordinates": [ -121.867403, 38.011806 ] } },
{ "type": "Feature", "properties": { "FacilityType": "HighwayBridge", "FacilityId": "CA007129", "Anchor": "null", "FoundationType": "null", "eqBldgType": "null", "DesignLevel": "null", "SoilType": "D", "LqfSusCat": 0, "LndSusCat": 0, "WaterDepth": 5.0, "Distance": "null", "PGA": 0.62511557340621948, "PGV": 26.522377014160156, "Sa03": 1.5736724138259888, "Sa10": 0.79263198375701904, "LqfSettlPGD": 0.0, "LqfSprPGD": 0.0, "LqfProb": 0.0, "LndPGD": 0.0, "LndProb": 0.0, "SufFltRuptPGD": 29.523393630981445, "SurfFltRuptProb": 0.5, "PDsNone": 0.5061, "PDsSlight": 0.1445, "PDsModerate": 0.1045, "PDsExtensive": 0.1429, "PDsComplete": 0.1017, "PDsExceedSlight": 0.4938, "PDsExceedModerate": 0.3492, "PDsExceedExtensive": 0.2447, "FunctDay1": 65.1, "FunctDay3": 71.8, "FunctDay7": 75.9, "FunctDay14": 76.8, "FunctDay30": 77.8, "FunctDay90": 85.6, "EconLoss": 575912.4375, "Name": "'CENTURY BLVD'", "City": "null", "State": "null" }, "geometry": { "type": "Point", "coordinates": [ -121.855208, 38.008939 ] } },
{ "type": "Feature", "properties": { "FacilityType": "HighwayBridge", "FacilityId": "CA007130", "Anchor": "null", "FoundationType": "null", "eqBldgType": "null", "DesignLevel": "null", "SoilType": "D", "LqfSusCat": 0, "LndSusCat": 0, "WaterDepth": 5.0, "Distance": "null", "PGA": 0.62511557340621948, "PGV": 26.522377014160156, "Sa03": 1.5736724138259888, "Sa10": 0.79263198375701904, "LqfSettlPGD": 0.0, "LqfSprPGD": 0.0, "LqfProb": 0.0, "LndPGD": 0.0, "LndProb": 0.0, "SufFltRuptPGD": 29.523393630981445, "SurfFltRuptProb": 0.5, "PDsNone": 0.5061, "PDsSlight": 0.1445, "PDsModerate": 0.1045, "PDsExtensive": 0.1429, "PDsComplete": 0.1017, "PDsExceedSlight": 0.4938, "PDsExceedModerate": 0.3492, "PDsExceedExtensive": 0.2447, "FunctDay1": 65.1, "FunctDay3": 71.8, "FunctDay7": 75.9, "FunctDay14": 76.8, "FunctDay30": 77.8, "FunctDay90": 85.6, "EconLoss": 575912.4375, "Name": "'CENTURY BLVD'", "City": "null", "State": "null" }, "geometry": { "type": "Point", "coordinates": [ -121.855372, 38.008556 ] } },
{ "type": "Feature", "properties": { "FacilityType": "HighwayBridge", "FacilityId": "CA007131", "Anchor": "null", "FoundationType": "null", "eqBldgType": "null", "DesignLevel": "null", "SoilType": "D", "LqfSusCat": 0, "LndSusCat": 0, "WaterDepth": 5.0, "Distance": "null", "PGA": 0.62511557340621948, "PGV": 26.522377014160156, "Sa03": 1.5736724138259888, "Sa10": 0.79263198375701904, "LqfSettlPGD": 0.0, "LqfSprPGD": 0.0, "LqfProb": 0.0, "LndPGD": 0.0, "LndProb": 0.0, "SufFltRuptPGD": 29.523393630981445, "SurfFltRuptProb": 0.5, "PDsNone": 0.5692, "PDsSlight": 0.0, "PDsModerate": 0.1253, "PDsExtensive": 0.1529, "PDsComplete": 0.1524, "PDsExceedSlight": 0.4307, "PDsExceedModerate": 0.4307, "PDsExceedExtensive": 0.3053, "FunctDay1": 61.4, "FunctDay3": 65.0, "FunctDay7": 69.9, "FunctDay14": 70.9, "FunctDay30": 72.1, "FunctDay90": 80.7, "EconLoss": 509866.125, "Name": "'SOMERSVILLE ROAD'", "City": "null", "State": "null" }, "geometry": { "type": "Point", "coordinates": [ -121.837533, 38.004181 ] } },
{ "type": "Feature", "properties": { "FacilityType": "HighwayBridge", "FacilityId": "CA007132", "Anchor": "null", "FoundationType": "null", "eqBldgType": "null", "DesignLevel": "null", "SoilType": "D", "LqfSusCat": 0, "LndSusCat": 0, "WaterDepth": 5.0, "Distance": "null", "PGA": 0.62511557340621948, "PGV": 26.522377014160156, "Sa03": 1.5736724138259888, "Sa10": 0.79263198375701904, "LqfSettlPGD": 0.0, "LqfSprPGD": 0.0, "LqfProb": 0.0, "LndPGD": 0.0, "LndProb": 0.0, "SufFltRuptPGD": 29.523393630981445, "SurfFltRuptProb": 0.5, "PDsNone": 0.5591, "PDsSlight": 0.0, "PDsModerate": 0.1264, "PDsExtensive": 0.1558, "PDsComplete": 0.1586, "PDsExceedSlight": 0.4408, "PDsExceedModerate": 0.4408, "PDsExceedExtensive": 0.3144, "FunctDay1": 60.4, "FunctDay3": 64.1, "FunctDay7": 69.1, "FunctDay14": 70.0, "FunctDay30": 71.3, "FunctDay90": 80.1, "EconLoss": 1432993.875, "Name": "'SOMERSVILLE ROAD'", "City": "null", "State": "null" }, "geometry": { "type": "Point", "coordinates": [ -121.837814, 38.003997 ] } },
{ "type": "Feature", "properties": { "FacilityType": "HighwayBridge", "FacilityId": "CA007133", "Anchor": "null", "FoundationType": "null", "eqBldgType": "null", "DesignLevel": "null", "SoilType": "D", "LqfSusCat": 0, "LndSusCat": 0, "WaterDepth": 5.0, "Distance": "null", "PGA": 0.62511557340621948, "PGV": 26.522377014160156, "Sa03": 1.5736724138259888, "Sa10": 0.79263198375701904, "LqfSettlPGD": 0.0, "LqfSprPGD": 0.0, "LqfProb": 0.0, "LndPGD": 0.0, "LndProb": 0.0, "SufFltRuptPGD": 29.523393630981445, "SurfFltRuptProb": 0.5, "PDsNone": 0.5591, "PDsSlight": 0.0, "PDsModerate": 0.1264, "PDsExtensive": 0.1558, "PDsComplete": 0.1586, "PDsExceedSlight": 0.4408, "PDsExceedModerate": 0.4408, "PDsExceedExtensive": 0.3144, "FunctDay1": 60.4, "FunctDay3": 64.1, "FunctDay7": 69.1, "FunctDay14": 70.0, "FunctDay30": 71.3, "FunctDay90": 80.1, "EconLoss": 1432993.875, "Name": "'SOMERSVILLE ROAD'", "City": "null", "State": "null" }, "geometry": { "type": "Point", "coordinates": [ -121.837828, 38.003767 ] } },
{ "type": "Feature", "properties": { "FacilityType": "HighwayBridge", "FacilityId": "CA007134", "Anchor": "null", "FoundationType": "null", "eqBldgType": "null", "DesignLevel": "null", "SoilType": "D", "LqfSusCat": 0, "LndSusCat": 0, "WaterDepth": 5.0, "Distance": "null", "PGA": 0.57236021757125854, "PGV": 23.94725227355957, "Sa03": 1.4608070850372314, "Sa10": 0.72987604141235352, "LqfSettlPGD": 0.0, "LqfSprPGD": 0.0, "LqfProb": 0.0, "LndPGD": 0.0, "LndProb": 0.0, "SufFltRuptPGD": 29.523393630981445, "SurfFltRuptProb": 0.5, "PDsNone": 0.2642, "PDsSlight": 0.2965, "PDsModerate": 0.1921, "PDsExtensive": 0.1677, "PDsComplete": 0.0793, "PDsExceedSlight": 0.7357, "PDsExceedModerate": 0.4392, "PDsExceedExtensive": 0.247, "FunctDay1": 54.9, "FunctDay3": 67.9, "FunctDay7": 75.4, "FunctDay14": 76.7, "FunctDay30": 77.9, "FunctDay90": 86.8, "EconLoss": 831957.0625, "Name": "'CONTRA LOMA BLVD'", "City": "null", "State": "null" }, "geometry": { "type": "Point", "coordinates": [ -121.821139, 37.999583 ] } },
{ "type": "Feature", "properties": { "FacilityType": "HighwayBridge", "FacilityId": "CA007135", "Anchor": "null", "FoundationType": "null", "eqBldgType": "null", "DesignLevel": "null", "SoilType": "D", "LqfSusCat": 0, "LndSusCat": 0, "WaterDepth": 5.0, "Distance": "null", "PGA": 0.57236021757125854, "PGV": 23.94725227355957, "Sa03": 1.4608070850372314, "Sa10": 0.72987604141235352, "LqfSettlPGD": 0.0, "LqfSprPGD": 0.0, "LqfProb": 0.0, "LndPGD": 0.0, "LndProb": 0.0, "SufFltRuptPGD": 29.523393630981445, "SurfFltRuptProb": 0.5, "PDsNone": 0.2642, "PDsSlight": 0.2965, "PDsModerate": 0.1921, "PDsExtensive": 0.1677, "PDsComplete": 0.0793, "PDsExceedSlight": 0.7357, "PDsExceedModerate": 0.4392, "PDsExceedExtensive": 0.247, "FunctDay1": 54.9, "FunctDay3": 67.9, "FunctDay7": 75.4, "FunctDay14": 76.7, "FunctDay30": 77.9, "FunctDay90": 86.8, "EconLoss": 831957.0625, "Name": "'CONTRA LOMA BLVD'", "City": "null", "State": "null" }, "geometry": { "type": "Point", "coordinates": [ -121.821333, 37.999139 ] } },
{ "type": "Feature", "properties": { "FacilityType": "HighwayBridge", "FacilityId": "CA007136", "Anchor": "null", "FoundationType": "null", "eqBldgType": "null", "DesignLevel": "null", "SoilType": "D", "LqfSusCat": 0, "LndSusCat": 0, "WaterDepth": 5.0, "Distance": "null", "PGA": 0.57236021757125854, "PGV": 23.94725227355957, "Sa03": 1.4608070850372314, "Sa10": 0.72987604141235352, "LqfSettlPGD": 0.0, "LqfSprPGD": 0.0, "LqfProb": 0.0, "LndPGD": 0.0, "LndProb": 0.0, "SufFltRuptPGD": 29.523393630981445, "SurfFltRuptProb": 0.5, "PDsNone": 0.6169, "PDsSlight": 0.0, "PDsModerate": 0.1193, "PDsExtensive": 0.1384, "PDsComplete": 0.1253, "PDsExceedSlight": 0.383, "PDsExceedModerate": 0.383, "PDsExceedExtensive": 0.2637, "FunctDay1": 65.9, "FunctDay3": 69.3, "FunctDay7": 74.0, "FunctDay14": 74.9, "FunctDay30": 76.0, "FunctDay90": 83.7, "EconLoss": 1293431.5, "Name": "'STATE ROUTE 4'", "City": "null", "State": "null" }, "geometry": { "type": "Point", "coordinates": [ -121.815281, 37.998342 ] } },
{ "type": "Feature", "properties": { "FacilityType": "HighwayBridge", "FacilityId": "CA007137", "Anchor": "null", "FoundationType": "null", "eqBldgType": "null", "DesignLevel": "null", "SoilType": "D", "LqfSusCat": 0, "LndSusCat": 0, "WaterDepth": 5.0, "Distance": "null", "PGA": 0.57236021757125854, "PGV": 23.94725227355957, "Sa03": 1.4608070850372314, "Sa10": 0.72987604141235352, "LqfSettlPGD": 0.0, "LqfSprPGD": 0.0, "LqfProb": 0.0, "LndPGD": 0.0, "LndProb": 0.0, "SufFltRuptPGD": 29.523393630981445, "SurfFltRuptProb": 0.5, "PDsNone": 0.6365, "PDsSlight": 0.0, "PDsModerate": 0.1163, "PDsExtensive": 0.1321, "PDsComplete": 0.1149, "PDsExceedSlight": 0.3634, "PDsExceedModerate": 0.3634, "PDsExceedExtensive": 0.247, "FunctDay1": 67.7, "FunctDay3": 71.1, "FunctDay7": 75.6, "FunctDay14": 76.5, "FunctDay30": 77.5, "FunctDay90": 84.8, "EconLoss": 945478.6875, "Name": "'A STREET'", "City": "null", "State": "null" }, "geometry": { "type": "Point", "coordinates": [ -121.806319, 37.998444 ] } },
{ "type": "Feature", "properties": { "FacilityType": "HighwayBridge", "FacilityId": "CA007138", "Anchor": "null", "FoundationType": "null", "eqBldgType": "null", "DesignLevel": "null", "SoilType": "D", "LqfSusCat": 0, "LndSusCat": 0, "WaterDepth": 5.0, "Distance": "null", "PGA": 0.57236021757125854, "PGV": 23.94725227355957, "Sa03": 1.4608070850372314, "Sa10": 0.72987604141235352, "LqfSettlPGD": 0.0, "LqfSprPGD": 0.0, "LqfProb": 0.0, "LndPGD": 0.0, "LndProb": 0.0, "SufFltRuptPGD": 29.523393630981445, "SurfFltRuptProb": 0.5, "PDsNone": 0.6365, "PDsSlight": 0.0, "PDsModerate": 0.1163, "PDsExtensive": 0.1321, "PDsComplete": 0.1149, "PDsExceedSlight": 0.3634, "PDsExceedModerate": 0.3634, "PDsExceedExtensive": 0.247, "FunctDay1": 67.7, "FunctDay3": 71.1, "FunctDay7": 75.6, "FunctDay14": 76.5, "FunctDay30": 77.5, "FunctDay90": 84.8, "EconLoss": 945478.6875, "Name": "'A STREET'", "City": "null", "State": "null" }, "geometry": { "type": "Point", "coordinates": [ -121.806289, 37.998003 ] } },
{ "type": "Feature", "properties": { "FacilityType": "HighwayBridge", "FacilityId": "CA007139", "Anchor": "null", "FoundationType": "null", "eqBldgType": "null", "DesignLevel": "null", "SoilType": "D", "LqfSusCat": 0, "LndSusCat": 0, "WaterDepth": 5.0, "Distance": "null", "PGA": 0.57236021757125854, "PGV": 23.94725227355957, "Sa03": 1.4608070850372314, "Sa10": 0.72987604141235352, "LqfSettlPGD": 0.0, "LqfSprPGD": 0.0, "LqfProb": 0.0, "LndPGD": 0.0, "LndProb": 0.0, "SufFltRuptPGD": 29.523393630981445, "SurfFltRuptProb": 0.5, "PDsNone": 0.5607, "PDsSlight": 0.1386, "PDsModerate": 0.0963, "PDsExtensive": 0.1245, "PDsComplete": 0.0796, "PDsExceedSlight": 0.4392, "PDsExceedModerate": 0.3005, "PDsExceedExtensive": 0.2042, "FunctDay1": 69.8, "FunctDay3": 76.1, "FunctDay7": 79.9, "FunctDay14": 80.6, "FunctDay30": 81.6, "FunctDay90": 88.3, "EconLoss": 666285.375, "Name": "'CAVALLO ROAD'", "City": "null", "State": "null" }, "geometry": { "type": "Point", "coordinates": [ -121.798194, 37.998481 ] } },
{ "type": "Feature", "properties": { "FacilityType": "HighwayBridge", "FacilityId": "CA007140", "Anchor": "null", "FoundationType": "null", "eqBldgType": "null", "DesignLevel": "null", "SoilType": "D", "LqfSusCat": 0, "LndSusCat": 0, "WaterDepth": 5.0, "Distance": "null", "PGA": 0.57236021757125854, "PGV": 23.94725227355957, "Sa03": 1.4608070850372314, "Sa10": 0.72987604141235352, "LqfSettlPGD": 0.0, "LqfSprPGD": 0.0, "LqfProb": 0.0, "LndPGD": 0.0, "LndProb": 0.0, "SufFltRuptPGD": 29.523393630981445, "SurfFltRuptProb": 0.5, "PDsNone": 0.5607, "PDsSlight": 0.1386, "PDsModerate": 0.0963, "PDsExtensive": 0.1245, "PDsComplete": 0.0796, "PDsExceedSlight": 0.4392, "PDsExceedModerate": 0.3005, "PDsExceedExtensive": 0.2042, "FunctDay1": 69.8, "FunctDay3": 76.1, "FunctDay7": 79.9, "FunctDay14": 80.6, "FunctDay30": 81.6, "FunctDay90": 88.3, "EconLoss": 666285.375, "Name": "'CAVALLO ROAD'", "City": "null", "State": "null" }, "geometry": { "type": "Point", "coordinates": [ -121.798194, 37.997956 ] } },
{ "type": "Feature", "properties": { "FacilityType": "HighwayBridge", "FacilityId": "CA007141", "Anchor": "null", "FoundationType": "null", "eqBldgType": "null", "DesignLevel": "null", "SoilType": "D", "LqfSusCat": 0, "LndSusCat": 0, "WaterDepth": 5.0, "Distance": "null", "PGA": 0.52618581056594849, "PGV": 21.990455627441406, "Sa03": 1.3398592472076416, "Sa10": 0.67062509059906006, "LqfSettlPGD": 0.0, "LqfSprPGD": 0.0, "LqfProb": 0.0, "LndPGD": 0.0, "LndProb": 0.0, "SufFltRuptPGD": 29.523393630981445, "SurfFltRuptProb": 0.5, "PDsNone": 0.6156, "PDsSlight": 0.1316, "PDsModerate": 0.0866, "PDsExtensive": 0.1055, "PDsComplete": 0.0605, "PDsExceedSlight": 0.3843, "PDsExceedModerate": 0.2527, "PDsExceedExtensive": 0.166, "FunctDay1": 74.4, "FunctDay3": 80.2, "FunctDay7": 83.6, "FunctDay14": 84.3, "FunctDay30": 85.0, "FunctDay90": 90.7, "EconLoss": 481607.59375, "Name": "'BART TRACKS ACCESS ROAD'", "City": "null", "State": "null" }, "geometry": { "type": "Point", "coordinates": [ -121.772333, 37.994167 ] } },
{ "type": "Feature", "properties": { "FacilityType": "HighwayBridge", "FacilityId": "CA007142", "Anchor": "null", "FoundationType": "null", "eqBldgType": "null", "DesignLevel": "null", "SoilType": "D", "LqfSusCat": 0, "LndSusCat": 0, "WaterDepth": 5.0, "Distance": "null", "PGA": 0.52618581056594849, "PGV": 21.990455627441406, "Sa03": 1.3398592472076416, "Sa10": 0.67062509059906006, "LqfSettlPGD": 0.0, "LqfSprPGD": 0.0, "LqfProb": 0.0, "LndPGD": 0.0, "LndProb": 0.0, "SufFltRuptPGD": 29.523393630981445, "SurfFltRuptProb": 0.5, "PDsNone": 0.688, "PDsSlight": 0.0, "PDsModerate": 0.1072, "PDsExtensive": 0.1149, "PDsComplete": 0.0898, "PDsExceedSlight": 0.3119, "PDsExceedModerate": 0.3119, "PDsExceedExtensive": 0.2047, "FunctDay1": 72.5, "FunctDay3": 75.6, "FunctDay7": 79.8, "FunctDay14": 80.5, "FunctDay30": 81.4, "FunctDay90": 87.7, "EconLoss": 1717101.0, "Name": "'E4-N160 CONNECT  UPRR'", "City": "null", "State": "null" }, "geometry": { "type": "Point", "coordinates": [ -121.756639, 37.991611 ] } },
{ "type": "Feature", "properties": { "FacilityType": "HighwayBridge", "FacilityId": "CA007143", "Anchor": "null", "FoundationType": "null", "eqBldgType": "null", "DesignLevel": "null", "SoilType": "D", "LqfSusCat": 0, "LndSusCat": 0, "WaterDepth": 5.0, "Distance": "null", "PGA": 0.52618581056594849, "PGV": 21.990455627441406, "Sa03": 1.3398592472076416, "Sa10": 0.67062509059906006, "LqfSettlPGD": 0.0, "LqfSprPGD": 0.0, "LqfProb": 0.0, "LndPGD": 0.0, "LndProb": 0.0, "SufFltRuptPGD": 29.523393630981445, "SurfFltRuptProb": 0.5, "PDsNone": 0.6444, "PDsSlight": 0.0, "PDsModerate": 0.115, "PDsExtensive": 0.1295, "PDsComplete": 0.1108, "PDsExceedSlight": 0.3555, "PDsExceedModerate": 0.3555, "PDsExceedExtensive": 0.2404, "FunctDay1": 68.4, "FunctDay3": 71.8, "FunctDay7": 76.3, "FunctDay14": 77.1, "FunctDay30": 78.1, "FunctDay90": 85.3, "EconLoss": 1142176.75, "Name": "'ROUTE 4'", "City": "null", "State": "null" }, "geometry": { "type": "Point", "coordinates": [ -121.756142, 37.990578 ] } },
{ "type": "Feature", "properties": { "FacilityType": "HighwayBridge", "FacilityId": "CA007144", "Anchor": "null", "FoundationType": "null", "eqBldgType": "null", "DesignLevel": "null", "SoilType": "D", "LqfSusCat": 0, "LndSusCat": 0, "WaterDepth": 5.0, "Distance": "null", "PGA": 0.54588890075683594, "PGV": 23.135929107666016, "Sa03": 1.3937472105026245, "Sa10": 0.70402932167053223, "LqfSettlPGD": 0.0, "LqfSprPGD": 0.0, "LqfProb": 0.0, "LndPGD": 0.0, "LndProb": 0.0, "SufFltRuptPGD": 29.523393630981445, "SurfFltRuptProb": 0.5, "PDsNone": 0.2842, "PDsSlight": 0.3001, "PDsModerate": 0.1871, "PDsExtensive": 0.1576, "PDsComplete": 0.0708, "PDsExceedSlight": 0.7157, "PDsExceedModerate": 0.4156, "PDsExceedExtensive": 0.2285, "FunctDay1": 57.0, "FunctDay3": 69.9, "FunctDay7": 77.2, "FunctDay14": 78.4, "FunctDay30": 79.6, "FunctDay90": 87.9, "EconLoss": 1231293.75, "Name": "'BALFOUR ROAD'", "City": "null", "State": "null" }, "geometry": { "type": "Point", "coordinates": [ -121.733472, 37.925556 ] } },
{ "type": "Feature", "properties": { "FacilityType": "HighwayBridge", "FacilityId": "CA007145", "Anchor": "null", "FoundationType": "null", "eqBldgType": "null", "DesignLevel": "null", "SoilType": "D", "LqfSusCat": 0, "LndSusCat": 0, "WaterDepth": 5.0, "Distance": "null", "PGA": 0.54588890075683594, "PGV": 23.135929107666016, "Sa03": 1.3937472105026245, "Sa10": 0.70402932167053223, "LqfSettlPGD": 0.0, "LqfSprPGD": 0.0, "LqfProb": 0.0, "LndPGD": 0.0, "LndProb": 0.0, "SufFltRuptPGD": 29.523393630981445, "SurfFltRuptProb": 0.5, "PDsNone": 0.5843, "PDsSlight": 0.032, "PDsModerate": 0.1093, "PDsExtensive": 0.1553, "PDsComplete": 0.1189, "PDsExceedSlight": 0.4156, "PDsExceedModerate": 0.3835, "PDsExceedExtensive": 0.2742, "FunctDay1": 64.8, "FunctDay3": 68.8, "FunctDay7": 73.1, "FunctDay14": 73.9, "FunctDay30": 75.1, "FunctDay90": 83.6, "EconLoss": 957424.3125, "Name": "'DEER CREEK'", "City": "null", "State": "null" }, "geometry": { "type": "Point", "coordinates": [ -121.734028, 37.926944 ] } },
{ "type": "Feature", "properties": { "FacilityType": "HighwayBridge", "FacilityId": "CA007146", "Anchor": "null", "FoundationType": "null", "eqBldgType": "null", "DesignLevel": "null", "SoilType": "D", "LqfSusCat": 0, "LndSusCat": 0, "WaterDepth": 5.0, "Distance": "null", "PGA": 0.54588890075683594, "PGV": 23.135929107666016, "Sa03": 1.3937472105026245, "Sa10": 0.70402932167053223, "LqfSettlPGD": 0.0, "LqfSprPGD": 0.0, "LqfProb": 0.0, "LndPGD": 0.0, "LndProb": 0.0, "SufFltRuptPGD": 29.523393630981445, "SurfFltRuptProb": 0.5, "PDsNone": 0.5843, "PDsSlight": 0.1363, "PDsModerate": 0.0922, "PDsExtensive": 0.1161, "PDsComplete": 0.0708, "PDsExceedSlight": 0.4156, "PDsExceedModerate": 0.2793, "PDsExceedExtensive": 0.187, "FunctDay1": 71.8, "FunctDay3": 77.9, "FunctDay7": 81.6, "FunctDay14": 82.3, "FunctDay30": 83.1, "FunctDay90": 89.4, "EconLoss": 268849.375, "Name": "'DEER CREEK'", "City": "null", "State": "null" }, "geometry": { "type": "Point", "coordinates": [ -121.734083, 37.92625 ] } },
{ "type": "Feature", "properties": { "FacilityType": "HighwayBridge", "FacilityId": "CA007147", "Anchor": "null", "FoundationType": "null", "eqBldgType": "null", "DesignLevel": "null", "SoilType": "D", "LqfSusCat": 0, "LndSusCat": 0, "WaterDepth": 5.0, "Distance": "null", "PGA": 0.52618581056594849, "PGV": 21.990455627441406, "Sa03": 1.3398592472076416, "Sa10": 0.67062509059906006, "LqfSettlPGD": 0.0, "LqfSprPGD": 0.0, "LqfProb": 0.0, "LndPGD": 0.0, "LndProb": 0.0, "SufFltRuptPGD": 29.523393630981445, "SurfFltRuptProb": 0.5, "PDsNone": 0.688, "PDsSlight": 0.0, "PDsModerate": 0.1072, "PDsExtensive": 0.1149, "PDsComplete": 0.0898, "PDsExceedSlight": 0.3119, "PDsExceedModerate": 0.3119, "PDsExceedExtensive": 0.2047, "FunctDay1": 72.5, "FunctDay3": 75.6, "FunctDay7": 79.8, "FunctDay14": 80.5, "FunctDay30": 81.4, "FunctDay90": 87.7, "EconLoss": 779474.75, "Name": "'UPRR TRACKS'", "City": "null", "State": "null" }, "geometry": { "type": "Point", "coordinates": [ -121.756111, 37.991583 ] } },
{ "type": "Feature", "properties": { "FacilityType": "HighwayBridge", "FacilityId": "CA007148", "Anchor": "null", "FoundationType": "null", "eqBldgType": "null", "DesignLevel": "null", "SoilType": "D", "LqfSusCat": 0, "LndSusCat": 0, "WaterDepth": 5.0, "Distance": "null", "PGA": 0.77303975820541382, "PGV": 31.891193389892578, "Sa03": 1.8982447385787964, "Sa10": 0.90335595607757568, "LqfSettlPGD": 0.0, "LqfSprPGD": 0.0, "LqfProb": 0.0, "LndPGD": 0.0, "LndProb": 0.0, "SufFltRuptPGD": 29.523393630981445, "SurfFltRuptProb": 0.5, "PDsNone": 0.4197, "PDsSlight": 0.0686, "PDsModerate": 0.1198, "PDsExtensive": 0.1955, "PDsComplete": 0.1962, "PDsExceedSlight": 0.5802, "PDsExceedModerate": 0.5116, "PDsExceedExtensive": 0.3917, "FunctDay1": 51.6, "FunctDay3": 56.9, "FunctDay7": 61.6, "FunctDay14": 62.7, "FunctDay30": 64.2, "FunctDay90": 75.3, "EconLoss": 321767.375, "Name": "'ARROYO DEL HAMBRE'", "City": "null", "State": "null" }, "geometry": { "type": "Point", "coordinates": [ -122.137611, 38.017544 ] } },
{ "type": "Feature", "properties": { "FacilityType": "HighwayBridge", "FacilityId": "CA007149", "Anchor": "null", "FoundationType": "null", "eqBldgType": "null", "DesignLevel": "null", "SoilType": "D", "LqfSusCat": 0, "LndSusCat": 0, "WaterDepth": 5.0, "Distance": "null", "PGA": 0.6000664234161377, "PGV": 40.070621490478516, "Sa03": 1.5195895433425903, "Sa10": 1.3292993307113647, "LqfSettlPGD": 0.0, "LqfSprPGD": 0.0, "LqfProb": 0.0, "LndPGD": 0.0, "LndProb": 0.0, "SufFltRuptPGD": 29.523393630981445, "SurfFltRuptProb": 0.5, "PDsNone": 0.1583, "PDsSlight": 0.0, "PDsModerate": 0.094, "PDsExtensive": 0.1879, "PDsComplete": 0.5595, "PDsExceedSlight": 0.8416, "PDsExceedModerate": 0.8416, "PDsExceedExtensive": 0.7475, "FunctDay1": 20.3, "FunctDay3": 23.1, "FunctDay7": 26.9, "FunctDay14": 27.9, "FunctDay30": 29.8, "FunctDay90": 42.9, "EconLoss": 1370099.5, "Name": "'UP RR  BNSF RY  & AMTRAK'", "City": "null", "State": "null" }, "geometry": { "type": "Point", "coordinates": [ -122.098711, 38.026325 ] } },
{ "type": "Feature", "properties": { "FacilityType": "HighwayBridge", "FacilityId": "CA007150", "Anchor": "null", "FoundationType": "null", "eqBldgType": "null", "DesignLevel": "null", "SoilType": "D", "LqfSusCat": 0, "LndSusCat": 0, "WaterDepth": 5.0, "Distance": "null", "PGA": 0.6000664234161377, "PGV": 40.070621490478516, "Sa03": 1.5195895433425903, "Sa10": 1.3292993307113647, "LqfSettlPGD": 0.0, "LqfSprPGD": 0.0, "LqfProb": 0.0, "LndPGD": 0.0, "LndProb": 0.0, "SufFltRuptPGD": 29.523393630981445, "SurfFltRuptProb": 0.5, "PDsNone": 0.17, "PDsSlight": 0.0, "PDsModerate": 0.0, "PDsExtensive": 0.206, "PDsComplete": 0.6238, "PDsExceedSlight": 0.8299, "PDsExceedModerate": 0.8299, "PDsExceedExtensive": 0.8299, "FunctDay1": 18.9, "FunctDay3": 19.1, "FunctDay7": 19.4, "FunctDay14": 20.0, "FunctDay30": 22.0, "FunctDay90": 36.5, "EconLoss": 1809510.5, "Name": "'PACHECO SLOUGH'", "City": "null", "State": "null" }, "geometry": { "type": "Point", "coordinates": [ -122.081722, 38.031278 ] } },
{ "type": "Feature", "properties": { "FacilityType": "HighwayBridge", "FacilityId": "CA007151", "Anchor": "null", "FoundationType": "null", "eqBldgType": "null", "DesignLevel": "null", "SoilType": "D", "LqfSusCat": 0, "LndSusCat": 0, "WaterDepth": 5.0, "Distance": "null", "PGA": 0.75770741701126099, "PGV": 32.710296630859375, "Sa03": 1.885928750038147, "Sa10": 0.92795771360397339, "LqfSettlPGD": 0.0, "LqfSprPGD": 0.0, "LqfProb": 0.0, "LndPGD": 0.0, "LndProb": 0.0, "SufFltRuptPGD": 29.523393630981445, "SurfFltRuptProb": 0.5, "PDsNone": 0.2336, "PDsSlight": 0.2459, "PDsModerate": 0.1319, "PDsExtensive": 0.1766, "PDsComplete": 0.2117, "PDsExceedSlight": 0.7663, "PDsExceedModerate": 0.5203, "PDsExceedExtensive": 0.3884, "FunctDay1": 46.6, "FunctDay3": 56.6, "FunctDay7": 61.8, "FunctDay14": 62.9, "FunctDay30": 64.3, "FunctDay90": 74.5, "EconLoss": 754367.9375, "Name": "'MT DIABLO CRK'", "City": "null", "State": "null" }, "geometry": { "type": "Point", "coordinates": [ -122.000167, 38.001761 ] } },
{ "type": "Feature", "properties": { "FacilityType": "HighwayBridge", "FacilityId": "CA007152", "Anchor": "null", "FoundationType": "null", "eqBldgType": "null", "DesignLevel": "null", "SoilType": "D", "LqfSusCat": 0, "LndSusCat": 0, "WaterDepth": 5.0, "Distance": "null", "PGA": 0.88981062173843384, "PGV": 37.460258483886719, "Sa03": 2.213346004486084, "Sa10": 1.0647217035293579, "LqfSettlPGD": 0.0, "LqfSprPGD": 0.0, "LqfProb": 0.0, "LndPGD": 0.0, "LndProb": 0.0, "SufFltRuptPGD": 29.523393630981445, "SurfFltRuptProb": 0.5, "PDsNone": 0.0173, "PDsSlight": 0.0664, "PDsModerate": 0.0571, "PDsExtensive": 0.2035, "PDsComplete": 0.6554, "PDsExceedSlight": 0.9826, "PDsExceedModerate": 0.9161, "PDsExceedExtensive": 0.8589, "FunctDay1": 10.3, "FunctDay3": 13.8, "FunctDay7": 16.2, "FunctDay14": 17.2, "FunctDay30": 19.2, "FunctDay90": 33.7, "EconLoss": 1694030.625, "Name": "'WALNUT CREEK'", "City": "null", "State": "null" }, "geometry": { "type": "Point", "coordinates": [ -122.059636, 37.900592 ] } },
{ "type": "Feature", "properties": { "FacilityType": "HighwayBridge", "FacilityId": "CA007153", "Anchor": "null", "FoundationType": "null", "eqBldgType": "null", "DesignLevel": "null", "SoilType": "D", "LqfSusCat": 0, "LndSusCat": 0, "WaterDepth": 5.0, "Distance": "null", "PGA": 0.80157685279846191, "PGV": 43.148735046386719, "Sa03": 1.9964525699615479, "Sa10": 1.3447792530059814, "LqfSettlPGD": 0.0, "LqfSprPGD": 0.0, "LqfProb": 0.0, "LndPGD": 0.0, "LndProb": 0.0, "SufFltRuptPGD": 29.523393630981445, "SurfFltRuptProb": 0.5, "PDsNone": 0.1933, "PDsSlight": 0.0934, "PDsModerate": 0.111, "PDsExtensive": 0.2282, "PDsComplete": 0.3738, "PDsExceedSlight": 0.8066, "PDsExceedModerate": 0.7131, "PDsExceedExtensive": 0.6021, "FunctDay1": 31.1, "FunctDay3": 36.7, "FunctDay7": 41.2, "FunctDay14": 42.3, "FunctDay30": 44.3, "FunctDay90": 58.1, "EconLoss": 972228.25, "Name": "'PINE CREEK'", "City": "null", "State": "null" }, "geometry": { "type": "Point", "coordinates": [ -122.046469, 37.969922 ] } },
{ "type": "Feature", "properties": { "FacilityType": "HighwayBridge", "FacilityId": "CA007154", "Anchor": "null", "FoundationType": "null", "eqBldgType": "null", "DesignLevel": "null", "SoilType": "D", "LqfSusCat": 0, "LndSusCat": 0, "WaterDepth": 5.0, "Distance": "null", "PGA": 0.76533985137939453, "PGV": 31.779436111450195, "Sa03": 1.8757151365280151, "Sa10": 0.90218323469161987, "LqfSettlPGD": 0.0, "LqfSprPGD": 0.0, "LqfProb": 0.0, "LndPGD": 0.0, "LndProb": 0.0, "SufFltRuptPGD": 29.523393630981445, "SurfFltRuptProb": 0.5, "PDsNone": 0.2483, "PDsSlight": 0.2488, "PDsModerate": 0.1311, "PDsExtensive": 0.1724, "PDsComplete": 0.1992, "PDsExceedSlight": 0.7516, "PDsExceedModerate": 0.5028, "PDsExceedExtensive": 0.3717, "FunctDay1": 48.2, "FunctDay3": 58.3, "FunctDay7": 63.5, "FunctDay14": 64.5, "FunctDay30": 65.9, "FunctDay90": 75.8, "EconLoss": 54011.7109375, "Name": "'ECKLEY SLIDE'", "City": "null", "State": "null" }, "geometry": { "type": "Point", "coordinates": [ -122.198575, 38.049669 ] } },
{ "type": "Feature", "properties": { "FacilityType": "HighwayBridge", "FacilityId": "CA007155", "Anchor": "null", "FoundationType": "null", "eqBldgType": "null", "DesignLevel": "null", "SoilType": "D", "LqfSusCat": 0, "LndSusCat": 0, "WaterDepth": 5.0, "Distance": "null", "PGA": 0.6755908727645874, "PGV": 27.875143051147461, "Sa03": 1.6690680980682373, "Sa10": 0.80134338140487671, "LqfSettlPGD": 0.0, "LqfSprPGD": 0.0, "LqfProb": 0.0, "LndPGD": 0.0, "LndProb": 0.0, "SufFltRuptPGD": 29.523393630981445, "SurfFltRuptProb": 0.5, "PDsNone": 0.4988, "PDsSlight": 0.1443, "PDsModerate": 0.1056, "PDsExtensive": 0.1457, "PDsComplete": 0.1053, "PDsExceedSlight": 0.5011, "PDsExceedModerate": 0.3567, "PDsExceedExtensive": 0.2511, "FunctDay1": 64.4, "FunctDay3": 71.2, "FunctDay7": 75.3, "FunctDay14": 76.1, "FunctDay30": 77.3, "FunctDay90": 85.2, "EconLoss": 247588.28125, "Name": "'HARBOR STREET'", "City": "null", "State": "null" }, "geometry": { "type": "Point", "coordinates": [ -121.880467, 38.021936 ] } },
{ "type": "Feature", "properties": { "FacilityType": "HighwayBridge", "FacilityId": "CA007156", "Anchor": "null", "FoundationType": "null", "eqBldgType": "null", "DesignLevel": "null", "SoilType": "D", "LqfSusCat": 0, "LndSusCat": 0, "WaterDepth": 5.0, "Distance": "null", "PGA": 0.88981062173843384, "PGV": 37.460258483886719, "Sa03": 2.213346004486084, "Sa10": 1.0647217035293579, "LqfSettlPGD": 0.0, "LqfSprPGD": 0.0, "LqfProb": 0.0, "LndPGD": 0.0, "LndProb": 0.0, "SufFltRuptPGD": 29.523393630981445, "SurfFltRuptProb": 0.5, "PDsNone": 0.3168, "PDsSlight": 0.13, "PDsModerate": 0.1207, "PDsExtensive": 0.2059, "PDsComplete": 0.2263, "PDsExceedSlight": 0.6831, "PDsExceedModerate": 0.553, "PDsExceedExtensive": 0.4323, "FunctDay1": 46.1, "FunctDay3": 52.9, "FunctDay7": 57.7, "FunctDay14": 58.8, "FunctDay30": 60.4, "FunctDay90": 72.2, "EconLoss": 501925.375, "Name": "'SAN RAMON CREEK'", "City": "null", "State": "null" }, "geometry": { "type": "Point", "coordinates": [ -122.0556, 37.887281 ] } },
{ "type": "Feature", "properties": { "FacilityType": "HighwayBridge", "FacilityId": "CA007157", "Anchor": "null", "FoundationType": "null", "eqBldgType": "null", "DesignLevel": "null", "SoilType": "D", "LqfSusCat": 0, "LndSusCat": 0, "WaterDepth": 5.0, "Distance": "null", "PGA": 0.88981062173843384, "PGV": 37.460258483886719, "Sa03": 2.213346004486084, "Sa10": 1.0647217035293579, "LqfSettlPGD": 0.0, "LqfSprPGD": 0.0, "LqfProb": 0.0, "LndPGD": 0.0, "LndProb": 0.0, "SufFltRuptPGD": 29.523393630981445, "SurfFltRuptProb": 0.5, "PDsNone": 0.3699, "PDsSlight": 0.0, "PDsModerate": 0.131, "PDsExtensive": 0.1972, "PDsComplete": 0.3017, "PDsExceedSlight": 0.63, "PDsExceedModerate": 0.63, "PDsExceedExtensive": 0.499, "FunctDay1": 42.1, "FunctDay3": 45.9, "FunctDay7": 51.1, "FunctDay14": 52.2, "FunctDay30": 53.9, "FunctDay90": 65.7, "EconLoss": 365450.59375, "Name": "'SAN RAMON CREEK'", "City": "null", "State": "null" }, "geometry": { "type": "Point", "coordinates": [ -122.050767, 37.884111 ] } },
{ "type": "Feature", "properties": { "FacilityType": "HighwayBridge", "FacilityId": "CA007158", "Anchor": "null", "FoundationType": "null", "eqBldgType": "null", "DesignLevel": "null", "SoilType": "D", "LqfSusCat": 0, "LndSusCat": 0, "WaterDepth": 5.0, "Distance": "null", "PGA": 0.80157685279846191, "PGV": 43.148735046386719, "Sa03": 1.9964525699615479, "Sa10": 1.3447792530059814, "LqfSettlPGD": 0.0, "LqfSprPGD": 0.0, "LqfProb": 0.0, "LndPGD": 0.0, "LndProb": 0.0, "SufFltRuptPGD": 29.523393630981445, "SurfFltRuptProb": 0.5, "PDsNone": 0.1933, "PDsSlight": 0.0993, "PDsModerate": 0.1118, "PDsExtensive": 0.2281, "PDsComplete": 0.3673, "PDsExceedSlight": 0.8066, "PDsExceedModerate": 0.7073, "PDsExceedExtensive": 0.5954, "FunctDay1": 31.5, "FunctDay3": 37.3, "FunctDay7": 41.8, "FunctDay14": 43.0, "FunctDay30": 44.9, "FunctDay90": 58.7, "EconLoss": 724461.375, "Name": "'WALNUT CREEK'", "City": "null", "State": "null" }, "geometry": { "type": "Point", "coordinates": [ -122.047828, 37.935197 ] } },
{ "type": "Feature", "properties": { "FacilityType": "HighwayBridge", "FacilityId": "CA007159", "Anchor": "null", "FoundationType": "null", "eqBldgType": "null", "DesignLevel": "null", "SoilType": "D", "LqfSusCat": 0, "LndSusCat": 0, "WaterDepth": 5.0, "Distance": "null", "PGA": 0.57236021757125854, "PGV": 23.94725227355957, "Sa03": 1.4608070850372314, "Sa10": 0.72987604141235352, "LqfSettlPGD": 0.0, "LqfSprPGD": 0.0, "LqfProb": 0.0, "LndPGD": 0.0, "LndProb": 0.0, "SufFltRuptPGD": 29.523393630981445, "SurfFltRuptProb": 0.5, "PDsNone": 0.6365, "PDsSlight": 0.0, "PDsModerate": 0.1163, "PDsExtensive": 0.1321, "PDsComplete": 0.1149, "PDsExceedSlight": 0.3634, "PDsExceedModerate": 0.3634, "PDsExceedExtensive": 0.247, "FunctDay1": 67.7, "FunctDay3": 71.1, "FunctDay7": 75.6, "FunctDay14": 76.5, "FunctDay30": 77.5, "FunctDay90": 84.8, "EconLoss": 2293236.0, "Name": "'BNSF RY & AMTRAK  UP RR'", "City": "null", "State": "null" }, "geometry": { "type": "Point", "coordinates": [ -121.788764, 38.012144 ] } },
{ "type": "Feature", "properties": { "FacilityType": "HighwayBridge", "FacilityId": "CA007160", "Anchor": "null", "FoundationType": "null", "eqBldgType": "null", "DesignLevel": "null", "SoilType": "D", "LqfSusCat": 0, "LndSusCat": 0, "WaterDepth": 5.0, "Distance": "null", "PGA": 0.74986439943313599, "PGV": 46.097896575927734, "Sa03": 1.8606994152069092, "Sa10": 1.3066445589065552, "LqfSettlPGD": 0.0, "LqfSprPGD": 0.0, "LqfProb": 0.0, "LndPGD": 0.0, "LndProb": 0.0, "SufFltRuptPGD": 29.523393630981445, "SurfFltRuptProb": 0.5, "PDsNone": 0.007, "PDsSlight": 0.0475, "PDsModerate": 0.0426, "PDsExtensive": 0.1698, "PDsComplete": 0.7328, "PDsExceedSlight": 0.9929, "PDsExceedModerate": 0.9453, "PDsExceedExtensive": 0.9027, "FunctDay1": 7.5, "FunctDay3": 10.0, "FunctDay7": 11.9, "FunctDay14": 12.7, "FunctDay30": 14.6, "FunctDay90": 28.0, "EconLoss": 1848965.625, "Name": "'SAN PABLO CREEK'", "City": "null", "State": "null" }, "geometry": { "type": "Point", "coordinates": [ -122.345128, 37.962622 ] } },
{ "type": "Feature", "properties": { "FacilityType": "HighwayBridge", "FacilityId": "CA007161", "Anchor": "null", "FoundationType": "null", "eqBldgType": "null", "DesignLevel": "null", "SoilType": "D", "LqfSusCat": 0, "LndSusCat": 0, "WaterDepth": 5.0, "Distance": "null", "PGA": 0.81645458936691284, "PGV": 37.333194732666016, "Sa03": 2.0122029781341553, "Sa10": 1.001726508140564, "LqfSettlPGD": 0.0, "LqfSprPGD": 0.0, "LqfProb": 0.0, "LndPGD": 0.0, "LndProb": 0.0, "SufFltRuptPGD": 29.523393630981445, "SurfFltRuptProb": 0.5, "PDsNone": 0.3539, "PDsSlight": 0.1449, "PDsModerate": 0.1194, "PDsExtensive": 0.1926, "PDsComplete": 0.189, "PDsExceedSlight": 0.646, "PDsExceedModerate": 0.5011, "PDsExceedExtensive": 0.3817, "FunctDay1": 50.7, "FunctDay3": 57.9, "FunctDay7": 62.6, "FunctDay14": 63.7, "FunctDay30": 65.2, "FunctDay90": 76.0, "EconLoss": 318796.53125, "Name": "'GARRITY CREEK'", "City": "null", "State": "null" }, "geometry": { "type": "Point", "coordinates": [ -122.321761, 37.999767 ] } },
{ "type": "Feature", "properties": { "FacilityType": "HighwayBridge", "FacilityId": "CA007162", "Anchor": "null", "FoundationType": "null", "eqBldgType": "null", "DesignLevel": "null", "SoilType": "D", "LqfSusCat": 0, "LndSusCat": 0, "WaterDepth": 5.0, "Distance": "null", "PGA": 0.81645458936691284, "PGV": 37.333194732666016, "Sa03": 2.0122029781341553, "Sa10": 1.001726508140564, "LqfSettlPGD": 0.0, "LqfSprPGD": 0.0, "LqfProb": 0.0, "LndPGD": 0.0, "LndProb": 0.0, "SufFltRuptPGD": 29.523393630981445, "SurfFltRuptProb": 0.5, "PDsNone": 0.3539, "PDsSlight": 0.1449, "PDsModerate": 0.1194, "PDsExtensive": 0.1926, "PDsComplete": 0.189, "PDsExceedSlight": 0.646, "PDsExceedModerate": 0.5011, "PDsExceedExtensive": 0.3817, "FunctDay1": 50.7, "FunctDay3": 57.9, "FunctDay7": 62.6, "FunctDay14": 63.7, "FunctDay30": 65.2, "FunctDay90": 76.0, "EconLoss": 157754.09375, "Name": "'MCCARTHY CREEK'", "City": "null", "State": "null" }, "geometry": { "type": "Point", "coordinates": [ -122.320364, 38.000656 ] } },
{ "type": "Feature", "properties": { "FacilityType": "HighwayBridge", "FacilityId": "CA007163", "Anchor": "null", "FoundationType": "null", "eqBldgType": "null", "DesignLevel": "null", "SoilType": "D", "LqfSusCat": 0, "LndSusCat": 0, "WaterDepth": 5.0, "Distance": "null", "PGA": 0.81645458936691284, "PGV": 37.333194732666016, "Sa03": 2.0122029781341553, "Sa10": 1.001726508140564, "LqfSettlPGD": 0.0, "LqfSprPGD": 0.0, "LqfProb": 0.0, "LndPGD": 0.0, "LndProb": 0.0, "SufFltRuptPGD": 29.523393630981445, "SurfFltRuptProb": 0.5, "PDsNone": 0.3539, "PDsSlight": 0.1242, "PDsModerate": 0.1201, "PDsExtensive": 0.1982, "PDsComplete": 0.2033, "PDsExceedSlight": 0.646, "PDsExceedModerate": 0.5218, "PDsExceedExtensive": 0.4016, "FunctDay1": 49.3, "FunctDay3": 55.9, "FunctDay7": 60.7, "FunctDay14": 61.7, "FunctDay30": 63.3, "FunctDay90": 74.5, "EconLoss": 244728.609375, "Name": "'PINOLE CREEK'", "City": "null", "State": "null" }, "geometry": { "type": "Point", "coordinates": [ -122.289442, 38.006225 ] } },
{ "type": "Feature", "properties": { "FacilityType": "HighwayBridge", "FacilityId": "CA007164", "Anchor": "null", "FoundationType": "null", "eqBldgType": "null", "DesignLevel": "null", "SoilType": "D", "LqfSusCat": 0, "LndSusCat": 0, "WaterDepth": 5.0, "Distance": "null", "PGA": 0.81645458936691284, "PGV": 37.333194732666016, "Sa03": 2.0122029781341553, "Sa10": 1.001726508140564, "LqfSettlPGD": 0.0, "LqfSprPGD": 0.0, "LqfProb": 0.0, "LndPGD": 0.0, "LndProb": 0.0, "SufFltRuptPGD": 29.523393630981445, "SurfFltRuptProb": 0.5, "PDsNone": 0.1964, "PDsSlight": 0.2326, "PDsModerate": 0.1327, "PDsExtensive": 0.1875, "PDsComplete": 0.2505, "PDsExceedSlight": 0.8035, "PDsExceedModerate": 0.5708, "PDsExceedExtensive": 0.438, "FunctDay1": 42.0, "FunctDay3": 51.8, "FunctDay7": 57.0, "FunctDay14": 58.1, "FunctDay30": 59.7, "FunctDay90": 70.7, "EconLoss": 784029.8125, "Name": "'BNSF RY AND AMTRAK'", "City": "null", "State": "null" }, "geometry": { "type": "Point", "coordinates": [ -122.286797, 38.008036 ] } },
{ "type": "Feature", "properties": { "FacilityType": "HighwayBridge", "FacilityId": "CA007165", "Anchor": "null", "FoundationType": "null", "eqBldgType": "null", "DesignLevel": "null", "SoilType": "D", "LqfSusCat": 0, "LndSusCat": 0, "WaterDepth": 5.0, "Distance": "null", "PGA": 0.88981062173843384, "PGV": 37.460258483886719, "Sa03": 2.213346004486084, "Sa10": 1.0647217035293579, "LqfSettlPGD": 0.0, "LqfSprPGD": 0.0, "LqfProb": 0.0, "LndPGD": 0.0, "LndProb": 0.0, "SufFltRuptPGD": 29.523393630981445, "SurfFltRuptProb": 0.5, "PDsNone": 0.3168, "PDsSlight": 0.091, "PDsModerate": 0.1203, "PDsExtensive": 0.2143, "PDsComplete": 0.2573, "PDsExceedSlight": 0.6831, "PDsExceedModerate": 0.5921, "PDsExceedExtensive": 0.4717, "FunctDay1": 43.2, "FunctDay3": 49.1, "FunctDay7": 53.9, "FunctDay14": 55.0, "FunctDay30": 56.7, "FunctDay90": 69.1, "EconLoss": 853823.5, "Name": "'WALNUT CREEK'", "City": "null", "State": "null" }, "geometry": { "type": "Point", "coordinates": [ -122.056717, 37.907386 ] } },
{ "type": "Feature", "properties": { "FacilityType": "HighwayBridge", "FacilityId": "CA007166", "Anchor": "null", "FoundationType": "null", "eqBldgType": "null", "DesignLevel": "null", "SoilType": "D", "LqfSusCat": 0, "LndSusCat": 0, "WaterDepth": 5.0, "Distance": "null", "PGA": 0.89809775352478027, "PGV": 36.905895233154297, "Sa03": 2.1609253883361816, "Sa10": 1.0195722579956055, "LqfSettlPGD": 0.0, "LqfSprPGD": 0.0, "LqfProb": 0.0, "LndPGD": 0.0, "LndProb": 0.0, "SufFltRuptPGD": 29.523393630981445, "SurfFltRuptProb": 0.5, "PDsNone": 0.1884, "PDsSlight": 0.2207, "PDsModerate": 0.1325, "PDsExtensive": 0.1911, "PDsComplete": 0.267, "PDsExceedSlight": 0.8115, "PDsExceedModerate": 0.5907, "PDsExceedExtensive": 0.4582, "FunctDay1": 40.4, "FunctDay3": 49.8, "FunctDay7": 55.1, "FunctDay14": 56.2, "FunctDay30": 57.7, "FunctDay90": 69.0, "EconLoss": 870003.6875, "Name": "'SAN RAMON CREEK'", "City": "null", "State": "null" }, "geometry": { "type": "Point", "coordinates": [ -122.031567, 37.850486 ] } },
{ "type": "Feature", "properties": { "FacilityType": "HighwayBridge", "FacilityId": "CA007167", "Anchor": "null", "FoundationType": "null", "eqBldgType": "null", "DesignLevel": "null", "SoilType": "D", "LqfSusCat": 0, "LndSusCat": 0, "WaterDepth": 5.0, "Distance": "null", "PGA": 0.88981062173843384, "PGV": 37.460258483886719, "Sa03": 2.213346004486084, "Sa10": 1.0647217035293579, "LqfSettlPGD": 0.0, "LqfSprPGD": 0.0, "LqfProb": 0.0, "LndPGD": 0.0, "LndProb": 0.0, "SufFltRuptPGD": 29.523393630981445, "SurfFltRuptProb": 0.5, "PDsNone": 0.3168, "PDsSlight": 0.1402, "PDsModerate": 0.1206, "PDsExtensive": 0.2035, "PDsComplete": 0.2186, "PDsExceedSlight": 0.6831, "PDsExceedModerate": 0.5428, "PDsExceedExtensive": 0.4222, "FunctDay1": 46.8, "FunctDay3": 53.9, "FunctDay7": 58.7, "FunctDay14": 59.7, "FunctDay30": 61.4, "FunctDay90": 72.9, "EconLoss": 185402.3125, "Name": "'SAN RAMON CREEK'", "City": "null", "State": "null" }, "geometry": { "type": "Point", "coordinates": [ -122.048308, 37.880256 ] } },
{ "type": "Feature", "properties": { "FacilityType": "HighwayBridge", "FacilityId": "CA007168", "Anchor": "null", "FoundationType": "null", "eqBldgType": "null", "DesignLevel": "null", "SoilType": "D", "LqfSusCat": 0, "LndSusCat": 0, "WaterDepth": 5.0, "Distance": "null", "PGA": 0.88981062173843384, "PGV": 37.460258483886719, "Sa03": 2.213346004486084, "Sa10": 1.0647217035293579, "LqfSettlPGD": 0.0, "LqfSprPGD": 0.0, "LqfProb": 0.0, "LndPGD": 0.0, "LndProb": 0.0, "SufFltRuptPGD": 29.523393630981445, "SurfFltRuptProb": 0.5, "PDsNone": 0.3168, "PDsSlight": 0.0943, "PDsModerate": 0.1204, "PDsExtensive": 0.2136, "PDsComplete": 0.2546, "PDsExceedSlight": 0.6831, "PDsExceedModerate": 0.5887, "PDsExceedExtensive": 0.4683, "FunctDay1": 43.5, "FunctDay3": 49.4, "FunctDay7": 54.2, "FunctDay14": 55.3, "FunctDay30": 57.0, "FunctDay90": 69.3, "EconLoss": 698733.1875, "Name": "'SAN RAMON CREEK'", "City": "null", "State": "null" }, "geometry": { "type": "Point", "coordinates": [ -122.049625, 37.878611 ] } },
{ "type": "Feature", "properties": { "FacilityType": "HighwayBridge", "FacilityId": "CA007169", "Anchor": "null", "FoundationType": "null", "eqBldgType": "null", "DesignLevel": "null", "SoilType": "D", "LqfSusCat": 0, "LndSusCat": 0, "WaterDepth": 5.0, "Distance": "null", "PGA": 0.80157685279846191, "PGV": 43.148735046386719, "Sa03": 1.9964525699615479, "Sa10": 1.3447792530059814, "LqfSettlPGD": 0.0, "LqfSprPGD": 0.0, "LqfProb": 0.0, "LndPGD": 0.0, "LndProb": 0.0, "SufFltRuptPGD": 29.523393630981445, "SurfFltRuptProb": 0.5, "PDsNone": 0.1933, "PDsSlight": 0.1152, "PDsModerate": 0.1137, "PDsExtensive": 0.2273, "PDsComplete": 0.3503, "PDsExceedSlight": 0.8066, "PDsExceedModerate": 0.6914, "PDsExceedExtensive": 0.5777, "FunctDay1": 32.7, "FunctDay3": 39.0, "FunctDay7": 43.6, "FunctDay14": 44.7, "FunctDay30": 46.6, "FunctDay90": 60.3, "EconLoss": 797709.625, "Name": "'GRAYSON CREEK'", "City": "null", "State": "null" }, "geometry": { "type": "Point", "coordinates": [ -122.066339, 37.961436 ] } },
{ "type": "Feature", "properties": { "FacilityType": "HighwayBridge", "FacilityId": "CA007170", "Anchor": "null", "FoundationType": "null", "eqBldgType": "null", "DesignLevel": "null", "SoilType": "D", "LqfSusCat": 0, "LndSusCat": 0, "WaterDepth": 5.0, "Distance": "null", "PGA": 0.80793517827987671, "PGV": 31.580192565917969, "Sa03": 1.929023265838623, "Sa10": 0.87694799900054932, "LqfSettlPGD": 0.0, "LqfSprPGD": 0.0, "LqfProb": 0.0, "LndPGD": 0.0, "LndProb": 0.0, "SufFltRuptPGD": 29.523393630981445, "SurfFltRuptProb": 0.5, "PDsNone": 0.4391, "PDsSlight": 0.131, "PDsModerate": 0.1144, "PDsExtensive": 0.171, "PDsComplete": 0.1442, "PDsExceedSlight": 0.5608, "PDsExceedModerate": 0.4297, "PDsExceedExtensive": 0.3152, "FunctDay1": 57.9, "FunctDay3": 64.5, "FunctDay7": 69.1, "FunctDay14": 70.0, "FunctDay30": 71.3, "FunctDay90": 80.8, "EconLoss": 357702.1875, "Name": "'CONTRA COSTA CANAL'", "City": "null", "State": "null" }, "geometry": { "type": "Point", "coordinates": [ -122.075656, 37.961092 ] } },
{ "type": "Feature", "properties": { "FacilityType": "HighwayBridge", "FacilityId": "CA007171", "Anchor": "null", "FoundationType": "null", "eqBldgType": "null", "DesignLevel": "null", "SoilType": "D", "LqfSusCat": 0, "LndSusCat": 0, "WaterDepth": 5.0, "Distance": "null", "PGA": 0.88981062173843384, "PGV": 37.460258483886719, "Sa03": 2.213346004486084, "Sa10": 1.0647217035293579, "LqfSettlPGD": 0.0, "LqfSprPGD": 0.0, "LqfProb": 0.0, "LndPGD": 0.0, "LndProb": 0.0, "SufFltRuptPGD": 29.523393630981445, "SurfFltRuptProb": 0.5, "PDsNone": 0.1695, "PDsSlight": 0.2003, "PDsModerate": 0.131, "PDsExtensive": 0.1972, "PDsComplete": 0.3017, "PDsExceedSlight": 0.8304, "PDsExceedModerate": 0.63, "PDsExceedExtensive": 0.499, "FunctDay1": 37.0, "FunctDay3": 45.9, "FunctDay7": 51.1, "FunctDay14": 52.2, "FunctDay30": 53.9, "FunctDay90": 65.7, "EconLoss": 467694.25, "Name": "'LAS TRAMPAS CREEK'", "City": "null", "State": "null" }, "geometry": { "type": "Point", "coordinates": [ -122.058914, 37.894714 ] } },
{ "type": "Feature", "properties": { "FacilityType": "HighwayBridge", "FacilityId": "CA007172", "Anchor": "null", "FoundationType": "null", "eqBldgType": "null", "DesignLevel": "null", "SoilType": "D", "LqfSusCat": 0, "LndSusCat": 0, "WaterDepth": 5.0, "Distance": "null", "PGA": 0.76457589864730835, "PGV": 33.199306488037109, "Sa03": 1.8811763525009155, "Sa10": 0.93338006734848022, "LqfSettlPGD": 0.0, "LqfSprPGD": 0.0, "LqfProb": 0.0, "LndPGD": 0.0, "LndProb": 0.0, "SufFltRuptPGD": 29.523393630981445, "SurfFltRuptProb": 0.5, "PDsNone": 0.3985, "PDsSlight": 0.1356, "PDsModerate": 0.1174, "PDsExtensive": 0.1823, "PDsComplete": 0.1659, "PDsExceedSlight": 0.6014, "PDsExceedModerate": 0.4657, "PDsExceedExtensive": 0.3483, "FunctDay1": 54.4, "FunctDay3": 61.2, "FunctDay7": 65.9, "FunctDay14": 66.8, "FunctDay30": 68.3, "FunctDay90": 78.4, "EconLoss": 245763.109375, "Name": "'PINOLE CREEK'", "City": "null", "State": "null" }, "geometry": { "type": "Point", "coordinates": [ -122.270794, 37.981019 ] } },
{ "type": "Feature", "properties": { "FacilityType": "HighwayBridge", "FacilityId": "CA007173", "Anchor": "null", "FoundationType": "null", "eqBldgType": "null", "DesignLevel": "null", "SoilType": "D", "LqfSusCat": 0, "LndSusCat": 0, "WaterDepth": 5.0, "Distance": "null", "PGA": 0.70648092031478882, "PGV": 26.046087265014648, "Sa03": 1.6615453958511353, "Sa10": 0.68669795989990234, "LqfSettlPGD": 0.0, "LqfSprPGD": 0.0, "LqfProb": 0.0, "LndPGD": 0.0, "LndProb": 0.0, "SufFltRuptPGD": 29.523393630981445, "SurfFltRuptProb": 0.5, "PDsNone": 0.6004, "PDsSlight": 0.134, "PDsModerate": 0.0894, "PDsExtensive": 0.1106, "PDsComplete": 0.0654, "PDsExceedSlight": 0.3995, "PDsExceedModerate": 0.2655, "PDsExceedExtensive": 0.1761, "FunctDay1": 73.1, "FunctDay3": 79.1, "FunctDay7": 82.6, "FunctDay14": 83.3, "FunctDay30": 84.1, "FunctDay90": 90.1, "EconLoss": 260674.28125, "Name": "'CONTRA COSTA CANAL'", "City": "null", "State": "null" }, "geometry": { "type": "Point", "coordinates": [ -121.941697, 38.019494 ] } },
{ "type": "Feature", "properties": { "FacilityType": "HighwayBridge", "FacilityId": "CA007174", "Anchor": "null", "FoundationType": "null", "eqBldgType": "null", "DesignLevel": "null", "SoilType": "D", "LqfSusCat": 0, "LndSusCat": 0, "WaterDepth": 5.0, "Distance": "null", "PGA": 0.70648092031478882, "PGV": 26.046087265014648, "Sa03": 1.6615453958511353, "Sa10": 0.68669795989990234, "LqfSettlPGD": 0.0, "LqfSprPGD": 0.0, "LqfProb": 0.0, "LndPGD": 0.0, "LndProb": 0.0, "SufFltRuptPGD": 29.523393630981445, "SurfFltRuptProb": 0.5, "PDsNone": 0.6004, "PDsSlight": 0.134, "PDsModerate": 0.0894, "PDsExtensive": 0.1106, "PDsComplete": 0.0654, "PDsExceedSlight": 0.3995, "PDsExceedModerate": 0.2655, "PDsExceedExtensive": 0.1761, "FunctDay1": 73.1, "FunctDay3": 79.1, "FunctDay7": 82.6, "FunctDay14": 83.3, "FunctDay30": 84.1, "FunctDay90": 90.1, "EconLoss": 68542.3359375, "Name": "'CONTRA COSTA CANAL'", "City": "null", "State": "null" }, "geometry": { "type": "Point", "coordinates": [ -121.938261, 38.019333 ] } },
{ "type": "Feature", "properties": { "FacilityType": "HighwayBridge", "FacilityId": "CA007175", "Anchor": "null", "FoundationType": "null", "eqBldgType": "null", "DesignLevel": "null", "SoilType": "D", "LqfSusCat": 0, "LndSusCat": 0, "WaterDepth": 5.0, "Distance": "null", "PGA": 0.70648092031478882, "PGV": 26.046087265014648, "Sa03": 1.6615453958511353, "Sa10": 0.68669795989990234, "LqfSettlPGD": 0.0, "LqfSprPGD": 0.0, "LqfProb": 0.0, "LndPGD": 0.0, "LndProb": 0.0, "SufFltRuptPGD": 29.523393630981445, "SurfFltRuptProb": 0.5, "PDsNone": 0.5194, "PDsSlight": 0.0, "PDsModerate": 0.1183, "PDsExtensive": 0.1868, "PDsComplete": 0.1753, "PDsExceedSlight": 0.4805, "PDsExceedModerate": 0.4805, "PDsExceedExtensive": 0.3621, "FunctDay1": 56.4, "FunctDay3": 59.8, "FunctDay7": 64.5, "FunctDay14": 65.5, "FunctDay30": 67.0, "FunctDay90": 77.4, "EconLoss": 271235.375, "Name": "'CONTRA COSTA CANAL'", "City": "null", "State": "null" }, "geometry": { "type": "Point", "coordinates": [ -121.940097, 38.019647 ] } },
{ "type": "Feature", "properties": { "FacilityType": "HighwayBridge", "FacilityId": "CA007176", "Anchor": "null", "FoundationType": "null", "eqBldgType": "null", "DesignLevel": "null", "SoilType": "D", "LqfSusCat": 0, "LndSusCat": 0, "WaterDepth": 5.0, "Distance": "null", "PGA": 0.70648092031478882, "PGV": 26.046087265014648, "Sa03": 1.6615453958511353, "Sa10": 0.68669795989990234, "LqfSettlPGD": 0.0, "LqfSprPGD": 0.0, "LqfProb": 0.0, "LndPGD": 0.0, "LndProb": 0.0, "SufFltRuptPGD": 29.523393630981445, "SurfFltRuptProb": 0.5, "PDsNone": 0.5194, "PDsSlight": 0.0, "PDsModerate": 0.1183, "PDsExtensive": 0.1868, "PDsComplete": 0.1753, "PDsExceedSlight": 0.4805, "PDsExceedModerate": 0.4805, "PDsExceedExtensive": 0.3621, "FunctDay1": 56.4, "FunctDay3": 59.8, "FunctDay7": 64.5, "FunctDay14": 65.5, "FunctDay30": 67.0, "FunctDay90": 77.4, "EconLoss": 261548.40625, "Name": "'CONTRA COSTA CANAL'", "City": "null", "State": "null" }, "geometry": { "type": "Point", "coordinates": [ -121.944533, 38.019517 ] } },
{ "type": "Feature", "properties": { "FacilityType": "HighwayBridge", "FacilityId": "CA007177", "Anchor": "null", "FoundationType": "null", "eqBldgType": "null", "DesignLevel": "null", "SoilType": "D", "LqfSusCat": 0, "LndSusCat": 0, "WaterDepth": 5.0, "Distance": "null", "PGA": 0.42876055836677551, "PGV": 19.758352279663086, "Sa03": 1.1305854320526123, "Sa10": 0.62838840484619141, "LqfSettlPGD": 0.0, "LqfSprPGD": 0.0, "LqfProb": 0.0, "LndPGD": 0.0, "LndProb": 0.0, "SufFltRuptPGD": 29.523393630981445, "SurfFltRuptProb": 0.5, "PDsNone": 0.3516, "PDsSlight": 0.3046, "PDsModerate": 0.1683, "PDsExtensive": 0.1267, "PDsComplete": 0.0485, "PDsExceedSlight": 0.6483, "PDsExceedModerate": 0.3436, "PDsExceedExtensive": 0.1753, "FunctDay1": 63.3, "FunctDay3": 75.9, "FunctDay7": 82.4, "FunctDay14": 83.4, "FunctDay30": 84.4, "FunctDay90": 91.0, "EconLoss": 223278.21875, "Name": "'ROCK SLOUGH'", "City": "null", "State": "null" }, "geometry": { "type": "Point", "coordinates": [ -121.620008, 37.976522 ] } },
{ "type": "Feature", "properties": { "FacilityType": "HighwayBridge", "FacilityId": "CA007178", "Anchor": "null", "FoundationType": "null", "eqBldgType": "null", "DesignLevel": "null", "SoilType": "D", "LqfSusCat": 0, "LndSusCat": 0, "WaterDepth": 5.0, "Distance": "null", "PGA": 0.76386553049087524, "PGV": 29.488838195800781, "Sa03": 1.8258516788482666, "Sa10": 0.83847570419311523, "LqfSettlPGD": 0.0, "LqfSprPGD": 0.0, "LqfProb": 0.0, "LndPGD": 0.0, "LndProb": 0.0, "SufFltRuptPGD": 29.523393630981445, "SurfFltRuptProb": 0.5, "PDsNone": 0.4687, "PDsSlight": 0.1427, "PDsModerate": 0.1099, "PDsExtensive": 0.157, "PDsComplete": 0.1214, "PDsExceedSlight": 0.5312, "PDsExceedModerate": 0.3884, "PDsExceedExtensive": 0.2785, "FunctDay1": 61.5, "FunctDay3": 68.3, "FunctDay7": 72.6, "FunctDay14": 73.5, "FunctDay30": 74.7, "FunctDay90": 83.4, "EconLoss": 431264.3125, "Name": "'BNSF RY'", "City": "null", "State": "null" }, "geometry": { "type": "Point", "coordinates": [ -122.119614, 37.996711 ] } },
{ "type": "Feature", "properties": { "FacilityType": "HighwayBridge", "FacilityId": "CA007179", "Anchor": "null", "FoundationType": "null", "eqBldgType": "null", "DesignLevel": "null", "SoilType": "D", "LqfSusCat": 0, "LndSusCat": 0, "WaterDepth": 5.0, "Distance": "null", "PGA": 0.77480834722518921, "PGV": 35.311855316162109, "Sa03": 1.9298560619354248, "Sa10": 1.0328832864761353, "LqfSettlPGD": 0.0, "LqfSprPGD": 0.0, "LqfProb": 0.0, "LndPGD": 0.0, "LndProb": 0.0, "SufFltRuptPGD": 29.523393630981445, "SurfFltRuptProb": 0.5, "PDsNone": 0.375, "PDsSlight": 0.0, "PDsModerate": 0.1313, "PDsExtensive": 0.1965, "PDsComplete": 0.297, "PDsExceedSlight": 0.6249, "PDsExceedModerate": 0.6249, "PDsExceedExtensive": 0.4936, "FunctDay1": 42.6, "FunctDay3": 46.4, "FunctDay7": 51.6, "FunctDay14": 52.8, "FunctDay30": 54.4, "FunctDay90": 66.2, "EconLoss": 1505036.375, "Name": "'GRAYSON CREEK'", "City": "null", "State": "null" }, "geometry": { "type": "Point", "coordinates": [ -122.069931, 37.986803 ] } },
{ "type": "Feature", "properties": { "FacilityType": "HighwayBridge", "FacilityId": "CA007180", "Anchor": "null", "FoundationType": "null", "eqBldgType": "null", "DesignLevel": "null", "SoilType": "D", "LqfSusCat": 0, "LndSusCat": 0, "WaterDepth": 5.0, "Distance": "null", "PGA": 0.8453102707862854, "PGV": 39.551097869873047, "Sa03": 2.1369194984436035, "Sa10": 1.1330232620239258, "LqfSettlPGD": 0.0, "LqfSprPGD": 0.0, "LqfProb": 0.0, "LndPGD": 0.0, "LndProb": 0.0, "SufFltRuptPGD": 29.523393630981445, "SurfFltRuptProb": 0.5, "PDsNone": 0.2809, "PDsSlight": 0.0905, "PDsModerate": 0.1189, "PDsExtensive": 0.2206, "PDsComplete": 0.2889, "PDsExceedSlight": 0.719, "PDsExceedModerate": 0.6285, "PDsExceedExtensive": 0.5096, "FunctDay1": 39.7, "FunctDay3": 45.4, "FunctDay7": 50.2, "FunctDay14": 51.3, "FunctDay30": 53.1, "FunctDay90": 66.0, "EconLoss": 1271785.5, "Name": "'SAN RAMON CREEK'", "City": "null", "State": "null" }, "geometry": { "type": "Point", "coordinates": [ -121.984542, 37.811236 ] } },
{ "type": "Feature", "properties": { "FacilityType": "HighwayBridge", "FacilityId": "CA007181", "Anchor": "null", "FoundationType": "null", "eqBldgType": "null", "DesignLevel": "null", "SoilType": "D", "LqfSusCat": 0, "LndSusCat": 0, "WaterDepth": 5.0, "Distance": "null", "PGA": 0.85801184177398682, "PGV": 35.096527099609375, "Sa03": 2.0487470626831055, "Sa10": 0.97292733192443848, "LqfSettlPGD": 0.0, "LqfSprPGD": 0.0, "LqfProb": 0.0, "LndPGD": 0.0, "LndProb": 0.0, "SufFltRuptPGD": 29.523393630981445, "SurfFltRuptProb": 0.5, "PDsNone": 0.3721, "PDsSlight": 0.146, "PDsModerate": 0.1184, "PDsExtensive": 0.1871, "PDsComplete": 0.1761, "PDsExceedSlight": 0.6278, "PDsExceedModerate": 0.4817, "PDsExceedExtensive": 0.3633, "FunctDay1": 52.6, "FunctDay3": 59.7, "FunctDay7": 64.4, "FunctDay14": 65.4, "FunctDay30": 66.9, "FunctDay90": 77.4, "EconLoss": 146415.390625, "Name": "'LAS TRAMPAS CREEK'", "City": "null", "State": "null" }, "geometry": { "type": "Point", "coordinates": [ -122.097067, 37.871922 ] } },
{ "type": "Feature", "properties": { "FacilityType": "HighwayBridge", "FacilityId": "CA007182", "Anchor": "null", "FoundationType": "null", "eqBldgType": "null", "DesignLevel": "null", "SoilType": "D", "LqfSusCat": 0, "LndSusCat": 0, "WaterDepth": 5.0, "Distance": "null", "PGA": 0.8453102707862854, "PGV": 39.551097869873047, "Sa03": 2.1369194984436035, "Sa10": 1.1330232620239258, "LqfSettlPGD": 0.0, "LqfSprPGD": 0.0, "LqfProb": 0.0, "LndPGD": 0.0, "LndProb": 0.0, "SufFltRuptPGD": 29.523393630981445, "SurfFltRuptProb": 0.5, "PDsNone": 0.2809, "PDsSlight": 0.1366, "PDsModerate": 0.1205, "PDsExtensive": 0.2124, "PDsComplete": 0.2494, "PDsExceedSlight": 0.719, "PDsExceedModerate": 0.5824, "PDsExceedExtensive": 0.4618, "FunctDay1": 43.0, "FunctDay3": 50.0, "FunctDay7": 54.8, "FunctDay14": 55.9, "FunctDay30": 57.6, "FunctDay90": 69.9, "EconLoss": 451514.65625, "Name": "'SAN RAMON CREEK'", "City": "null", "State": "null" }, "geometry": { "type": "Point", "coordinates": [ -121.980581, 37.790056 ] } },
{ "type": "Feature", "properties": { "FacilityType": "HighwayBridge", "FacilityId": "CA007183", "Anchor": "null", "FoundationType": "null", "eqBldgType": "null", "DesignLevel": "null", "SoilType": "D", "LqfSusCat": 0, "LndSusCat": 0, "WaterDepth": 5.0, "Distance": "null", "PGA": 0.77480834722518921, "PGV": 35.311855316162109, "Sa03": 1.9298560619354248, "Sa10": 1.0328832864761353, "LqfSettlPGD": 0.0, "LqfSprPGD": 0.0, "LqfProb": 0.0, "LndPGD": 0.0, "LndProb": 0.0, "SufFltRuptPGD": 29.523393630981445, "SurfFltRuptProb": 0.5, "PDsNone": 0.1826, "PDsSlight": 0.2263, "PDsModerate": 0.1325, "PDsExtensive": 0.1912, "PDsComplete": 0.2671, "PDsExceedSlight": 0.8173, "PDsExceedModerate": 0.5909, "PDsExceedExtensive": 0.4584, "FunctDay1": 40.2, "FunctDay3": 49.8, "FunctDay7": 55.0, "FunctDay14": 56.2, "FunctDay30": 57.7, "FunctDay90": 69.0, "EconLoss": 1043037.625, "Name": "'WALNUT CREEK'", "City": "null", "State": "null" }, "geometry": { "type": "Point", "coordinates": [ -122.052314, 37.980719 ] } },
{ "type": "Feature", "properties": { "FacilityType": "HighwayBridge", "FacilityId": "CA007184", "Anchor": "null", "FoundationType": "null", "eqBldgType": "null", "DesignLevel": "null", "SoilType": "D", "LqfSusCat": 0, "LndSusCat": 0, "WaterDepth": 5.0, "Distance": "null", "PGA": 0.77480834722518921, "PGV": 35.311855316162109, "Sa03": 1.9298560619354248, "Sa10": 1.0328832864761353, "LqfSettlPGD": 0.0, "LqfSprPGD": 0.0, "LqfProb": 0.0, "LndPGD": 0.0, "LndProb": 0.0, "SufFltRuptPGD": 29.523393630981445, "SurfFltRuptProb": 0.5, "PDsNone": 0.409, "PDsSlight": 0.0, "PDsModerate": 0.1325, "PDsExtensive": 0.1912, "PDsComplete": 0.2671, "PDsExceedSlight": 0.5909, "PDsExceedModerate": 0.5909, "PDsExceedExtensive": 0.4584, "FunctDay1": 45.9, "FunctDay3": 49.8, "FunctDay7": 55.0, "FunctDay14": 56.2, "FunctDay30": 57.7, "FunctDay90": 69.0, "EconLoss": 1144012.0, "Name": "'WALNUT CREEK'", "City": "null", "State": "null" }, "geometry": { "type": "Point", "coordinates": [ -122.052344, 37.980572 ] } },
{ "type": "Feature", "properties": { "FacilityType": "HighwayBridge", "FacilityId": "CA007185", "Anchor": "null", "FoundationType": "null", "eqBldgType": "null", "DesignLevel": "null", "SoilType": "D", "LqfSusCat": 0, "LndSusCat": 0, "WaterDepth": 5.0, "Distance": "null", "PGA": 0.86473178863525391, "PGV": 34.965812683105469, "Sa03": 2.0895538330078125, "Sa10": 0.97678053379058838, "LqfSettlPGD": 0.0, "LqfSprPGD": 0.0, "LqfProb": 0.0, "LndPGD": 0.0, "LndProb": 0.0, "SufFltRuptPGD": 29.523393630981445, "SurfFltRuptProb": 0.5, "PDsNone": 0.4406, "PDsSlight": 0.0, "PDsModerate": 0.1327, "PDsExtensive": 0.1852, "PDsComplete": 0.2412, "PDsExceedSlight": 0.5593, "PDsExceedModerate": 0.5593, "PDsExceedExtensive": 0.4265, "FunctDay1": 49.0, "FunctDay3": 52.9, "FunctDay7": 58.1, "FunctDay14": 59.2, "FunctDay30": 60.7, "FunctDay90": 71.6, "EconLoss": 586680.5, "Name": "'SAN RAMON CREEK'", "City": "null", "State": "null" }, "geometry": { "type": "Point", "coordinates": [ -122.015556, 37.835081 ] } },
{ "type": "Feature", "properties": { "FacilityType": "HighwayBridge", "FacilityId": "CA007186", "Anchor": "null", "FoundationType": "null", "eqBldgType": "null", "DesignLevel": "null", "SoilType": "D", "LqfSusCat": 0, "LndSusCat": 0, "WaterDepth": 5.0, "Distance": "null", "PGA": 0.6755908727645874, "PGV": 27.875143051147461, "Sa03": 1.6690680980682373, "Sa10": 0.80134338140487671, "LqfSettlPGD": 0.0, "LqfSprPGD": 0.0, "LqfProb": 0.0, "LndPGD": 0.0, "LndProb": 0.0, "SufFltRuptPGD": 29.523393630981445, "SurfFltRuptProb": 0.5, "PDsNone": 0.4988, "PDsSlight": 0.1403, "PDsModerate": 0.1062, "PDsExtensive": 0.1472, "PDsComplete": 0.1073, "PDsExceedSlight": 0.5011, "PDsExceedModerate": 0.3607, "PDsExceedExtensive": 0.2545, "FunctDay1": 64.2, "FunctDay3": 70.8, "FunctDay7": 75.0, "FunctDay14": 75.8, "FunctDay30": 76.9, "FunctDay90": 85.0, "EconLoss": 198425.875, "Name": "'CONTRA COSTA CANAL'", "City": "null", "State": "null" }, "geometry": { "type": "Point", "coordinates": [ -121.885014, 38.003619 ] } },
{ "type": "Feature", "properties": { "FacilityType": "HighwayBridge", "FacilityId": "CA007187", "Anchor": "null", "FoundationType": "null", "eqBldgType": "null", "DesignLevel": "null", "SoilType": "D", "LqfSusCat": 0, "LndSusCat": 0, "WaterDepth": 5.0, "Distance": "null", "PGA": 0.80157685279846191, "PGV": 43.148735046386719, "Sa03": 1.9964525699615479, "Sa10": 1.3447792530059814, "LqfSettlPGD": 0.0, "LqfSprPGD": 0.0, "LqfProb": 0.0, "LndPGD": 0.0, "LndProb": 0.0, "SufFltRuptPGD": 29.523393630981445, "SurfFltRuptProb": 0.5, "PDsNone": 0.1933, "PDsSlight": 0.1119, "PDsModerate": 0.1133, "PDsExtensive": 0.2275, "PDsComplete": 0.3537, "PDsExceedSlight": 0.8066, "PDsExceedModerate": 0.6946, "PDsExceedExtensive": 0.5813, "FunctDay1": 32.5, "FunctDay3": 38.6, "FunctDay7": 43.2, "FunctDay14": 44.3, "FunctDay30": 46.3, "FunctDay90": 59.9, "EconLoss": 1406337.0, "Name": "'WALNUT CREEK'", "City": "null", "State": "null" }, "geometry": { "type": "Point", "coordinates": [ -122.051706, 37.947397 ] } },
{ "type": "Feature", "properties": { "FacilityType": "HighwayBridge", "FacilityId": "CA007188", "Anchor": "null", "FoundationType": "null", "eqBldgType": "null", "DesignLevel": "null", "SoilType": "D", "LqfSusCat": 0, "LndSusCat": 0, "WaterDepth": 5.0, "Distance": "null", "PGA": 0.80157685279846191, "PGV": 43.148735046386719, "Sa03": 1.9964525699615479, "Sa10": 1.3447792530059814, "LqfSettlPGD": 0.0, "LqfSprPGD": 0.0, "LqfProb": 0.0, "LndPGD": 0.0, "LndProb": 0.0, "SufFltRuptPGD": 29.523393630981445, "SurfFltRuptProb": 0.5, "PDsNone": 0.0892, "PDsSlight": 0.1608, "PDsModerate": 0.1169, "PDsExtensive": 0.2032, "PDsComplete": 0.4295, "PDsExceedSlight": 0.9107, "PDsExceedModerate": 0.7498, "PDsExceedExtensive": 0.6328, "FunctDay1": 25.9, "FunctDay3": 33.4, "FunctDay7": 38.1, "FunctDay14": 39.2, "FunctDay30": 41.0, "FunctDay90": 54.0, "EconLoss": 407564.78125, "Name": "'PINE CREEK'", "City": "null", "State": "null" }, "geometry": { "type": "Point", "coordinates": [ -122.035689, 37.958494 ] } },
{ "type": "Feature", "properties": { "FacilityType": "HighwayBridge", "FacilityId": "CA007189", "Anchor": "null", "FoundationType": "null", "eqBldgType": "null", "DesignLevel": "null", "SoilType": "D", "LqfSusCat": 0, "LndSusCat": 0, "WaterDepth": 5.0, "Distance": "null", "PGA": 0.83762073516845703, "PGV": 37.623123168945313, "Sa03": 2.1028585433959961, "Sa10": 1.1015702486038208, "LqfSettlPGD": 0.0, "LqfSprPGD": 0.0, "LqfProb": 0.0, "LndPGD": 0.0, "LndProb": 0.0, "SufFltRuptPGD": 29.523393630981445, "SurfFltRuptProb": 0.5, "PDsNone": 0.2969, "PDsSlight": 0.1069, "PDsModerate": 0.1202, "PDsExtensive": 0.2151, "PDsComplete": 0.2607, "PDsExceedSlight": 0.703, "PDsExceedModerate": 0.596, "PDsExceedExtensive": 0.4758, "FunctDay1": 42.4, "FunctDay3": 48.7, "FunctDay7": 53.5, "FunctDay14": 54.6, "FunctDay30": 56.3, "FunctDay90": 68.8, "EconLoss": 396501.84375, "Name": "'RELIEZ CREEK'", "City": "null", "State": "null" }, "geometry": { "type": "Point", "coordinates": [ -122.09365, 37.8956 ] } },
{ "type": "Feature", "properties": { "FacilityType": "HighwayBridge", "FacilityId": "CA007190", "Anchor": "null", "FoundationType": "null", "eqBldgType": "null", "DesignLevel": "null", "SoilType": "D", "LqfSusCat": 0, "LndSusCat": 0, "WaterDepth": 5.0, "Distance": "null", "PGA": 0.74986439943313599, "PGV": 46.097896575927734, "Sa03": 1.8606994152069092, "Sa10": 1.3066445589065552, "LqfSettlPGD": 0.0, "LqfSprPGD": 0.0, "LqfProb": 0.0, "LndPGD": 0.0, "LndProb": 0.0, "SufFltRuptPGD": 29.523393630981445, "SurfFltRuptProb": 0.5, "PDsNone": 0.007, "PDsSlight": 0.0475, "PDsModerate": 0.0426, "PDsExtensive": 0.1698, "PDsComplete": 0.7328, "PDsExceedSlight": 0.9929, "PDsExceedModerate": 0.9453, "PDsExceedExtensive": 0.9027, "FunctDay1": 7.5, "FunctDay3": 10.0, "FunctDay7": 11.9, "FunctDay14": 12.7, "FunctDay30": 14.6, "FunctDay90": 28.0, "EconLoss": 883474.5, "Name": "'WILDCAT CREEK'", "City": "null", "State": "null" }, "geometry": { "type": "Point", "coordinates": [ -122.366831, 37.960267 ] } },
{ "type": "Feature", "properties": { "FacilityType": "HighwayBridge", "FacilityId": "CA007191", "Anchor": "null", "FoundationType": "null", "eqBldgType": "null", "DesignLevel": "null", "SoilType": "D", "LqfSusCat": 0, "LndSusCat": 0, "WaterDepth": 5.0, "Distance": "null", "PGA": 0.74986439943313599, "PGV": 46.097896575927734, "Sa03": 1.8606994152069092, "Sa10": 1.3066445589065552, "LqfSettlPGD": 0.0, "LqfSprPGD": 0.0, "LqfProb": 0.0, "LndPGD": 0.0, "LndProb": 0.0, "SufFltRuptPGD": 29.523393630981445, "SurfFltRuptProb": 0.5, "PDsNone": 0.007, "PDsSlight": 0.0475, "PDsModerate": 0.0426, "PDsExtensive": 0.1698, "PDsComplete": 0.7328, "PDsExceedSlight": 0.9929, "PDsExceedModerate": 0.9453, "PDsExceedExtensive": 0.9027, "FunctDay1": 7.5, "FunctDay3": 10.0, "FunctDay7": 11.9, "FunctDay14": 12.7, "FunctDay30": 14.6, "FunctDay90": 28.0, "EconLoss": 922451.375, "Name": "'SAN PABLO CREEK'", "City": "null", "State": "null" }, "geometry": { "type": "Point", "coordinates": [ -122.366703, 37.967228 ] } },
{ "type": "Feature", "properties": { "FacilityType": "HighwayBridge", "FacilityId": "CA007192", "Anchor": "null", "FoundationType": "null", "eqBldgType": "null", "DesignLevel": "null", "SoilType": "D", "LqfSusCat": 0, "LndSusCat": 0, "WaterDepth": 5.0, "Distance": "null", "PGA": 0.83762073516845703, "PGV": 37.623123168945313, "Sa03": 2.1028585433959961, "Sa10": 1.1015702486038208, "LqfSettlPGD": 0.0, "LqfSprPGD": 0.0, "LqfProb": 0.0, "LndPGD": 0.0, "LndProb": 0.0, "SufFltRuptPGD": 29.523393630981445, "SurfFltRuptProb": 0.5, "PDsNone": 0.2969, "PDsSlight": 0.0491, "PDsModerate": 0.1172, "PDsExtensive": 0.224, "PDsComplete": 0.3125, "PDsExceedSlight": 0.703, "PDsExceedModerate": 0.6538, "PDsExceedExtensive": 0.5366, "FunctDay1": 38.2, "FunctDay3": 42.9, "FunctDay7": 47.6, "FunctDay14": 48.7, "FunctDay30": 50.5, "FunctDay90": 63.8, "EconLoss": 1495365.75, "Name": "'LAS TRAMPAS CREEK'", "City": "null", "State": "null" }, "geometry": { "type": "Point", "coordinates": [ -122.092831, 37.886986 ] } },
{ "type": "Feature", "properties": { "FacilityType": "HighwayBridge", "FacilityId": "CA007193", "Anchor": "null", "FoundationType": "null", "eqBldgType": "null", "DesignLevel": "null", "SoilType": "D", "LqfSusCat": 0, "LndSusCat": 0, "WaterDepth": 5.0, "Distance": "null", "PGA": 0.77819806337356567, "PGV": 35.529254913330078, "Sa03": 1.9471142292022705, "Sa10": 1.0302927494049072, "LqfSettlPGD": 0.0, "LqfSprPGD": 0.0, "LqfProb": 0.0, "LndPGD": 0.0, "LndProb": 0.0, "SufFltRuptPGD": 29.523393630981445, "SurfFltRuptProb": 0.5, "PDsNone": 0.3366, "PDsSlight": 0.1435, "PDsModerate": 0.1201, "PDsExtensive": 0.1977, "PDsComplete": 0.2019, "PDsExceedSlight": 0.6633, "PDsExceedModerate": 0.5198, "PDsExceedExtensive": 0.3996, "FunctDay1": 49.0, "FunctDay3": 56.1, "FunctDay7": 60.9, "FunctDay14": 61.9, "FunctDay30": 63.5, "FunctDay90": 74.7, "EconLoss": 222427.90625, "Name": "'MOUNT DIABLO CREEK'", "City": "null", "State": "null" }, "geometry": { "type": "Point", "coordinates": [ -121.970019, 37.971694 ] } },
{ "type": "Feature", "properties": { "FacilityType": "HighwayBridge", "FacilityId": "CA007194", "Anchor": "null", "FoundationType": "null", "eqBldgType": "null", "DesignLevel": "null", "SoilType": "D", "LqfSusCat": 0, "LndSusCat": 0, "WaterDepth": 5.0, "Distance": "null", "PGA": 0.77480834722518921, "PGV": 35.311855316162109, "Sa03": 1.9298560619354248, "Sa10": 1.0328832864761353, "LqfSettlPGD": 0.0, "LqfSprPGD": 0.0, "LqfProb": 0.0, "LndPGD": 0.0, "LndProb": 0.0, "SufFltRuptPGD": 29.523393630981445, "SurfFltRuptProb": 0.5, "PDsNone": 0.3892, "PDsSlight": 0.0, "PDsModerate": 0.1319, "PDsExtensive": 0.1944, "PDsComplete": 0.2843, "PDsExceedSlight": 0.6107, "PDsExceedModerate": 0.6107, "PDsExceedExtensive": 0.4788, "FunctDay1": 44.0, "FunctDay3": 47.8, "FunctDay7": 53.1, "FunctDay14": 54.2, "FunctDay30": 55.8, "FunctDay90": 67.4, "EconLoss": 1214297.5, "Name": "'WALNUT CREEK'", "City": "null", "State": "null" }, "geometry": { "type": "Point", "coordinates": [ -122.059228, 38.001531 ] } },
{ "type": "Feature", "properties": { "FacilityType": "HighwayBridge", "FacilityId": "CA007195", "Anchor": "null", "FoundationType": "null", "eqBldgType": "null", "DesignLevel": "null", "SoilType": "D", "LqfSusCat": 0, "LndSusCat": 0, "WaterDepth": 5.0, "Distance": "null", "PGA": 0.77480834722518921, "PGV": 35.311855316162109, "Sa03": 1.9298560619354248, "Sa10": 1.0328832864761353, "LqfSettlPGD": 0.0, "LqfSprPGD": 0.0, "LqfProb": 0.0, "LndPGD": 0.0, "LndProb": 0.0, "SufFltRuptPGD": 29.523393630981445, "SurfFltRuptProb": 0.5, "PDsNone": 0.4079, "PDsSlight": 0.0, "PDsModerate": 0.1325, "PDsExtensive": 0.1914, "PDsComplete": 0.268, "PDsExceedSlight": 0.592, "PDsExceedModerate": 0.592, "PDsExceedExtensive": 0.4594, "FunctDay1": 45.8, "FunctDay3": 49.7, "FunctDay7": 54.9, "FunctDay14": 56.1, "FunctDay30": 57.6, "FunctDay90": 69.0, "EconLoss": 651764.9375, "Name": "'GRAYSON CREEK'", "City": "null", "State": "null" }, "geometry": { "type": "Point", "coordinates": [ -122.063197, 38.001789 ] } },
{ "type": "Feature", "properties": { "FacilityType": "HighwayBridge", "FacilityId": "CA007196", "Anchor": "null", "FoundationType": "null", "eqBldgType": "null", "DesignLevel": "null", "SoilType": "D", "LqfSusCat": 0, "LndSusCat": 0, "WaterDepth": 5.0, "Distance": "null", "PGA": 0.77819806337356567, "PGV": 35.529254913330078, "Sa03": 1.9471142292022705, "Sa10": 1.0302927494049072, "LqfSettlPGD": 0.0, "LqfSprPGD": 0.0, "LqfProb": 0.0, "LndPGD": 0.0, "LndProb": 0.0, "SufFltRuptPGD": 29.523393630981445, "SurfFltRuptProb": 0.5, "PDsNone": 0.3181, "PDsSlight": 0.0, "PDsModerate": 0.1147, "PDsExtensive": 0.2267, "PDsComplete": 0.3403, "PDsExceedSlight": 0.6818, "PDsExceedModerate": 0.6818, "PDsExceedExtensive": 0.5671, "FunctDay1": 36.6, "FunctDay3": 40.0, "FunctDay7": 44.6, "FunctDay14": 45.7, "FunctDay30": 47.6, "FunctDay90": 61.2, "EconLoss": 145486.765625, "Name": "'GALINDO CREEK'", "City": "null", "State": "null" }, "geometry": { "type": "Point", "coordinates": [ -121.970128, 37.946078 ] } },
{ "type": "Feature", "properties": { "FacilityType": "HighwayBridge", "FacilityId": "CA007197", "Anchor": "null", "FoundationType": "null", "eqBldgType": "null", "DesignLevel": "null", "SoilType": "D", "LqfSusCat": 0, "LndSusCat": 0, "WaterDepth": 5.0, "Distance": "null", "PGA": 0.77819806337356567, "PGV": 35.529254913330078, "Sa03": 1.9471142292022705, "Sa10": 1.0302927494049072, "LqfSettlPGD": 0.0, "LqfSprPGD": 0.0, "LqfProb": 0.0, "LndPGD": 0.0, "LndProb": 0.0, "SufFltRuptPGD": 29.523393630981445, "SurfFltRuptProb": 0.5, "PDsNone": 0.3366, "PDsSlight": 0.1435, "PDsModerate": 0.1201, "PDsExtensive": 0.1977, "PDsComplete": 0.2019, "PDsExceedSlight": 0.6633, "PDsExceedModerate": 0.5198, "PDsExceedExtensive": 0.3996, "FunctDay1": 49.0, "FunctDay3": 56.1, "FunctDay7": 60.9, "FunctDay14": 61.9, "FunctDay30": 63.5, "FunctDay90": 74.7, "EconLoss": 70225.1796875, "Name": "'MOUNT DIABLO CREEK'", "City": "null", "State": "null" }, "geometry": { "type": "Point", "coordinates": [ -121.954428, 37.954092 ] } },
{ "type": "Feature", "properties": { "FacilityType": "HighwayBridge", "FacilityId": "CA007198", "Anchor": "null", "FoundationType": "null", "eqBldgType": "null", "DesignLevel": "null", "SoilType": "D", "LqfSusCat": 0, "LndSusCat": 0, "WaterDepth": 5.0, "Distance": "null", "PGA": 0.5400269627571106, "PGV": 23.361949920654297, "Sa03": 1.3766359090805054, "Sa10": 0.70610624551773071, "LqfSettlPGD": 0.0, "LqfSprPGD": 0.0, "LqfProb": 0.0, "LndPGD": 0.0, "LndProb": 0.0, "SufFltRuptPGD": 29.523393630981445, "SurfFltRuptProb": 0.5, "PDsNone": 0.5824, "PDsSlight": 0.1366, "PDsModerate": 0.0925, "PDsExtensive": 0.1168, "PDsComplete": 0.0715, "PDsExceedSlight": 0.4175, "PDsExceedModerate": 0.2809, "PDsExceedExtensive": 0.1883, "FunctDay1": 71.7, "FunctDay3": 77.8, "FunctDay7": 81.4, "FunctDay14": 82.1, "FunctDay30": 83.0, "FunctDay90": 89.3, "EconLoss": 45604.046875, "Name": "'E CONTRA COSTA ID CANAL'", "City": "null", "State": "null" }, "geometry": { "type": "Point", "coordinates": [ -121.696153, 37.917958 ] } },
{ "type": "Feature", "properties": { "FacilityType": "HighwayBridge", "FacilityId": "CA007199", "Anchor": "null", "FoundationType": "null", "eqBldgType": "null", "DesignLevel": "null", "SoilType": "D", "LqfSusCat": 0, "LndSusCat": 0, "WaterDepth": 5.0, "Distance": "null", "PGA": 0.51411277055740356, "PGV": 22.598207473754883, "Sa03": 1.318814754486084, "Sa10": 0.69194120168685913, "LqfSettlPGD": 0.0, "LqfSprPGD": 0.0, "LqfProb": 0.0, "LndPGD": 0.0, "LndProb": 0.0, "SufFltRuptPGD": 29.523393630981445, "SurfFltRuptProb": 0.5, "PDsNone": 0.406, "PDsSlight": 0.2621, "PDsModerate": 0.1109, "PDsExtensive": 0.1216, "PDsComplete": 0.0991, "PDsExceedSlight": 0.5939, "PDsExceedModerate": 0.3317, "PDsExceedExtensive": 0.2208, "FunctDay1": 64.0, "FunctDay3": 73.8, "FunctDay7": 78.2, "FunctDay14": 79.0, "FunctDay30": 79.9, "FunctDay90": 86.6, "EconLoss": 296412.65625, "Name": "'CALIFORNIA AQUEDUCT'", "City": "null", "State": "null" }, "geometry": { "type": "Point", "coordinates": [ -121.596769, 37.82365 ] } },
{ "type": "Feature", "properties": { "FacilityType": "HighwayBridge", "FacilityId": "CA007200", "Anchor": "null", "FoundationType": "null", "eqBldgType": "null", "DesignLevel": "null", "SoilType": "D", "LqfSusCat": 0, "LndSusCat": 0, "WaterDepth": 5.0, "Distance": "null", "PGA": 0.50216132402420044, "PGV": 21.556356430053711, "Sa03": 1.2761011123657227, "Sa10": 0.64873725175857544, "LqfSettlPGD": 0.0, "LqfSprPGD": 0.0, "LqfProb": 0.0, "LndPGD": 0.0, "LndProb": 0.0, "SufFltRuptPGD": 29.523393630981445, "SurfFltRuptProb": 0.5, "PDsNone": 0.6365, "PDsSlight": 0.128, "PDsModerate": 0.0827, "PDsExtensive": 0.0984, "PDsComplete": 0.0541, "PDsExceedSlight": 0.3634, "PDsExceedModerate": 0.2353, "PDsExceedExtensive": 0.1526, "FunctDay1": 76.0, "FunctDay3": 81.7, "FunctDay7": 84.9, "FunctDay14": 85.5, "FunctDay30": 86.3, "FunctDay90": 91.5, "EconLoss": 34713.53125, "Name": "'KELLOGG CREEK'", "City": "null", "State": "null" }, "geometry": { "type": "Point", "coordinates": [ -121.641417, 37.881889 ] } },
{ "type": "Feature", "properties": { "FacilityType": "HighwayBridge", "FacilityId": "CA007201", "Anchor": "null", "FoundationType": "null", "eqBldgType": "null", "DesignLevel": "null", "SoilType": "D", "LqfSusCat": 0, "LndSusCat": 0, "WaterDepth": 5.0, "Distance": "null", "PGA": 0.58242559432983398, "PGV": 24.447414398193359, "Sa03": 1.4658873081207275, "Sa10": 0.71536010503768921, "LqfSettlPGD": 0.0, "LqfSprPGD": 0.0, "LqfProb": 0.0, "LndPGD": 0.0, "LndProb": 0.0, "SufFltRuptPGD": 29.523393630981445, "SurfFltRuptProb": 0.5, "PDsNone": 0.649, "PDsSlight": 0.0, "PDsModerate": 0.1143, "PDsExtensive": 0.128, "PDsComplete": 0.1085, "PDsExceedSlight": 0.3509, "PDsExceedModerate": 0.3509, "PDsExceedExtensive": 0.2366, "FunctDay1": 68.9, "FunctDay3": 72.2, "FunctDay7": 76.6, "FunctDay14": 77.5, "FunctDay30": 78.5, "FunctDay90": 85.6, "EconLoss": 144425.40625, "Name": "'KELLOGG CREEK'", "City": "null", "State": "null" }, "geometry": { "type": "Point", "coordinates": [ -121.695111, 37.874633 ] } },
{ "type": "Feature", "properties": { "FacilityType": "HighwayBridge", "FacilityId": "CA007202", "Anchor": "null", "FoundationType": "null", "eqBldgType": "null", "DesignLevel": "null", "SoilType": "D", "LqfSusCat": 0, "LndSusCat": 0, "WaterDepth": 5.0, "Distance": "null", "PGA": 0.63818597793579102, "PGV": 24.228071212768555, "Sa03": 1.5519578456878662, "Sa10": 0.66175997257232666, "LqfSettlPGD": 0.0, "LqfSprPGD": 0.0, "LqfProb": 0.0, "LndPGD": 0.0, "LndProb": 0.0, "SufFltRuptPGD": 29.523393630981445, "SurfFltRuptProb": 0.5, "PDsNone": 0.624, "PDsSlight": 0.075, "PDsModerate": 0.0964, "PDsExtensive": 0.1246, "PDsComplete": 0.0798, "PDsExceedSlight": 0.3759, "PDsExceedModerate": 0.3008, "PDsExceedExtensive": 0.2044, "FunctDay1": 71.4, "FunctDay3": 76.1, "FunctDay7": 79.9, "FunctDay14": 80.6, "FunctDay30": 81.5, "FunctDay90": 88.3, "EconLoss": 182458.59375, "Name": "'MARSH CREEK'", "City": "null", "State": "null" }, "geometry": { "type": "Point", "coordinates": [ -121.775936, 37.884667 ] } },
{ "type": "Feature", "properties": { "FacilityType": "HighwayBridge", "FacilityId": "CA007203", "Anchor": "null", "FoundationType": "null", "eqBldgType": "null", "DesignLevel": "null", "SoilType": "D", "LqfSusCat": 0, "LndSusCat": 0, "WaterDepth": 5.0, "Distance": "null", "PGA": 0.50870001316070557, "PGV": 21.449508666992188, "Sa03": 1.2920339107513428, "Sa10": 0.64752256870269775, "LqfSettlPGD": 0.0, "LqfSprPGD": 0.0, "LqfProb": 0.0, "LndPGD": 0.0, "LndProb": 0.0, "SufFltRuptPGD": 29.523393630981445, "SurfFltRuptProb": 0.5, "PDsNone": 0.6984, "PDsSlight": 0.0, "PDsModerate": 0.1051, "PDsExtensive": 0.1113, "PDsComplete": 0.0851, "PDsExceedSlight": 0.3015, "PDsExceedModerate": 0.3015, "PDsExceedExtensive": 0.1964, "FunctDay1": 73.4, "FunctDay3": 76.5, "FunctDay7": 80.6, "FunctDay14": 81.3, "FunctDay30": 82.2, "FunctDay90": 88.3, "EconLoss": 99458.515625, "Name": "'MARSH CREEK'", "City": "null", "State": "null" }, "geometry": { "type": "Point", "coordinates": [ -121.710342, 37.925436 ] } },
{ "type": "Feature", "properties": { "FacilityType": "HighwayBridge", "FacilityId": "CA007204", "Anchor": "null", "FoundationType": "null", "eqBldgType": "null", "DesignLevel": "null", "SoilType": "D", "LqfSusCat": 0, "LndSusCat": 0, "WaterDepth": 5.0, "Distance": "null", "PGA": 0.50870001316070557, "PGV": 21.449508666992188, "Sa03": 1.2920339107513428, "Sa10": 0.64752256870269775, "LqfSettlPGD": 0.0, "LqfSprPGD": 0.0, "LqfProb": 0.0, "LndPGD": 0.0, "LndProb": 0.0, "SufFltRuptPGD": 29.523393630981445, "SurfFltRuptProb": 0.5, "PDsNone": 0.6984, "PDsSlight": 0.0, "PDsModerate": 0.1051, "PDsExtensive": 0.1113, "PDsComplete": 0.0851, "PDsExceedSlight": 0.3015, "PDsExceedModerate": 0.3015, "PDsExceedExtensive": 0.1964, "FunctDay1": 73.4, "FunctDay3": 76.5, "FunctDay7": 80.6, "FunctDay14": 81.3, "FunctDay30": 82.2, "FunctDay90": 88.3, "EconLoss": 92728.2421875, "Name": "'MARSH CREEK'", "City": "null", "State": "null" }, "geometry": { "type": "Point", "coordinates": [ -121.710386, 37.925308 ] } },
{ "type": "Feature", "properties": { "FacilityType": "HighwayBridge", "FacilityId": "CA007205", "Anchor": "null", "FoundationType": "null", "eqBldgType": "null", "DesignLevel": "null", "SoilType": "D", "LqfSusCat": 0, "LndSusCat": 0, "WaterDepth": 5.0, "Distance": "null", "PGA": 0.50216132402420044, "PGV": 21.556356430053711, "Sa03": 1.2761011123657227, "Sa10": 0.64873725175857544, "LqfSettlPGD": 0.0, "LqfSprPGD": 0.0, "LqfProb": 0.0, "LndPGD": 0.0, "LndProb": 0.0, "SufFltRuptPGD": 29.523393630981445, "SurfFltRuptProb": 0.5, "PDsNone": 0.6365, "PDsSlight": 0.128, "PDsModerate": 0.0827, "PDsExtensive": 0.0984, "PDsComplete": 0.0541, "PDsExceedSlight": 0.3634, "PDsExceedModerate": 0.2353, "PDsExceedExtensive": 0.1526, "FunctDay1": 76.0, "FunctDay3": 81.7, "FunctDay7": 84.9, "FunctDay14": 85.5, "FunctDay30": 86.3, "FunctDay90": 91.5, "EconLoss": 43684.62109375, "Name": "'E CONTRA COSTA ID CANAL'", "City": "null", "State": "null" }, "geometry": { "type": "Point", "coordinates": [ -121.64115, 37.917908 ] } },
{ "type": "Feature", "properties": { "FacilityType": "HighwayBridge", "FacilityId": "CA007206", "Anchor": "null", "FoundationType": "null", "eqBldgType": "null", "DesignLevel": "null", "SoilType": "D", "LqfSusCat": 0, "LndSusCat": 0, "WaterDepth": 5.0, "Distance": "null", "PGA": 0.48198771476745605, "PGV": 22.136066436767578, "Sa03": 1.2626924514770508, "Sa10": 0.71629953384399414, "LqfSettlPGD": 0.0, "LqfSprPGD": 0.0, "LqfProb": 0.0, "LndPGD": 0.0, "LndProb": 0.0, "SufFltRuptPGD": 29.523393630981445, "SurfFltRuptProb": 0.5, "PDsNone": 0.573, "PDsSlight": 0.0924, "PDsModerate": 0.1022, "PDsExtensive": 0.1374, "PDsComplete": 0.0947, "PDsExceedSlight": 0.4269, "PDsExceedModerate": 0.3344, "PDsExceedExtensive": 0.2322, "FunctDay1": 67.8, "FunctDay3": 73.1, "FunctDay7": 77.1, "FunctDay14": 78.0, "FunctDay30": 79.0, "FunctDay90": 86.5, "EconLoss": 484433.0625, "Name": "'MARSH CREEK'", "City": "null", "State": "null" }, "geometry": { "type": "Point", "coordinates": [ -121.696242, 37.990581 ] } },
{ "type": "Feature", "properties": { "FacilityType": "HighwayBridge", "FacilityId": "CA007207", "Anchor": "null", "FoundationType": "null", "eqBldgType": "null", "DesignLevel": "null", "SoilType": "D", "LqfSusCat": 0, "LndSusCat": 0, "WaterDepth": 5.0, "Distance": "null", "PGA": 0.88323330879211426, "PGV": 36.366287231445313, "Sa03": 2.186204195022583, "Sa10": 0.97695797681808472, "LqfSettlPGD": 0.0, "LqfSprPGD": 0.0, "LqfProb": 0.0, "LndPGD": 0.0, "LndProb": 0.0, "SufFltRuptPGD": 29.523393630981445, "SurfFltRuptProb": 0.5, "PDsNone": 0.3695, "PDsSlight": 0.0577, "PDsModerate": 0.1207, "PDsExtensive": 0.2103, "PDsComplete": 0.2416, "PDsExceedSlight": 0.6304, "PDsExceedModerate": 0.5726, "PDsExceedExtensive": 0.4519, "FunctDay1": 46.0, "FunctDay3": 51.0, "FunctDay7": 55.8, "FunctDay14": 56.9, "FunctDay30": 58.6, "FunctDay90": 70.6, "EconLoss": 407534.3125, "Name": "'PINE CREEK'", "City": "null", "State": "null" }, "geometry": { "type": "Point", "coordinates": [ -122.010681, 37.928408 ] } },
{ "type": "Feature", "properties": { "FacilityType": "HighwayBridge", "FacilityId": "CA007208", "Anchor": "null", "FoundationType": "null", "eqBldgType": "null", "DesignLevel": "null", "SoilType": "D", "LqfSusCat": 0, "LndSusCat": 0, "WaterDepth": 5.0, "Distance": "null", "PGA": 0.6755908727645874, "PGV": 27.875143051147461, "Sa03": 1.6690680980682373, "Sa10": 0.80134338140487671, "LqfSettlPGD": 0.0, "LqfSprPGD": 0.0, "LqfProb": 0.0, "LndPGD": 0.0, "LndProb": 0.0, "SufFltRuptPGD": 29.523393630981445, "SurfFltRuptProb": 0.5, "PDsNone": 0.4988, "PDsSlight": 0.145, "PDsModerate": 0.1055, "PDsExtensive": 0.1454, "PDsComplete": 0.105, "PDsExceedSlight": 0.5011, "PDsExceedModerate": 0.356, "PDsExceedExtensive": 0.2504, "FunctDay1": 64.5, "FunctDay3": 71.2, "FunctDay7": 75.4, "FunctDay14": 76.2, "FunctDay30": 77.3, "FunctDay90": 85.2, "EconLoss": 174600.71875, "Name": "'CONTRA COSTA CANAL'", "City": "null", "State": "null" }, "geometry": { "type": "Point", "coordinates": [ -121.892872, 38.007325 ] } },
{ "type": "Feature", "properties": { "FacilityType": "HighwayBridge", "FacilityId": "CA007209", "Anchor": "null", "FoundationType": "null", "eqBldgType": "null", "DesignLevel": "null", "SoilType": "D", "LqfSusCat": 0, "LndSusCat": 0, "WaterDepth": 5.0, "Distance": "null", "PGA": 0.81645458936691284, "PGV": 37.333194732666016, "Sa03": 2.0122029781341553, "Sa10": 1.001726508140564, "LqfSettlPGD": 0.0, "LqfSprPGD": 0.0, "LqfProb": 0.0, "LndPGD": 0.0, "LndProb": 0.0, "SufFltRuptPGD": 29.523393630981445, "SurfFltRuptProb": 0.5, "PDsNone": 0.3539, "PDsSlight": 0.1318, "PDsModerate": 0.1199, "PDsExtensive": 0.1962, "PDsComplete": 0.198, "PDsExceedSlight": 0.646, "PDsExceedModerate": 0.5142, "PDsExceedExtensive": 0.3943, "FunctDay1": 49.8, "FunctDay3": 56.6, "FunctDay7": 61.4, "FunctDay14": 62.4, "FunctDay30": 64.0, "FunctDay90": 75.1, "EconLoss": 185057.875, "Name": "'PINOLE CREEK'", "City": "null", "State": "null" }, "geometry": { "type": "Point", "coordinates": [ -122.288467, 38.002436 ] } },
{ "type": "Feature", "properties": { "FacilityType": "HighwayBridge", "FacilityId": "CA007210", "Anchor": "null", "FoundationType": "null", "eqBldgType": "null", "DesignLevel": "null", "SoilType": "D", "LqfSusCat": 0, "LndSusCat": 0, "WaterDepth": 5.0, "Distance": "null", "PGA": 0.81645458936691284, "PGV": 37.333194732666016, "Sa03": 2.0122029781341553, "Sa10": 1.001726508140564, "LqfSettlPGD": 0.0, "LqfSprPGD": 0.0, "LqfProb": 0.0, "LndPGD": 0.0, "LndProb": 0.0, "SufFltRuptPGD": 29.523393630981445, "SurfFltRuptProb": 0.5, "PDsNone": 0.3147, "PDsSlight": 0.0, "PDsModerate": 0.0, "PDsExtensive": 0.2471, "PDsComplete": 0.438, "PDsExceedSlight": 0.6852, "PDsExceedModerate": 0.6852, "PDsExceedExtensive": 0.6852, "FunctDay1": 33.2, "FunctDay3": 33.4, "FunctDay7": 33.7, "FunctDay14": 34.3, "FunctDay30": 36.4, "FunctDay90": 51.7, "EconLoss": 1246515.0, "Name": "'PINOLE CREEK'", "City": "null", "State": "null" }, "geometry": { "type": "Point", "coordinates": [ -122.285344, 37.992681 ] } },
{ "type": "Feature", "properties": { "FacilityType": "HighwayBridge", "FacilityId": "CA007211", "Anchor": "null", "FoundationType": "null", "eqBldgType": "null", "DesignLevel": "null", "SoilType": "D", "LqfSusCat": 0, "LndSusCat": 0, "WaterDepth": 5.0, "Distance": "null", "PGA": 0.4887014627456665, "PGV": 21.263872146606445, "Sa03": 1.2509886026382446, "Sa10": 0.6504894495010376, "LqfSettlPGD": 0.0, "LqfSprPGD": 0.0, "LqfProb": 0.0, "LndPGD": 0.0, "LndProb": 0.0, "SufFltRuptPGD": 29.523393630981445, "SurfFltRuptProb": 0.5, "PDsNone": 0.6348, "PDsSlight": 0.1283, "PDsModerate": 0.083, "PDsExtensive": 0.099, "PDsComplete": 0.0546, "PDsExceedSlight": 0.3651, "PDsExceedModerate": 0.2367, "PDsExceedExtensive": 0.1537, "FunctDay1": 75.9, "FunctDay3": 81.6, "FunctDay7": 84.8, "FunctDay14": 85.4, "FunctDay30": 86.2, "FunctDay90": 91.4, "EconLoss": 20259.208984375, "Name": "'BRUSHY CREEK'", "City": "null", "State": "null" }, "geometry": { "type": "Point", "coordinates": [ -121.609681, 37.835581 ] } },
{ "type": "Feature", "properties": { "FacilityType": "HighwayBridge", "FacilityId": "CA007212", "Anchor": "null", "FoundationType": "null", "eqBldgType": "null", "DesignLevel": "null", "SoilType": "D", "LqfSusCat": 0, "LndSusCat": 0, "WaterDepth": 5.0, "Distance": "null", "PGA": 0.76457589864730835, "PGV": 33.199306488037109, "Sa03": 1.8811763525009155, "Sa10": 0.93338006734848022, "LqfSettlPGD": 0.0, "LqfSprPGD": 0.0, "LqfProb": 0.0, "LndPGD": 0.0, "LndProb": 0.0, "SufFltRuptPGD": 29.523393630981445, "SurfFltRuptProb": 0.5, "PDsNone": 0.3985, "PDsSlight": 0.1171, "PDsModerate": 0.1185, "PDsExtensive": 0.1878, "PDsComplete": 0.1777, "PDsExceedSlight": 0.6014, "PDsExceedModerate": 0.4842, "PDsExceedExtensive": 0.3656, "FunctDay1": 53.0, "FunctDay3": 59.5, "FunctDay7": 64.2, "FunctDay14": 65.2, "FunctDay30": 66.6, "FunctDay90": 77.2, "EconLoss": 806532.625, "Name": "'PINOLE CREEK'", "City": "null", "State": "null" }, "geometry": { "type": "Point", "coordinates": [ -122.264378, 37.979483 ] } },
{ "type": "Feature", "properties": { "FacilityType": "HighwayBridge", "FacilityId": "CA007213", "Anchor": "null", "FoundationType": "null", "eqBldgType": "null", "DesignLevel": "null", "SoilType": "D", "LqfSusCat": 0, "LndSusCat": 0, "WaterDepth": 5.0, "Distance": "null", "PGA": 0.85801184177398682, "PGV": 35.096527099609375, "Sa03": 2.0487470626831055, "Sa10": 0.97292733192443848, "LqfSettlPGD": 0.0, "LqfSprPGD": 0.0, "LqfProb": 0.0, "LndPGD": 0.0, "LndProb": 0.0, "SufFltRuptPGD": 29.523393630981445, "SurfFltRuptProb": 0.5, "PDsNone": 0.3721, "PDsSlight": 0.1254, "PDsModerate": 0.1194, "PDsExtensive": 0.193, "PDsComplete": 0.1898, "PDsExceedSlight": 0.6278, "PDsExceedModerate": 0.5024, "PDsExceedExtensive": 0.3829, "FunctDay1": 51.1, "FunctDay3": 57.8, "FunctDay7": 62.5, "FunctDay14": 63.5, "FunctDay30": 65.0, "FunctDay90": 75.9, "EconLoss": 523096.5625, "Name": "'LAS TRAMPAS CREEK'", "City": "null", "State": "null" }, "geometry": { "type": "Point", "coordinates": [ -122.101675, 37.860997 ] } },
{ "type": "Feature", "properties": { "FacilityType": "HighwayBridge", "FacilityId": "CA007214", "Anchor": "null", "FoundationType": "null", "eqBldgType": "null", "DesignLevel": "null", "SoilType": "D", "LqfSusCat": 0, "LndSusCat": 0, "WaterDepth": 5.0, "Distance": "null", "PGA": 0.7075842022895813, "PGV": 26.548734664916992, "Sa03": 1.6766353845596313, "Sa10": 0.70251947641372681, "LqfSettlPGD": 0.0, "LqfSprPGD": 0.0, "LqfProb": 0.0, "LndPGD": 0.0, "LndProb": 0.0, "SufFltRuptPGD": 29.523393630981445, "SurfFltRuptProb": 0.5, "PDsNone": 0.5857, "PDsSlight": 0.0143, "PDsModerate": 0.1112, "PDsExtensive": 0.161, "PDsComplete": 0.1275, "PDsExceedSlight": 0.4142, "PDsExceedModerate": 0.3998, "PDsExceedExtensive": 0.2885, "FunctDay1": 63.7, "FunctDay3": 67.3, "FunctDay7": 71.7, "FunctDay14": 72.6, "FunctDay30": 73.8, "FunctDay90": 82.7, "EconLoss": 68393.8515625, "Name": "'MARSH CREEK'", "City": "null", "State": "null" }, "geometry": { "type": "Point", "coordinates": [ -121.831811, 37.884714 ] } },
{ "type": "Feature", "properties": { "FacilityType": "HighwayBridge", "FacilityId": "CA007215", "Anchor": "null", "FoundationType": "null", "eqBldgType": "null", "DesignLevel": "null", "SoilType": "D", "LqfSusCat": 0, "LndSusCat": 0, "WaterDepth": 5.0, "Distance": "null", "PGA": 0.63818597793579102, "PGV": 24.228071212768555, "Sa03": 1.5519578456878662, "Sa10": 0.66175997257232666, "LqfSettlPGD": 0.0, "LqfSprPGD": 0.0, "LqfProb": 0.0, "LndPGD": 0.0, "LndProb": 0.0, "SufFltRuptPGD": 29.523393630981445, "SurfFltRuptProb": 0.5, "PDsNone": 0.624, "PDsSlight": 0.075, "PDsModerate": 0.0964, "PDsExtensive": 0.1246, "PDsComplete": 0.0798, "PDsExceedSlight": 0.3759, "PDsExceedModerate": 0.3008, "PDsExceedExtensive": 0.2044, "FunctDay1": 71.4, "FunctDay3": 76.1, "FunctDay7": 79.9, "FunctDay14": 80.6, "FunctDay30": 81.5, "FunctDay90": 88.3, "EconLoss": 44433.3125, "Name": "'MARSH CREEK'", "City": "null", "State": "null" }, "geometry": { "type": "Point", "coordinates": [ -121.799025, 37.892558 ] } },
{ "type": "Feature", "properties": { "FacilityType": "HighwayBridge", "FacilityId": "CA007216", "Anchor": "null", "FoundationType": "null", "eqBldgType": "null", "DesignLevel": "null", "SoilType": "D", "LqfSusCat": 0, "LndSusCat": 0, "WaterDepth": 5.0, "Distance": "null", "PGA": 0.57033234834671021, "PGV": 20.944650650024414, "Sa03": 1.3674514293670654, "Sa10": 0.56820142269134521, "LqfSettlPGD": 0.0, "LqfSprPGD": 0.0, "LqfProb": 0.0, "LndPGD": 0.0, "LndProb": 0.0, "SufFltRuptPGD": 29.523393630981445, "SurfFltRuptProb": 0.5, "PDsNone": 0.741, "PDsSlight": 0.0, "PDsModerate": 0.0956, "PDsExtensive": 0.0962, "PDsComplete": 0.067, "PDsExceedSlight": 0.2589, "PDsExceedModerate": 0.2589, "PDsExceedExtensive": 0.1632, "FunctDay1": 77.3, "FunctDay3": 80.1, "FunctDay7": 83.8, "FunctDay14": 84.5, "FunctDay30": 85.2, "FunctDay90": 90.4, "EconLoss": 140107.09375, "Name": "'MARSH CREEK'", "City": "null", "State": "null" }, "geometry": { "type": "Point", "coordinates": [ -121.772636, 37.879658 ] } },
{ "type": "Feature", "properties": { "FacilityType": "HighwayBridge", "FacilityId": "CA007217", "Anchor": "null", "FoundationType": "null", "eqBldgType": "null", "DesignLevel": "null", "SoilType": "D", "LqfSusCat": 0, "LndSusCat": 0, "WaterDepth": 5.0, "Distance": "null", "PGA": 0.63395416736602783, "PGV": 23.283342361450195, "Sa03": 1.5014830827713013, "Sa10": 0.61828792095184326, "LqfSettlPGD": 0.0, "LqfSprPGD": 0.0, "LqfProb": 0.0, "LndPGD": 0.0, "LndProb": 0.0, "SufFltRuptPGD": 29.523393630981445, "SurfFltRuptProb": 0.5, "PDsNone": 0.5397, "PDsSlight": 0.0, "PDsModerate": 0.0, "PDsExtensive": 0.23, "PDsComplete": 0.2302, "PDsExceedSlight": 0.4602, "PDsExceedModerate": 0.4602, "PDsExceedExtensive": 0.4602, "FunctDay1": 55.3, "FunctDay3": 55.4, "FunctDay7": 55.6, "FunctDay14": 56.2, "FunctDay30": 58.0, "FunctDay90": 71.0, "EconLoss": 251081.84375, "Name": "'MARSH CREEK'", "City": "null", "State": "null" }, "geometry": { "type": "Point", "coordinates": [ -121.727333, 37.872928 ] } },
{ "type": "Feature", "properties": { "FacilityType": "HighwayBridge", "FacilityId": "CA007218", "Anchor": "null", "FoundationType": "null", "eqBldgType": "null", "DesignLevel": "null", "SoilType": "D", "LqfSusCat": 0, "LndSusCat": 0, "WaterDepth": 5.0, "Distance": "null", "PGA": 0.6000664234161377, "PGV": 40.070621490478516, "Sa03": 1.5195895433425903, "Sa10": 1.3292993307113647, "LqfSettlPGD": 0.0, "LqfSprPGD": 0.0, "LqfProb": 0.0, "LndPGD": 0.0, "LndProb": 0.0, "SufFltRuptPGD": 29.523393630981445, "SurfFltRuptProb": 0.5, "PDsNone": 0.0924, "PDsSlight": 0.1653, "PDsModerate": 0.1183, "PDsExtensive": 0.2036, "PDsComplete": 0.4202, "PDsExceedSlight": 0.9075, "PDsExceedModerate": 0.7421, "PDsExceedExtensive": 0.6238, "FunctDay1": 26.6, "FunctDay3": 34.2, "FunctDay7": 39.0, "FunctDay14": 40.1, "FunctDay30": 41.9, "FunctDay90": 54.8, "EconLoss": 138329.59375, "Name": "'PEYTON SLOUGH'", "City": "null", "State": "null" }, "geometry": { "type": "Point", "coordinates": [ -122.105597, 38.025811 ] } },
{ "type": "Feature", "properties": { "FacilityType": "HighwayBridge", "FacilityId": "CA007219", "Anchor": "null", "FoundationType": "null", "eqBldgType": "null", "DesignLevel": "null", "SoilType": "D", "LqfSusCat": 0, "LndSusCat": 0, "WaterDepth": 5.0, "Distance": "null", "PGA": 0.57236021757125854, "PGV": 23.94725227355957, "Sa03": 1.4608070850372314, "Sa10": 0.72987604141235352, "LqfSettlPGD": 0.0, "LqfSprPGD": 0.0, "LqfProb": 0.0, "LndPGD": 0.0, "LndProb": 0.0, "SufFltRuptPGD": 29.523393630981445, "SurfFltRuptProb": 0.5, "PDsNone": 0.5607, "PDsSlight": 0.1393, "PDsModerate": 0.0962, "PDsExtensive": 0.1242, "PDsComplete": 0.0793, "PDsExceedSlight": 0.4392, "PDsExceedModerate": 0.2998, "PDsExceedExtensive": 0.2036, "FunctDay1": 69.9, "FunctDay3": 76.2, "FunctDay7": 79.9, "FunctDay14": 80.7, "FunctDay30": 81.6, "FunctDay90": 88.3, "EconLoss": 25507.794921875, "Name": "'E ANTIOCH CREEK'", "City": "null", "State": "null" }, "geometry": { "type": "Point", "coordinates": [ -121.798281, 38.012233 ] } },
{ "type": "Feature", "properties": { "FacilityType": "HighwayBridge", "FacilityId": "CA007220", "Anchor": "null", "FoundationType": "null", "eqBldgType": "null", "DesignLevel": "null", "SoilType": "D", "LqfSusCat": 0, "LndSusCat": 0, "WaterDepth": 5.0, "Distance": "null", "PGA": 0.57236021757125854, "PGV": 23.94725227355957, "Sa03": 1.4608070850372314, "Sa10": 0.72987604141235352, "LqfSettlPGD": 0.0, "LqfSprPGD": 0.0, "LqfProb": 0.0, "LndPGD": 0.0, "LndProb": 0.0, "SufFltRuptPGD": 29.523393630981445, "SurfFltRuptProb": 0.5, "PDsNone": 0.5607, "PDsSlight": 0.1393, "PDsModerate": 0.0962, "PDsExtensive": 0.1242, "PDsComplete": 0.0793, "PDsExceedSlight": 0.4392, "PDsExceedModerate": 0.2998, "PDsExceedExtensive": 0.2036, "FunctDay1": 69.9, "FunctDay3": 76.2, "FunctDay7": 79.9, "FunctDay14": 80.7, "FunctDay30": 81.6, "FunctDay90": 88.3, "EconLoss": 86894.703125, "Name": "'FAIR CREEK'", "City": "null", "State": "null" }, "geometry": { "type": "Point", "coordinates": [ -121.823631, 38.011192 ] } },
{ "type": "Feature", "properties": { "FacilityType": "HighwayBridge", "FacilityId": "CA007221", "Anchor": "null", "FoundationType": "null", "eqBldgType": "null", "DesignLevel": "null", "SoilType": "D", "LqfSusCat": 0, "LndSusCat": 0, "WaterDepth": 5.0, "Distance": "null", "PGA": 0.83762073516845703, "PGV": 37.623123168945313, "Sa03": 2.1028585433959961, "Sa10": 1.1015702486038208, "LqfSettlPGD": 0.0, "LqfSprPGD": 0.0, "LqfProb": 0.0, "LndPGD": 0.0, "LndProb": 0.0, "SufFltRuptPGD": 29.523393630981445, "SurfFltRuptProb": 0.5, "PDsNone": 0.015, "PDsSlight": 0.0512, "PDsModerate": 0.0487, "PDsExtensive": 0.1849, "PDsComplete": 0.6999, "PDsExceedSlight": 0.9849, "PDsExceedModerate": 0.9336, "PDsExceedExtensive": 0.8849, "FunctDay1": 8.7, "FunctDay3": 11.5, "FunctDay7": 13.7, "FunctDay14": 14.5, "FunctDay30": 16.5, "FunctDay90": 30.4, "EconLoss": 1172858.5, "Name": "'TAYLOR BLVD'", "City": "null", "State": "null" }, "geometry": { "type": "Point", "coordinates": [ -122.097128, 37.921458 ] } },
{ "type": "Feature", "properties": { "FacilityType": "HighwayBridge", "FacilityId": "CA007222", "Anchor": "null", "FoundationType": "null", "eqBldgType": "null", "DesignLevel": "null", "SoilType": "D", "LqfSusCat": 0, "LndSusCat": 0, "WaterDepth": 5.0, "Distance": "null", "PGA": 0.70880746841430664, "PGV": 30.482419967651367, "Sa03": 1.7533557415008545, "Sa10": 0.89151012897491455, "LqfSettlPGD": 0.0, "LqfSprPGD": 0.0, "LqfProb": 0.0, "LndPGD": 0.0, "LndProb": 0.0, "SufFltRuptPGD": 29.523393630981445, "SurfFltRuptProb": 0.5, "PDsNone": 0.4283, "PDsSlight": 0.1227, "PDsModerate": 0.1161, "PDsExtensive": 0.1771, "PDsComplete": 0.1555, "PDsExceedSlight": 0.5716, "PDsExceedModerate": 0.4489, "PDsExceedExtensive": 0.3327, "FunctDay1": 56.3, "FunctDay3": 62.8, "FunctDay7": 67.4, "FunctDay14": 68.3, "FunctDay30": 69.7, "FunctDay90": 79.6, "EconLoss": 341636.1875, "Name": "'TASSAJARA CREEK'", "City": "null", "State": "null" }, "geometry": { "type": "Point", "coordinates": [ -121.866583, 37.764383 ] } },
{ "type": "Feature", "properties": { "FacilityType": "HighwayBridge", "FacilityId": "CA007223", "Anchor": "null", "FoundationType": "null", "eqBldgType": "null", "DesignLevel": "null", "SoilType": "D", "LqfSusCat": 0, "LndSusCat": 0, "WaterDepth": 5.0, "Distance": "null", "PGA": 0.74986439943313599, "PGV": 46.097896575927734, "Sa03": 1.8606994152069092, "Sa10": 1.3066445589065552, "LqfSettlPGD": 0.0, "LqfSprPGD": 0.0, "LqfProb": 0.0, "LndPGD": 0.0, "LndProb": 0.0, "SufFltRuptPGD": 29.523393630981445, "SurfFltRuptProb": 0.5, "PDsNone": 0.2067, "PDsSlight": 0.079, "PDsModerate": 0.1109, "PDsExtensive": 0.2282, "PDsComplete": 0.3749, "PDsExceedSlight": 0.7932, "PDsExceedModerate": 0.7141, "PDsExceedExtensive": 0.6032, "FunctDay1": 31.3, "FunctDay3": 36.6, "FunctDay7": 41.1, "FunctDay14": 42.2, "FunctDay30": 44.1, "FunctDay90": 58.0, "EconLoss": 266508.46875, "Name": "'WILDCAT CREEK'", "City": "null", "State": "null" }, "geometry": { "type": "Point", "coordinates": [ -122.346192, 37.960361 ] } },
{ "type": "Feature", "properties": { "FacilityType": "HighwayBridge", "FacilityId": "CA007224", "Anchor": "null", "FoundationType": "null", "eqBldgType": "null", "DesignLevel": "null", "SoilType": "D", "LqfSusCat": 0, "LndSusCat": 0, "WaterDepth": 5.0, "Distance": "null", "PGA": 0.82510662078857422, "PGV": 35.320968627929688, "Sa03": 1.9869507551193237, "Sa10": 0.97305315732955933, "LqfSettlPGD": 0.0, "LqfSprPGD": 0.0, "LqfProb": 0.0, "LndPGD": 0.0, "LndProb": 0.0, "SufFltRuptPGD": 29.523393630981445, "SurfFltRuptProb": 0.5, "PDsNone": 0.2101, "PDsSlight": 0.238, "PDsModerate": 0.1327, "PDsExtensive": 0.1836, "PDsComplete": 0.2353, "PDsExceedSlight": 0.7898, "PDsExceedModerate": 0.5517, "PDsExceedExtensive": 0.419, "FunctDay1": 43.7, "FunctDay3": 53.6, "FunctDay7": 58.9, "FunctDay14": 60.0, "FunctDay30": 61.5, "FunctDay90": 72.2, "EconLoss": 384207.90625, "Name": "'CAMINO PABLO ROAD'", "City": "null", "State": "null" }, "geometry": { "type": "Point", "coordinates": [ -122.184369, 37.878708 ] } },
{ "type": "Feature", "properties": { "FacilityType": "HighwayBridge", "FacilityId": "CA007225", "Anchor": "null", "FoundationType": "null", "eqBldgType": "null", "DesignLevel": "null", "SoilType": "D", "LqfSusCat": 0, "LndSusCat": 0, "WaterDepth": 5.0, "Distance": "null", "PGA": 0.84220755100250244, "PGV": 34.973834991455078, "Sa03": 2.0063738822937012, "Sa10": 0.96679979562759399, "LqfSettlPGD": 0.0, "LqfSprPGD": 0.0, "LqfProb": 0.0, "LndPGD": 0.0, "LndProb": 0.0, "SufFltRuptPGD": 29.523393630981445, "SurfFltRuptProb": 0.5, "PDsNone": 0.3761, "PDsSlight": 0.0985, "PDsModerate": 0.1202, "PDsExtensive": 0.1991, "PDsComplete": 0.2058, "PDsExceedSlight": 0.6238, "PDsExceedModerate": 0.5253, "PDsExceedExtensive": 0.405, "FunctDay1": 49.6, "FunctDay3": 55.6, "FunctDay7": 60.3, "FunctDay14": 61.4, "FunctDay30": 63.0, "FunctDay90": 74.3, "EconLoss": 124220.78125, "Name": "'W BRANCH SAN LEANDRO CR'", "City": "null", "State": "null" }, "geometry": { "type": "Point", "coordinates": [ -122.131731, 37.835756 ] } },
{ "type": "Feature", "properties": { "FacilityType": "HighwayBridge", "FacilityId": "CA007226", "Anchor": "null", "FoundationType": "null", "eqBldgType": "null", "DesignLevel": "null", "SoilType": "D", "LqfSusCat": 0, "LndSusCat": 0, "WaterDepth": 5.0, "Distance": "null", "PGA": 0.53909218311309814, "PGV": 33.995975494384766, "Sa03": 1.4119381904602051, "Sa10": 1.1746985912322998, "LqfSettlPGD": 0.0, "LqfSprPGD": 0.0, "LqfProb": 0.0, "LndPGD": 0.0, "LndProb": 0.0, "SufFltRuptPGD": 29.523393630981445, "SurfFltRuptProb": 0.5, "PDsNone": 0.0114, "PDsSlight": 0.0658, "PDsModerate": 0.0541, "PDsExtensive": 0.1971, "PDsComplete": 0.6714, "PDsExceedSlight": 0.9885, "PDsExceedModerate": 0.9227, "PDsExceedExtensive": 0.8685, "FunctDay1": 9.6, "FunctDay3": 12.9, "FunctDay7": 15.3, "FunctDay14": 16.2, "FunctDay30": 18.2, "FunctDay90": 32.5, "EconLoss": 1266139.875, "Name": "'RANGE ROAD'", "City": "null", "State": "null" }, "geometry": { "type": "Point", "coordinates": [ -121.918272, 38.026631 ] } },
{ "type": "Feature", "properties": { "FacilityType": "HighwayBridge", "FacilityId": "CA007227", "Anchor": "null", "FoundationType": "null", "eqBldgType": "null", "DesignLevel": "null", "SoilType": "D", "LqfSusCat": 0, "LndSusCat": 0, "WaterDepth": 5.0, "Distance": "null", "PGA": 0.83762073516845703, "PGV": 37.623123168945313, "Sa03": 2.1028585433959961, "Sa10": 1.1015702486038208, "LqfSettlPGD": 0.0, "LqfSprPGD": 0.0, "LqfProb": 0.0, "LndPGD": 0.0, "LndProb": 0.0, "SufFltRuptPGD": 29.523393630981445, "SurfFltRuptProb": 0.5, "PDsNone": 0.2969, "PDsSlight": 0.1186, "PDsModerate": 0.1205, "PDsExtensive": 0.2128, "PDsComplete": 0.251, "PDsExceedSlight": 0.703, "PDsExceedModerate": 0.5843, "PDsExceedExtensive": 0.4638, "FunctDay1": 43.3, "FunctDay3": 49.8, "FunctDay7": 54.6, "FunctDay14": 55.7, "FunctDay30": 57.4, "FunctDay90": 69.7, "EconLoss": 554275.0, "Name": "'LAS TRAMPAS CREEK'", "City": "null", "State": "null" }, "geometry": { "type": "Point", "coordinates": [ -122.101022, 37.879806 ] } },
{ "type": "Feature", "properties": { "FacilityType": "HighwayBridge", "FacilityId": "CA007228", "Anchor": "null", "FoundationType": "null", "eqBldgType": "null", "DesignLevel": "null", "SoilType": "D", "LqfSusCat": 0, "LndSusCat": 0, "WaterDepth": 5.0, "Distance": "null", "PGA": 0.83762073516845703, "PGV": 37.623123168945313, "Sa03": 2.1028585433959961, "Sa10": 1.1015702486038208, "LqfSettlPGD": 0.0, "LqfSprPGD": 0.0, "LqfProb": 0.0, "LndPGD": 0.0, "LndProb": 0.0, "SufFltRuptPGD": 29.523393630981445, "SurfFltRuptProb": 0.5, "PDsNone": 0.2969, "PDsSlight": 0.1119, "PDsModerate": 0.1203, "PDsExtensive": 0.2141, "PDsComplete": 0.2565, "PDsExceedSlight": 0.703, "PDsExceedModerate": 0.591, "PDsExceedExtensive": 0.4706, "FunctDay1": 42.8, "FunctDay3": 49.2, "FunctDay7": 54.0, "FunctDay14": 55.1, "FunctDay30": 56.8, "FunctDay90": 69.2, "EconLoss": 179611.71875, "Name": "'LAFAYETTE CREEK'", "City": "null", "State": "null" }, "geometry": { "type": "Point", "coordinates": [ -122.121536, 37.88835 ] } },
{ "type": "Feature", "properties": { "FacilityType": "HighwayBridge", "FacilityId": "CA007229", "Anchor": "null", "FoundationType": "null", "eqBldgType": "null", "DesignLevel": "null", "SoilType": "D", "LqfSusCat": 0, "LndSusCat": 0, "WaterDepth": 5.0, "Distance": "null", "PGA": 0.74830800294876099, "PGV": 32.61968994140625, "Sa03": 1.848130464553833, "Sa10": 0.93514639139175415, "LqfSettlPGD": 0.0, "LqfSprPGD": 0.0, "LqfProb": 0.0, "LndPGD": 0.0, "LndProb": 0.0, "SufFltRuptPGD": 29.523393630981445, "SurfFltRuptProb": 0.5, "PDsNone": 0.4745, "PDsSlight": 0.0, "PDsModerate": 0.1321, "PDsExtensive": 0.1778, "PDsComplete": 0.2154, "PDsExceedSlight": 0.5254, "PDsExceedModerate": 0.5254, "PDsExceedExtensive": 0.3933, "FunctDay1": 52.3, "FunctDay3": 56.2, "FunctDay7": 61.4, "FunctDay14": 62.4, "FunctDay30": 63.9, "FunctDay90": 74.2, "EconLoss": 263171.28125, "Name": "'RODEO CREEK'", "City": "null", "State": "null" }, "geometry": { "type": "Point", "coordinates": [ -122.265797, 38.033078 ] } },
{ "type": "Feature", "properties": { "FacilityType": "HighwayBridge", "FacilityId": "CA007230", "Anchor": "null", "FoundationType": "null", "eqBldgType": "null", "DesignLevel": "null", "SoilType": "D", "LqfSusCat": 0, "LndSusCat": 0, "WaterDepth": 5.0, "Distance": "null", "PGA": 0.56093955039978027, "PGV": 35.603309631347656, "Sa03": 1.4739805459976196, "Sa10": 1.2252141237258911, "LqfSettlPGD": 0.0, "LqfSprPGD": 0.0, "LqfProb": 0.0, "LndPGD": 0.0, "LndProb": 0.0, "SufFltRuptPGD": 29.523393630981445, "SurfFltRuptProb": 0.5, "PDsNone": 0.2999, "PDsSlight": 0.0, "PDsModerate": 0.1246, "PDsExtensive": 0.2034, "PDsComplete": 0.3718, "PDsExceedSlight": 0.7, "PDsExceedModerate": 0.7, "PDsExceedExtensive": 0.5753, "FunctDay1": 35.0, "FunctDay3": 38.7, "FunctDay7": 43.7, "FunctDay14": 44.8, "FunctDay30": 46.6, "FunctDay90": 59.2, "EconLoss": 400325.75, "Name": "'UP RR  BNSF RY  & AMTRAK'", "City": "null", "State": "null" }, "geometry": { "type": "Point", "coordinates": [ -121.987986, 38.045083 ] } },
{ "type": "Feature", "properties": { "FacilityType": "HighwayBridge", "FacilityId": "CA007231", "Anchor": "null", "FoundationType": "null", "eqBldgType": "null", "DesignLevel": "null", "SoilType": "D", "LqfSusCat": 0, "LndSusCat": 0, "WaterDepth": 5.0, "Distance": "null", "PGA": 0.50216132402420044, "PGV": 21.556356430053711, "Sa03": 1.2761011123657227, "Sa10": 0.64873725175857544, "LqfSettlPGD": 0.0, "LqfSprPGD": 0.0, "LqfProb": 0.0, "LndPGD": 0.0, "LndProb": 0.0, "SufFltRuptPGD": 29.523393630981445, "SurfFltRuptProb": 0.5, "PDsNone": 0.6365, "PDsSlight": 0.128, "PDsModerate": 0.0827, "PDsExtensive": 0.0984, "PDsComplete": 0.0541, "PDsExceedSlight": 0.3634, "PDsExceedModerate": 0.2353, "PDsExceedExtensive": 0.1526, "FunctDay1": 76.0, "FunctDay3": 81.7, "FunctDay7": 84.9, "FunctDay14": 85.5, "FunctDay30": 86.3, "FunctDay90": 91.5, "EconLoss": 19929.888671875, "Name": "'KELLOGG CREEK'", "City": "null", "State": "null" }, "geometry": { "type": "Point", "coordinates": [ -121.671244, 37.881917 ] } },
{ "type": "Feature", "properties": { "FacilityType": "HighwayBridge", "FacilityId": "CA007232", "Anchor": "null", "FoundationType": "null", "eqBldgType": "null", "DesignLevel": "null", "SoilType": "D", "LqfSusCat": 0, "LndSusCat": 0, "WaterDepth": 5.0, "Distance": "null", "PGA": 0.79791748523712158, "PGV": 33.432174682617188, "Sa03": 1.9508605003356934, "Sa10": 0.94616395235061646, "LqfSettlPGD": 0.0, "LqfSprPGD": 0.0, "LqfProb": 0.0, "LndPGD": 0.0, "LndProb": 0.0, "SufFltRuptPGD": 29.523393630981445, "SurfFltRuptProb": 0.5, "PDsNone": 0.0277, "PDsSlight": 0.1161, "PDsModerate": 0.0799, "PDsExtensive": 0.2428, "PDsComplete": 0.5332, "PDsExceedSlight": 0.9722, "PDsExceedModerate": 0.8561, "PDsExceedExtensive": 0.7761, "FunctDay1": 15.7, "FunctDay3": 21.0, "FunctDay7": 24.4, "FunctDay14": 25.4, "FunctDay30": 27.6, "FunctDay90": 43.3, "EconLoss": 1927088.375, "Name": "'LAFAYETTE AQUEDUCT'", "City": "null", "State": "null" }, "geometry": { "type": "Point", "coordinates": [ -122.144272, 37.890958 ] } },
{ "type": "Feature", "properties": { "FacilityType": "HighwayBridge", "FacilityId": "CA007233", "Anchor": "null", "FoundationType": "null", "eqBldgType": "null", "DesignLevel": "null", "SoilType": "D", "LqfSusCat": 0, "LndSusCat": 0, "WaterDepth": 5.0, "Distance": "null", "PGA": 0.77480834722518921, "PGV": 35.311855316162109, "Sa03": 1.9298560619354248, "Sa10": 1.0328832864761353, "LqfSettlPGD": 0.0, "LqfSprPGD": 0.0, "LqfProb": 0.0, "LndPGD": 0.0, "LndProb": 0.0, "SufFltRuptPGD": 29.523393630981445, "SurfFltRuptProb": 0.5, "PDsNone": 0.3351, "PDsSlight": 0.0607, "PDsModerate": 0.12, "PDsExtensive": 0.2165, "PDsComplete": 0.2675, "PDsExceedSlight": 0.6648, "PDsExceedModerate": 0.6041, "PDsExceedExtensive": 0.4841, "FunctDay1": 42.8, "FunctDay3": 47.9, "FunctDay7": 52.7, "FunctDay14": 53.8, "FunctDay30": 55.5, "FunctDay90": 68.1, "EconLoss": 915818.875, "Name": "'CENTRAL SANITARY RD'", "City": "null", "State": "null" }, "geometry": { "type": "Point", "coordinates": [ -122.070036, 37.999717 ] } },
{ "type": "Feature", "properties": { "FacilityType": "HighwayBridge", "FacilityId": "CA007234", "Anchor": "null", "FoundationType": "null", "eqBldgType": "null", "DesignLevel": "null", "SoilType": "D", "LqfSusCat": 0, "LndSusCat": 0, "WaterDepth": 5.0, "Distance": "null", "PGA": 0.80157685279846191, "PGV": 43.148735046386719, "Sa03": 1.9964525699615479, "Sa10": 1.3447792530059814, "LqfSettlPGD": 0.0, "LqfSprPGD": 0.0, "LqfProb": 0.0, "LndPGD": 0.0, "LndProb": 0.0, "SufFltRuptPGD": 29.523393630981445, "SurfFltRuptProb": 0.5, "PDsNone": 0.0495, "PDsSlight": 0.1105, "PDsModerate": 0.1614, "PDsExtensive": 0.2818, "PDsComplete": 0.3965, "PDsExceedSlight": 0.9504, "PDsExceedModerate": 0.8399, "PDsExceedExtensive": 0.6784, "FunctDay1": 19.7, "FunctDay3": 27.2, "FunctDay7": 33.7, "FunctDay14": 35.1, "FunctDay30": 37.5, "FunctDay90": 54.1, "EconLoss": 3268557.5, "Name": "'WALNUT CREEK'", "City": "null", "State": "null" }, "geometry": { "type": "Point", "coordinates": [ -122.055181, 37.966631 ] } },
{ "type": "Feature", "properties": { "FacilityType": "HighwayBridge", "FacilityId": "CA007235", "Anchor": "null", "FoundationType": "null", "eqBldgType": "null", "DesignLevel": "null", "SoilType": "D", "LqfSusCat": 0, "LndSusCat": 0, "WaterDepth": 5.0, "Distance": "null", "PGA": 0.77303975820541382, "PGV": 31.891193389892578, "Sa03": 1.8982447385787964, "Sa10": 0.90335595607757568, "LqfSettlPGD": 0.0, "LqfSprPGD": 0.0, "LqfProb": 0.0, "LndPGD": 0.0, "LndProb": 0.0, "SufFltRuptPGD": 29.523393630981445, "SurfFltRuptProb": 0.5, "PDsNone": 0.4197, "PDsSlight": 0.0773, "PDsModerate": 0.1195, "PDsExtensive": 0.1931, "PDsComplete": 0.1901, "PDsExceedSlight": 0.5802, "PDsExceedModerate": 0.5028, "PDsExceedExtensive": 0.3833, "FunctDay1": 52.3, "FunctDay3": 57.7, "FunctDay7": 62.5, "FunctDay14": 63.5, "FunctDay30": 65.0, "FunctDay90": 75.9, "EconLoss": 340493.4375, "Name": "'ARROYO DEL HAMBRE'", "City": "null", "State": "null" }, "geometry": { "type": "Point", "coordinates": [ -122.138453, 38.017947 ] } },
{ "type": "Feature", "properties": { "FacilityType": "HighwayBridge", "FacilityId": "CA007236", "Anchor": "null", "FoundationType": "null", "eqBldgType": "null", "DesignLevel": "null", "SoilType": "D", "LqfSusCat": 0, "LndSusCat": 0, "WaterDepth": 5.0, "Distance": "null", "PGA": 0.88981062173843384, "PGV": 37.460258483886719, "Sa03": 2.213346004486084, "Sa10": 1.0647217035293579, "LqfSettlPGD": 0.0, "LqfSprPGD": 0.0, "LqfProb": 0.0, "LndPGD": 0.0, "LndProb": 0.0, "SufFltRuptPGD": 29.523393630981445, "SurfFltRuptProb": 0.5, "PDsNone": 0.3168, "PDsSlight": 0.0301, "PDsModerate": 0.1173, "PDsExtensive": 0.2239, "PDsComplete": 0.3116, "PDsExceedSlight": 0.6831, "PDsExceedModerate": 0.6529, "PDsExceedExtensive": 0.5356, "FunctDay1": 38.7, "FunctDay3": 42.9, "FunctDay7": 47.7, "FunctDay14": 48.8, "FunctDay30": 50.6, "FunctDay90": 63.9, "EconLoss": 858398.0625, "Name": "'WALNUT CREEK'", "City": "null", "State": "null" }, "geometry": { "type": "Point", "coordinates": [ -122.059822, 37.899997 ] } },
{ "type": "Feature", "properties": { "FacilityType": "HighwayBridge", "FacilityId": "CA007237", "Anchor": "null", "FoundationType": "null", "eqBldgType": "null", "DesignLevel": "null", "SoilType": "D", "LqfSusCat": 0, "LndSusCat": 0, "WaterDepth": 5.0, "Distance": "null", "PGA": 0.88981062173843384, "PGV": 37.460258483886719, "Sa03": 2.213346004486084, "Sa10": 1.0647217035293579, "LqfSettlPGD": 0.0, "LqfSprPGD": 0.0, "LqfProb": 0.0, "LndPGD": 0.0, "LndProb": 0.0, "SufFltRuptPGD": 29.523393630981445, "SurfFltRuptProb": 0.5, "PDsNone": 0.2796, "PDsSlight": 0.0, "PDsModerate": 0.0, "PDsExtensive": 0.242, "PDsComplete": 0.4783, "PDsExceedSlight": 0.7203, "PDsExceedModerate": 0.7203, "PDsExceedExtensive": 0.7203, "FunctDay1": 29.8, "FunctDay3": 29.9, "FunctDay7": 30.2, "FunctDay14": 30.9, "FunctDay30": 33.0, "FunctDay90": 48.2, "EconLoss": 1985827.5, "Name": "'LAS TRAMPAS CREEK'", "City": "null", "State": "null" }, "geometry": { "type": "Point", "coordinates": [ -122.061372, 37.893644 ] } },
{ "type": "Feature", "properties": { "FacilityType": "HighwayBridge", "FacilityId": "CA007238", "Anchor": "null", "FoundationType": "null", "eqBldgType": "null", "DesignLevel": "null", "SoilType": "D", "LqfSusCat": 0, "LndSusCat": 0, "WaterDepth": 5.0, "Distance": "null", "PGA": 0.80157685279846191, "PGV": 43.148735046386719, "Sa03": 1.9964525699615479, "Sa10": 1.3447792530059814, "LqfSettlPGD": 0.0, "LqfSprPGD": 0.0, "LqfProb": 0.0, "LndPGD": 0.0, "LndProb": 0.0, "SufFltRuptPGD": 29.523393630981445, "SurfFltRuptProb": 0.5, "PDsNone": 0.0062, "PDsSlight": 0.0433, "PDsModerate": 0.0397, "PDsExtensive": 0.1623, "PDsComplete": 0.7483, "PDsExceedSlight": 0.9937, "PDsExceedModerate": 0.9504, "PDsExceedExtensive": 0.9107, "FunctDay1": 7.0, "FunctDay3": 9.3, "FunctDay7": 11.1, "FunctDay14": 11.9, "FunctDay30": 13.8, "FunctDay90": 26.9, "EconLoss": 1406130.5, "Name": "'WALNUT CREEK'", "City": "null", "State": "null" }, "geometry": { "type": "Point", "coordinates": [ -122.054186, 37.969794 ] } },
{ "type": "Feature", "properties": { "FacilityType": "HighwayBridge", "FacilityId": "CA007239", "Anchor": "null", "FoundationType": "null", "eqBldgType": "null", "DesignLevel": "null", "SoilType": "D", "LqfSusCat": 0, "LndSusCat": 0, "WaterDepth": 5.0, "Distance": "null", "PGA": 0.80157685279846191, "PGV": 43.148735046386719, "Sa03": 1.9964525699615479, "Sa10": 1.3447792530059814, "LqfSettlPGD": 0.0, "LqfSprPGD": 0.0, "LqfProb": 0.0, "LndPGD": 0.0, "LndProb": 0.0, "SufFltRuptPGD": 29.523393630981445, "SurfFltRuptProb": 0.5, "PDsNone": 0.0062, "PDsSlight": 0.0433, "PDsModerate": 0.0397, "PDsExtensive": 0.1623, "PDsComplete": 0.7483, "PDsExceedSlight": 0.9937, "PDsExceedModerate": 0.9504, "PDsExceedExtensive": 0.9107, "FunctDay1": 7.0, "FunctDay3": 9.3, "FunctDay7": 11.1, "FunctDay14": 11.9, "FunctDay30": 13.8, "FunctDay90": 26.9, "EconLoss": 1406130.5, "Name": "'WALNUT CREEK'", "City": "null", "State": "null" }, "geometry": { "type": "Point", "coordinates": [ -122.054261, 37.969708 ] } },
{ "type": "Feature", "properties": { "FacilityType": "HighwayBridge", "FacilityId": "CA007240", "Anchor": "null", "FoundationType": "null", "eqBldgType": "null", "DesignLevel": "null", "SoilType": "D", "LqfSusCat": 0, "LndSusCat": 0, "WaterDepth": 5.0, "Distance": "null", "PGA": 0.77480834722518921, "PGV": 35.311855316162109, "Sa03": 1.9298560619354248, "Sa10": 1.0328832864761353, "LqfSettlPGD": 0.0, "LqfSprPGD": 0.0, "LqfProb": 0.0, "LndPGD": 0.0, "LndProb": 0.0, "SufFltRuptPGD": 29.523393630981445, "SurfFltRuptProb": 0.5, "PDsNone": 0.3351, "PDsSlight": 0.0777, "PDsModerate": 0.1204, "PDsExtensive": 0.2133, "PDsComplete": 0.2532, "PDsExceedSlight": 0.6648, "PDsExceedModerate": 0.5871, "PDsExceedExtensive": 0.4666, "FunctDay1": 44.1, "FunctDay3": 49.6, "FunctDay7": 54.4, "FunctDay14": 55.5, "FunctDay30": 57.2, "FunctDay90": 69.5, "EconLoss": 417056.1875, "Name": "'MOUNT DIABLO CREEK'", "City": "null", "State": "null" }, "geometry": { "type": "Point", "coordinates": [ -122.026572, 38.018667 ] } },
{ "type": "Feature", "properties": { "FacilityType": "HighwayBridge", "FacilityId": "CA007241", "Anchor": "null", "FoundationType": "null", "eqBldgType": "null", "DesignLevel": "null", "SoilType": "D", "LqfSusCat": 0, "LndSusCat": 0, "WaterDepth": 5.0, "Distance": "null", "PGA": 0.83762073516845703, "PGV": 37.623123168945313, "Sa03": 2.1028585433959961, "Sa10": 1.1015702486038208, "LqfSettlPGD": 0.0, "LqfSprPGD": 0.0, "LqfProb": 0.0, "LndPGD": 0.0, "LndProb": 0.0, "SufFltRuptPGD": 29.523393630981445, "SurfFltRuptProb": 0.5, "PDsNone": 0.094, "PDsSlight": 0.2029, "PDsModerate": 0.202, "PDsExtensive": 0.2661, "PDsComplete": 0.2347, "PDsExceedSlight": 0.9059, "PDsExceedModerate": 0.703, "PDsExceedExtensive": 0.5009, "FunctDay1": 31.8, "FunctDay3": 42.8, "FunctDay7": 50.8, "FunctDay14": 52.4, "FunctDay30": 54.4, "FunctDay90": 69.2, "EconLoss": 577341.5, "Name": "'LAS TRAMPAS CREEK'", "City": "null", "State": "null" }, "geometry": { "type": "Point", "coordinates": [ -122.078806, 37.887569 ] } },
{ "type": "Feature", "properties": { "FacilityType": "HighwayBridge", "FacilityId": "CA007242", "Anchor": "null", "FoundationType": "null", "eqBldgType": "null", "DesignLevel": "null", "SoilType": "D", "LqfSusCat": 0, "LndSusCat": 0, "WaterDepth": 5.0, "Distance": "null", "PGA": 0.84220755100250244, "PGV": 34.973834991455078, "Sa03": 2.0063738822937012, "Sa10": 0.96679979562759399, "LqfSettlPGD": 0.0, "LqfSprPGD": 0.0, "LqfProb": 0.0, "LndPGD": 0.0, "LndProb": 0.0, "SufFltRuptPGD": 29.523393630981445, "SurfFltRuptProb": 0.5, "PDsNone": 0.3761, "PDsSlight": 0.1462, "PDsModerate": 0.1181, "PDsExtensive": 0.1859, "PDsComplete": 0.1734, "PDsExceedSlight": 0.6238, "PDsExceedModerate": 0.4775, "PDsExceedExtensive": 0.3593, "FunctDay1": 53.0, "FunctDay3": 60.1, "FunctDay7": 64.8, "FunctDay14": 65.8, "FunctDay30": 67.2, "FunctDay90": 77.6, "EconLoss": 147073.21875, "Name": "'SAN LEANDRO CREEK'", "City": "null", "State": "null" }, "geometry": { "type": "Point", "coordinates": [ -122.132756, 37.834758 ] } },
{ "type": "Feature", "properties": { "FacilityType": "HighwayBridge", "FacilityId": "CA007243", "Anchor": "null", "FoundationType": "null", "eqBldgType": "null", "DesignLevel": "null", "SoilType": "D", "LqfSusCat": 0, "LndSusCat": 0, "WaterDepth": 5.0, "Distance": "null", "PGA": 0.80157685279846191, "PGV": 43.148735046386719, "Sa03": 1.9964525699615479, "Sa10": 1.3447792530059814, "LqfSettlPGD": 0.0, "LqfSprPGD": 0.0, "LqfProb": 0.0, "LndPGD": 0.0, "LndProb": 0.0, "SufFltRuptPGD": 29.523393630981445, "SurfFltRuptProb": 0.5, "PDsNone": 0.1933, "PDsSlight": 0.0676, "PDsModerate": 0.1072, "PDsExtensive": 0.2281, "PDsComplete": 0.4035, "PDsExceedSlight": 0.8066, "PDsExceedModerate": 0.739, "PDsExceedExtensive": 0.6317, "FunctDay1": 29.1, "FunctDay3": 34.0, "FunctDay7": 38.3, "FunctDay14": 39.4, "FunctDay30": 41.4, "FunctDay90": 55.4, "EconLoss": 2040561.375, "Name": "'PINE CREEK'", "City": "null", "State": "null" }, "geometry": { "type": "Point", "coordinates": [ -122.046058, 37.969361 ] } },
{ "type": "Feature", "properties": { "FacilityType": "HighwayBridge", "FacilityId": "CA007244", "Anchor": "null", "FoundationType": "null", "eqBldgType": "null", "DesignLevel": "null", "SoilType": "D", "LqfSusCat": 0, "LndSusCat": 0, "WaterDepth": 5.0, "Distance": "null", "PGA": 0.8453102707862854, "PGV": 39.551097869873047, "Sa03": 2.1369194984436035, "Sa10": 1.1330232620239258, "LqfSettlPGD": 0.0, "LqfSprPGD": 0.0, "LqfProb": 0.0, "LndPGD": 0.0, "LndProb": 0.0, "SufFltRuptPGD": 29.523393630981445, "SurfFltRuptProb": 0.5, "PDsNone": 0.2298, "PDsSlight": 0.0, "PDsModerate": 0.0, "PDsExtensive": 0.2299, "PDsComplete": 0.5402, "PDsExceedSlight": 0.7701, "PDsExceedModerate": 0.7701, "PDsExceedExtensive": 0.7701, "FunctDay1": 24.8, "FunctDay3": 25.0, "FunctDay7": 25.3, "FunctDay14": 26.0, "FunctDay30": 28.1, "FunctDay90": 43.1, "EconLoss": 2067160.875, "Name": "'SAN RAMON CREEK'", "City": "null", "State": "null" }, "geometry": { "type": "Point", "coordinates": [ -121.998619, 37.822936 ] } },
{ "type": "Feature", "properties": { "FacilityType": "HighwayBridge", "FacilityId": "CA007245", "Anchor": "null", "FoundationType": "null", "eqBldgType": "null", "DesignLevel": "null", "SoilType": "D", "LqfSusCat": 0, "LndSusCat": 0, "WaterDepth": 5.0, "Distance": "null", "PGA": 0.71912014484405518, "PGV": 28.518218994140625, "Sa03": 1.7460896968841553, "Sa10": 0.82149249315261841, "LqfSettlPGD": 0.0, "LqfSprPGD": 0.0, "LqfProb": 0.0, "LndPGD": 0.0, "LndProb": 0.0, "SufFltRuptPGD": 29.523393630981445, "SurfFltRuptProb": 0.5, "PDsNone": 0.4823, "PDsSlight": 0.1091, "PDsModerate": 0.1122, "PDsExtensive": 0.1639, "PDsComplete": 0.1322, "PDsExceedSlight": 0.5176, "PDsExceedModerate": 0.4084, "PDsExceedExtensive": 0.2961, "FunctDay1": 60.5, "FunctDay3": 66.5, "FunctDay7": 70.9, "FunctDay14": 71.8, "FunctDay30": 73.1, "FunctDay90": 82.1, "EconLoss": 253433.0625, "Name": "'TASSAJARA CREEK'", "City": "null", "State": "null" }, "geometry": { "type": "Point", "coordinates": [ -121.859425, 37.786806 ] } },
{ "type": "Feature", "properties": { "FacilityType": "HighwayBridge", "FacilityId": "CA007246", "Anchor": "null", "FoundationType": "null", "eqBldgType": "null", "DesignLevel": "null", "SoilType": "D", "LqfSusCat": 0, "LndSusCat": 0, "WaterDepth": 5.0, "Distance": "null", "PGA": 0.48198771476745605, "PGV": 22.136066436767578, "Sa03": 1.2626924514770508, "Sa10": 0.71629953384399414, "LqfSettlPGD": 0.0, "LqfSprPGD": 0.0, "LqfProb": 0.0, "LndPGD": 0.0, "LndProb": 0.0, "SufFltRuptPGD": 29.523393630981445, "SurfFltRuptProb": 0.5, "PDsNone": 0.573, "PDsSlight": 0.0014, "PDsModerate": 0.114, "PDsExtensive": 0.1696, "PDsComplete": 0.1418, "PDsExceedSlight": 0.4269, "PDsExceedModerate": 0.4255, "PDsExceedExtensive": 0.3114, "FunctDay1": 61.6, "FunctDay3": 64.9, "FunctDay7": 69.4, "FunctDay14": 70.4, "FunctDay30": 71.7, "FunctDay90": 81.1, "EconLoss": 96014.2109375, "Name": "'CONTRA COSTA CANAL'", "City": "null", "State": "null" }, "geometry": { "type": "Point", "coordinates": [ -121.706181, 37.990564 ] } },
{ "type": "Feature", "properties": { "FacilityType": "HighwayBridge", "FacilityId": "CA007247", "Anchor": "null", "FoundationType": "null", "eqBldgType": "null", "DesignLevel": "null", "SoilType": "D", "LqfSusCat": 0, "LndSusCat": 0, "WaterDepth": 5.0, "Distance": "null", "PGA": 0.81645458936691284, "PGV": 37.333194732666016, "Sa03": 2.0122029781341553, "Sa10": 1.001726508140564, "LqfSettlPGD": 0.0, "LqfSprPGD": 0.0, "LqfProb": 0.0, "LndPGD": 0.0, "LndProb": 0.0, "SufFltRuptPGD": 29.523393630981445, "SurfFltRuptProb": 0.5, "PDsNone": 0.4241, "PDsSlight": 0.0, "PDsModerate": 0.1327, "PDsExtensive": 0.1884, "PDsComplete": 0.2545, "PDsExceedSlight": 0.5758, "PDsExceedModerate": 0.5758, "PDsExceedExtensive": 0.443, "FunctDay1": 47.4, "FunctDay3": 51.3, "FunctDay7": 56.5, "FunctDay14": 57.6, "FunctDay30": 59.2, "FunctDay90": 70.3, "EconLoss": 880572.625, "Name": "'BNSF RY'", "City": "null", "State": "null" }, "geometry": { "type": "Point", "coordinates": [ -122.317414, 38.003611 ] } },
{ "type": "Feature", "properties": { "FacilityType": "HighwayBridge", "FacilityId": "CA007248", "Anchor": "null", "FoundationType": "null", "eqBldgType": "null", "DesignLevel": "null", "SoilType": "D", "LqfSusCat": 0, "LndSusCat": 0, "WaterDepth": 5.0, "Distance": "null", "PGA": 0.52618581056594849, "PGV": 21.990455627441406, "Sa03": 1.3398592472076416, "Sa10": 0.67062509059906006, "LqfSettlPGD": 0.0, "LqfSprPGD": 0.0, "LqfProb": 0.0, "LndPGD": 0.0, "LndProb": 0.0, "SufFltRuptPGD": 29.523393630981445, "SurfFltRuptProb": 0.5, "PDsNone": 0.6156, "PDsSlight": 0.0825, "PDsModerate": 0.0965, "PDsExtensive": 0.1249, "PDsComplete": 0.0802, "PDsExceedSlight": 0.3843, "PDsExceedModerate": 0.3017, "PDsExceedExtensive": 0.2052, "FunctDay1": 71.1, "FunctDay3": 76.0, "FunctDay7": 79.8, "FunctDay14": 80.5, "FunctDay30": 81.5, "FunctDay90": 88.2, "EconLoss": 466866.8125, "Name": "'CONTRA COSTA CANAL'", "City": "null", "State": "null" }, "geometry": { "type": "Point", "coordinates": [ -121.766456, 37.98175 ] } },
{ "type": "Feature", "properties": { "FacilityType": "HighwayBridge", "FacilityId": "CA007249", "Anchor": "null", "FoundationType": "null", "eqBldgType": "null", "DesignLevel": "null", "SoilType": "D", "LqfSusCat": 0, "LndSusCat": 0, "WaterDepth": 5.0, "Distance": "null", "PGA": 0.52618581056594849, "PGV": 21.990455627441406, "Sa03": 1.3398592472076416, "Sa10": 0.67062509059906006, "LqfSettlPGD": 0.0, "LqfSprPGD": 0.0, "LqfProb": 0.0, "LndPGD": 0.0, "LndProb": 0.0, "SufFltRuptPGD": 29.523393630981445, "SurfFltRuptProb": 0.5, "PDsNone": 0.6156, "PDsSlight": 0.1316, "PDsModerate": 0.0866, "PDsExtensive": 0.1055, "PDsComplete": 0.0605, "PDsExceedSlight": 0.3843, "PDsExceedModerate": 0.2527, "PDsExceedExtensive": 0.166, "FunctDay1": 74.4, "FunctDay3": 80.2, "FunctDay7": 83.6, "FunctDay14": 84.3, "FunctDay30": 85.0, "FunctDay90": 90.7, "EconLoss": 229959.171875, "Name": "'CONTRA COSTA CANAL'", "City": "null", "State": "null" }, "geometry": { "type": "Point", "coordinates": [ -121.732311, 37.983333 ] } },
{ "type": "Feature", "properties": { "FacilityType": "HighwayBridge", "FacilityId": "CA007250", "Anchor": "null", "FoundationType": "null", "eqBldgType": "null", "DesignLevel": "null", "SoilType": "D", "LqfSusCat": 0, "LndSusCat": 0, "WaterDepth": 5.0, "Distance": "null", "PGA": 0.50870001316070557, "PGV": 21.449508666992188, "Sa03": 1.2920339107513428, "Sa10": 0.64752256870269775, "LqfSettlPGD": 0.0, "LqfSprPGD": 0.0, "LqfProb": 0.0, "LndPGD": 0.0, "LndProb": 0.0, "SufFltRuptPGD": 29.523393630981445, "SurfFltRuptProb": 0.5, "PDsNone": 0.6628, "PDsSlight": 0.0, "PDsModerate": 0.1119, "PDsExtensive": 0.1234, "PDsComplete": 0.1017, "PDsExceedSlight": 0.3371, "PDsExceedModerate": 0.3371, "PDsExceedExtensive": 0.2251, "FunctDay1": 70.1, "FunctDay3": 73.4, "FunctDay7": 77.8, "FunctDay14": 78.6, "FunctDay30": 79.5, "FunctDay90": 86.3, "EconLoss": 176878.65625, "Name": "'SAND CREEK'", "City": "null", "State": "null" }, "geometry": { "type": "Point", "coordinates": [ -121.71445, 37.938717 ] } },
{ "type": "Feature", "properties": { "FacilityType": "HighwayBridge", "FacilityId": "CA007251", "Anchor": "null", "FoundationType": "null", "eqBldgType": "null", "DesignLevel": "null", "SoilType": "D", "LqfSusCat": 0, "LndSusCat": 0, "WaterDepth": 5.0, "Distance": "null", "PGA": 0.50870001316070557, "PGV": 21.449508666992188, "Sa03": 1.2920339107513428, "Sa10": 0.64752256870269775, "LqfSettlPGD": 0.0, "LqfSprPGD": 0.0, "LqfProb": 0.0, "LndPGD": 0.0, "LndProb": 0.0, "SufFltRuptPGD": 29.523393630981445, "SurfFltRuptProb": 0.5, "PDsNone": 0.6377, "PDsSlight": 0.1278, "PDsModerate": 0.0825, "PDsExtensive": 0.098, "PDsComplete": 0.0538, "PDsExceedSlight": 0.3622, "PDsExceedModerate": 0.2344, "PDsExceedExtensive": 0.1519, "FunctDay1": 76.1, "FunctDay3": 81.8, "FunctDay7": 85.0, "FunctDay14": 85.6, "FunctDay30": 86.3, "FunctDay90": 91.6, "EconLoss": 113254.625, "Name": "'MARSH CREEK'", "City": "null", "State": "null" }, "geometry": { "type": "Point", "coordinates": [ -121.682736, 37.968808 ] } },
{ "type": "Feature", "properties": { "FacilityType": "HighwayBridge", "FacilityId": "CA007252", "Anchor": "null", "FoundationType": "null", "eqBldgType": "null", "DesignLevel": "null", "SoilType": "D", "LqfSusCat": 0, "LndSusCat": 0, "WaterDepth": 5.0, "Distance": "null", "PGA": 0.5400269627571106, "PGV": 23.361949920654297, "Sa03": 1.3766359090805054, "Sa10": 0.70610624551773071, "LqfSettlPGD": 0.0, "LqfSprPGD": 0.0, "LqfProb": 0.0, "LndPGD": 0.0, "LndProb": 0.0, "SufFltRuptPGD": 29.523393630981445, "SurfFltRuptProb": 0.5, "PDsNone": 0.5824, "PDsSlight": 0.1366, "PDsModerate": 0.0925, "PDsExtensive": 0.1168, "PDsComplete": 0.0715, "PDsExceedSlight": 0.4175, "PDsExceedModerate": 0.2809, "PDsExceedExtensive": 0.1883, "FunctDay1": 71.7, "FunctDay3": 77.8, "FunctDay7": 81.4, "FunctDay14": 82.1, "FunctDay30": 83.0, "FunctDay90": 89.3, "EconLoss": 51226.45703125, "Name": "'E CONTRA COSTA ID CANAL'", "City": "null", "State": "null" }, "geometry": { "type": "Point", "coordinates": [ -121.677914, 37.917956 ] } },
{ "type": "Feature", "properties": { "FacilityType": "HighwayBridge", "FacilityId": "CA007253", "Anchor": "null", "FoundationType": "null", "eqBldgType": "null", "DesignLevel": "null", "SoilType": "D", "LqfSusCat": 0, "LndSusCat": 0, "WaterDepth": 5.0, "Distance": "null", "PGA": 0.88981062173843384, "PGV": 37.460258483886719, "Sa03": 2.213346004486084, "Sa10": 1.0647217035293579, "LqfSettlPGD": 0.0, "LqfSprPGD": 0.0, "LqfProb": 0.0, "LndPGD": 0.0, "LndProb": 0.0, "SufFltRuptPGD": 29.523393630981445, "SurfFltRuptProb": 0.5, "PDsNone": 0.1695, "PDsSlight": 0.209, "PDsModerate": 0.1314, "PDsExtensive": 0.196, "PDsComplete": 0.2937, "PDsExceedSlight": 0.8304, "PDsExceedModerate": 0.6213, "PDsExceedExtensive": 0.4898, "FunctDay1": 37.6, "FunctDay3": 46.8, "FunctDay7": 52.0, "FunctDay14": 53.1, "FunctDay30": 54.7, "FunctDay90": 66.5, "EconLoss": 106520.03125, "Name": "'UNNAMED CREEK'", "City": "null", "State": "null" }, "geometry": { "type": "Point", "coordinates": [ -122.046525, 37.883444 ] } },
{ "type": "Feature", "properties": { "FacilityType": "HighwayBridge", "FacilityId": "CA007254", "Anchor": "null", "FoundationType": "null", "eqBldgType": "null", "DesignLevel": "null", "SoilType": "D", "LqfSusCat": 0, "LndSusCat": 0, "WaterDepth": 5.0, "Distance": "null", "PGA": 0.88323330879211426, "PGV": 36.366287231445313, "Sa03": 2.186204195022583, "Sa10": 0.97695797681808472, "LqfSettlPGD": 0.0, "LqfSprPGD": 0.0, "LqfProb": 0.0, "LndPGD": 0.0, "LndProb": 0.0, "SufFltRuptPGD": 29.523393630981445, "SurfFltRuptProb": 0.5, "PDsNone": 0.2082, "PDsSlight": 0.2373, "PDsModerate": 0.1327, "PDsExtensive": 0.1842, "PDsComplete": 0.2374, "PDsExceedSlight": 0.7917, "PDsExceedModerate": 0.5543, "PDsExceedExtensive": 0.4216, "FunctDay1": 43.5, "FunctDay3": 53.4, "FunctDay7": 58.6, "FunctDay14": 59.7, "FunctDay30": 61.2, "FunctDay90": 72.0, "EconLoss": 201797.0, "Name": "'PINE CREEK'", "City": "null", "State": "null" }, "geometry": { "type": "Point", "coordinates": [ -122.008753, 37.935706 ] } },
{ "type": "Feature", "properties": { "FacilityType": "HighwayBridge", "FacilityId": "CA007255", "Anchor": "null", "FoundationType": "null", "eqBldgType": "null", "DesignLevel": "null", "SoilType": "D", "LqfSusCat": 0, "LndSusCat": 0, "WaterDepth": 5.0, "Distance": "null", "PGA": 0.88323330879211426, "PGV": 36.366287231445313, "Sa03": 2.186204195022583, "Sa10": 0.97695797681808472, "LqfSettlPGD": 0.0, "LqfSprPGD": 0.0, "LqfProb": 0.0, "LndPGD": 0.0, "LndProb": 0.0, "SufFltRuptPGD": 29.523393630981445, "SurfFltRuptProb": 0.5, "PDsNone": 0.2082, "PDsSlight": 0.2373, "PDsModerate": 0.1327, "PDsExtensive": 0.1842, "PDsComplete": 0.2374, "PDsExceedSlight": 0.7917, "PDsExceedModerate": 0.5543, "PDsExceedExtensive": 0.4216, "FunctDay1": 43.5, "FunctDay3": 53.4, "FunctDay7": 58.6, "FunctDay14": 59.7, "FunctDay30": 61.2, "FunctDay90": 72.0, "EconLoss": 114420.6328125, "Name": "'PINE CREEK'", "City": "null", "State": "null" }, "geometry": { "type": "Point", "coordinates": [ -122.009981, 37.930814 ] } },
{ "type": "Feature", "properties": { "FacilityType": "HighwayBridge", "FacilityId": "CA007256", "Anchor": "null", "FoundationType": "null", "eqBldgType": "null", "DesignLevel": "null", "SoilType": "D", "LqfSusCat": 0, "LndSusCat": 0, "WaterDepth": 5.0, "Distance": "null", "PGA": 0.88323330879211426, "PGV": 36.366287231445313, "Sa03": 2.186204195022583, "Sa10": 0.97695797681808472, "LqfSettlPGD": 0.0, "LqfSprPGD": 0.0, "LqfProb": 0.0, "LndPGD": 0.0, "LndProb": 0.0, "SufFltRuptPGD": 29.523393630981445, "SurfFltRuptProb": 0.5, "PDsNone": 0.3695, "PDsSlight": 0.1459, "PDsModerate": 0.1186, "PDsExtensive": 0.1879, "PDsComplete": 0.1779, "PDsExceedSlight": 0.6304, "PDsExceedModerate": 0.4845, "PDsExceedExtensive": 0.3659, "FunctDay1": 52.3, "FunctDay3": 59.5, "FunctDay7": 64.2, "FunctDay14": 65.2, "FunctDay30": 66.6, "FunctDay90": 77.2, "EconLoss": 151040.84375, "Name": "'PINE CREEK'", "City": "null", "State": "null" }, "geometry": { "type": "Point", "coordinates": [ -122.009603, 37.925597 ] } },
{ "type": "Feature", "properties": { "FacilityType": "HighwayBridge", "FacilityId": "CA007257", "Anchor": "null", "FoundationType": "null", "eqBldgType": "null", "DesignLevel": "null", "SoilType": "D", "LqfSusCat": 0, "LndSusCat": 0, "WaterDepth": 5.0, "Distance": "null", "PGA": 0.9165540337562561, "PGV": 40.859645843505859, "Sa03": 2.2892262935638428, "Sa10": 1.1638702154159546, "LqfSettlPGD": 0.0, "LqfSprPGD": 0.0, "LqfProb": 0.0, "LndPGD": 0.0, "LndProb": 0.0, "SufFltRuptPGD": 29.523393630981445, "SurfFltRuptProb": 0.5, "PDsNone": 0.266, "PDsSlight": 0.1198, "PDsModerate": 0.1196, "PDsExtensive": 0.2183, "PDsComplete": 0.2761, "PDsExceedSlight": 0.7339, "PDsExceedModerate": 0.6141, "PDsExceedExtensive": 0.4945, "FunctDay1": 40.3, "FunctDay3": 46.9, "FunctDay7": 51.7, "FunctDay14": 52.8, "FunctDay30": 54.5, "FunctDay90": 67.3, "EconLoss": 452410.59375, "Name": "'PINE CREEK'", "City": "null", "State": "null" }, "geometry": { "type": "Point", "coordinates": [ -122.010139, 37.923594 ] } },
{ "type": "Feature", "properties": { "FacilityType": "HighwayBridge", "FacilityId": "CA007258", "Anchor": "null", "FoundationType": "null", "eqBldgType": "null", "DesignLevel": "null", "SoilType": "D", "LqfSusCat": 0, "LndSusCat": 0, "WaterDepth": 5.0, "Distance": "null", "PGA": 0.9165540337562561, "PGV": 40.859645843505859, "Sa03": 2.2892262935638428, "Sa10": 1.1638702154159546, "LqfSettlPGD": 0.0, "LqfSprPGD": 0.0, "LqfProb": 0.0, "LndPGD": 0.0, "LndProb": 0.0, "SufFltRuptPGD": 29.523393630981445, "SurfFltRuptProb": 0.5, "PDsNone": 0.266, "PDsSlight": 0.1341, "PDsModerate": 0.1201, "PDsExtensive": 0.2158, "PDsComplete": 0.2638, "PDsExceedSlight": 0.7339, "PDsExceedModerate": 0.5998, "PDsExceedExtensive": 0.4796, "FunctDay1": 41.4, "FunctDay3": 48.3, "FunctDay7": 53.1, "FunctDay14": 54.2, "FunctDay30": 55.9, "FunctDay90": 68.5, "EconLoss": 144827.859375, "Name": "'PINE CREEK'", "City": "null", "State": "null" }, "geometry": { "type": "Point", "coordinates": [ -122.010331, 37.921294 ] } },
{ "type": "Feature", "properties": { "FacilityType": "HighwayBridge", "FacilityId": "CA007259", "Anchor": "null", "FoundationType": "null", "eqBldgType": "null", "DesignLevel": "null", "SoilType": "D", "LqfSusCat": 0, "LndSusCat": 0, "WaterDepth": 5.0, "Distance": "null", "PGA": 0.80157685279846191, "PGV": 43.148735046386719, "Sa03": 1.9964525699615479, "Sa10": 1.3447792530059814, "LqfSettlPGD": 0.0, "LqfSprPGD": 0.0, "LqfProb": 0.0, "LndPGD": 0.0, "LndProb": 0.0, "SufFltRuptPGD": 29.523393630981445, "SurfFltRuptProb": 0.5, "PDsNone": 0.1933, "PDsSlight": 0.1162, "PDsModerate": 0.1138, "PDsExtensive": 0.2273, "PDsComplete": 0.3491, "PDsExceedSlight": 0.8066, "PDsExceedModerate": 0.6903, "PDsExceedExtensive": 0.5765, "FunctDay1": 32.8, "FunctDay3": 39.1, "FunctDay7": 43.7, "FunctDay14": 44.8, "FunctDay30": 46.7, "FunctDay90": 60.4, "EconLoss": 414833.21875, "Name": "'PINE CREEK'", "City": "null", "State": "null" }, "geometry": { "type": "Point", "coordinates": [ -122.041161, 37.962236 ] } },
{ "type": "Feature", "properties": { "FacilityType": "HighwayBridge", "FacilityId": "CA007260", "Anchor": "null", "FoundationType": "null", "eqBldgType": "null", "DesignLevel": "null", "SoilType": "D", "LqfSusCat": 0, "LndSusCat": 0, "WaterDepth": 5.0, "Distance": "null", "PGA": 0.88323330879211426, "PGV": 36.366287231445313, "Sa03": 2.186204195022583, "Sa10": 0.97695797681808472, "LqfSettlPGD": 0.0, "LqfSprPGD": 0.0, "LqfProb": 0.0, "LndPGD": 0.0, "LndProb": 0.0, "SufFltRuptPGD": 29.523393630981445, "SurfFltRuptProb": 0.5, "PDsNone": 0.3695, "PDsSlight": 0.1459, "PDsModerate": 0.1186, "PDsExtensive": 0.1879, "PDsComplete": 0.1779, "PDsExceedSlight": 0.6304, "PDsExceedModerate": 0.4845, "PDsExceedExtensive": 0.3659, "FunctDay1": 52.3, "FunctDay3": 59.5, "FunctDay7": 64.2, "FunctDay14": 65.2, "FunctDay30": 66.6, "FunctDay90": 77.2, "EconLoss": 84464.5390625, "Name": "'GALINDO CREEK'", "City": "null", "State": "null" }, "geometry": { "type": "Point", "coordinates": [ -122.010439, 37.961317 ] } },
{ "type": "Feature", "properties": { "FacilityType": "HighwayBridge", "FacilityId": "CA007261", "Anchor": "null", "FoundationType": "null", "eqBldgType": "null", "DesignLevel": "null", "SoilType": "D", "LqfSusCat": 0, "LndSusCat": 0, "WaterDepth": 5.0, "Distance": "null", "PGA": 0.88323330879211426, "PGV": 36.366287231445313, "Sa03": 2.186204195022583, "Sa10": 0.97695797681808472, "LqfSettlPGD": 0.0, "LqfSprPGD": 0.0, "LqfProb": 0.0, "LndPGD": 0.0, "LndProb": 0.0, "SufFltRuptPGD": 29.523393630981445, "SurfFltRuptProb": 0.5, "PDsNone": 0.3695, "PDsSlight": 0.1446, "PDsModerate": 0.1186, "PDsExtensive": 0.1883, "PDsComplete": 0.1787, "PDsExceedSlight": 0.6304, "PDsExceedModerate": 0.4857, "PDsExceedExtensive": 0.367, "FunctDay1": 52.2, "FunctDay3": 59.3, "FunctDay7": 64.0, "FunctDay14": 65.0, "FunctDay30": 66.5, "FunctDay90": 77.1, "EconLoss": 110051.2109375, "Name": "'GALINDO CREEK'", "City": "null", "State": "null" }, "geometry": { "type": "Point", "coordinates": [ -122.013561, 37.961811 ] } },
{ "type": "Feature", "properties": { "FacilityType": "HighwayBridge", "FacilityId": "CA007262", "Anchor": "null", "FoundationType": "null", "eqBldgType": "null", "DesignLevel": "null", "SoilType": "D", "LqfSusCat": 0, "LndSusCat": 0, "WaterDepth": 5.0, "Distance": "null", "PGA": 0.80157685279846191, "PGV": 43.148735046386719, "Sa03": 1.9964525699615479, "Sa10": 1.3447792530059814, "LqfSettlPGD": 0.0, "LqfSprPGD": 0.0, "LqfProb": 0.0, "LndPGD": 0.0, "LndProb": 0.0, "SufFltRuptPGD": 29.523393630981445, "SurfFltRuptProb": 0.5, "PDsNone": 0.1933, "PDsSlight": 0.0236, "PDsModerate": 0.0991, "PDsExtensive": 0.2244, "PDsComplete": 0.4594, "PDsExceedSlight": 0.8066, "PDsExceedModerate": 0.783, "PDsExceedExtensive": 0.6839, "FunctDay1": 25.7, "FunctDay3": 29.2, "FunctDay7": 33.2, "FunctDay14": 34.3, "FunctDay30": 36.3, "FunctDay90": 50.6, "EconLoss": 175654.296875, "Name": "'SDM CHANNEL'", "City": "null", "State": "null" }, "geometry": { "type": "Point", "coordinates": [ -122.031181, 37.950272 ] } },
{ "type": "Feature", "properties": { "FacilityType": "HighwayBridge", "FacilityId": "CA007263", "Anchor": "null", "FoundationType": "null", "eqBldgType": "null", "DesignLevel": "null", "SoilType": "D", "LqfSusCat": 0, "LndSusCat": 0, "WaterDepth": 5.0, "Distance": "null", "PGA": 0.79791748523712158, "PGV": 33.432174682617188, "Sa03": 1.9508605003356934, "Sa10": 0.94616395235061646, "LqfSettlPGD": 0.0, "LqfSprPGD": 0.0, "LqfProb": 0.0, "LndPGD": 0.0, "LndProb": 0.0, "SufFltRuptPGD": 29.523393630981445, "SurfFltRuptProb": 0.5, "PDsNone": 0.0277, "PDsSlight": 0.1161, "PDsModerate": 0.0799, "PDsExtensive": 0.2428, "PDsComplete": 0.5332, "PDsExceedSlight": 0.9722, "PDsExceedModerate": 0.8561, "PDsExceedExtensive": 0.7761, "FunctDay1": 15.7, "FunctDay3": 21.0, "FunctDay7": 24.4, "FunctDay14": 25.4, "FunctDay30": 27.6, "FunctDay90": 43.3, "EconLoss": 804610.6875, "Name": "'BEAR CREEK'", "City": "null", "State": "null" }, "geometry": { "type": "Point", "coordinates": [ -122.164386, 37.921564 ] } },
{ "type": "Feature", "properties": { "FacilityType": "HighwayBridge", "FacilityId": "CA007264", "Anchor": "null", "FoundationType": "null", "eqBldgType": "null", "DesignLevel": "null", "SoilType": "D", "LqfSusCat": 0, "LndSusCat": 0, "WaterDepth": 5.0, "Distance": "null", "PGA": 0.54204446077346802, "PGV": 20.300628662109375, "Sa03": 1.3045430183410645, "Sa10": 0.54917347431182861, "LqfSettlPGD": 0.0, "LqfSprPGD": 0.0, "LqfProb": 0.0, "LndPGD": 0.0, "LndProb": 0.0, "SufFltRuptPGD": 29.523393630981445, "SurfFltRuptProb": 0.5, "PDsNone": 0.7346, "PDsSlight": 0.0935, "PDsModerate": 0.0663, "PDsExtensive": 0.0719, "PDsComplete": 0.0335, "PDsExceedSlight": 0.2653, "PDsExceedModerate": 0.1718, "PDsExceedExtensive": 0.1054, "FunctDay1": 82.7, "FunctDay3": 86.9, "FunctDay7": 89.5, "FunctDay14": 90.0, "FunctDay30": 90.5, "FunctDay90": 94.3, "EconLoss": 266627.4375, "Name": "'BRUSHY CREEK'", "City": "null", "State": "null" }, "geometry": { "type": "Point", "coordinates": [ -121.669181, 37.808031 ] } },
{ "type": "Feature", "properties": { "FacilityType": "HighwayBridge", "FacilityId": "CA007265", "Anchor": "null", "FoundationType": "null", "eqBldgType": "null", "DesignLevel": "null", "SoilType": "D", "LqfSusCat": 0, "LndSusCat": 0, "WaterDepth": 5.0, "Distance": "null", "PGA": 0.54204446077346802, "PGV": 20.300628662109375, "Sa03": 1.3045430183410645, "Sa10": 0.54917347431182861, "LqfSettlPGD": 0.0, "LqfSprPGD": 0.0, "LqfProb": 0.0, "LndPGD": 0.0, "LndProb": 0.0, "SufFltRuptPGD": 29.523393630981445, "SurfFltRuptProb": 0.5, "PDsNone": 0.7346, "PDsSlight": 0.1062, "PDsModerate": 0.0626, "PDsExtensive": 0.0665, "PDsComplete": 0.0298, "PDsExceedSlight": 0.2653, "PDsExceedModerate": 0.159, "PDsExceedExtensive": 0.0964, "FunctDay1": 83.5, "FunctDay3": 88.0, "FunctDay7": 90.4, "FunctDay14": 90.9, "FunctDay30": 91.3, "FunctDay90": 94.8, "EconLoss": 169526.921875, "Name": "'BRUSHY CREEK'", "City": "null", "State": "null" }, "geometry": { "type": "Point", "coordinates": [ -121.655531, 37.819703 ] } },
{ "type": "Feature", "properties": { "FacilityType": "HighwayBridge", "FacilityId": "CA007266", "Anchor": "null", "FoundationType": "null", "eqBldgType": "null", "DesignLevel": "null", "SoilType": "D", "LqfSusCat": 0, "LndSusCat": 0, "WaterDepth": 5.0, "Distance": "null", "PGA": 0.51867413520812988, "PGV": 20.313316345214844, "Sa03": 1.2736611366271973, "Sa10": 0.57016360759735107, "LqfSettlPGD": 0.0, "LqfSprPGD": 0.0, "LqfProb": 0.0, "LndPGD": 0.0, "LndProb": 0.0, "SufFltRuptPGD": 29.523393630981445, "SurfFltRuptProb": 0.5, "PDsNone": 0.7766, "PDsSlight": 0.0, "PDsModerate": 0.0866, "PDsExtensive": 0.0832, "PDsComplete": 0.0534, "PDsExceedSlight": 0.2233, "PDsExceedModerate": 0.2233, "PDsExceedExtensive": 0.1367, "FunctDay1": 80.5, "FunctDay3": 83.0, "FunctDay7": 86.4, "FunctDay14": 87.0, "FunctDay30": 87.6, "FunctDay90": 92.1, "EconLoss": 291035.125, "Name": "'UNIMAN\/FRISK CREEK'", "City": "null", "State": "null" }, "geometry": { "type": "Point", "coordinates": [ -121.647953, 37.851497 ] } },
{ "type": "Feature", "properties": { "FacilityType": "HighwayBridge", "FacilityId": "CA007267", "Anchor": "null", "FoundationType": "null", "eqBldgType": "null", "DesignLevel": "null", "SoilType": "D", "LqfSusCat": 0, "LndSusCat": 0, "WaterDepth": 5.0, "Distance": "null", "PGA": 0.5400269627571106, "PGV": 23.361949920654297, "Sa03": 1.3766359090805054, "Sa10": 0.70610624551773071, "LqfSettlPGD": 0.0, "LqfSprPGD": 0.0, "LqfProb": 0.0, "LndPGD": 0.0, "LndProb": 0.0, "SufFltRuptPGD": 29.523393630981445, "SurfFltRuptProb": 0.5, "PDsNone": 0.5824, "PDsSlight": 0.078, "PDsModerate": 0.103, "PDsExtensive": 0.1393, "PDsComplete": 0.0971, "PDsExceedSlight": 0.4175, "PDsExceedModerate": 0.3395, "PDsExceedExtensive": 0.2364, "FunctDay1": 67.7, "FunctDay3": 72.7, "FunctDay7": 76.7, "FunctDay14": 77.6, "FunctDay30": 78.6, "FunctDay90": 86.2, "EconLoss": 38173.91015625, "Name": "'KELLOGG CREEK'", "City": "null", "State": "null" }, "geometry": { "type": "Point", "coordinates": [ -121.695075, 37.887203 ] } },
{ "type": "Feature", "properties": { "FacilityType": "HighwayBridge", "FacilityId": "CA007268", "Anchor": "null", "FoundationType": "null", "eqBldgType": "null", "DesignLevel": "null", "SoilType": "D", "LqfSusCat": 0, "LndSusCat": 0, "WaterDepth": 5.0, "Distance": "null", "PGA": 0.73787307739257813, "PGV": 30.089466094970703, "Sa03": 1.7736649513244629, "Sa10": 0.85006433725357056, "LqfSettlPGD": 0.0, "LqfSprPGD": 0.0, "LqfProb": 0.0, "LndPGD": 0.0, "LndProb": 0.0, "SufFltRuptPGD": 29.523393630981445, "SurfFltRuptProb": 0.5, "PDsNone": 0.4597, "PDsSlight": 0.1469, "PDsModerate": 0.1105, "PDsExtensive": 0.1587, "PDsComplete": 0.124, "PDsExceedSlight": 0.5402, "PDsExceedModerate": 0.3932, "PDsExceedExtensive": 0.2827, "FunctDay1": 61.0, "FunctDay3": 67.9, "FunctDay7": 72.2, "FunctDay14": 73.1, "FunctDay30": 74.3, "FunctDay90": 83.1, "EconLoss": 82974.953125, "Name": "'EAST BRANCH ALAMO CREEK'", "City": "null", "State": "null" }, "geometry": { "type": "Point", "coordinates": [ -121.905364, 37.758767 ] } },
{ "type": "Feature", "properties": { "FacilityType": "HighwayBridge", "FacilityId": "CA007269", "Anchor": "null", "FoundationType": "null", "eqBldgType": "null", "DesignLevel": "null", "SoilType": "D", "LqfSusCat": 0, "LndSusCat": 0, "WaterDepth": 5.0, "Distance": "null", "PGA": 0.73787307739257813, "PGV": 30.089466094970703, "Sa03": 1.7736649513244629, "Sa10": 0.85006433725357056, "LqfSettlPGD": 0.0, "LqfSprPGD": 0.0, "LqfProb": 0.0, "LndPGD": 0.0, "LndProb": 0.0, "SufFltRuptPGD": 29.523393630981445, "SurfFltRuptProb": 0.5, "PDsNone": 0.4597, "PDsSlight": 0.1469, "PDsModerate": 0.1105, "PDsExtensive": 0.1587, "PDsComplete": 0.124, "PDsExceedSlight": 0.5402, "PDsExceedModerate": 0.3932, "PDsExceedExtensive": 0.2827, "FunctDay1": 61.0, "FunctDay3": 67.9, "FunctDay7": 72.2, "FunctDay14": 73.1, "FunctDay30": 74.3, "FunctDay90": 83.1, "EconLoss": 79481.2734375, "Name": "'EAST BRANCH ALAMO CREEK'", "City": "null", "State": "null" }, "geometry": { "type": "Point", "coordinates": [ -121.9081, 37.759225 ] } },
{ "type": "Feature", "properties": { "FacilityType": "HighwayBridge", "FacilityId": "CA007270", "Anchor": "null", "FoundationType": "null", "eqBldgType": "null", "DesignLevel": "null", "SoilType": "D", "LqfSusCat": 0, "LndSusCat": 0, "WaterDepth": 5.0, "Distance": "null", "PGA": 0.73787307739257813, "PGV": 30.089466094970703, "Sa03": 1.7736649513244629, "Sa10": 0.85006433725357056, "LqfSettlPGD": 0.0, "LqfSprPGD": 0.0, "LqfProb": 0.0, "LndPGD": 0.0, "LndProb": 0.0, "SufFltRuptPGD": 29.523393630981445, "SurfFltRuptProb": 0.5, "PDsNone": 0.4597, "PDsSlight": 0.143, "PDsModerate": 0.1109, "PDsExtensive": 0.1601, "PDsComplete": 0.1261, "PDsExceedSlight": 0.5402, "PDsExceedModerate": 0.3972, "PDsExceedExtensive": 0.2862, "FunctDay1": 60.7, "FunctDay3": 67.5, "FunctDay7": 71.9, "FunctDay14": 72.8, "FunctDay30": 74.0, "FunctDay90": 82.8, "EconLoss": 53990.86328125, "Name": "'EAST BRANCH ALAMO CREEK'", "City": "null", "State": "null" }, "geometry": { "type": "Point", "coordinates": [ -121.892442, 37.762047 ] } },
{ "type": "Feature", "properties": { "FacilityType": "HighwayBridge", "FacilityId": "CA007271", "Anchor": "null", "FoundationType": "null", "eqBldgType": "null", "DesignLevel": "null", "SoilType": "D", "LqfSusCat": 0, "LndSusCat": 0, "WaterDepth": 5.0, "Distance": "null", "PGA": 0.73787307739257813, "PGV": 30.089466094970703, "Sa03": 1.7736649513244629, "Sa10": 0.85006433725357056, "LqfSettlPGD": 0.0, "LqfSprPGD": 0.0, "LqfProb": 0.0, "LndPGD": 0.0, "LndProb": 0.0, "SufFltRuptPGD": 29.523393630981445, "SurfFltRuptProb": 0.5, "PDsNone": 0.4597, "PDsSlight": 0.1469, "PDsModerate": 0.1105, "PDsExtensive": 0.1587, "PDsComplete": 0.124, "PDsExceedSlight": 0.5402, "PDsExceedModerate": 0.3932, "PDsExceedExtensive": 0.2827, "FunctDay1": 61.0, "FunctDay3": 67.9, "FunctDay7": 72.2, "FunctDay14": 73.1, "FunctDay30": 74.3, "FunctDay90": 83.1, "EconLoss": 69000.234375, "Name": "'ALAMO CREEK SOUTH FORK'", "City": "null", "State": "null" }, "geometry": { "type": "Point", "coordinates": [ -121.888717, 37.755358 ] } },
{ "type": "Feature", "properties": { "FacilityType": "HighwayBridge", "FacilityId": "CA007272", "Anchor": "null", "FoundationType": "null", "eqBldgType": "null", "DesignLevel": "null", "SoilType": "D", "LqfSusCat": 0, "LndSusCat": 0, "WaterDepth": 5.0, "Distance": "null", "PGA": 0.73787307739257813, "PGV": 30.089466094970703, "Sa03": 1.7736649513244629, "Sa10": 0.85006433725357056, "LqfSettlPGD": 0.0, "LqfSprPGD": 0.0, "LqfProb": 0.0, "LndPGD": 0.0, "LndProb": 0.0, "SufFltRuptPGD": 29.523393630981445, "SurfFltRuptProb": 0.5, "PDsNone": 0.4597, "PDsSlight": 0.0933, "PDsModerate": 0.1159, "PDsExtensive": 0.1765, "PDsComplete": 0.1543, "PDsExceedSlight": 0.5402, "PDsExceedModerate": 0.4469, "PDsExceedExtensive": 0.3309, "FunctDay1": 57.2, "FunctDay3": 63.0, "FunctDay7": 67.5, "FunctDay14": 68.5, "FunctDay30": 69.9, "FunctDay90": 79.7, "EconLoss": 822129.6875, "Name": "'MAIN BRANCH ALAMO CREEK'", "City": "null", "State": "null" }, "geometry": { "type": "Point", "coordinates": [ -121.907989, 37.769122 ] } },
{ "type": "Feature", "properties": { "FacilityType": "HighwayBridge", "FacilityId": "CA007273", "Anchor": "null", "FoundationType": "null", "eqBldgType": "null", "DesignLevel": "null", "SoilType": "D", "LqfSusCat": 0, "LndSusCat": 0, "WaterDepth": 5.0, "Distance": "null", "PGA": 0.73787307739257813, "PGV": 30.089466094970703, "Sa03": 1.7736649513244629, "Sa10": 0.85006433725357056, "LqfSettlPGD": 0.0, "LqfSprPGD": 0.0, "LqfProb": 0.0, "LndPGD": 0.0, "LndProb": 0.0, "SufFltRuptPGD": 29.523393630981445, "SurfFltRuptProb": 0.5, "PDsNone": 0.4597, "PDsSlight": 0.0933, "PDsModerate": 0.1159, "PDsExtensive": 0.1765, "PDsComplete": 0.1543, "PDsExceedSlight": 0.5402, "PDsExceedModerate": 0.4469, "PDsExceedExtensive": 0.3309, "FunctDay1": 57.2, "FunctDay3": 63.0, "FunctDay7": 67.5, "FunctDay14": 68.5, "FunctDay30": 69.9, "FunctDay90": 79.7, "EconLoss": 824059.5625, "Name": "'MAIN BRANCH ALAMO CREEK'", "City": "null", "State": "null" }, "geometry": { "type": "Point", "coordinates": [ -121.908119, 37.768764 ] } },
{ "type": "Feature", "properties": { "FacilityType": "HighwayBridge", "FacilityId": "CA007274", "Anchor": "null", "FoundationType": "null", "eqBldgType": "null", "DesignLevel": "null", "SoilType": "D", "LqfSusCat": 0, "LndSusCat": 0, "WaterDepth": 5.0, "Distance": "null", "PGA": 0.75382208824157715, "PGV": 34.681095123291016, "Sa03": 1.8925539255142212, "Sa10": 1.0495595932006836, "LqfSettlPGD": 0.0, "LqfSprPGD": 0.0, "LqfProb": 0.0, "LndPGD": 0.0, "LndProb": 0.0, "SufFltRuptPGD": 29.523393630981445, "SurfFltRuptProb": 0.5, "PDsNone": 0.3254, "PDsSlight": 0.1424, "PDsModerate": 0.1204, "PDsExtensive": 0.2009, "PDsComplete": 0.2107, "PDsExceedSlight": 0.6745, "PDsExceedModerate": 0.5321, "PDsExceedExtensive": 0.4116, "FunctDay1": 47.8, "FunctDay3": 54.9, "FunctDay7": 59.7, "FunctDay14": 60.8, "FunctDay30": 62.4, "FunctDay90": 73.8, "EconLoss": 984384.125, "Name": "'ALAMO CREEK'", "City": "null", "State": "null" }, "geometry": { "type": "Point", "coordinates": [ -121.903344, 37.775806 ] } },
{ "type": "Feature", "properties": { "FacilityType": "HighwayBridge", "FacilityId": "CA007275", "Anchor": "null", "FoundationType": "null", "eqBldgType": "null", "DesignLevel": "null", "SoilType": "D", "LqfSusCat": 0, "LndSusCat": 0, "WaterDepth": 5.0, "Distance": "null", "PGA": 0.75382208824157715, "PGV": 34.681095123291016, "Sa03": 1.8925539255142212, "Sa10": 1.0495595932006836, "LqfSettlPGD": 0.0, "LqfSprPGD": 0.0, "LqfProb": 0.0, "LndPGD": 0.0, "LndProb": 0.0, "SufFltRuptPGD": 29.523393630981445, "SurfFltRuptProb": 0.5, "PDsNone": 0.3254, "PDsSlight": 0.1309, "PDsModerate": 0.1206, "PDsExtensive": 0.2037, "PDsComplete": 0.2192, "PDsExceedSlight": 0.6745, "PDsExceedModerate": 0.5436, "PDsExceedExtensive": 0.4229, "FunctDay1": 47.0, "FunctDay3": 53.8, "FunctDay7": 58.6, "FunctDay14": 59.7, "FunctDay30": 61.3, "FunctDay90": 72.9, "EconLoss": 593343.875, "Name": "'MAIN BRANCH ALAMO CREEK'", "City": "null", "State": "null" }, "geometry": { "type": "Point", "coordinates": [ -121.885219, 37.796803 ] } },
{ "type": "Feature", "properties": { "FacilityType": "HighwayBridge", "FacilityId": "CA007276", "Anchor": "null", "FoundationType": "null", "eqBldgType": "null", "DesignLevel": "null", "SoilType": "D", "LqfSusCat": 0, "LndSusCat": 0, "WaterDepth": 5.0, "Distance": "null", "PGA": 0.78982573747634888, "PGV": 39.467784881591797, "Sa03": 1.9969159364700317, "Sa10": 1.1809400320053101, "LqfSettlPGD": 0.0, "LqfSprPGD": 0.0, "LqfProb": 0.0, "LndPGD": 0.0, "LndProb": 0.0, "SufFltRuptPGD": 29.523393630981445, "SurfFltRuptProb": 0.5, "PDsNone": 0.2581, "PDsSlight": 0.0934, "PDsModerate": 0.1176, "PDsExtensive": 0.2233, "PDsComplete": 0.3073, "PDsExceedSlight": 0.7418, "PDsExceedModerate": 0.6483, "PDsExceedExtensive": 0.5307, "FunctDay1": 37.6, "FunctDay3": 43.4, "FunctDay7": 48.1, "FunctDay14": 49.3, "FunctDay30": 51.1, "FunctDay90": 64.3, "EconLoss": 191261.203125, "Name": "'WEST BRANCH ALAMO CREEK'", "City": "null", "State": "null" }, "geometry": { "type": "Point", "coordinates": [ -121.925958, 37.773247 ] } },
{ "type": "Feature", "properties": { "FacilityType": "HighwayBridge", "FacilityId": "CA007277", "Anchor": "null", "FoundationType": "null", "eqBldgType": "null", "DesignLevel": "null", "SoilType": "D", "LqfSusCat": 0, "LndSusCat": 0, "WaterDepth": 5.0, "Distance": "null", "PGA": 0.75382208824157715, "PGV": 34.681095123291016, "Sa03": 1.8925539255142212, "Sa10": 1.0495595932006836, "LqfSettlPGD": 0.0, "LqfSprPGD": 0.0, "LqfProb": 0.0, "LndPGD": 0.0, "LndProb": 0.0, "SufFltRuptPGD": 29.523393630981445, "SurfFltRuptProb": 0.5, "PDsNone": 0.3254, "PDsSlight": 0.1424, "PDsModerate": 0.1204, "PDsExtensive": 0.2009, "PDsComplete": 0.2107, "PDsExceedSlight": 0.6745, "PDsExceedModerate": 0.5321, "PDsExceedExtensive": 0.4116, "FunctDay1": 47.8, "FunctDay3": 54.9, "FunctDay7": 59.7, "FunctDay14": 60.8, "FunctDay30": 62.4, "FunctDay90": 73.8, "EconLoss": 206480.78125, "Name": "'WEST BRANCH ALAMO CREEK'", "City": "null", "State": "null" }, "geometry": { "type": "Point", "coordinates": [ -121.924756, 37.778039 ] } },
{ "type": "Feature", "properties": { "FacilityType": "HighwayBridge", "FacilityId": "CA007278", "Anchor": "null", "FoundationType": "null", "eqBldgType": "null", "DesignLevel": "null", "SoilType": "D", "LqfSusCat": 0, "LndSusCat": 0, "WaterDepth": 5.0, "Distance": "null", "PGA": 0.73787307739257813, "PGV": 30.089466094970703, "Sa03": 1.7736649513244629, "Sa10": 0.85006433725357056, "LqfSettlPGD": 0.0, "LqfSprPGD": 0.0, "LqfProb": 0.0, "LndPGD": 0.0, "LndProb": 0.0, "SufFltRuptPGD": 29.523393630981445, "SurfFltRuptProb": 0.5, "PDsNone": 0.4597, "PDsSlight": 0.1469, "PDsModerate": 0.1105, "PDsExtensive": 0.1587, "PDsComplete": 0.124, "PDsExceedSlight": 0.5402, "PDsExceedModerate": 0.3932, "PDsExceedExtensive": 0.2827, "FunctDay1": 61.0, "FunctDay3": 67.9, "FunctDay7": 72.2, "FunctDay14": 73.1, "FunctDay30": 74.3, "FunctDay90": 83.1, "EconLoss": 80354.6953125, "Name": "'E BRANCH PKWY'", "City": "null", "State": "null" }, "geometry": { "type": "Point", "coordinates": [ -121.910117, 37.751642 ] } },
{ "type": "Feature", "properties": { "FacilityType": "HighwayBridge", "FacilityId": "CA007279", "Anchor": "null", "FoundationType": "null", "eqBldgType": "null", "DesignLevel": "null", "SoilType": "D", "LqfSusCat": 0, "LndSusCat": 0, "WaterDepth": 5.0, "Distance": "null", "PGA": 0.73787307739257813, "PGV": 30.089466094970703, "Sa03": 1.7736649513244629, "Sa10": 0.85006433725357056, "LqfSettlPGD": 0.0, "LqfSprPGD": 0.0, "LqfProb": 0.0, "LndPGD": 0.0, "LndProb": 0.0, "SufFltRuptPGD": 29.523393630981445, "SurfFltRuptProb": 0.5, "PDsNone": 0.4597, "PDsSlight": 0.1469, "PDsModerate": 0.1105, "PDsExtensive": 0.1587, "PDsComplete": 0.124, "PDsExceedSlight": 0.5402, "PDsExceedModerate": 0.3932, "PDsExceedExtensive": 0.2827, "FunctDay1": 61.0, "FunctDay3": 67.9, "FunctDay7": 72.2, "FunctDay14": 73.1, "FunctDay30": 74.3, "FunctDay90": 83.1, "EconLoss": 87342.0546875, "Name": "'CAMINO TASSAJARA'", "City": "null", "State": "null" }, "geometry": { "type": "Point", "coordinates": [ -121.878264, 37.746867 ] } },
{ "type": "Feature", "properties": { "FacilityType": "HighwayBridge", "FacilityId": "CA007280", "Anchor": "null", "FoundationType": "null", "eqBldgType": "null", "DesignLevel": "null", "SoilType": "D", "LqfSusCat": 0, "LndSusCat": 0, "WaterDepth": 5.0, "Distance": "null", "PGA": 0.75382208824157715, "PGV": 34.681095123291016, "Sa03": 1.8925539255142212, "Sa10": 1.0495595932006836, "LqfSettlPGD": 0.0, "LqfSprPGD": 0.0, "LqfProb": 0.0, "LndPGD": 0.0, "LndProb": 0.0, "SufFltRuptPGD": 29.523393630981445, "SurfFltRuptProb": 0.5, "PDsNone": 0.3254, "PDsSlight": 0.077, "PDsModerate": 0.1202, "PDsExtensive": 0.2153, "PDsComplete": 0.2618, "PDsExceedSlight": 0.6745, "PDsExceedModerate": 0.5974, "PDsExceedExtensive": 0.4772, "FunctDay1": 43.1, "FunctDay3": 48.5, "FunctDay7": 53.3, "FunctDay14": 54.4, "FunctDay30": 56.2, "FunctDay90": 68.6, "EconLoss": 856319.875, "Name": "'SHADOW CREEK'", "City": "null", "State": "null" }, "geometry": { "type": "Point", "coordinates": [ -121.889642, 37.797158 ] } },
{ "type": "Feature", "properties": { "FacilityType": "HighwayBridge", "FacilityId": "CA007281", "Anchor": "null", "FoundationType": "null", "eqBldgType": "null", "DesignLevel": "null", "SoilType": "D", "LqfSusCat": 0, "LndSusCat": 0, "WaterDepth": 5.0, "Distance": "null", "PGA": 0.73787307739257813, "PGV": 30.089466094970703, "Sa03": 1.7736649513244629, "Sa10": 0.85006433725357056, "LqfSettlPGD": 0.0, "LqfSprPGD": 0.0, "LqfProb": 0.0, "LndPGD": 0.0, "LndProb": 0.0, "SufFltRuptPGD": 29.523393630981445, "SurfFltRuptProb": 0.5, "PDsNone": 0.1882, "PDsSlight": 0.2714, "PDsModerate": 0.2065, "PDsExtensive": 0.2097, "PDsComplete": 0.124, "PDsExceedSlight": 0.8117, "PDsExceedModerate": 0.5402, "PDsExceedExtensive": 0.3337, "FunctDay1": 46.1, "FunctDay3": 58.9, "FunctDay7": 66.9, "FunctDay14": 68.4, "FunctDay30": 70.0, "FunctDay90": 81.2, "EconLoss": 1919090.125, "Name": "'CAMINO TASSAJARA'", "City": "null", "State": "null" }, "geometry": { "type": "Point", "coordinates": [ -121.875744, 37.749336 ] } },
{ "type": "Feature", "properties": { "FacilityType": "HighwayBridge", "FacilityId": "CA007282", "Anchor": "null", "FoundationType": "null", "eqBldgType": "null", "DesignLevel": "null", "SoilType": "D", "LqfSusCat": 0, "LndSusCat": 0, "WaterDepth": 5.0, "Distance": "null", "PGA": 0.4619385302066803, "PGV": 21.552145004272461, "Sa03": 1.2130423784255981, "Sa10": 0.69543164968490601, "LqfSettlPGD": 0.0, "LqfSprPGD": 0.0, "LqfProb": 0.0, "LndPGD": 0.0, "LndProb": 0.0, "SufFltRuptPGD": 29.523393630981445, "SurfFltRuptProb": 0.5, "PDsNone": 0.6663, "PDsSlight": 0.0, "PDsModerate": 0.1113, "PDsExtensive": 0.1222, "PDsComplete": 0.1, "PDsExceedSlight": 0.3336, "PDsExceedModerate": 0.3336, "PDsExceedExtensive": 0.2223, "FunctDay1": 70.5, "FunctDay3": 73.7, "FunctDay7": 78.0, "FunctDay14": 78.9, "FunctDay30": 79.8, "FunctDay90": 86.5, "EconLoss": 127134.90625, "Name": "'FRISK CREEK'", "City": "null", "State": "null" }, "geometry": { "type": "Point", "coordinates": [ -121.6144, 37.890508 ] } },
{ "type": "Feature", "properties": { "FacilityType": "HighwayBridge", "FacilityId": "CA007283", "Anchor": "null", "FoundationType": "null", "eqBldgType": "null", "DesignLevel": "null", "SoilType": "D", "LqfSusCat": 0, "LndSusCat": 0, "WaterDepth": 5.0, "Distance": "null", "PGA": 0.4619385302066803, "PGV": 21.552145004272461, "Sa03": 1.2130423784255981, "Sa10": 0.69543164968490601, "LqfSettlPGD": 0.0, "LqfSprPGD": 0.0, "LqfProb": 0.0, "LndPGD": 0.0, "LndProb": 0.0, "SufFltRuptPGD": 29.523393630981445, "SurfFltRuptProb": 0.5, "PDsNone": 0.6431, "PDsSlight": 0.0, "PDsModerate": 0.1153, "PDsExtensive": 0.1299, "PDsComplete": 0.1115, "PDsExceedSlight": 0.3568, "PDsExceedModerate": 0.3568, "PDsExceedExtensive": 0.2415, "FunctDay1": 68.3, "FunctDay3": 71.7, "FunctDay7": 76.2, "FunctDay14": 77.0, "FunctDay30": 78.0, "FunctDay90": 85.2, "EconLoss": 115556.4375, "Name": "'KELLOGG CREEK'", "City": "null", "State": "null" }, "geometry": { "type": "Point", "coordinates": [ -121.617831, 37.894381 ] } },
{ "type": "Feature", "properties": { "FacilityType": "HighwayBridge", "FacilityId": "CA007284", "Anchor": "null", "FoundationType": "null", "eqBldgType": "null", "DesignLevel": "null", "SoilType": "D", "LqfSusCat": 0, "LndSusCat": 0, "WaterDepth": 5.0, "Distance": "null", "PGA": 0.62511557340621948, "PGV": 26.522377014160156, "Sa03": 1.5736724138259888, "Sa10": 0.79263198375701904, "LqfSettlPGD": 0.0, "LqfSprPGD": 0.0, "LqfProb": 0.0, "LndPGD": 0.0, "LndProb": 0.0, "SufFltRuptPGD": 29.523393630981445, "SurfFltRuptProb": 0.5, "PDsNone": 0.5061, "PDsSlight": 0.1445, "PDsModerate": 0.1045, "PDsExtensive": 0.1429, "PDsComplete": 0.1017, "PDsExceedSlight": 0.4938, "PDsExceedModerate": 0.3492, "PDsExceedExtensive": 0.2447, "FunctDay1": 65.1, "FunctDay3": 71.8, "FunctDay7": 75.9, "FunctDay14": 76.8, "FunctDay30": 77.8, "FunctDay90": 85.6, "EconLoss": 349215.5, "Name": "'CONTRA COSTA CANAL'", "City": "null", "State": "null" }, "geometry": { "type": "Point", "coordinates": [ -121.847497, 37.994964 ] } },
{ "type": "Feature", "properties": { "FacilityType": "HighwayBridge", "FacilityId": "CA007285", "Anchor": "null", "FoundationType": "null", "eqBldgType": "null", "DesignLevel": "null", "SoilType": "D", "LqfSusCat": 0, "LndSusCat": 0, "WaterDepth": 5.0, "Distance": "null", "PGA": 0.78982573747634888, "PGV": 39.467784881591797, "Sa03": 1.9969159364700317, "Sa10": 1.1809400320053101, "LqfSettlPGD": 0.0, "LqfSprPGD": 0.0, "LqfProb": 0.0, "LndPGD": 0.0, "LndProb": 0.0, "SufFltRuptPGD": 29.523393630981445, "SurfFltRuptProb": 0.5, "PDsNone": 0.2744, "PDsSlight": 0.0, "PDsModerate": 0.121, "PDsExtensive": 0.2039, "PDsComplete": 0.4005, "PDsExceedSlight": 0.7255, "PDsExceedModerate": 0.7255, "PDsExceedExtensive": 0.6044, "FunctDay1": 32.4, "FunctDay3": 36.0, "FunctDay7": 40.8, "FunctDay14": 42.0, "FunctDay30": 43.8, "FunctDay90": 56.6, "EconLoss": 7505752.0, "Name": "'WEST BRANCH ALAMO CREEK'", "City": "null", "State": "null" }, "geometry": { "type": "Point", "coordinates": [ -121.926367, 37.770767 ] } },
{ "type": "Feature", "properties": { "FacilityType": "HighwayBridge", "FacilityId": "CA007286", "Anchor": "null", "FoundationType": "null", "eqBldgType": "null", "DesignLevel": "null", "SoilType": "D", "LqfSusCat": 0, "LndSusCat": 0, "WaterDepth": 5.0, "Distance": "null", "PGA": 0.73787307739257813, "PGV": 30.089466094970703, "Sa03": 1.7736649513244629, "Sa10": 0.85006433725357056, "LqfSettlPGD": 0.0, "LqfSprPGD": 0.0, "LqfProb": 0.0, "LndPGD": 0.0, "LndProb": 0.0, "SufFltRuptPGD": 29.523393630981445, "SurfFltRuptProb": 0.5, "PDsNone": 0.5317, "PDsSlight": 0.0, "PDsModerate": 0.1288, "PDsExtensive": 0.1634, "PDsComplete": 0.1759, "PDsExceedSlight": 0.4682, "PDsExceedModerate": 0.4682, "PDsExceedExtensive": 0.3393, "FunctDay1": 57.8, "FunctDay3": 61.6, "FunctDay7": 66.6, "FunctDay14": 67.6, "FunctDay30": 68.9, "FunctDay90": 78.2, "EconLoss": 2629488.5, "Name": "'LOWER M. BRANCH ALAMO CR'", "City": "null", "State": "null" }, "geometry": { "type": "Point", "coordinates": [ -121.916611, 37.748172 ] } },
{ "type": "Feature", "properties": { "FacilityType": "HighwayBridge", "FacilityId": "CA007287", "Anchor": "null", "FoundationType": "null", "eqBldgType": "null", "DesignLevel": "null", "SoilType": "D", "LqfSusCat": 0, "LndSusCat": 0, "WaterDepth": 5.0, "Distance": "null", "PGA": 0.54588890075683594, "PGV": 23.135929107666016, "Sa03": 1.3937472105026245, "Sa10": 0.70402932167053223, "LqfSettlPGD": 0.0, "LqfSprPGD": 0.0, "LqfProb": 0.0, "LndPGD": 0.0, "LndProb": 0.0, "SufFltRuptPGD": 29.523393630981445, "SurfFltRuptProb": 0.5, "PDsNone": 0.5843, "PDsSlight": 0.1186, "PDsModerate": 0.0956, "PDsExtensive": 0.1231, "PDsComplete": 0.0781, "PDsExceedSlight": 0.4156, "PDsExceedModerate": 0.2969, "PDsExceedExtensive": 0.2013, "FunctDay1": 70.6, "FunctDay3": 76.4, "FunctDay7": 80.2, "FunctDay14": 80.9, "FunctDay30": 81.8, "FunctDay90": 88.5, "EconLoss": 386375.65625, "Name": "'SAND CREEK'", "City": "null", "State": "null" }, "geometry": { "type": "Point", "coordinates": [ -121.735269, 37.947422 ] } },
{ "type": "Feature", "properties": { "FacilityType": "HighwayBridge", "FacilityId": "CA007288", "Anchor": "null", "FoundationType": "null", "eqBldgType": "null", "DesignLevel": "null", "SoilType": "D", "LqfSusCat": 0, "LndSusCat": 0, "WaterDepth": 5.0, "Distance": "null", "PGA": 0.50870001316070557, "PGV": 21.449508666992188, "Sa03": 1.2920339107513428, "Sa10": 0.64752256870269775, "LqfSettlPGD": 0.0, "LqfSprPGD": 0.0, "LqfProb": 0.0, "LndPGD": 0.0, "LndProb": 0.0, "SufFltRuptPGD": 29.523393630981445, "SurfFltRuptProb": 0.5, "PDsNone": 0.6377, "PDsSlight": 0.0627, "PDsModerate": 0.0961, "PDsExtensive": 0.1241, "PDsComplete": 0.0792, "PDsExceedSlight": 0.3622, "PDsExceedModerate": 0.2995, "PDsExceedExtensive": 0.2033, "FunctDay1": 71.8, "FunctDay3": 76.2, "FunctDay7": 80.0, "FunctDay14": 80.7, "FunctDay30": 81.6, "FunctDay90": 88.3, "EconLoss": 276226.3125, "Name": "'MARSH CREEK'", "City": "null", "State": "null" }, "geometry": { "type": "Point", "coordinates": [ -121.694083, 37.954342 ] } },
{ "type": "Feature", "properties": { "FacilityType": "HighwayBridge", "FacilityId": "CA007289", "Anchor": "null", "FoundationType": "null", "eqBldgType": "null", "DesignLevel": "null", "SoilType": "D", "LqfSusCat": 0, "LndSusCat": 0, "WaterDepth": 5.0, "Distance": "null", "PGA": 0.50870001316070557, "PGV": 21.449508666992188, "Sa03": 1.2920339107513428, "Sa10": 0.64752256870269775, "LqfSettlPGD": 0.0, "LqfSprPGD": 0.0, "LqfProb": 0.0, "LndPGD": 0.0, "LndProb": 0.0, "SufFltRuptPGD": 29.523393630981445, "SurfFltRuptProb": 0.5, "PDsNone": 0.6377, "PDsSlight": 0.1278, "PDsModerate": 0.0825, "PDsExtensive": 0.098, "PDsComplete": 0.0538, "PDsExceedSlight": 0.3622, "PDsExceedModerate": 0.2344, "PDsExceedExtensive": 0.1519, "FunctDay1": 76.1, "FunctDay3": 81.8, "FunctDay7": 85.0, "FunctDay14": 85.6, "FunctDay30": 86.3, "FunctDay90": 91.6, "EconLoss": 513341.4375, "Name": "'MARSH CREEK'", "City": "null", "State": "null" }, "geometry": { "type": "Point", "coordinates": [ -121.7049, 37.944939 ] } },
{ "type": "Feature", "properties": { "FacilityType": "HighwayBridge", "FacilityId": "CA007290", "Anchor": "null", "FoundationType": "null", "eqBldgType": "null", "DesignLevel": "null", "SoilType": "D", "LqfSusCat": 0, "LndSusCat": 0, "WaterDepth": 5.0, "Distance": "null", "PGA": 0.44523391127586365, "PGV": 20.587066650390625, "Sa03": 1.1699280738830566, "Sa10": 0.65869975090026855, "LqfSettlPGD": 0.0, "LqfSprPGD": 0.0, "LqfProb": 0.0, "LndPGD": 0.0, "LndProb": 0.0, "SufFltRuptPGD": 29.523393630981445, "SurfFltRuptProb": 0.5, "PDsNone": 0.6869, "PDsSlight": 0.0, "PDsModerate": 0.1074, "PDsExtensive": 0.1152, "PDsComplete": 0.0903, "PDsExceedSlight": 0.313, "PDsExceedModerate": 0.313, "PDsExceedExtensive": 0.2056, "FunctDay1": 72.4, "FunctDay3": 75.5, "FunctDay7": 79.7, "FunctDay14": 80.4, "FunctDay30": 81.3, "FunctDay90": 87.7, "EconLoss": 381008.09375, "Name": "'WERNER DREDGER CUT'", "City": "null", "State": "null" }, "geometry": { "type": "Point", "coordinates": [ -121.610453, 37.939117 ] } },
{ "type": "Feature", "properties": { "FacilityType": "HighwayBridge", "FacilityId": "CA007291", "Anchor": "null", "FoundationType": "null", "eqBldgType": "null", "DesignLevel": "null", "SoilType": "D", "LqfSusCat": 0, "LndSusCat": 0, "WaterDepth": 5.0, "Distance": "null", "PGA": 0.81645458936691284, "PGV": 37.333194732666016, "Sa03": 2.0122029781341553, "Sa10": 1.001726508140564, "LqfSettlPGD": 0.0, "LqfSprPGD": 0.0, "LqfProb": 0.0, "LndPGD": 0.0, "LndProb": 0.0, "SufFltRuptPGD": 29.523393630981445, "SurfFltRuptProb": 0.5, "PDsNone": 0.4291, "PDsSlight": 0.0, "PDsModerate": 0.1327, "PDsExtensive": 0.1875, "PDsComplete": 0.2505, "PDsExceedSlight": 0.5708, "PDsExceedModerate": 0.5708, "PDsExceedExtensive": 0.438, "FunctDay1": 47.9, "FunctDay3": 51.8, "FunctDay7": 57.0, "FunctDay14": 58.1, "FunctDay30": 59.7, "FunctDay90": 70.7, "EconLoss": 435616.1875, "Name": "'REFUGIO CREEK'", "City": "null", "State": "null" }, "geometry": { "type": "Point", "coordinates": [ -122.277122, 38.017564 ] } },
{ "type": "Feature", "properties": { "FacilityType": "HighwayBridge", "FacilityId": "CA007292", "Anchor": "null", "FoundationType": "null", "eqBldgType": "null", "DesignLevel": "null", "SoilType": "D", "LqfSusCat": 0, "LndSusCat": 0, "WaterDepth": 5.0, "Distance": "null", "PGA": 0.77303975820541382, "PGV": 31.891193389892578, "Sa03": 1.8982447385787964, "Sa10": 0.90335595607757568, "LqfSettlPGD": 0.0, "LqfSprPGD": 0.0, "LqfProb": 0.0, "LndPGD": 0.0, "LndProb": 0.0, "SufFltRuptPGD": 29.523393630981445, "SurfFltRuptProb": 0.5, "PDsNone": 0.3415, "PDsSlight": 0.0, "PDsModerate": 0.1168, "PDsExtensive": 0.2245, "PDsComplete": 0.3169, "PDsExceedSlight": 0.6584, "PDsExceedModerate": 0.6584, "PDsExceedExtensive": 0.5415, "FunctDay1": 39.0, "FunctDay3": 42.4, "FunctDay7": 47.1, "FunctDay14": 48.2, "FunctDay30": 50.1, "FunctDay90": 63.4, "EconLoss": 116720.4375, "Name": "'ARROYO DEL HAMBRE'", "City": "null", "State": "null" }, "geometry": { "type": "Point", "coordinates": [ -122.135175, 38.016372 ] } },
{ "type": "Feature", "properties": { "FacilityType": "HighwayBridge", "FacilityId": "CA007293", "Anchor": "null", "FoundationType": "null", "eqBldgType": "null", "DesignLevel": "null", "SoilType": "D", "LqfSusCat": 0, "LndSusCat": 0, "WaterDepth": 5.0, "Distance": "null", "PGA": 0.80157685279846191, "PGV": 43.148735046386719, "Sa03": 1.9964525699615479, "Sa10": 1.3447792530059814, "LqfSettlPGD": 0.0, "LqfSprPGD": 0.0, "LqfProb": 0.0, "LndPGD": 0.0, "LndProb": 0.0, "SufFltRuptPGD": 29.523393630981445, "SurfFltRuptProb": 0.5, "PDsNone": 0.215, "PDsSlight": 0.0, "PDsModerate": 0.1096, "PDsExtensive": 0.2001, "PDsComplete": 0.4752, "PDsExceedSlight": 0.7849, "PDsExceedModerate": 0.7849, "PDsExceedExtensive": 0.6753, "FunctDay1": 26.3, "FunctDay3": 29.5, "FunctDay7": 34.0, "FunctDay14": 35.1, "FunctDay30": 36.9, "FunctDay90": 50.0, "EconLoss": 1265762.25, "Name": "'GRAYSON CREEK'", "City": "null", "State": "null" }, "geometry": { "type": "Point", "coordinates": [ -122.066758, 37.971525 ] } },
{ "type": "Feature", "properties": { "FacilityType": "HighwayBridge", "FacilityId": "CA007294", "Anchor": "null", "FoundationType": "null", "eqBldgType": "null", "DesignLevel": "null", "SoilType": "D", "LqfSusCat": 0, "LndSusCat": 0, "WaterDepth": 5.0, "Distance": "null", "PGA": 0.48198771476745605, "PGV": 22.136066436767578, "Sa03": 1.2626924514770508, "Sa10": 0.71629953384399414, "LqfSettlPGD": 0.0, "LqfSprPGD": 0.0, "LqfProb": 0.0, "LndPGD": 0.0, "LndProb": 0.0, "SufFltRuptPGD": 29.523393630981445, "SurfFltRuptProb": 0.5, "PDsNone": 0.573, "PDsSlight": 0.1315, "PDsModerate": 0.0953, "PDsExtensive": 0.1225, "PDsComplete": 0.0775, "PDsExceedSlight": 0.4269, "PDsExceedModerate": 0.2953, "PDsExceedExtensive": 0.2, "FunctDay1": 70.5, "FunctDay3": 76.5, "FunctDay7": 80.3, "FunctDay14": 81.0, "FunctDay30": 81.9, "FunctDay90": 88.6, "EconLoss": 303683.625, "Name": "'MARSH CREEK'", "City": "null", "State": "null" }, "geometry": { "type": "Point", "coordinates": [ -121.693944, 37.986794 ] } },
{ "type": "Feature", "properties": { "FacilityType": "HighwayBridge", "FacilityId": "CA007295", "Anchor": "null", "FoundationType": "null", "eqBldgType": "null", "DesignLevel": "null", "SoilType": "D", "LqfSusCat": 0, "LndSusCat": 0, "WaterDepth": 5.0, "Distance": "null", "PGA": 0.48198771476745605, "PGV": 22.136066436767578, "Sa03": 1.2626924514770508, "Sa10": 0.71629953384399414, "LqfSettlPGD": 0.0, "LqfSprPGD": 0.0, "LqfProb": 0.0, "LndPGD": 0.0, "LndProb": 0.0, "SufFltRuptPGD": 29.523393630981445, "SurfFltRuptProb": 0.5, "PDsNone": 0.573, "PDsSlight": 0.1041, "PDsModerate": 0.1002, "PDsExtensive": 0.133, "PDsComplete": 0.0894, "PDsExceedSlight": 0.4269, "PDsExceedModerate": 0.3227, "PDsExceedExtensive": 0.2224, "FunctDay1": 68.6, "FunctDay3": 74.2, "FunctDay7": 78.1, "FunctDay14": 78.9, "FunctDay30": 79.9, "FunctDay90": 87.1, "EconLoss": 210273.28125, "Name": "'MARSH CREEK'", "City": "null", "State": "null" }, "geometry": { "type": "Point", "coordinates": [ -121.690133, 37.983322 ] } },
{ "type": "Feature", "properties": { "FacilityType": "HighwayBridge", "FacilityId": "CA007296", "Anchor": "null", "FoundationType": "null", "eqBldgType": "null", "DesignLevel": "null", "SoilType": "D", "LqfSusCat": 0, "LndSusCat": 0, "WaterDepth": 5.0, "Distance": "null", "PGA": 0.52618581056594849, "PGV": 21.990455627441406, "Sa03": 1.3398592472076416, "Sa10": 0.67062509059906006, "LqfSettlPGD": 0.0, "LqfSprPGD": 0.0, "LqfProb": 0.0, "LndPGD": 0.0, "LndProb": 0.0, "SufFltRuptPGD": 29.523393630981445, "SurfFltRuptProb": 0.5, "PDsNone": 0.688, "PDsSlight": 0.0, "PDsModerate": 0.1072, "PDsExtensive": 0.1149, "PDsComplete": 0.0898, "PDsExceedSlight": 0.3119, "PDsExceedModerate": 0.3119, "PDsExceedExtensive": 0.2047, "FunctDay1": 72.5, "FunctDay3": 75.6, "FunctDay7": 79.8, "FunctDay14": 80.5, "FunctDay30": 81.4, "FunctDay90": 87.7, "EconLoss": 2085197.25, "Name": "'RR\/NEROLY ROAD'", "City": "null", "State": "null" }, "geometry": { "type": "Point", "coordinates": [ -121.741233, 37.9806 ] } },
{ "type": "Feature", "properties": { "FacilityType": "HighwayBridge", "FacilityId": "CA007297", "Anchor": "null", "FoundationType": "null", "eqBldgType": "null", "DesignLevel": "null", "SoilType": "D", "LqfSusCat": 0, "LndSusCat": 0, "WaterDepth": 5.0, "Distance": "null", "PGA": 0.50870001316070557, "PGV": 21.449508666992188, "Sa03": 1.2920339107513428, "Sa10": 0.64752256870269775, "LqfSettlPGD": 0.0, "LqfSprPGD": 0.0, "LqfProb": 0.0, "LndPGD": 0.0, "LndProb": 0.0, "SufFltRuptPGD": 29.523393630981445, "SurfFltRuptProb": 0.5, "PDsNone": 0.3332, "PDsSlight": 0.192, "PDsModerate": 0.1985, "PDsExtensive": 0.1826, "PDsComplete": 0.0934, "PDsExceedSlight": 0.6667, "PDsExceedModerate": 0.4746, "PDsExceedExtensive": 0.2761, "FunctDay1": 54.3, "FunctDay3": 64.8, "FunctDay7": 72.5, "FunctDay14": 73.9, "FunctDay30": 75.2, "FunctDay90": 84.9, "EconLoss": 375095.0625, "Name": "'MARSH CREEK'", "City": "null", "State": "null" }, "geometry": { "type": "Point", "coordinates": [ -121.696019, 37.952678 ] } },
{ "type": "Feature", "properties": { "FacilityType": "HighwayBridge", "FacilityId": "CA007298", "Anchor": "null", "FoundationType": "null", "eqBldgType": "null", "DesignLevel": "null", "SoilType": "D", "LqfSusCat": 0, "LndSusCat": 0, "WaterDepth": 5.0, "Distance": "null", "PGA": 0.48198771476745605, "PGV": 22.136066436767578, "Sa03": 1.2626924514770508, "Sa10": 0.71629953384399414, "LqfSettlPGD": 0.0, "LqfSprPGD": 0.0, "LqfProb": 0.0, "LndPGD": 0.0, "LndProb": 0.0, "SufFltRuptPGD": 29.523393630981445, "SurfFltRuptProb": 0.5, "PDsNone": 0.573, "PDsSlight": 0.1362, "PDsModerate": 0.0944, "PDsExtensive": 0.1206, "PDsComplete": 0.0755, "PDsExceedSlight": 0.4269, "PDsExceedModerate": 0.2906, "PDsExceedExtensive": 0.1961, "FunctDay1": 70.8, "FunctDay3": 77.0, "FunctDay7": 80.7, "FunctDay14": 81.4, "FunctDay30": 82.3, "FunctDay90": 88.8, "EconLoss": 117356.9609375, "Name": "'CONTRA COSTA CANAL'", "City": "null", "State": "null" }, "geometry": { "type": "Point", "coordinates": [ -121.703431, 37.994556 ] } },
{ "type": "Feature", "properties": { "FacilityType": "HighwayBridge", "FacilityId": "CA007299", "Anchor": "null", "FoundationType": "null", "eqBldgType": "null", "DesignLevel": "null", "SoilType": "D", "LqfSusCat": 0, "LndSusCat": 0, "WaterDepth": 5.0, "Distance": "null", "PGA": 0.5400269627571106, "PGV": 23.361949920654297, "Sa03": 1.3766359090805054, "Sa10": 0.70610624551773071, "LqfSettlPGD": 0.0, "LqfSprPGD": 0.0, "LqfProb": 0.0, "LndPGD": 0.0, "LndProb": 0.0, "SufFltRuptPGD": 29.523393630981445, "SurfFltRuptProb": 0.5, "PDsNone": 0.5824, "PDsSlight": 0.1366, "PDsModerate": 0.0925, "PDsExtensive": 0.1168, "PDsComplete": 0.0715, "PDsExceedSlight": 0.4175, "PDsExceedModerate": 0.2809, "PDsExceedExtensive": 0.1883, "FunctDay1": 71.7, "FunctDay3": 77.8, "FunctDay7": 81.4, "FunctDay14": 82.1, "FunctDay30": 83.0, "FunctDay90": 89.3, "EconLoss": 310606.75, "Name": "'MARSH CREEK'", "City": "null", "State": "null" }, "geometry": { "type": "Point", "coordinates": [ -121.721517, 37.893506 ] } },
{ "type": "Feature", "properties": { "FacilityType": "HighwayBridge", "FacilityId": "CA007300", "Anchor": "null", "FoundationType": "null", "eqBldgType": "null", "DesignLevel": "null", "SoilType": "D", "LqfSusCat": 0, "LndSusCat": 0, "WaterDepth": 5.0, "Distance": "null", "PGA": 0.5400269627571106, "PGV": 23.361949920654297, "Sa03": 1.3766359090805054, "Sa10": 0.70610624551773071, "LqfSettlPGD": 0.0, "LqfSprPGD": 0.0, "LqfProb": 0.0, "LndPGD": 0.0, "LndProb": 0.0, "SufFltRuptPGD": 29.523393630981445, "SurfFltRuptProb": 0.5, "PDsNone": 0.5824, "PDsSlight": 0.1366, "PDsModerate": 0.0925, "PDsExtensive": 0.1168, "PDsComplete": 0.0715, "PDsExceedSlight": 0.4175, "PDsExceedModerate": 0.2809, "PDsExceedExtensive": 0.1883, "FunctDay1": 71.7, "FunctDay3": 77.8, "FunctDay7": 81.4, "FunctDay14": 82.1, "FunctDay30": 83.0, "FunctDay90": 89.3, "EconLoss": 310606.75, "Name": "'MARSH CREEK'", "City": "null", "State": "null" }, "geometry": { "type": "Point", "coordinates": [ -121.721542, 37.893375 ] } },
{ "type": "Feature", "properties": { "FacilityType": "HighwayBridge", "FacilityId": "CA007301", "Anchor": "null", "FoundationType": "null", "eqBldgType": "null", "DesignLevel": "null", "SoilType": "D", "LqfSusCat": 0, "LndSusCat": 0, "WaterDepth": 5.0, "Distance": "null", "PGA": 0.74830800294876099, "PGV": 32.61968994140625, "Sa03": 1.848130464553833, "Sa10": 0.93514639139175415, "LqfSettlPGD": 0.0, "LqfSprPGD": 0.0, "LqfProb": 0.0, "LndPGD": 0.0, "LndProb": 0.0, "SufFltRuptPGD": 29.523393630981445, "SurfFltRuptProb": 0.5, "PDsNone": 0.3973, "PDsSlight": 0.1471, "PDsModerate": 0.1166, "PDsExtensive": 0.1792, "PDsComplete": 0.1595, "PDsExceedSlight": 0.6026, "PDsExceedModerate": 0.4555, "PDsExceedExtensive": 0.3388, "FunctDay1": 55.0, "FunctDay3": 62.2, "FunctDay7": 66.8, "FunctDay14": 67.8, "FunctDay30": 69.1, "FunctDay90": 79.1, "EconLoss": 440561.28125, "Name": "'RODEO CREEK'", "City": "null", "State": "null" }, "geometry": { "type": "Point", "coordinates": [ -122.267269, 38.038411 ] } },
{ "type": "Feature", "properties": { "FacilityType": "HighwayBridge", "FacilityId": "CA007302", "Anchor": "null", "FoundationType": "null", "eqBldgType": "null", "DesignLevel": "null", "SoilType": "D", "LqfSusCat": 0, "LndSusCat": 0, "WaterDepth": 5.0, "Distance": "null", "PGA": 0.7075842022895813, "PGV": 26.548734664916992, "Sa03": 1.6766353845596313, "Sa10": 0.70251947641372681, "LqfSettlPGD": 0.0, "LqfSprPGD": 0.0, "LqfProb": 0.0, "LndPGD": 0.0, "LndProb": 0.0, "SufFltRuptPGD": 29.523393630981445, "SurfFltRuptProb": 0.5, "PDsNone": 0.5857, "PDsSlight": 0.074, "PDsModerate": 0.1031, "PDsExtensive": 0.1396, "PDsComplete": 0.0974, "PDsExceedSlight": 0.4142, "PDsExceedModerate": 0.3402, "PDsExceedExtensive": 0.237, "FunctDay1": 67.8, "FunctDay3": 72.6, "FunctDay7": 76.7, "FunctDay14": 77.5, "FunctDay30": 78.6, "FunctDay90": 86.1, "EconLoss": 320069.25, "Name": "'MARSH CREEK'", "City": "null", "State": "null" }, "geometry": { "type": "Point", "coordinates": [ -121.8492, 37.8917 ] } },
{ "type": "Feature", "properties": { "FacilityType": "HighwayBridge", "FacilityId": "CA007303", "Anchor": "null", "FoundationType": "null", "eqBldgType": "null", "DesignLevel": "null", "SoilType": "D", "LqfSusCat": 0, "LndSusCat": 0, "WaterDepth": 5.0, "Distance": "null", "PGA": 0.7075842022895813, "PGV": 26.548734664916992, "Sa03": 1.6766353845596313, "Sa10": 0.70251947641372681, "LqfSettlPGD": 0.0, "LqfSprPGD": 0.0, "LqfProb": 0.0, "LndPGD": 0.0, "LndProb": 0.0, "SufFltRuptPGD": 29.523393630981445, "SurfFltRuptProb": 0.5, "PDsNone": 0.5857, "PDsSlight": 0.1361, "PDsModerate": 0.092, "PDsExtensive": 0.1157, "PDsComplete": 0.0703, "PDsExceedSlight": 0.4142, "PDsExceedModerate": 0.2781, "PDsExceedExtensive": 0.1861, "FunctDay1": 71.9, "FunctDay3": 78.0, "FunctDay7": 81.7, "FunctDay14": 82.4, "FunctDay30": 83.2, "FunctDay90": 89.4, "EconLoss": 60139.51171875, "Name": "'MARSH CREEK'", "City": "null", "State": "null" }, "geometry": { "type": "Point", "coordinates": [ -121.860983, 37.893017 ] } },
{ "type": "Feature", "properties": { "FacilityType": "HighwayBridge", "FacilityId": "CA007304", "Anchor": "null", "FoundationType": "null", "eqBldgType": "null", "DesignLevel": "null", "SoilType": "D", "LqfSusCat": 0, "LndSusCat": 0, "WaterDepth": 5.0, "Distance": "null", "PGA": 0.70648092031478882, "PGV": 26.046087265014648, "Sa03": 1.6615453958511353, "Sa10": 0.68669795989990234, "LqfSettlPGD": 0.0, "LqfSprPGD": 0.0, "LqfProb": 0.0, "LndPGD": 0.0, "LndProb": 0.0, "SufFltRuptPGD": 29.523393630981445, "SurfFltRuptProb": 0.5, "PDsNone": 0.6004, "PDsSlight": 0.1129, "PDsModerate": 0.0936, "PDsExtensive": 0.119, "PDsComplete": 0.0738, "PDsExceedSlight": 0.3995, "PDsExceedModerate": 0.2865, "PDsExceedExtensive": 0.1928, "FunctDay1": 71.7, "FunctDay3": 77.3, "FunctDay7": 81.0, "FunctDay14": 81.7, "FunctDay30": 82.6, "FunctDay90": 89.0, "EconLoss": 115398.5859375, "Name": "'CONTRA COSTA CANAL'", "City": "null", "State": "null" }, "geometry": { "type": "Point", "coordinates": [ -121.950978, 38.020947 ] } },
{ "type": "Feature", "properties": { "FacilityType": "HighwayBridge", "FacilityId": "CA007305", "Anchor": "null", "FoundationType": "null", "eqBldgType": "null", "DesignLevel": "null", "SoilType": "D", "LqfSusCat": 0, "LndSusCat": 0, "WaterDepth": 5.0, "Distance": "null", "PGA": 0.80157685279846191, "PGV": 43.148735046386719, "Sa03": 1.9964525699615479, "Sa10": 1.3447792530059814, "LqfSettlPGD": 0.0, "LqfSprPGD": 0.0, "LqfProb": 0.0, "LndPGD": 0.0, "LndProb": 0.0, "SufFltRuptPGD": 29.523393630981445, "SurfFltRuptProb": 0.5, "PDsNone": 0.1933, "PDsSlight": 0.0579, "PDsModerate": 0.1056, "PDsExtensive": 0.2277, "PDsComplete": 0.4152, "PDsExceedSlight": 0.8066, "PDsExceedModerate": 0.7486, "PDsExceedExtensive": 0.6429, "FunctDay1": 28.3, "FunctDay3": 32.9, "FunctDay7": 37.2, "FunctDay14": 38.3, "FunctDay30": 40.3, "FunctDay90": 54.4, "EconLoss": 268833.96875, "Name": "'SDM CHANNEL'", "City": "null", "State": "null" }, "geometry": { "type": "Point", "coordinates": [ -122.033492, 37.943114 ] } },
{ "type": "Feature", "properties": { "FacilityType": "HighwayBridge", "FacilityId": "CA007306", "Anchor": "null", "FoundationType": "null", "eqBldgType": "null", "DesignLevel": "null", "SoilType": "D", "LqfSusCat": 0, "LndSusCat": 0, "WaterDepth": 5.0, "Distance": "null", "PGA": 0.77480834722518921, "PGV": 35.311855316162109, "Sa03": 1.9298560619354248, "Sa10": 1.0328832864761353, "LqfSettlPGD": 0.0, "LqfSprPGD": 0.0, "LqfProb": 0.0, "LndPGD": 0.0, "LndProb": 0.0, "SufFltRuptPGD": 29.523393630981445, "SurfFltRuptProb": 0.5, "PDsNone": 0.3351, "PDsSlight": 0.1383, "PDsModerate": 0.1203, "PDsExtensive": 0.1994, "PDsComplete": 0.2067, "PDsExceedSlight": 0.6648, "PDsExceedModerate": 0.5265, "PDsExceedExtensive": 0.4062, "FunctDay1": 48.4, "FunctDay3": 55.5, "FunctDay7": 60.2, "FunctDay14": 61.3, "FunctDay30": 62.9, "FunctDay90": 74.2, "EconLoss": 103632.9453125, "Name": "'HOLBROOK CHANNEL'", "City": "null", "State": "null" }, "geometry": { "type": "Point", "coordinates": [ -122.031444, 37.993231 ] } },
{ "type": "Feature", "properties": { "FacilityType": "HighwayBridge", "FacilityId": "CA007307", "Anchor": "null", "FoundationType": "null", "eqBldgType": "null", "DesignLevel": "null", "SoilType": "D", "LqfSusCat": 0, "LndSusCat": 0, "WaterDepth": 5.0, "Distance": "null", "PGA": 0.62511557340621948, "PGV": 26.522377014160156, "Sa03": 1.5736724138259888, "Sa10": 0.79263198375701904, "LqfSettlPGD": 0.0, "LqfSprPGD": 0.0, "LqfProb": 0.0, "LndPGD": 0.0, "LndProb": 0.0, "SufFltRuptPGD": 29.523393630981445, "SurfFltRuptProb": 0.5, "PDsNone": 0.5061, "PDsSlight": 0.1187, "PDsModerate": 0.1082, "PDsExtensive": 0.1523, "PDsComplete": 0.1145, "PDsExceedSlight": 0.4938, "PDsExceedModerate": 0.3751, "PDsExceedExtensive": 0.2669, "FunctDay1": 63.4, "FunctDay3": 69.5, "FunctDay7": 73.8, "FunctDay14": 74.7, "FunctDay30": 75.8, "FunctDay90": 84.2, "EconLoss": 242211.59375, "Name": "'CONTRA COSTA CANAL'", "City": "null", "State": "null" }, "geometry": { "type": "Point", "coordinates": [ -121.8738, 38.000172 ] } },
{ "type": "Feature", "properties": { "FacilityType": "HighwayBridge", "FacilityId": "CA007308", "Anchor": "null", "FoundationType": "null", "eqBldgType": "null", "DesignLevel": "null", "SoilType": "D", "LqfSusCat": 0, "LndSusCat": 0, "WaterDepth": 5.0, "Distance": "null", "PGA": 0.62511557340621948, "PGV": 26.522377014160156, "Sa03": 1.5736724138259888, "Sa10": 0.79263198375701904, "LqfSettlPGD": 0.0, "LqfSprPGD": 0.0, "LqfProb": 0.0, "LndPGD": 0.0, "LndProb": 0.0, "SufFltRuptPGD": 29.523393630981445, "SurfFltRuptProb": 0.5, "PDsNone": 0.5061, "PDsSlight": 0.1323, "PDsModerate": 0.1063, "PDsExtensive": 0.1474, "PDsComplete": 0.1077, "PDsExceedSlight": 0.4938, "PDsExceedModerate": 0.3615, "PDsExceedExtensive": 0.2551, "FunctDay1": 64.3, "FunctDay3": 70.7, "FunctDay7": 74.9, "FunctDay14": 75.8, "FunctDay30": 76.9, "FunctDay90": 84.9, "EconLoss": 134992.765625, "Name": "'CONTRA COSTA CANAL'", "City": "null", "State": "null" }, "geometry": { "type": "Point", "coordinates": [ -121.850775, 37.997944 ] } },
{ "type": "Feature", "properties": { "FacilityType": "HighwayBridge", "FacilityId": "CA007309", "Anchor": "null", "FoundationType": "null", "eqBldgType": "null", "DesignLevel": "null", "SoilType": "D", "LqfSusCat": 0, "LndSusCat": 0, "WaterDepth": 5.0, "Distance": "null", "PGA": 0.57236021757125854, "PGV": 23.94725227355957, "Sa03": 1.4608070850372314, "Sa10": 0.72987604141235352, "LqfSettlPGD": 0.0, "LqfSprPGD": 0.0, "LqfProb": 0.0, "LndPGD": 0.0, "LndProb": 0.0, "SufFltRuptPGD": 29.523393630981445, "SurfFltRuptProb": 0.5, "PDsNone": 0.5607, "PDsSlight": 0.1339, "PDsModerate": 0.0972, "PDsExtensive": 0.1263, "PDsComplete": 0.0816, "PDsExceedSlight": 0.4392, "PDsExceedModerate": 0.3052, "PDsExceedExtensive": 0.208, "FunctDay1": 69.5, "FunctDay3": 75.7, "FunctDay7": 79.5, "FunctDay14": 80.3, "FunctDay30": 81.2, "FunctDay90": 88.0, "EconLoss": 54406.21875, "Name": "'WEST ANTIOCH CREEK'", "City": "null", "State": "null" }, "geometry": { "type": "Point", "coordinates": [ -121.817944, 37.994031 ] } },
{ "type": "Feature", "properties": { "FacilityType": "HighwayBridge", "FacilityId": "CA007310", "Anchor": "null", "FoundationType": "null", "eqBldgType": "null", "DesignLevel": "null", "SoilType": "D", "LqfSusCat": 0, "LndSusCat": 0, "WaterDepth": 5.0, "Distance": "null", "PGA": 0.57236021757125854, "PGV": 23.94725227355957, "Sa03": 1.4608070850372314, "Sa10": 0.72987604141235352, "LqfSettlPGD": 0.0, "LqfSprPGD": 0.0, "LqfProb": 0.0, "LndPGD": 0.0, "LndProb": 0.0, "SufFltRuptPGD": 29.523393630981445, "SurfFltRuptProb": 0.5, "PDsNone": 0.3719, "PDsSlight": 0.2536, "PDsModerate": 0.118, "PDsExtensive": 0.1356, "PDsComplete": 0.1206, "PDsExceedSlight": 0.628, "PDsExceedModerate": 0.3743, "PDsExceedExtensive": 0.2563, "FunctDay1": 60.3, "FunctDay3": 70.1, "FunctDay7": 74.7, "FunctDay14": 75.6, "FunctDay30": 76.6, "FunctDay90": 84.2, "EconLoss": 432324.84375, "Name": "'UP RR'", "City": "null", "State": "null" }, "geometry": { "type": "Point", "coordinates": [ -121.815064, 38.003328 ] } },
{ "type": "Feature", "properties": { "FacilityType": "HighwayBridge", "FacilityId": "CA007311", "Anchor": "null", "FoundationType": "null", "eqBldgType": "null", "DesignLevel": "null", "SoilType": "D", "LqfSusCat": 0, "LndSusCat": 0, "WaterDepth": 5.0, "Distance": "null", "PGA": 0.57236021757125854, "PGV": 23.94725227355957, "Sa03": 1.4608070850372314, "Sa10": 0.72987604141235352, "LqfSettlPGD": 0.0, "LqfSprPGD": 0.0, "LqfProb": 0.0, "LndPGD": 0.0, "LndProb": 0.0, "SufFltRuptPGD": 29.523393630981445, "SurfFltRuptProb": 0.5, "PDsNone": 0.5607, "PDsSlight": 0.1393, "PDsModerate": 0.0962, "PDsExtensive": 0.1242, "PDsComplete": 0.0793, "PDsExceedSlight": 0.4392, "PDsExceedModerate": 0.2998, "PDsExceedExtensive": 0.2036, "FunctDay1": 69.9, "FunctDay3": 76.2, "FunctDay7": 79.9, "FunctDay14": 80.7, "FunctDay30": 81.6, "FunctDay90": 88.3, "EconLoss": 83204.65625, "Name": "'E ANTIOCH CR'", "City": "null", "State": "null" }, "geometry": { "type": "Point", "coordinates": [ -121.796522, 38.010447 ] } },
{ "type": "Feature", "properties": { "FacilityType": "HighwayBridge", "FacilityId": "CA007312", "Anchor": "null", "FoundationType": "null", "eqBldgType": "null", "DesignLevel": "null", "SoilType": "D", "LqfSusCat": 0, "LndSusCat": 0, "WaterDepth": 5.0, "Distance": "null", "PGA": 0.57236021757125854, "PGV": 23.94725227355957, "Sa03": 1.4608070850372314, "Sa10": 0.72987604141235352, "LqfSettlPGD": 0.0, "LqfSprPGD": 0.0, "LqfProb": 0.0, "LndPGD": 0.0, "LndProb": 0.0, "SufFltRuptPGD": 29.523393630981445, "SurfFltRuptProb": 0.5, "PDsNone": 0.5607, "PDsSlight": 0.1393, "PDsModerate": 0.0962, "PDsExtensive": 0.1242, "PDsComplete": 0.0793, "PDsExceedSlight": 0.4392, "PDsExceedModerate": 0.2998, "PDsExceedExtensive": 0.2036, "FunctDay1": 69.9, "FunctDay3": 76.2, "FunctDay7": 79.9, "FunctDay14": 80.7, "FunctDay30": 81.6, "FunctDay90": 88.3, "EconLoss": 39887.234375, "Name": "'GILLIPPI GULCH'", "City": "null", "State": "null" }, "geometry": { "type": "Point", "coordinates": [ -121.7878, 38.006386 ] } },
{ "type": "Feature", "properties": { "FacilityType": "HighwayBridge", "FacilityId": "CA007313", "Anchor": "null", "FoundationType": "null", "eqBldgType": "null", "DesignLevel": "null", "SoilType": "D", "LqfSusCat": 0, "LndSusCat": 0, "WaterDepth": 5.0, "Distance": "null", "PGA": 0.74986439943313599, "PGV": 46.097896575927734, "Sa03": 1.8606994152069092, "Sa10": 1.3066445589065552, "LqfSettlPGD": 0.0, "LqfSprPGD": 0.0, "LqfProb": 0.0, "LndPGD": 0.0, "LndProb": 0.0, "SufFltRuptPGD": 29.523393630981445, "SurfFltRuptProb": 0.5, "PDsNone": 0.007, "PDsSlight": 0.0222, "PDsModerate": 0.0269, "PDsExtensive": 0.1249, "PDsComplete": 0.8186, "PDsExceedSlight": 0.9929, "PDsExceedModerate": 0.9706, "PDsExceedExtensive": 0.9436, "FunctDay1": 5.1, "FunctDay3": 6.6, "FunctDay7": 7.8, "FunctDay14": 8.5, "FunctDay30": 10.2, "FunctDay90": 21.9, "EconLoss": 5495343.5, "Name": "'UP RR BNSF AMTRAK BARTD'", "City": "null", "State": "null" }, "geometry": { "type": "Point", "coordinates": [ -122.358964, 37.942908 ] } },
{ "type": "Feature", "properties": { "FacilityType": "HighwayBridge", "FacilityId": "CA007314", "Anchor": "null", "FoundationType": "null", "eqBldgType": "null", "DesignLevel": "null", "SoilType": "D", "LqfSusCat": 0, "LndSusCat": 0, "WaterDepth": 5.0, "Distance": "null", "PGA": 0.74986439943313599, "PGV": 46.097896575927734, "Sa03": 1.8606994152069092, "Sa10": 1.3066445589065552, "LqfSettlPGD": 0.0, "LqfSprPGD": 0.0, "LqfProb": 0.0, "LndPGD": 0.0, "LndProb": 0.0, "SufFltRuptPGD": 29.523393630981445, "SurfFltRuptProb": 0.5, "PDsNone": 0.2067, "PDsSlight": 0.0818, "PDsModerate": 0.1113, "PDsExtensive": 0.2282, "PDsComplete": 0.3718, "PDsExceedSlight": 0.7932, "PDsExceedModerate": 0.7113, "PDsExceedExtensive": 0.6, "FunctDay1": 31.5, "FunctDay3": 36.9, "FunctDay7": 41.4, "FunctDay14": 42.5, "FunctDay30": 44.5, "FunctDay90": 58.3, "EconLoss": 314920.53125, "Name": "'WILDCAT CREEK'", "City": "null", "State": "null" }, "geometry": { "type": "Point", "coordinates": [ -122.338333, 37.953186 ] } },
{ "type": "Feature", "properties": { "FacilityType": "HighwayBridge", "FacilityId": "CA007315", "Anchor": "null", "FoundationType": "null", "eqBldgType": "null", "DesignLevel": "null", "SoilType": "D", "LqfSusCat": 0, "LndSusCat": 0, "WaterDepth": 5.0, "Distance": "null", "PGA": 0.74986439943313599, "PGV": 46.097896575927734, "Sa03": 1.8606994152069092, "Sa10": 1.3066445589065552, "LqfSettlPGD": 0.0, "LqfSprPGD": 0.0, "LqfProb": 0.0, "LndPGD": 0.0, "LndProb": 0.0, "SufFltRuptPGD": 29.523393630981445, "SurfFltRuptProb": 0.5, "PDsNone": 0.2067, "PDsSlight": 0.1026, "PDsModerate": 0.1138, "PDsExtensive": 0.2273, "PDsComplete": 0.3494, "PDsExceedSlight": 0.7932, "PDsExceedModerate": 0.6906, "PDsExceedExtensive": 0.5768, "FunctDay1": 33.1, "FunctDay3": 39.1, "FunctDay7": 43.7, "FunctDay14": 44.8, "FunctDay30": 46.7, "FunctDay90": 60.3, "EconLoss": 328111.03125, "Name": "'WILDCAT CREEK'", "City": "null", "State": "null" }, "geometry": { "type": "Point", "coordinates": [ -122.340767, 37.95795 ] } },
{ "type": "Feature", "properties": { "FacilityType": "HighwayBridge", "FacilityId": "CA007316", "Anchor": "null", "FoundationType": "null", "eqBldgType": "null", "DesignLevel": "null", "SoilType": "D", "LqfSusCat": 0, "LndSusCat": 0, "WaterDepth": 5.0, "Distance": "null", "PGA": 0.74986439943313599, "PGV": 46.097896575927734, "Sa03": 1.8606994152069092, "Sa10": 1.3066445589065552, "LqfSettlPGD": 0.0, "LqfSprPGD": 0.0, "LqfProb": 0.0, "LndPGD": 0.0, "LndProb": 0.0, "SufFltRuptPGD": 29.523393630981445, "SurfFltRuptProb": 0.5, "PDsNone": 0.007, "PDsSlight": 0.0475, "PDsModerate": 0.0426, "PDsExtensive": 0.1698, "PDsComplete": 0.7328, "PDsExceedSlight": 0.9929, "PDsExceedModerate": 0.9453, "PDsExceedExtensive": 0.9027, "FunctDay1": 7.5, "FunctDay3": 10.0, "FunctDay7": 11.9, "FunctDay14": 12.7, "FunctDay30": 14.6, "FunctDay90": 28.0, "EconLoss": 1074634.875, "Name": "'SAN PABLO CREEK'", "City": "null", "State": "null" }, "geometry": { "type": "Point", "coordinates": [ -122.336367, 37.961986 ] } },
{ "type": "Feature", "properties": { "FacilityType": "HighwayBridge", "FacilityId": "CA007317", "Anchor": "null", "FoundationType": "null", "eqBldgType": "null", "DesignLevel": "null", "SoilType": "D", "LqfSusCat": 0, "LndSusCat": 0, "WaterDepth": 5.0, "Distance": "null", "PGA": 0.74986439943313599, "PGV": 46.097896575927734, "Sa03": 1.8606994152069092, "Sa10": 1.3066445589065552, "LqfSettlPGD": 0.0, "LqfSprPGD": 0.0, "LqfProb": 0.0, "LndPGD": 0.0, "LndProb": 0.0, "SufFltRuptPGD": 29.523393630981445, "SurfFltRuptProb": 0.5, "PDsNone": 0.2067, "PDsSlight": 0.092, "PDsModerate": 0.1125, "PDsExtensive": 0.2278, "PDsComplete": 0.3606, "PDsExceedSlight": 0.7932, "PDsExceedModerate": 0.7011, "PDsExceedExtensive": 0.5885, "FunctDay1": 32.3, "FunctDay3": 38.0, "FunctDay7": 42.5, "FunctDay14": 43.6, "FunctDay30": 45.6, "FunctDay90": 59.3, "EconLoss": 356087.75, "Name": "'WILDCAT CREEK'", "City": "null", "State": "null" }, "geometry": { "type": "Point", "coordinates": [ -122.355767, 37.961875 ] } },
{ "type": "Feature", "properties": { "FacilityType": "HighwayBridge", "FacilityId": "CA007318", "Anchor": "null", "FoundationType": "null", "eqBldgType": "null", "DesignLevel": "null", "SoilType": "D", "LqfSusCat": 0, "LndSusCat": 0, "WaterDepth": 5.0, "Distance": "null", "PGA": 0.74986439943313599, "PGV": 46.097896575927734, "Sa03": 1.8606994152069092, "Sa10": 1.3066445589065552, "LqfSettlPGD": 0.0, "LqfSprPGD": 0.0, "LqfProb": 0.0, "LndPGD": 0.0, "LndProb": 0.0, "SufFltRuptPGD": 29.523393630981445, "SurfFltRuptProb": 0.5, "PDsNone": 0.2067, "PDsSlight": 0.1061, "PDsModerate": 0.1141, "PDsExtensive": 0.2271, "PDsComplete": 0.3457, "PDsExceedSlight": 0.7932, "PDsExceedModerate": 0.687, "PDsExceedExtensive": 0.5728, "FunctDay1": 33.4, "FunctDay3": 39.4, "FunctDay7": 44.0, "FunctDay14": 45.2, "FunctDay30": 47.1, "FunctDay90": 60.7, "EconLoss": 962462.5, "Name": "'SAN PABLO CREEK'", "City": "null", "State": "null" }, "geometry": { "type": "Point", "coordinates": [ -122.356342, 37.966578 ] } },
{ "type": "Feature", "properties": { "FacilityType": "HighwayBridge", "FacilityId": "CA007319", "Anchor": "null", "FoundationType": "null", "eqBldgType": "null", "DesignLevel": "null", "SoilType": "D", "LqfSusCat": 0, "LndSusCat": 0, "WaterDepth": 5.0, "Distance": "null", "PGA": 0.87886911630630493, "PGV": 41.797092437744141, "Sa03": 2.1722316741943359, "Sa10": 1.1168960332870483, "LqfSettlPGD": 0.0, "LqfSprPGD": 0.0, "LqfProb": 0.0, "LndPGD": 0.0, "LndProb": 0.0, "SufFltRuptPGD": 29.523393630981445, "SurfFltRuptProb": 0.5, "PDsNone": 0.289, "PDsSlight": 0.1085, "PDsModerate": 0.12, "PDsExtensive": 0.2162, "PDsComplete": 0.266, "PDsExceedSlight": 0.7109, "PDsExceedModerate": 0.6024, "PDsExceedExtensive": 0.4823, "FunctDay1": 41.8, "FunctDay3": 48.0, "FunctDay7": 52.8, "FunctDay14": 53.9, "FunctDay30": 55.7, "FunctDay90": 68.2, "EconLoss": 139475.671875, "Name": "'RHEAM CREEK'", "City": "null", "State": "null" }, "geometry": { "type": "Point", "coordinates": [ -122.353486, 37.977175 ] } },
{ "type": "Feature", "properties": { "FacilityType": "HighwayBridge", "FacilityId": "CA007320", "Anchor": "null", "FoundationType": "null", "eqBldgType": "null", "DesignLevel": "null", "SoilType": "D", "LqfSusCat": 0, "LndSusCat": 0, "WaterDepth": 5.0, "Distance": "null", "PGA": 0.90310841798782349, "PGV": 42.278400421142578, "Sa03": 2.2275204658508301, "Sa10": 1.1406011581420898, "LqfSettlPGD": 0.0, "LqfSprPGD": 0.0, "LqfProb": 0.0, "LndPGD": 0.0, "LndProb": 0.0, "SufFltRuptPGD": 29.523393630981445, "SurfFltRuptProb": 0.5, "PDsNone": 0.2423, "PDsSlight": 0.0, "PDsModerate": 0.0, "PDsExtensive": 0.2335, "PDsComplete": 0.524, "PDsExceedSlight": 0.7576, "PDsExceedModerate": 0.7576, "PDsExceedExtensive": 0.7576, "FunctDay1": 26.1, "FunctDay3": 26.2, "FunctDay7": 26.5, "FunctDay14": 27.2, "FunctDay30": 29.3, "FunctDay90": 44.4, "EconLoss": 1854103.875, "Name": "'SAN PABLO CREEK'", "City": "null", "State": "null" }, "geometry": { "type": "Point", "coordinates": [ -122.309289, 37.966411 ] } },
{ "type": "Feature", "properties": { "FacilityType": "HighwayBridge", "FacilityId": "CA007321", "Anchor": "null", "FoundationType": "null", "eqBldgType": "null", "DesignLevel": "null", "SoilType": "D", "LqfSusCat": 0, "LndSusCat": 0, "WaterDepth": 5.0, "Distance": "null", "PGA": 0.82510662078857422, "PGV": 35.320968627929688, "Sa03": 1.9869507551193237, "Sa10": 0.97305315732955933, "LqfSettlPGD": 0.0, "LqfSprPGD": 0.0, "LqfProb": 0.0, "LndPGD": 0.0, "LndProb": 0.0, "SufFltRuptPGD": 29.523393630981445, "SurfFltRuptProb": 0.5, "PDsNone": 0.0249, "PDsSlight": 0.1086, "PDsModerate": 0.0766, "PDsExtensive": 0.238, "PDsComplete": 0.5517, "PDsExceedSlight": 0.975, "PDsExceedModerate": 0.8664, "PDsExceedExtensive": 0.7898, "FunctDay1": 14.7, "FunctDay3": 19.8, "FunctDay7": 23.0, "FunctDay14": 24.1, "FunctDay30": 26.3, "FunctDay90": 41.8, "EconLoss": 455995.75, "Name": "'SAN PABLO CREEK'", "City": "null", "State": "null" }, "geometry": { "type": "Point", "coordinates": [ -122.194311, 37.889181 ] } },
{ "type": "Feature", "properties": { "FacilityType": "HighwayBridge", "FacilityId": "CA007322", "Anchor": "null", "FoundationType": "null", "eqBldgType": "null", "DesignLevel": "null", "SoilType": "D", "LqfSusCat": 0, "LndSusCat": 0, "WaterDepth": 5.0, "Distance": "null", "PGA": 0.82510662078857422, "PGV": 35.320968627929688, "Sa03": 1.9869507551193237, "Sa10": 0.97305315732955933, "LqfSettlPGD": 0.0, "LqfSprPGD": 0.0, "LqfProb": 0.0, "LndPGD": 0.0, "LndProb": 0.0, "SufFltRuptPGD": 29.523393630981445, "SurfFltRuptProb": 0.5, "PDsNone": 0.0249, "PDsSlight": 0.0977, "PDsModerate": 0.0728, "PDsExtensive": 0.2322, "PDsComplete": 0.5721, "PDsExceedSlight": 0.975, "PDsExceedModerate": 0.8772, "PDsExceedExtensive": 0.8044, "FunctDay1": 13.8, "FunctDay3": 18.5, "FunctDay7": 21.6, "FunctDay14": 22.6, "FunctDay30": 24.8, "FunctDay90": 40.2, "EconLoss": 892227.1875, "Name": "'SAN PABLO CREEK'", "City": "null", "State": "null" }, "geometry": { "type": "Point", "coordinates": [ -122.207086, 37.901394 ] } },
{ "type": "Feature", "properties": { "FacilityType": "HighwayBridge", "FacilityId": "CA007323", "Anchor": "null", "FoundationType": "null", "eqBldgType": "null", "DesignLevel": "null", "SoilType": "D", "LqfSusCat": 0, "LndSusCat": 0, "WaterDepth": 5.0, "Distance": "null", "PGA": 0.83762073516845703, "PGV": 37.623123168945313, "Sa03": 2.1028585433959961, "Sa10": 1.1015702486038208, "LqfSettlPGD": 0.0, "LqfSprPGD": 0.0, "LqfProb": 0.0, "LndPGD": 0.0, "LndProb": 0.0, "SufFltRuptPGD": 29.523393630981445, "SurfFltRuptProb": 0.5, "PDsNone": 0.2608, "PDsSlight": 0.0, "PDsModerate": 0.0, "PDsExtensive": 0.2381, "PDsComplete": 0.5009, "PDsExceedSlight": 0.7391, "PDsExceedModerate": 0.7391, "PDsExceedExtensive": 0.7391, "FunctDay1": 27.9, "FunctDay3": 28.0, "FunctDay7": 28.4, "FunctDay14": 29.0, "FunctDay30": 31.1, "FunctDay90": 46.3, "EconLoss": 510788.5625, "Name": "'LAS TRAMPAS CREEK'", "City": "null", "State": "null" }, "geometry": { "type": "Point", "coordinates": [ -122.112286, 37.890928 ] } },
{ "type": "Feature", "properties": { "FacilityType": "HighwayBridge", "FacilityId": "CA007324", "Anchor": "null", "FoundationType": "null", "eqBldgType": "null", "DesignLevel": "null", "SoilType": "D", "LqfSusCat": 0, "LndSusCat": 0, "WaterDepth": 5.0, "Distance": "null", "PGA": 0.78982573747634888, "PGV": 39.467784881591797, "Sa03": 1.9969159364700317, "Sa10": 1.1809400320053101, "LqfSettlPGD": 0.0, "LqfSprPGD": 0.0, "LqfProb": 0.0, "LndPGD": 0.0, "LndProb": 0.0, "SufFltRuptPGD": 29.523393630981445, "SurfFltRuptProb": 0.5, "PDsNone": 0.2581, "PDsSlight": 0.1216, "PDsModerate": 0.1193, "PDsExtensive": 0.2193, "PDsComplete": 0.2815, "PDsExceedSlight": 0.7418, "PDsExceedModerate": 0.6202, "PDsExceedExtensive": 0.5008, "FunctDay1": 39.7, "FunctDay3": 46.3, "FunctDay7": 51.0, "FunctDay14": 52.2, "FunctDay30": 53.9, "FunctDay90": 66.7, "EconLoss": 248727.53125, "Name": "'SOUTH SAN RAMON CREEK'", "City": "null", "State": "null" }, "geometry": { "type": "Point", "coordinates": [ -121.928492, 37.731267 ] } },
{ "type": "Feature", "properties": { "FacilityType": "HighwayBridge", "FacilityId": "CA007325", "Anchor": "null", "FoundationType": "null", "eqBldgType": "null", "DesignLevel": "null", "SoilType": "D", "LqfSusCat": 0, "LndSusCat": 0, "WaterDepth": 5.0, "Distance": "null", "PGA": 0.86473178863525391, "PGV": 34.965812683105469, "Sa03": 2.0895538330078125, "Sa10": 0.97678053379058838, "LqfSettlPGD": 0.0, "LqfSprPGD": 0.0, "LqfProb": 0.0, "LndPGD": 0.0, "LndProb": 0.0, "SufFltRuptPGD": 29.523393630981445, "SurfFltRuptProb": 0.5, "PDsNone": 0.3696, "PDsSlight": 0.1408, "PDsModerate": 0.1188, "PDsExtensive": 0.1893, "PDsComplete": 0.1812, "PDsExceedSlight": 0.6303, "PDsExceedModerate": 0.4894, "PDsExceedExtensive": 0.3705, "FunctDay1": 52.0, "FunctDay3": 59.0, "FunctDay7": 63.7, "FunctDay14": 64.7, "FunctDay30": 66.2, "FunctDay90": 76.8, "EconLoss": 169723.25, "Name": "'GREEN VALLEY CREEK'", "City": "null", "State": "null" }, "geometry": { "type": "Point", "coordinates": [ -121.987267, 37.826783 ] } },
{ "type": "Feature", "properties": { "FacilityType": "HighwayBridge", "FacilityId": "CA007326", "Anchor": "null", "FoundationType": "null", "eqBldgType": "null", "DesignLevel": "null", "SoilType": "D", "LqfSusCat": 0, "LndSusCat": 0, "WaterDepth": 5.0, "Distance": "null", "PGA": 0.86473178863525391, "PGV": 34.965812683105469, "Sa03": 2.0895538330078125, "Sa10": 0.97678053379058838, "LqfSettlPGD": 0.0, "LqfSprPGD": 0.0, "LqfProb": 0.0, "LndPGD": 0.0, "LndProb": 0.0, "SufFltRuptPGD": 29.523393630981445, "SurfFltRuptProb": 0.5, "PDsNone": 0.0245, "PDsSlight": 0.1076, "PDsModerate": 0.0761, "PDsExtensive": 0.2374, "PDsComplete": 0.5542, "PDsExceedSlight": 0.9754, "PDsExceedModerate": 0.8678, "PDsExceedExtensive": 0.7916, "FunctDay1": 14.6, "FunctDay3": 19.6, "FunctDay7": 22.8, "FunctDay14": 23.9, "FunctDay30": 26.1, "FunctDay90": 41.6, "EconLoss": 789913.375, "Name": "'SAN RAMON CREEK'", "City": "null", "State": "null" }, "geometry": { "type": "Point", "coordinates": [ -122.003639, 37.82555 ] } },
{ "type": "Feature", "properties": { "FacilityType": "HighwayBridge", "FacilityId": "CA007327", "Anchor": "null", "FoundationType": "null", "eqBldgType": "null", "DesignLevel": "null", "SoilType": "D", "LqfSusCat": 0, "LndSusCat": 0, "WaterDepth": 5.0, "Distance": "null", "PGA": 0.89809775352478027, "PGV": 36.905895233154297, "Sa03": 2.1609253883361816, "Sa10": 1.0195722579956055, "LqfSettlPGD": 0.0, "LqfSprPGD": 0.0, "LqfProb": 0.0, "LndPGD": 0.0, "LndProb": 0.0, "SufFltRuptPGD": 29.523393630981445, "SurfFltRuptProb": 0.5, "PDsNone": 0.343, "PDsSlight": 0.0565, "PDsModerate": 0.1201, "PDsExtensive": 0.2159, "PDsComplete": 0.2643, "PDsExceedSlight": 0.6569, "PDsExceedModerate": 0.6004, "PDsExceedExtensive": 0.4802, "FunctDay1": 43.3, "FunctDay3": 48.2, "FunctDay7": 53.0, "FunctDay14": 54.1, "FunctDay30": 55.9, "FunctDay90": 68.4, "EconLoss": 1067832.375, "Name": "'SAN RAMON CREEK'", "City": "null", "State": "null" }, "geometry": { "type": "Point", "coordinates": [ -122.036308, 37.86285 ] } },
{ "type": "Feature", "properties": { "FacilityType": "HighwayBridge", "FacilityId": "CA007328", "Anchor": "null", "FoundationType": "null", "eqBldgType": "null", "DesignLevel": "null", "SoilType": "D", "LqfSusCat": 0, "LndSusCat": 0, "WaterDepth": 5.0, "Distance": "null", "PGA": 0.88981062173843384, "PGV": 37.460258483886719, "Sa03": 2.213346004486084, "Sa10": 1.0647217035293579, "LqfSettlPGD": 0.0, "LqfSprPGD": 0.0, "LqfProb": 0.0, "LndPGD": 0.0, "LndProb": 0.0, "SufFltRuptPGD": 29.523393630981445, "SurfFltRuptProb": 0.5, "PDsNone": 0.3896, "PDsSlight": 0.0, "PDsModerate": 0.1319, "PDsExtensive": 0.1944, "PDsComplete": 0.2839, "PDsExceedSlight": 0.6103, "PDsExceedModerate": 0.6103, "PDsExceedExtensive": 0.4783, "FunctDay1": 44.0, "FunctDay3": 47.9, "FunctDay7": 53.1, "FunctDay14": 54.2, "FunctDay30": 55.8, "FunctDay90": 67.4, "EconLoss": 990687.625, "Name": "'SAN RAMON CREEK'", "City": "null", "State": "null" }, "geometry": { "type": "Point", "coordinates": [ -122.057203, 37.893139 ] } },
{ "type": "Feature", "properties": { "FacilityType": "HighwayBridge", "FacilityId": "CA007329", "Anchor": "null", "FoundationType": "null", "eqBldgType": "null", "DesignLevel": "null", "SoilType": "D", "LqfSusCat": 0, "LndSusCat": 0, "WaterDepth": 5.0, "Distance": "null", "PGA": 0.88981062173843384, "PGV": 37.460258483886719, "Sa03": 2.213346004486084, "Sa10": 1.0647217035293579, "LqfSettlPGD": 0.0, "LqfSprPGD": 0.0, "LqfProb": 0.0, "LndPGD": 0.0, "LndProb": 0.0, "SufFltRuptPGD": 29.523393630981445, "SurfFltRuptProb": 0.5, "PDsNone": 0.2222, "PDsSlight": 0.0, "PDsModerate": 0.1112, "PDsExtensive": 0.201, "PDsComplete": 0.4653, "PDsExceedSlight": 0.7777, "PDsExceedModerate": 0.7777, "PDsExceedExtensive": 0.6664, "FunctDay1": 27.0, "FunctDay3": 30.3, "FunctDay7": 34.8, "FunctDay14": 35.9, "FunctDay30": 37.8, "FunctDay90": 50.9, "EconLoss": 905096.0, "Name": "'LAS TRAMPAS CREEK'", "City": "null", "State": "null" }, "geometry": { "type": "Point", "coordinates": [ -122.068144, 37.892214 ] } },
{ "type": "Feature", "properties": { "FacilityType": "HighwayBridge", "FacilityId": "CA007330", "Anchor": "null", "FoundationType": "null", "eqBldgType": "null", "DesignLevel": "null", "SoilType": "D", "LqfSusCat": 0, "LndSusCat": 0, "WaterDepth": 5.0, "Distance": "null", "PGA": 0.88981062173843384, "PGV": 37.460258483886719, "Sa03": 2.213346004486084, "Sa10": 1.0647217035293579, "LqfSettlPGD": 0.0, "LqfSprPGD": 0.0, "LqfProb": 0.0, "LndPGD": 0.0, "LndProb": 0.0, "SufFltRuptPGD": 29.523393630981445, "SurfFltRuptProb": 0.5, "PDsNone": 0.3168, "PDsSlight": 0.1414, "PDsModerate": 0.1206, "PDsExtensive": 0.2032, "PDsComplete": 0.2177, "PDsExceedSlight": 0.6831, "PDsExceedModerate": 0.5416, "PDsExceedExtensive": 0.4209, "FunctDay1": 46.9, "FunctDay3": 54.0, "FunctDay7": 58.8, "FunctDay14": 59.9, "FunctDay30": 61.5, "FunctDay90": 73.0, "EconLoss": 327406.21875, "Name": "'WALNUT CREEK'", "City": "null", "State": "null" }, "geometry": { "type": "Point", "coordinates": [ -122.054608, 37.917506 ] } },
{ "type": "Feature", "properties": { "FacilityType": "HighwayBridge", "FacilityId": "CA007331", "Anchor": "null", "FoundationType": "null", "eqBldgType": "null", "DesignLevel": "null", "SoilType": "D", "LqfSusCat": 0, "LndSusCat": 0, "WaterDepth": 5.0, "Distance": "null", "PGA": 0.80157685279846191, "PGV": 43.148735046386719, "Sa03": 1.9964525699615479, "Sa10": 1.3447792530059814, "LqfSettlPGD": 0.0, "LqfSprPGD": 0.0, "LqfProb": 0.0, "LndPGD": 0.0, "LndProb": 0.0, "SufFltRuptPGD": 29.523393630981445, "SurfFltRuptProb": 0.5, "PDsNone": 0.1933, "PDsSlight": 0.0763, "PDsModerate": 0.1086, "PDsExtensive": 0.2283, "PDsComplete": 0.3932, "PDsExceedSlight": 0.8066, "PDsExceedModerate": 0.7302, "PDsExceedExtensive": 0.6216, "FunctDay1": 29.8, "FunctDay3": 34.9, "FunctDay7": 39.3, "FunctDay14": 40.4, "FunctDay30": 42.4, "FunctDay90": 56.4, "EconLoss": 1204962.125, "Name": "'WALNUT CREEK'", "City": "null", "State": "null" }, "geometry": { "type": "Point", "coordinates": [ -122.048936, 37.925933 ] } },
{ "type": "Feature", "properties": { "FacilityType": "HighwayBridge", "FacilityId": "CA007332", "Anchor": "null", "FoundationType": "null", "eqBldgType": "null", "DesignLevel": "null", "SoilType": "D", "LqfSusCat": 0, "LndSusCat": 0, "WaterDepth": 5.0, "Distance": "null", "PGA": 0.80157685279846191, "PGV": 43.148735046386719, "Sa03": 1.9964525699615479, "Sa10": 1.3447792530059814, "LqfSettlPGD": 0.0, "LqfSprPGD": 0.0, "LqfProb": 0.0, "LndPGD": 0.0, "LndProb": 0.0, "SufFltRuptPGD": 29.523393630981445, "SurfFltRuptProb": 0.5, "PDsNone": 0.1933, "PDsSlight": 0.1174, "PDsModerate": 0.1139, "PDsExtensive": 0.2272, "PDsComplete": 0.348, "PDsExceedSlight": 0.8066, "PDsExceedModerate": 0.6892, "PDsExceedExtensive": 0.5752, "FunctDay1": 32.9, "FunctDay3": 39.2, "FunctDay7": 43.8, "FunctDay14": 44.9, "FunctDay30": 46.8, "FunctDay90": 60.5, "EconLoss": 526447.3125, "Name": "'CONTRA COSTA CANAL'", "City": "null", "State": "null" }, "geometry": { "type": "Point", "coordinates": [ -122.040219, 37.927067 ] } },
{ "type": "Feature", "properties": { "FacilityType": "HighwayBridge", "FacilityId": "CA007333", "Anchor": "null", "FoundationType": "null", "eqBldgType": "null", "DesignLevel": "null", "SoilType": "D", "LqfSusCat": 0, "LndSusCat": 0, "WaterDepth": 5.0, "Distance": "null", "PGA": 0.80157685279846191, "PGV": 43.148735046386719, "Sa03": 1.9964525699615479, "Sa10": 1.3447792530059814, "LqfSettlPGD": 0.0, "LqfSprPGD": 0.0, "LqfProb": 0.0, "LndPGD": 0.0, "LndProb": 0.0, "SufFltRuptPGD": 29.523393630981445, "SurfFltRuptProb": 0.5, "PDsNone": 0.1933, "PDsSlight": 0.0763, "PDsModerate": 0.1086, "PDsExtensive": 0.2283, "PDsComplete": 0.3932, "PDsExceedSlight": 0.8066, "PDsExceedModerate": 0.7302, "PDsExceedExtensive": 0.6216, "FunctDay1": 29.8, "FunctDay3": 34.9, "FunctDay7": 39.3, "FunctDay14": 40.4, "FunctDay30": 42.4, "FunctDay90": 56.4, "EconLoss": 181249.53125, "Name": "'E. FORK GRAYSON CREEK'", "City": "null", "State": "null" }, "geometry": { "type": "Point", "coordinates": [ -122.065675, 37.943414 ] } },
{ "type": "Feature", "properties": { "FacilityType": "HighwayBridge", "FacilityId": "CA007334", "Anchor": "null", "FoundationType": "null", "eqBldgType": "null", "DesignLevel": "null", "SoilType": "D", "LqfSusCat": 0, "LndSusCat": 0, "WaterDepth": 5.0, "Distance": "null", "PGA": 0.80793517827987671, "PGV": 31.580192565917969, "Sa03": 1.929023265838623, "Sa10": 0.87694799900054932, "LqfSettlPGD": 0.0, "LqfSprPGD": 0.0, "LqfProb": 0.0, "LndPGD": 0.0, "LndProb": 0.0, "SufFltRuptPGD": 29.523393630981445, "SurfFltRuptProb": 0.5, "PDsNone": 0.4391, "PDsSlight": 0.1434, "PDsModerate": 0.1132, "PDsExtensive": 0.1669, "PDsComplete": 0.1372, "PDsExceedSlight": 0.5608, "PDsExceedModerate": 0.4174, "PDsExceedExtensive": 0.3041, "FunctDay1": 58.8, "FunctDay3": 65.7, "FunctDay7": 70.2, "FunctDay14": 71.1, "FunctDay30": 72.4, "FunctDay90": 81.6, "EconLoss": 178167.6875, "Name": "'CONTRA COSTA CANAL'", "City": "null", "State": "null" }, "geometry": { "type": "Point", "coordinates": [ -122.080511, 37.9478 ] } },
{ "type": "Feature", "properties": { "FacilityType": "HighwayBridge", "FacilityId": "CA007335", "Anchor": "null", "FoundationType": "null", "eqBldgType": "null", "DesignLevel": "null", "SoilType": "D", "LqfSusCat": 0, "LndSusCat": 0, "WaterDepth": 5.0, "Distance": "null", "PGA": 0.80157685279846191, "PGV": 43.148735046386719, "Sa03": 1.9964525699615479, "Sa10": 1.3447792530059814, "LqfSettlPGD": 0.0, "LqfSprPGD": 0.0, "LqfProb": 0.0, "LndPGD": 0.0, "LndProb": 0.0, "SufFltRuptPGD": 29.523393630981445, "SurfFltRuptProb": 0.5, "PDsNone": 0.1933, "PDsSlight": 0.1145, "PDsModerate": 0.1136, "PDsExtensive": 0.2274, "PDsComplete": 0.351, "PDsExceedSlight": 0.8066, "PDsExceedModerate": 0.6921, "PDsExceedExtensive": 0.5784, "FunctDay1": 32.7, "FunctDay3": 38.9, "FunctDay7": 43.5, "FunctDay14": 44.6, "FunctDay30": 46.5, "FunctDay90": 60.2, "EconLoss": 285363.28125, "Name": "'GRAYSON CREEK'", "City": "null", "State": "null" }, "geometry": { "type": "Point", "coordinates": [ -122.067717, 37.947869 ] } },
{ "type": "Feature", "properties": { "FacilityType": "HighwayBridge", "FacilityId": "CA007336", "Anchor": "null", "FoundationType": "null", "eqBldgType": "null", "DesignLevel": "null", "SoilType": "D", "LqfSusCat": 0, "LndSusCat": 0, "WaterDepth": 5.0, "Distance": "null", "PGA": 0.80157685279846191, "PGV": 43.148735046386719, "Sa03": 1.9964525699615479, "Sa10": 1.3447792530059814, "LqfSettlPGD": 0.0, "LqfSprPGD": 0.0, "LqfProb": 0.0, "LndPGD": 0.0, "LndProb": 0.0, "SufFltRuptPGD": 29.523393630981445, "SurfFltRuptProb": 0.5, "PDsNone": 0.1933, "PDsSlight": 0.1152, "PDsModerate": 0.1137, "PDsExtensive": 0.2273, "PDsComplete": 0.3503, "PDsExceedSlight": 0.8066, "PDsExceedModerate": 0.6914, "PDsExceedExtensive": 0.5777, "FunctDay1": 32.7, "FunctDay3": 39.0, "FunctDay7": 43.6, "FunctDay14": 44.7, "FunctDay30": 46.6, "FunctDay90": 60.3, "EconLoss": 177573.15625, "Name": "'GRAYSON CREEK'", "City": "null", "State": "null" }, "geometry": { "type": "Point", "coordinates": [ -122.067514, 37.95395 ] } },
{ "type": "Feature", "properties": { "FacilityType": "HighwayBridge", "FacilityId": "CA007337", "Anchor": "null", "FoundationType": "null", "eqBldgType": "null", "DesignLevel": "null", "SoilType": "D", "LqfSusCat": 0, "LndSusCat": 0, "WaterDepth": 5.0, "Distance": "null", "PGA": 0.9165540337562561, "PGV": 40.859645843505859, "Sa03": 2.2892262935638428, "Sa10": 1.1638702154159546, "LqfSettlPGD": 0.0, "LqfSprPGD": 0.0, "LqfProb": 0.0, "LndPGD": 0.0, "LndProb": 0.0, "SufFltRuptPGD": 29.523393630981445, "SurfFltRuptProb": 0.5, "PDsNone": 0.266, "PDsSlight": 0.0469, "PDsModerate": 0.1142, "PDsExtensive": 0.2271, "PDsComplete": 0.3457, "PDsExceedSlight": 0.7339, "PDsExceedModerate": 0.687, "PDsExceedExtensive": 0.5728, "FunctDay1": 34.9, "FunctDay3": 39.5, "FunctDay7": 44.1, "FunctDay14": 45.2, "FunctDay30": 47.1, "FunctDay90": 60.7, "EconLoss": 628712.9375, "Name": "'PINE CREEK'", "City": "null", "State": "null" }, "geometry": { "type": "Point", "coordinates": [ -122.006519, 37.913494 ] } },
{ "type": "Feature", "properties": { "FacilityType": "HighwayBridge", "FacilityId": "CA007338", "Anchor": "null", "FoundationType": "null", "eqBldgType": "null", "DesignLevel": "null", "SoilType": "D", "LqfSusCat": 0, "LndSusCat": 0, "WaterDepth": 5.0, "Distance": "null", "PGA": 0.9165540337562561, "PGV": 40.859645843505859, "Sa03": 2.2892262935638428, "Sa10": 1.1638702154159546, "LqfSettlPGD": 0.0, "LqfSprPGD": 0.0, "LqfProb": 0.0, "LndPGD": 0.0, "LndProb": 0.0, "SufFltRuptPGD": 29.523393630981445, "SurfFltRuptProb": 0.5, "PDsNone": 0.1959, "PDsSlight": 0.0, "PDsModerate": 0.0944, "PDsExtensive": 0.2208, "PDsComplete": 0.4887, "PDsExceedSlight": 0.804, "PDsExceedModerate": 0.804, "PDsExceedExtensive": 0.7096, "FunctDay1": 24.1, "FunctDay3": 26.9, "FunctDay7": 30.7, "FunctDay14": 31.8, "FunctDay30": 33.8, "FunctDay90": 48.1, "EconLoss": 314092.6875, "Name": "'PINE CREEK'", "City": "null", "State": "null" }, "geometry": { "type": "Point", "coordinates": [ -122.007703, 37.914683 ] } },
{ "type": "Feature", "properties": { "FacilityType": "HighwayBridge", "FacilityId": "CA007339", "Anchor": "null", "FoundationType": "null", "eqBldgType": "null", "DesignLevel": "null", "SoilType": "D", "LqfSusCat": 0, "LndSusCat": 0, "WaterDepth": 5.0, "Distance": "null", "PGA": 0.9165540337562561, "PGV": 40.859645843505859, "Sa03": 2.2892262935638428, "Sa10": 1.1638702154159546, "LqfSettlPGD": 0.0, "LqfSprPGD": 0.0, "LqfProb": 0.0, "LndPGD": 0.0, "LndProb": 0.0, "SufFltRuptPGD": 29.523393630981445, "SurfFltRuptProb": 0.5, "PDsNone": 0.266, "PDsSlight": 0.0228, "PDsModerate": 0.1113, "PDsExtensive": 0.2282, "PDsComplete": 0.3715, "PDsExceedSlight": 0.7339, "PDsExceedModerate": 0.711, "PDsExceedExtensive": 0.5997, "FunctDay1": 33.1, "FunctDay3": 36.9, "FunctDay7": 41.4, "FunctDay14": 42.6, "FunctDay30": 44.5, "FunctDay90": 58.3, "EconLoss": 214158.78125, "Name": "'PINE CREEK'", "City": "null", "State": "null" }, "geometry": { "type": "Point", "coordinates": [ -122.010644, 37.920867 ] } },
{ "type": "Feature", "properties": { "FacilityType": "HighwayBridge", "FacilityId": "CA007340", "Anchor": "null", "FoundationType": "null", "eqBldgType": "null", "DesignLevel": "null", "SoilType": "D", "LqfSusCat": 0, "LndSusCat": 0, "WaterDepth": 5.0, "Distance": "null", "PGA": 0.88323330879211426, "PGV": 36.366287231445313, "Sa03": 2.186204195022583, "Sa10": 0.97695797681808472, "LqfSettlPGD": 0.0, "LqfSprPGD": 0.0, "LqfProb": 0.0, "LndPGD": 0.0, "LndProb": 0.0, "SufFltRuptPGD": 29.523393630981445, "SurfFltRuptProb": 0.5, "PDsNone": 0.3695, "PDsSlight": 0.1231, "PDsModerate": 0.1196, "PDsExtensive": 0.1943, "PDsComplete": 0.1932, "PDsExceedSlight": 0.6304, "PDsExceedModerate": 0.5073, "PDsExceedExtensive": 0.3876, "FunctDay1": 50.7, "FunctDay3": 57.3, "FunctDay7": 62.0, "FunctDay14": 63.1, "FunctDay30": 64.6, "FunctDay90": 75.6, "EconLoss": 300772.34375, "Name": "'PINE CREEK'", "City": "null", "State": "null" }, "geometry": { "type": "Point", "coordinates": [ -122.014539, 37.945511 ] } },
{ "type": "Feature", "properties": { "FacilityType": "HighwayBridge", "FacilityId": "CA007341", "Anchor": "null", "FoundationType": "null", "eqBldgType": "null", "DesignLevel": "null", "SoilType": "D", "LqfSusCat": 0, "LndSusCat": 0, "WaterDepth": 5.0, "Distance": "null", "PGA": 0.88323330879211426, "PGV": 36.366287231445313, "Sa03": 2.186204195022583, "Sa10": 0.97695797681808472, "LqfSettlPGD": 0.0, "LqfSprPGD": 0.0, "LqfProb": 0.0, "LndPGD": 0.0, "LndProb": 0.0, "SufFltRuptPGD": 29.523393630981445, "SurfFltRuptProb": 0.5, "PDsNone": 0.3695, "PDsSlight": 0.1459, "PDsModerate": 0.1186, "PDsExtensive": 0.1879, "PDsComplete": 0.1779, "PDsExceedSlight": 0.6304, "PDsExceedModerate": 0.4845, "PDsExceedExtensive": 0.3659, "FunctDay1": 52.3, "FunctDay3": 59.5, "FunctDay7": 64.2, "FunctDay14": 65.2, "FunctDay30": 66.6, "FunctDay90": 77.2, "EconLoss": 417397.8125, "Name": "'CONTRA COSTA CANAL'", "City": "null", "State": "null" }, "geometry": { "type": "Point", "coordinates": [ -122.013686, 37.946072 ] } },
{ "type": "Feature", "properties": { "FacilityType": "HighwayBridge", "FacilityId": "CA007342", "Anchor": "null", "FoundationType": "null", "eqBldgType": "null", "DesignLevel": "null", "SoilType": "D", "LqfSusCat": 0, "LndSusCat": 0, "WaterDepth": 5.0, "Distance": "null", "PGA": 0.88323330879211426, "PGV": 36.366287231445313, "Sa03": 2.186204195022583, "Sa10": 0.97695797681808472, "LqfSettlPGD": 0.0, "LqfSprPGD": 0.0, "LqfProb": 0.0, "LndPGD": 0.0, "LndProb": 0.0, "SufFltRuptPGD": 29.523393630981445, "SurfFltRuptProb": 0.5, "PDsNone": 0.3695, "PDsSlight": 0.0317, "PDsModerate": 0.1201, "PDsExtensive": 0.2156, "PDsComplete": 0.2629, "PDsExceedSlight": 0.6304, "PDsExceedModerate": 0.5986, "PDsExceedExtensive": 0.4785, "FunctDay1": 44.1, "FunctDay3": 48.4, "FunctDay7": 53.2, "FunctDay14": 54.3, "FunctDay30": 56.1, "FunctDay90": 68.5, "EconLoss": 395780.15625, "Name": "'PINE CREEK'", "City": "null", "State": "null" }, "geometry": { "type": "Point", "coordinates": [ -122.016511, 37.948375 ] } },
{ "type": "Feature", "properties": { "FacilityType": "HighwayBridge", "FacilityId": "CA007343", "Anchor": "null", "FoundationType": "null", "eqBldgType": "null", "DesignLevel": "null", "SoilType": "D", "LqfSusCat": 0, "LndSusCat": 0, "WaterDepth": 5.0, "Distance": "null", "PGA": 0.80157685279846191, "PGV": 43.148735046386719, "Sa03": 1.9964525699615479, "Sa10": 1.3447792530059814, "LqfSettlPGD": 0.0, "LqfSprPGD": 0.0, "LqfProb": 0.0, "LndPGD": 0.0, "LndProb": 0.0, "SufFltRuptPGD": 29.523393630981445, "SurfFltRuptProb": 0.5, "PDsNone": 0.1933, "PDsSlight": 0.1166, "PDsModerate": 0.1138, "PDsExtensive": 0.2273, "PDsComplete": 0.3487, "PDsExceedSlight": 0.8066, "PDsExceedModerate": 0.6899, "PDsExceedExtensive": 0.576, "FunctDay1": 32.8, "FunctDay3": 39.1, "FunctDay7": 43.7, "FunctDay14": 44.9, "FunctDay30": 46.8, "FunctDay90": 60.4, "EconLoss": 290059.625, "Name": "'PINE CREEK'", "City": "null", "State": "null" }, "geometry": { "type": "Point", "coordinates": [ -122.027997, 37.952639 ] } },
{ "type": "Feature", "properties": { "FacilityType": "HighwayBridge", "FacilityId": "CA007344", "Anchor": "null", "FoundationType": "null", "eqBldgType": "null", "DesignLevel": "null", "SoilType": "D", "LqfSusCat": 0, "LndSusCat": 0, "WaterDepth": 5.0, "Distance": "null", "PGA": 0.88323330879211426, "PGV": 36.366287231445313, "Sa03": 2.186204195022583, "Sa10": 0.97695797681808472, "LqfSettlPGD": 0.0, "LqfSprPGD": 0.0, "LqfProb": 0.0, "LndPGD": 0.0, "LndProb": 0.0, "SufFltRuptPGD": 29.523393630981445, "SurfFltRuptProb": 0.5, "PDsNone": 0.3695, "PDsSlight": 0.1104, "PDsModerate": 0.1201, "PDsExtensive": 0.1977, "PDsComplete": 0.202, "PDsExceedSlight": 0.6304, "PDsExceedModerate": 0.5199, "PDsExceedExtensive": 0.3998, "FunctDay1": 49.8, "FunctDay3": 56.1, "FunctDay7": 60.9, "FunctDay14": 61.9, "FunctDay30": 63.5, "FunctDay90": 74.6, "EconLoss": 62578.18359375, "Name": "'GALINDO CREEK'", "City": "null", "State": "null" }, "geometry": { "type": "Point", "coordinates": [ -121.994531, 37.961289 ] } },
{ "type": "Feature", "properties": { "FacilityType": "HighwayBridge", "FacilityId": "CA007345", "Anchor": "null", "FoundationType": "null", "eqBldgType": "null", "DesignLevel": "null", "SoilType": "D", "LqfSusCat": 0, "LndSusCat": 0, "WaterDepth": 5.0, "Distance": "null", "PGA": 0.77819806337356567, "PGV": 35.529254913330078, "Sa03": 1.9471142292022705, "Sa10": 1.0302927494049072, "LqfSettlPGD": 0.0, "LqfSprPGD": 0.0, "LqfProb": 0.0, "LndPGD": 0.0, "LndProb": 0.0, "SufFltRuptPGD": 29.523393630981445, "SurfFltRuptProb": 0.5, "PDsNone": 0.1141, "PDsSlight": 0.1881, "PDsModerate": 0.2028, "PDsExtensive": 0.2647, "PDsComplete": 0.2301, "PDsExceedSlight": 0.8858, "PDsExceedModerate": 0.6977, "PDsExceedExtensive": 0.4948, "FunctDay1": 32.8, "FunctDay3": 43.4, "FunctDay7": 51.4, "FunctDay14": 53.0, "FunctDay30": 55.0, "FunctDay90": 69.7, "EconLoss": 897134.3125, "Name": "'MOUNT DIABLO CREEK'", "City": "null", "State": "null" }, "geometry": { "type": "Point", "coordinates": [ -121.9693, 37.966258 ] } },
{ "type": "Feature", "properties": { "FacilityType": "HighwayBridge", "FacilityId": "CA007346", "Anchor": "null", "FoundationType": "null", "eqBldgType": "null", "DesignLevel": "null", "SoilType": "D", "LqfSusCat": 0, "LndSusCat": 0, "WaterDepth": 5.0, "Distance": "null", "PGA": 0.77819806337356567, "PGV": 35.529254913330078, "Sa03": 1.9471142292022705, "Sa10": 1.0302927494049072, "LqfSettlPGD": 0.0, "LqfSprPGD": 0.0, "LqfProb": 0.0, "LndPGD": 0.0, "LndProb": 0.0, "SufFltRuptPGD": 29.523393630981445, "SurfFltRuptProb": 0.5, "PDsNone": 0.3366, "PDsSlight": 0.1304, "PDsModerate": 0.1204, "PDsExtensive": 0.2011, "PDsComplete": 0.2113, "PDsExceedSlight": 0.6633, "PDsExceedModerate": 0.5329, "PDsExceedExtensive": 0.4124, "FunctDay1": 48.0, "FunctDay3": 54.8, "FunctDay7": 59.6, "FunctDay14": 60.7, "FunctDay30": 62.3, "FunctDay90": 73.7, "EconLoss": 450667.0625, "Name": "'MOUNT DIABLO CREEK'", "City": "null", "State": "null" }, "geometry": { "type": "Point", "coordinates": [ -121.967028, 37.959461 ] } },
{ "type": "Feature", "properties": { "FacilityType": "HighwayBridge", "FacilityId": "CA007347", "Anchor": "null", "FoundationType": "null", "eqBldgType": "null", "DesignLevel": "null", "SoilType": "D", "LqfSusCat": 0, "LndSusCat": 0, "WaterDepth": 5.0, "Distance": "null", "PGA": 0.77480834722518921, "PGV": 35.311855316162109, "Sa03": 1.9298560619354248, "Sa10": 1.0328832864761353, "LqfSettlPGD": 0.0, "LqfSprPGD": 0.0, "LqfProb": 0.0, "LndPGD": 0.0, "LndProb": 0.0, "SufFltRuptPGD": 29.523393630981445, "SurfFltRuptProb": 0.5, "PDsNone": 0.3166, "PDsSlight": 0.0, "PDsModerate": 0.1145, "PDsExtensive": 0.2268, "PDsComplete": 0.3418, "PDsExceedSlight": 0.6833, "PDsExceedModerate": 0.6833, "PDsExceedExtensive": 0.5687, "FunctDay1": 36.5, "FunctDay3": 39.8, "FunctDay7": 44.4, "FunctDay14": 45.6, "FunctDay30": 47.5, "FunctDay90": 61.0, "EconLoss": 816387.1875, "Name": "'GRAYSON CREEK'", "City": "null", "State": "null" }, "geometry": { "type": "Point", "coordinates": [ -122.066508, 37.975083 ] } },
{ "type": "Feature", "properties": { "FacilityType": "HighwayBridge", "FacilityId": "CA007348", "Anchor": "null", "FoundationType": "null", "eqBldgType": "null", "DesignLevel": "null", "SoilType": "D", "LqfSusCat": 0, "LndSusCat": 0, "WaterDepth": 5.0, "Distance": "null", "PGA": 0.77480834722518921, "PGV": 35.311855316162109, "Sa03": 1.9298560619354248, "Sa10": 1.0328832864761353, "LqfSettlPGD": 0.0, "LqfSprPGD": 0.0, "LqfProb": 0.0, "LndPGD": 0.0, "LndProb": 0.0, "SufFltRuptPGD": 29.523393630981445, "SurfFltRuptProb": 0.5, "PDsNone": 0.1826, "PDsSlight": 0.2138, "PDsModerate": 0.1322, "PDsExtensive": 0.1933, "PDsComplete": 0.2779, "PDsExceedSlight": 0.8173, "PDsExceedModerate": 0.6035, "PDsExceedExtensive": 0.4712, "FunctDay1": 39.3, "FunctDay3": 48.6, "FunctDay7": 53.8, "FunctDay14": 54.9, "FunctDay30": 56.5, "FunctDay90": 68.0, "EconLoss": 277363.40625, "Name": "'GRAYSON CREEK'", "City": "null", "State": "null" }, "geometry": { "type": "Point", "coordinates": [ -122.068753, 37.983367 ] } },
{ "type": "Feature", "properties": { "FacilityType": "HighwayBridge", "FacilityId": "CA007349", "Anchor": "null", "FoundationType": "null", "eqBldgType": "null", "DesignLevel": "null", "SoilType": "D", "LqfSusCat": 0, "LndSusCat": 0, "WaterDepth": 5.0, "Distance": "null", "PGA": 0.77303975820541382, "PGV": 31.891193389892578, "Sa03": 1.8982447385787964, "Sa10": 0.90335595607757568, "LqfSettlPGD": 0.0, "LqfSprPGD": 0.0, "LqfProb": 0.0, "LndPGD": 0.0, "LndProb": 0.0, "SufFltRuptPGD": 29.523393630981445, "SurfFltRuptProb": 0.5, "PDsNone": 0.4197, "PDsSlight": 0.1462, "PDsModerate": 0.1148, "PDsExtensive": 0.1724, "PDsComplete": 0.1467, "PDsExceedSlight": 0.5802, "PDsExceedModerate": 0.4339, "PDsExceedExtensive": 0.3191, "FunctDay1": 57.1, "FunctDay3": 64.2, "FunctDay7": 68.7, "FunctDay14": 69.6, "FunctDay30": 71.0, "FunctDay90": 80.5, "EconLoss": 155132.5, "Name": "'ARROYO DEL HAMBRE'", "City": "null", "State": "null" }, "geometry": { "type": "Point", "coordinates": [ -122.129808, 38.003547 ] } },
{ "type": "Feature", "properties": { "FacilityType": "HighwayBridge", "FacilityId": "CA007350", "Anchor": "null", "FoundationType": "null", "eqBldgType": "null", "DesignLevel": "null", "SoilType": "D", "LqfSusCat": 0, "LndSusCat": 0, "WaterDepth": 5.0, "Distance": "null", "PGA": 0.77303975820541382, "PGV": 31.891193389892578, "Sa03": 1.8982447385787964, "Sa10": 0.90335595607757568, "LqfSettlPGD": 0.0, "LqfSprPGD": 0.0, "LqfProb": 0.0, "LndPGD": 0.0, "LndProb": 0.0, "SufFltRuptPGD": 29.523393630981445, "SurfFltRuptProb": 0.5, "PDsNone": 0.4197, "PDsSlight": 0.0999, "PDsModerate": 0.1183, "PDsExtensive": 0.1867, "PDsComplete": 0.1751, "PDsExceedSlight": 0.5802, "PDsExceedModerate": 0.4802, "PDsExceedExtensive": 0.3618, "FunctDay1": 53.9, "FunctDay3": 59.8, "FunctDay7": 64.5, "FunctDay14": 65.5, "FunctDay30": 67.0, "FunctDay90": 77.5, "EconLoss": 100542.1015625, "Name": "'ARROYO DEL HAMBRE'", "City": "null", "State": "null" }, "geometry": { "type": "Point", "coordinates": [ -122.129094, 38.011328 ] } },
{ "type": "Feature", "properties": { "FacilityType": "HighwayBridge", "FacilityId": "CA007351", "Anchor": "null", "FoundationType": "null", "eqBldgType": "null", "DesignLevel": "null", "SoilType": "D", "LqfSusCat": 0, "LndSusCat": 0, "WaterDepth": 5.0, "Distance": "null", "PGA": 0.77303975820541382, "PGV": 31.891193389892578, "Sa03": 1.8982447385787964, "Sa10": 0.90335595607757568, "LqfSettlPGD": 0.0, "LqfSprPGD": 0.0, "LqfProb": 0.0, "LndPGD": 0.0, "LndProb": 0.0, "SufFltRuptPGD": 29.523393630981445, "SurfFltRuptProb": 0.5, "PDsNone": 0.4197, "PDsSlight": 0.1474, "PDsModerate": 0.1147, "PDsExtensive": 0.172, "PDsComplete": 0.1459, "PDsExceedSlight": 0.5802, "PDsExceedModerate": 0.4327, "PDsExceedExtensive": 0.318, "FunctDay1": 57.2, "FunctDay3": 64.3, "FunctDay7": 68.8, "FunctDay14": 69.8, "FunctDay30": 71.1, "FunctDay90": 80.6, "EconLoss": 181239.234375, "Name": "'ARROYO DEL HAMBRE'", "City": "null", "State": "null" }, "geometry": { "type": "Point", "coordinates": [ -122.133008, 38.014206 ] } },
{ "type": "Feature", "properties": { "FacilityType": "HighwayBridge", "FacilityId": "CA007352", "Anchor": "null", "FoundationType": "null", "eqBldgType": "null", "DesignLevel": "null", "SoilType": "D", "LqfSusCat": 0, "LndSusCat": 0, "WaterDepth": 5.0, "Distance": "null", "PGA": 0.77303975820541382, "PGV": 31.891193389892578, "Sa03": 1.8982447385787964, "Sa10": 0.90335595607757568, "LqfSettlPGD": 0.0, "LqfSprPGD": 0.0, "LqfProb": 0.0, "LndPGD": 0.0, "LndProb": 0.0, "SufFltRuptPGD": 29.523393630981445, "SurfFltRuptProb": 0.5, "PDsNone": 0.3844, "PDsSlight": 0.0, "PDsModerate": 0.1195, "PDsExtensive": 0.2185, "PDsComplete": 0.2774, "PDsExceedSlight": 0.6155, "PDsExceedModerate": 0.6155, "PDsExceedExtensive": 0.4959, "FunctDay1": 43.2, "FunctDay3": 46.7, "FunctDay7": 51.5, "FunctDay14": 52.6, "FunctDay30": 54.4, "FunctDay90": 67.1, "EconLoss": 257227.96875, "Name": "'ARROYO DEL HAMBRE'", "City": "null", "State": "null" }, "geometry": { "type": "Point", "coordinates": [ -122.134581, 38.016356 ] } },
{ "type": "Feature", "properties": { "FacilityType": "HighwayBridge", "FacilityId": "CA007353", "Anchor": "null", "FoundationType": "null", "eqBldgType": "null", "DesignLevel": "null", "SoilType": "D", "LqfSusCat": 0, "LndSusCat": 0, "WaterDepth": 5.0, "Distance": "null", "PGA": 0.76386553049087524, "PGV": 29.488838195800781, "Sa03": 1.8258516788482666, "Sa10": 0.83847570419311523, "LqfSettlPGD": 0.0, "LqfSprPGD": 0.0, "LqfProb": 0.0, "LndPGD": 0.0, "LndProb": 0.0, "SufFltRuptPGD": 29.523393630981445, "SurfFltRuptProb": 0.5, "PDsNone": 0.0433, "PDsSlight": 0.151, "PDsModerate": 0.094, "PDsExtensive": 0.2584, "PDsComplete": 0.453, "PDsExceedSlight": 0.9566, "PDsExceedModerate": 0.8055, "PDsExceedExtensive": 0.7114, "FunctDay1": 20.1, "FunctDay3": 26.8, "FunctDay7": 30.7, "FunctDay14": 31.8, "FunctDay30": 34.0, "FunctDay90": 49.9, "EconLoss": 177892.546875, "Name": "'SHELL OIL PIPE UC'", "City": "null", "State": "null" }, "geometry": { "type": "Point", "coordinates": [ -122.117886, 38.016569 ] } },
{ "type": "Feature", "properties": { "FacilityType": "HighwayBridge", "FacilityId": "CA007354", "Anchor": "null", "FoundationType": "null", "eqBldgType": "null", "DesignLevel": "null", "SoilType": "D", "LqfSusCat": 0, "LndSusCat": 0, "WaterDepth": 5.0, "Distance": "null", "PGA": 0.6755908727645874, "PGV": 27.875143051147461, "Sa03": 1.6690680980682373, "Sa10": 0.80134338140487671, "LqfSettlPGD": 0.0, "LqfSprPGD": 0.0, "LqfProb": 0.0, "LndPGD": 0.0, "LndProb": 0.0, "SufFltRuptPGD": 29.523393630981445, "SurfFltRuptProb": 0.5, "PDsNone": 0.4988, "PDsSlight": 0.0595, "PDsModerate": 0.1155, "PDsExtensive": 0.1748, "PDsComplete": 0.1511, "PDsExceedSlight": 0.5011, "PDsExceedModerate": 0.4415, "PDsExceedExtensive": 0.326, "FunctDay1": 58.6, "FunctDay3": 63.5, "FunctDay7": 68.0, "FunctDay14": 69.0, "FunctDay30": 70.3, "FunctDay90": 80.0, "EconLoss": 52571.46875, "Name": "'KIRKER CREEK'", "City": "null", "State": "null" }, "geometry": { "type": "Point", "coordinates": [ -121.88485, 38.004731 ] } },
{ "type": "Feature", "properties": { "FacilityType": "HighwayBridge", "FacilityId": "CA007355", "Anchor": "null", "FoundationType": "null", "eqBldgType": "null", "DesignLevel": "null", "SoilType": "D", "LqfSusCat": 0, "LndSusCat": 0, "WaterDepth": 5.0, "Distance": "null", "PGA": 0.76457589864730835, "PGV": 33.199306488037109, "Sa03": 1.8811763525009155, "Sa10": 0.93338006734848022, "LqfSettlPGD": 0.0, "LqfSprPGD": 0.0, "LqfProb": 0.0, "LndPGD": 0.0, "LndProb": 0.0, "SufFltRuptPGD": 29.523393630981445, "SurfFltRuptProb": 0.5, "PDsNone": 0.2307, "PDsSlight": 0.245, "PDsModerate": 0.132, "PDsExtensive": 0.1775, "PDsComplete": 0.2145, "PDsExceedSlight": 0.7692, "PDsExceedModerate": 0.5241, "PDsExceedExtensive": 0.3921, "FunctDay1": 46.2, "FunctDay3": 56.3, "FunctDay7": 61.5, "FunctDay14": 62.6, "FunctDay30": 64.0, "FunctDay90": 74.3, "EconLoss": 186985.5625, "Name": "'RODEO CREEK'", "City": "null", "State": "null" }, "geometry": { "type": "Point", "coordinates": [ -122.263156, 38.024583 ] } },
{ "type": "Feature", "properties": { "FacilityType": "HighwayBridge", "FacilityId": "CA007356", "Anchor": "null", "FoundationType": "null", "eqBldgType": "null", "DesignLevel": "null", "SoilType": "D", "LqfSusCat": 0, "LndSusCat": 0, "WaterDepth": 5.0, "Distance": "null", "PGA": 0.74830800294876099, "PGV": 32.61968994140625, "Sa03": 1.848130464553833, "Sa10": 0.93514639139175415, "LqfSettlPGD": 0.0, "LqfSprPGD": 0.0, "LqfProb": 0.0, "LndPGD": 0.0, "LndProb": 0.0, "SufFltRuptPGD": 29.523393630981445, "SurfFltRuptProb": 0.5, "PDsNone": 0.3973, "PDsSlight": 0.1356, "PDsModerate": 0.1175, "PDsExtensive": 0.1827, "PDsComplete": 0.1667, "PDsExceedSlight": 0.6026, "PDsExceedModerate": 0.4669, "PDsExceedExtensive": 0.3494, "FunctDay1": 54.2, "FunctDay3": 61.1, "FunctDay7": 65.7, "FunctDay14": 66.7, "FunctDay30": 68.2, "FunctDay90": 78.4, "EconLoss": 133540.546875, "Name": "'RODEO CREEK'", "City": "null", "State": "null" }, "geometry": { "type": "Point", "coordinates": [ -122.266281, 38.035281 ] } },
{ "type": "Feature", "properties": { "FacilityType": "HighwayBridge", "FacilityId": "CA007357", "Anchor": "null", "FoundationType": "null", "eqBldgType": "null", "DesignLevel": "null", "SoilType": "D", "LqfSusCat": 0, "LndSusCat": 0, "WaterDepth": 5.0, "Distance": "null", "PGA": 0.74830800294876099, "PGV": 32.61968994140625, "Sa03": 1.848130464553833, "Sa10": 0.93514639139175415, "LqfSettlPGD": 0.0, "LqfSprPGD": 0.0, "LqfProb": 0.0, "LndPGD": 0.0, "LndProb": 0.0, "SufFltRuptPGD": 29.523393630981445, "SurfFltRuptProb": 0.5, "PDsNone": 0.1483, "PDsSlight": 0.249, "PDsModerate": 0.2092, "PDsExtensive": 0.2337, "PDsComplete": 0.1595, "PDsExceedSlight": 0.8516, "PDsExceedModerate": 0.6026, "PDsExceedExtensive": 0.3933, "FunctDay1": 40.7, "FunctDay3": 53.0, "FunctDay7": 61.2, "FunctDay14": 62.7, "FunctDay30": 64.5, "FunctDay90": 77.2, "EconLoss": 495387.375, "Name": "'UP RR  BNSF RY  & AMTRAK'", "City": "null", "State": "null" }, "geometry": { "type": "Point", "coordinates": [ -122.271081, 38.037639 ] } },
{ "type": "Feature", "properties": { "FacilityType": "HighwayBridge", "FacilityId": "CA007358", "Anchor": "null", "FoundationType": "null", "eqBldgType": "null", "DesignLevel": "null", "SoilType": "D", "LqfSusCat": 0, "LndSusCat": 0, "WaterDepth": 5.0, "Distance": "null", "PGA": 0.74830800294876099, "PGV": 32.61968994140625, "Sa03": 1.848130464553833, "Sa10": 0.93514639139175415, "LqfSettlPGD": 0.0, "LqfSprPGD": 0.0, "LqfProb": 0.0, "LndPGD": 0.0, "LndProb": 0.0, "SufFltRuptPGD": 29.523393630981445, "SurfFltRuptProb": 0.5, "PDsNone": 0.3973, "PDsSlight": 0.1356, "PDsModerate": 0.1175, "PDsExtensive": 0.1827, "PDsComplete": 0.1667, "PDsExceedSlight": 0.6026, "PDsExceedModerate": 0.4669, "PDsExceedExtensive": 0.3494, "FunctDay1": 54.2, "FunctDay3": 61.1, "FunctDay7": 65.7, "FunctDay14": 66.7, "FunctDay30": 68.2, "FunctDay90": 78.4, "EconLoss": 165585.71875, "Name": "'RODEO CREEK'", "City": "null", "State": "null" }, "geometry": { "type": "Point", "coordinates": [ -122.266864, 38.037614 ] } },
{ "type": "Feature", "properties": { "FacilityType": "HighwayBridge", "FacilityId": "CA007359", "Anchor": "null", "FoundationType": "null", "eqBldgType": "null", "DesignLevel": "null", "SoilType": "D", "LqfSusCat": 0, "LndSusCat": 0, "WaterDepth": 5.0, "Distance": "null", "PGA": 0.90310841798782349, "PGV": 42.278400421142578, "Sa03": 2.2275204658508301, "Sa10": 1.1406011581420898, "LqfSettlPGD": 0.0, "LqfSprPGD": 0.0, "LqfProb": 0.0, "LndPGD": 0.0, "LndProb": 0.0, "SufFltRuptPGD": 29.523393630981445, "SurfFltRuptProb": 0.5, "PDsNone": 0.2772, "PDsSlight": 0.136, "PDsModerate": 0.1204, "PDsExtensive": 0.2132, "PDsComplete": 0.2529, "PDsExceedSlight": 0.7227, "PDsExceedModerate": 0.5867, "PDsExceedExtensive": 0.4662, "FunctDay1": 42.6, "FunctDay3": 49.6, "FunctDay7": 54.4, "FunctDay14": 55.5, "FunctDay30": 57.2, "FunctDay90": 69.5, "EconLoss": 123391.609375, "Name": "'SAN PABLO CREEK'", "City": "null", "State": "null" }, "geometry": { "type": "Point", "coordinates": [ -122.28715, 37.963144 ] } },
{ "type": "Feature", "properties": { "FacilityType": "HighwayBridge", "FacilityId": "CA007360", "Anchor": "null", "FoundationType": "null", "eqBldgType": "null", "DesignLevel": "null", "SoilType": "D", "LqfSusCat": 0, "LndSusCat": 0, "WaterDepth": 5.0, "Distance": "null", "PGA": 0.77480834722518921, "PGV": 35.311855316162109, "Sa03": 1.9298560619354248, "Sa10": 1.0328832864761353, "LqfSettlPGD": 0.0, "LqfSprPGD": 0.0, "LqfProb": 0.0, "LndPGD": 0.0, "LndProb": 0.0, "SufFltRuptPGD": 29.523393630981445, "SurfFltRuptProb": 0.5, "PDsNone": 0.1826, "PDsSlight": 0.1896, "PDsModerate": 0.1311, "PDsExtensive": 0.1969, "PDsComplete": 0.2995, "PDsExceedSlight": 0.8173, "PDsExceedModerate": 0.6276, "PDsExceedExtensive": 0.4965, "FunctDay1": 37.5, "FunctDay3": 46.1, "FunctDay7": 51.3, "FunctDay14": 52.5, "FunctDay30": 54.1, "FunctDay90": 65.9, "EconLoss": 187668.28125, "Name": "'GRAYSON CREEK'", "City": "null", "State": "null" }, "geometry": { "type": "Point", "coordinates": [ -122.069244, 37.981678 ] } },
{ "type": "Feature", "properties": { "FacilityType": "HighwayBridge", "FacilityId": "CA007361", "Anchor": "null", "FoundationType": "null", "eqBldgType": "null", "DesignLevel": "null", "SoilType": "D", "LqfSusCat": 0, "LndSusCat": 0, "WaterDepth": 5.0, "Distance": "null", "PGA": 0.75770741701126099, "PGV": 32.710296630859375, "Sa03": 1.885928750038147, "Sa10": 0.92795771360397339, "LqfSettlPGD": 0.0, "LqfSprPGD": 0.0, "LqfProb": 0.0, "LndPGD": 0.0, "LndProb": 0.0, "SufFltRuptPGD": 29.523393630981445, "SurfFltRuptProb": 0.5, "PDsNone": 0.4023, "PDsSlight": 0.1472, "PDsModerate": 0.1162, "PDsExtensive": 0.1776, "PDsComplete": 0.1564, "PDsExceedSlight": 0.5976, "PDsExceedModerate": 0.4504, "PDsExceedExtensive": 0.3341, "FunctDay1": 55.5, "FunctDay3": 62.6, "FunctDay7": 67.2, "FunctDay14": 68.2, "FunctDay30": 69.6, "FunctDay90": 79.5, "EconLoss": 145873.40625, "Name": "'CONTRA COSTA CANAL'", "City": "null", "State": "null" }, "geometry": { "type": "Point", "coordinates": [ -122.017714, 37.980403 ] } },
{ "type": "Feature", "properties": { "FacilityType": "HighwayBridge", "FacilityId": "CA007362", "Anchor": "null", "FoundationType": "null", "eqBldgType": "null", "DesignLevel": "null", "SoilType": "D", "LqfSusCat": 0, "LndSusCat": 0, "WaterDepth": 5.0, "Distance": "null", "PGA": 0.76386553049087524, "PGV": 29.488838195800781, "Sa03": 1.8258516788482666, "Sa10": 0.83847570419311523, "LqfSettlPGD": 0.0, "LqfSprPGD": 0.0, "LqfProb": 0.0, "LndPGD": 0.0, "LndProb": 0.0, "SufFltRuptPGD": 29.523393630981445, "SurfFltRuptProb": 0.5, "PDsNone": 0.4559, "PDsSlight": 0.0, "PDsModerate": 0.1206, "PDsExtensive": 0.2038, "PDsComplete": 0.2195, "PDsExceedSlight": 0.544, "PDsExceedModerate": 0.544, "PDsExceedExtensive": 0.4233, "FunctDay1": 50.2, "FunctDay3": 53.8, "FunctDay7": 58.6, "FunctDay14": 59.6, "FunctDay30": 61.3, "FunctDay90": 72.9, "EconLoss": 254521.8125, "Name": "'CONTRA COSTA CANAL'", "City": "null", "State": "null" }, "geometry": { "type": "Point", "coordinates": [ -122.076472, 37.978697 ] } },
{ "type": "Feature", "properties": { "FacilityType": "HighwayBridge", "FacilityId": "CA007363", "Anchor": "null", "FoundationType": "null", "eqBldgType": "null", "DesignLevel": "null", "SoilType": "D", "LqfSusCat": 0, "LndSusCat": 0, "WaterDepth": 5.0, "Distance": "null", "PGA": 0.82510662078857422, "PGV": 35.320968627929688, "Sa03": 1.9869507551193237, "Sa10": 0.97305315732955933, "LqfSettlPGD": 0.0, "LqfSprPGD": 0.0, "LqfProb": 0.0, "LndPGD": 0.0, "LndProb": 0.0, "SufFltRuptPGD": 29.523393630981445, "SurfFltRuptProb": 0.5, "PDsNone": 0.372, "PDsSlight": 0.146, "PDsModerate": 0.1184, "PDsExtensive": 0.1871, "PDsComplete": 0.1762, "PDsExceedSlight": 0.6279, "PDsExceedModerate": 0.4818, "PDsExceedExtensive": 0.3633, "FunctDay1": 52.6, "FunctDay3": 59.7, "FunctDay7": 64.4, "FunctDay14": 65.4, "FunctDay30": 66.9, "FunctDay90": 77.3, "EconLoss": 118764.1484375, "Name": "'SAN PABLO CREEK'", "City": "null", "State": "null" }, "geometry": { "type": "Point", "coordinates": [ -122.193156, 37.885944 ] } },
{ "type": "Feature", "properties": { "FacilityType": "HighwayBridge", "FacilityId": "CA007364", "Anchor": "null", "FoundationType": "null", "eqBldgType": "null", "DesignLevel": "null", "SoilType": "D", "LqfSusCat": 0, "LndSusCat": 0, "WaterDepth": 5.0, "Distance": "null", "PGA": 0.82510662078857422, "PGV": 35.320968627929688, "Sa03": 1.9869507551193237, "Sa10": 0.97305315732955933, "LqfSettlPGD": 0.0, "LqfSprPGD": 0.0, "LqfProb": 0.0, "LndPGD": 0.0, "LndProb": 0.0, "SufFltRuptPGD": 29.523393630981445, "SurfFltRuptProb": 0.5, "PDsNone": 0.372, "PDsSlight": 0.146, "PDsModerate": 0.1184, "PDsExtensive": 0.1871, "PDsComplete": 0.1762, "PDsExceedSlight": 0.6279, "PDsExceedModerate": 0.4818, "PDsExceedExtensive": 0.3633, "FunctDay1": 52.6, "FunctDay3": 59.7, "FunctDay7": 64.4, "FunctDay14": 65.4, "FunctDay30": 66.9, "FunctDay90": 77.3, "EconLoss": 51637.76171875, "Name": "'SAN PABLO CREEK'", "City": "null", "State": "null" }, "geometry": { "type": "Point", "coordinates": [ -122.191806, 37.883758 ] } },
{ "type": "Feature", "properties": { "FacilityType": "HighwayBridge", "FacilityId": "CA007365", "Anchor": "null", "FoundationType": "null", "eqBldgType": "null", "DesignLevel": "null", "SoilType": "D", "LqfSusCat": 0, "LndSusCat": 0, "WaterDepth": 5.0, "Distance": "null", "PGA": 0.83762073516845703, "PGV": 37.623123168945313, "Sa03": 2.1028585433959961, "Sa10": 1.1015702486038208, "LqfSettlPGD": 0.0, "LqfSprPGD": 0.0, "LqfProb": 0.0, "LndPGD": 0.0, "LndProb": 0.0, "SufFltRuptPGD": 29.523393630981445, "SurfFltRuptProb": 0.5, "PDsNone": 0.015, "PDsSlight": 0.0789, "PDsModerate": 0.0616, "PDsExtensive": 0.2124, "PDsComplete": 0.6318, "PDsExceedSlight": 0.9849, "PDsExceedModerate": 0.9059, "PDsExceedExtensive": 0.8443, "FunctDay1": 11.1, "FunctDay3": 15.0, "FunctDay7": 17.7, "FunctDay14": 18.6, "FunctDay30": 20.7, "FunctDay90": 35.5, "EconLoss": 804925.0625, "Name": "'LAS TRAMPAS CREEK'", "City": "null", "State": "null" }, "geometry": { "type": "Point", "coordinates": [ -122.085922, 37.885775 ] } },
{ "type": "Feature", "properties": { "FacilityType": "HighwayBridge", "FacilityId": "CA007366", "Anchor": "null", "FoundationType": "null", "eqBldgType": "null", "DesignLevel": "null", "SoilType": "D", "LqfSusCat": 0, "LndSusCat": 0, "WaterDepth": 5.0, "Distance": "null", "PGA": 0.8453102707862854, "PGV": 39.551097869873047, "Sa03": 2.1369194984436035, "Sa10": 1.1330232620239258, "LqfSettlPGD": 0.0, "LqfSprPGD": 0.0, "LqfProb": 0.0, "LndPGD": 0.0, "LndProb": 0.0, "SufFltRuptPGD": 29.523393630981445, "SurfFltRuptProb": 0.5, "PDsNone": 0.0133, "PDsSlight": 0.0729, "PDsModerate": 0.0583, "PDsExtensive": 0.2059, "PDsComplete": 0.6494, "PDsExceedSlight": 0.9866, "PDsExceedModerate": 0.9136, "PDsExceedExtensive": 0.8553, "FunctDay1": 10.4, "FunctDay3": 14.1, "FunctDay7": 16.6, "FunctDay14": 17.5, "FunctDay30": 19.6, "FunctDay90": 34.2, "EconLoss": 869566.5, "Name": "'SAN RAMON CREEK'", "City": "null", "State": "null" }, "geometry": { "type": "Point", "coordinates": [ -121.981103, 37.806508 ] } },
{ "type": "Feature", "properties": { "FacilityType": "HighwayBridge", "FacilityId": "CA007367", "Anchor": "null", "FoundationType": "null", "eqBldgType": "null", "DesignLevel": "null", "SoilType": "D", "LqfSusCat": 0, "LndSusCat": 0, "WaterDepth": 5.0, "Distance": "null", "PGA": 0.79151904582977295, "PGV": 33.319019317626953, "Sa03": 1.9485336542129517, "Sa10": 0.94590359926223755, "LqfSettlPGD": 0.0, "LqfSprPGD": 0.0, "LqfProb": 0.0, "LndPGD": 0.0, "LndProb": 0.0, "SufFltRuptPGD": 29.523393630981445, "SurfFltRuptProb": 0.5, "PDsNone": 0.224, "PDsSlight": 0.2378, "PDsModerate": 0.1324, "PDsExtensive": 0.1807, "PDsComplete": 0.2249, "PDsExceedSlight": 0.7759, "PDsExceedModerate": 0.5381, "PDsExceedExtensive": 0.4056, "FunctDay1": 45.1, "FunctDay3": 54.9, "FunctDay7": 60.2, "FunctDay14": 61.3, "FunctDay30": 62.7, "FunctDay90": 73.2, "EconLoss": 130445.421875, "Name": "'COW CREEK'", "City": "null", "State": "null" }, "geometry": { "type": "Point", "coordinates": [ -121.973997, 37.796389 ] } },
{ "type": "Feature", "properties": { "FacilityType": "HighwayBridge", "FacilityId": "CA007368", "Anchor": "null", "FoundationType": "null", "eqBldgType": "null", "DesignLevel": "null", "SoilType": "D", "LqfSusCat": 0, "LndSusCat": 0, "WaterDepth": 5.0, "Distance": "null", "PGA": 0.8453102707862854, "PGV": 39.551097869873047, "Sa03": 2.1369194984436035, "Sa10": 1.1330232620239258, "LqfSettlPGD": 0.0, "LqfSprPGD": 0.0, "LqfProb": 0.0, "LndPGD": 0.0, "LndProb": 0.0, "SufFltRuptPGD": 29.523393630981445, "SurfFltRuptProb": 0.5, "PDsNone": 0.2809, "PDsSlight": 0.1366, "PDsModerate": 0.1205, "PDsExtensive": 0.2124, "PDsComplete": 0.2494, "PDsExceedSlight": 0.719, "PDsExceedModerate": 0.5824, "PDsExceedExtensive": 0.4618, "FunctDay1": 43.0, "FunctDay3": 50.0, "FunctDay7": 54.8, "FunctDay14": 55.9, "FunctDay30": 57.6, "FunctDay90": 69.9, "EconLoss": 115577.59375, "Name": "'GREEN VALLEY CREEK'", "City": "null", "State": "null" }, "geometry": { "type": "Point", "coordinates": [ -121.998222, 37.823661 ] } },
{ "type": "Feature", "properties": { "FacilityType": "HighwayBridge", "FacilityId": "CA007369", "Anchor": "null", "FoundationType": "null", "eqBldgType": "null", "DesignLevel": "null", "SoilType": "D", "LqfSusCat": 0, "LndSusCat": 0, "WaterDepth": 5.0, "Distance": "null", "PGA": 0.8453102707862854, "PGV": 39.551097869873047, "Sa03": 2.1369194984436035, "Sa10": 1.1330232620239258, "LqfSettlPGD": 0.0, "LqfSprPGD": 0.0, "LqfProb": 0.0, "LndPGD": 0.0, "LndProb": 0.0, "SufFltRuptPGD": 29.523393630981445, "SurfFltRuptProb": 0.5, "PDsNone": 0.1446, "PDsSlight": 0.1625, "PDsModerate": 0.1255, "PDsExtensive": 0.2031, "PDsComplete": 0.364, "PDsExceedSlight": 0.8553, "PDsExceedModerate": 0.6927, "PDsExceedExtensive": 0.5671, "FunctDay1": 31.7, "FunctDay3": 39.4, "FunctDay7": 44.5, "FunctDay14": 45.6, "FunctDay30": 47.4, "FunctDay90": 59.9, "EconLoss": 369508.0, "Name": "'SAN RAMON CREEK'", "City": "null", "State": "null" }, "geometry": { "type": "Point", "coordinates": [ -121.977839, 37.794964 ] } },
{ "type": "Feature", "properties": { "FacilityType": "HighwayBridge", "FacilityId": "CA007370", "Anchor": "null", "FoundationType": "null", "eqBldgType": "null", "DesignLevel": "null", "SoilType": "D", "LqfSusCat": 0, "LndSusCat": 0, "WaterDepth": 5.0, "Distance": "null", "PGA": 0.8453102707862854, "PGV": 39.551097869873047, "Sa03": 2.1369194984436035, "Sa10": 1.1330232620239258, "LqfSettlPGD": 0.0, "LqfSprPGD": 0.0, "LqfProb": 0.0, "LndPGD": 0.0, "LndProb": 0.0, "SufFltRuptPGD": 29.523393630981445, "SurfFltRuptProb": 0.5, "PDsNone": 0.3458, "PDsSlight": 0.0, "PDsModerate": 0.1293, "PDsExtensive": 0.2001, "PDsComplete": 0.3246, "PDsExceedSlight": 0.6541, "PDsExceedModerate": 0.6541, "PDsExceedExtensive": 0.5247, "FunctDay1": 39.7, "FunctDay3": 43.4, "FunctDay7": 48.6, "FunctDay14": 49.7, "FunctDay30": 51.4, "FunctDay90": 63.6, "EconLoss": 407515.625, "Name": "'SAN RAMON CREEK'", "City": "null", "State": "null" }, "geometry": { "type": "Point", "coordinates": [ -121.977003, 37.800717 ] } },
{ "type": "Feature", "properties": { "FacilityType": "HighwayBridge", "FacilityId": "CA007371", "Anchor": "null", "FoundationType": "null", "eqBldgType": "null", "DesignLevel": "null", "SoilType": "D", "LqfSusCat": 0, "LndSusCat": 0, "WaterDepth": 5.0, "Distance": "null", "PGA": 0.80157685279846191, "PGV": 43.148735046386719, "Sa03": 1.9964525699615479, "Sa10": 1.3447792530059814, "LqfSettlPGD": 0.0, "LqfSprPGD": 0.0, "LqfProb": 0.0, "LndPGD": 0.0, "LndProb": 0.0, "SufFltRuptPGD": 29.523393630981445, "SurfFltRuptProb": 0.5, "PDsNone": 0.1933, "PDsSlight": 0.1174, "PDsModerate": 0.1139, "PDsExtensive": 0.2272, "PDsComplete": 0.348, "PDsExceedSlight": 0.8066, "PDsExceedModerate": 0.6892, "PDsExceedExtensive": 0.5752, "FunctDay1": 32.9, "FunctDay3": 39.2, "FunctDay7": 43.8, "FunctDay14": 44.9, "FunctDay30": 46.8, "FunctDay90": 60.5, "EconLoss": 349171.1875, "Name": "'CONTRA COSTA CANAL'", "City": "null", "State": "null" }, "geometry": { "type": "Point", "coordinates": [ -122.073856, 37.971294 ] } },
{ "type": "Feature", "properties": { "FacilityType": "HighwayBridge", "FacilityId": "CA007372", "Anchor": "null", "FoundationType": "null", "eqBldgType": "null", "DesignLevel": "null", "SoilType": "D", "LqfSusCat": 0, "LndSusCat": 0, "WaterDepth": 5.0, "Distance": "null", "PGA": 0.5400269627571106, "PGV": 23.361949920654297, "Sa03": 1.3766359090805054, "Sa10": 0.70610624551773071, "LqfSettlPGD": 0.0, "LqfSprPGD": 0.0, "LqfProb": 0.0, "LndPGD": 0.0, "LndProb": 0.0, "SufFltRuptPGD": 29.523393630981445, "SurfFltRuptProb": 0.5, "PDsNone": 0.5824, "PDsSlight": 0.1149, "PDsModerate": 0.0967, "PDsExtensive": 0.1253, "PDsComplete": 0.0805, "PDsExceedSlight": 0.4175, "PDsExceedModerate": 0.3025, "PDsExceedExtensive": 0.2058, "FunctDay1": 70.2, "FunctDay3": 75.9, "FunctDay7": 79.7, "FunctDay14": 80.5, "FunctDay30": 81.4, "FunctDay90": 88.2, "EconLoss": 34458.453125, "Name": "'MARSH CREEK'", "City": "null", "State": "null" }, "geometry": { "type": "Point", "coordinates": [ -121.71635, 37.903683 ] } },
{ "type": "Feature", "properties": { "FacilityType": "HighwayBridge", "FacilityId": "CA007373", "Anchor": "null", "FoundationType": "null", "eqBldgType": "null", "DesignLevel": "null", "SoilType": "D", "LqfSusCat": 0, "LndSusCat": 0, "WaterDepth": 5.0, "Distance": "null", "PGA": 0.50870001316070557, "PGV": 21.449508666992188, "Sa03": 1.2920339107513428, "Sa10": 0.64752256870269775, "LqfSettlPGD": 0.0, "LqfSprPGD": 0.0, "LqfProb": 0.0, "LndPGD": 0.0, "LndProb": 0.0, "SufFltRuptPGD": 29.523393630981445, "SurfFltRuptProb": 0.5, "PDsNone": 0.6108, "PDsSlight": 0.0, "PDsModerate": 0.11, "PDsExtensive": 0.1573, "PDsComplete": 0.1218, "PDsExceedSlight": 0.3891, "PDsExceedModerate": 0.3891, "PDsExceedExtensive": 0.2791, "FunctDay1": 65.1, "FunctDay3": 68.3, "FunctDay7": 72.6, "FunctDay14": 73.5, "FunctDay30": 74.7, "FunctDay90": 83.3, "EconLoss": 466895.5625, "Name": "'SAND CREEK'", "City": "null", "State": "null" }, "geometry": { "type": "Point", "coordinates": [ -121.723358, 37.944128 ] } },
{ "type": "Feature", "properties": { "FacilityType": "HighwayBridge", "FacilityId": "CA007374", "Anchor": "null", "FoundationType": "null", "eqBldgType": "null", "DesignLevel": "null", "SoilType": "D", "LqfSusCat": 0, "LndSusCat": 0, "WaterDepth": 5.0, "Distance": "null", "PGA": 0.50870001316070557, "PGV": 21.449508666992188, "Sa03": 1.2920339107513428, "Sa10": 0.64752256870269775, "LqfSettlPGD": 0.0, "LqfSprPGD": 0.0, "LqfProb": 0.0, "LndPGD": 0.0, "LndProb": 0.0, "SufFltRuptPGD": 29.523393630981445, "SurfFltRuptProb": 0.5, "PDsNone": 0.6377, "PDsSlight": 0.1221, "PDsModerate": 0.0838, "PDsExtensive": 0.1004, "PDsComplete": 0.0558, "PDsExceedSlight": 0.3622, "PDsExceedModerate": 0.2401, "PDsExceedExtensive": 0.1562, "FunctDay1": 75.8, "FunctDay3": 81.3, "FunctDay7": 84.6, "FunctDay14": 85.2, "FunctDay30": 85.9, "FunctDay90": 91.3, "EconLoss": 72651.6640625, "Name": "'MARSH CREEK'", "City": "null", "State": "null" }, "geometry": { "type": "Point", "coordinates": [ -121.711289, 37.932589 ] } },
{ "type": "Feature", "properties": { "FacilityType": "HighwayBridge", "FacilityId": "CA007375", "Anchor": "null", "FoundationType": "null", "eqBldgType": "null", "DesignLevel": "null", "SoilType": "D", "LqfSusCat": 0, "LndSusCat": 0, "WaterDepth": 5.0, "Distance": "null", "PGA": 0.71912014484405518, "PGV": 28.518218994140625, "Sa03": 1.7460896968841553, "Sa10": 0.82149249315261841, "LqfSettlPGD": 0.0, "LqfSprPGD": 0.0, "LqfProb": 0.0, "LndPGD": 0.0, "LndProb": 0.0, "SufFltRuptPGD": 29.523393630981445, "SurfFltRuptProb": 0.5, "PDsNone": 0.4823, "PDsSlight": 0.146, "PDsModerate": 0.1077, "PDsExtensive": 0.151, "PDsComplete": 0.1127, "PDsExceedSlight": 0.5176, "PDsExceedModerate": 0.3715, "PDsExceedExtensive": 0.2638, "FunctDay1": 63.0, "FunctDay3": 69.8, "FunctDay7": 74.1, "FunctDay14": 74.9, "FunctDay30": 76.1, "FunctDay90": 84.4, "EconLoss": 273102.21875, "Name": "'TASSAJARA CREEK'", "City": "null", "State": "null" }, "geometry": { "type": "Point", "coordinates": [ -121.860964, 37.775792 ] } },
{ "type": "Feature", "properties": { "FacilityType": "HighwayBridge", "FacilityId": "CA007376", "Anchor": "null", "FoundationType": "null", "eqBldgType": "null", "DesignLevel": "null", "SoilType": "D", "LqfSusCat": 0, "LndSusCat": 0, "WaterDepth": 5.0, "Distance": "null", "PGA": 0.48620402812957764, "PGV": 20.740076065063477, "Sa03": 1.2363663911819458, "Sa10": 0.62941992282867432, "LqfSettlPGD": 0.0, "LqfSprPGD": 0.0, "LqfProb": 0.0, "LndPGD": 0.0, "LndProb": 0.0, "SufFltRuptPGD": 29.523393630981445, "SurfFltRuptProb": 0.5, "PDsNone": 0.6553, "PDsSlight": 0.1245, "PDsModerate": 0.079, "PDsExtensive": 0.0922, "PDsComplete": 0.0488, "PDsExceedSlight": 0.3446, "PDsExceedModerate": 0.2201, "PDsExceedExtensive": 0.141, "FunctDay1": 77.5, "FunctDay3": 83.0, "FunctDay7": 86.0, "FunctDay14": 86.6, "FunctDay30": 87.3, "FunctDay90": 92.2, "EconLoss": 101025.9140625, "Name": "'DELTA-MENDOTA CANAL'", "City": "null", "State": "null" }, "geometry": { "type": "Point", "coordinates": [ -121.561164, 37.815689 ] } },
{ "type": "Feature", "properties": { "FacilityType": "HighwayBridge", "FacilityId": "CA007377", "Anchor": "null", "FoundationType": "null", "eqBldgType": "null", "DesignLevel": "null", "SoilType": "D", "LqfSusCat": 0, "LndSusCat": 0, "WaterDepth": 5.0, "Distance": "null", "PGA": 0.4887014627456665, "PGV": 21.263872146606445, "Sa03": 1.2509886026382446, "Sa10": 0.6504894495010376, "LqfSettlPGD": 0.0, "LqfSprPGD": 0.0, "LqfProb": 0.0, "LndPGD": 0.0, "LndProb": 0.0, "SufFltRuptPGD": 29.523393630981445, "SurfFltRuptProb": 0.5, "PDsNone": 0.6348, "PDsSlight": 0.1283, "PDsModerate": 0.083, "PDsExtensive": 0.099, "PDsComplete": 0.0546, "PDsExceedSlight": 0.3651, "PDsExceedModerate": 0.2367, "PDsExceedExtensive": 0.1537, "FunctDay1": 75.9, "FunctDay3": 81.6, "FunctDay7": 84.8, "FunctDay14": 85.4, "FunctDay30": 86.2, "FunctDay90": 91.4, "EconLoss": 44297.79296875, "Name": "'ITALIAN SLOUGH'", "City": "null", "State": "null" }, "geometry": { "type": "Point", "coordinates": [ -121.60335, 37.837956 ] } },
{ "type": "Feature", "properties": { "FacilityType": "HighwayBridge", "FacilityId": "CA007378", "Anchor": "null", "FoundationType": "null", "eqBldgType": "null", "DesignLevel": "null", "SoilType": "D", "LqfSusCat": 0, "LndSusCat": 0, "WaterDepth": 5.0, "Distance": "null", "PGA": 0.45473164319992065, "PGV": 21.265270233154297, "Sa03": 1.1963077783584595, "Sa10": 0.68830388784408569, "LqfSettlPGD": 0.0, "LqfSprPGD": 0.0, "LqfProb": 0.0, "LndPGD": 0.0, "LndProb": 0.0, "SufFltRuptPGD": 29.523393630981445, "SurfFltRuptProb": 0.5, "PDsNone": 0.5989, "PDsSlight": 0.1342, "PDsModerate": 0.0896, "PDsExtensive": 0.1112, "PDsComplete": 0.0659, "PDsExceedSlight": 0.401, "PDsExceedModerate": 0.2667, "PDsExceedExtensive": 0.1771, "FunctDay1": 73.0, "FunctDay3": 79.0, "FunctDay7": 82.5, "FunctDay14": 83.2, "FunctDay30": 84.0, "FunctDay90": 90.0, "EconLoss": 223836.453125, "Name": "'DUTCH SLOUGH'", "City": "null", "State": "null" }, "geometry": { "type": "Point", "coordinates": [ -121.660614, 38.011953 ] } },
{ "type": "Feature", "properties": { "FacilityType": "HighwayBridge", "FacilityId": "CA007379", "Anchor": "null", "FoundationType": "null", "eqBldgType": "null", "DesignLevel": "null", "SoilType": "D", "LqfSusCat": 0, "LndSusCat": 0, "WaterDepth": 5.0, "Distance": "null", "PGA": 0.77303975820541382, "PGV": 31.891193389892578, "Sa03": 1.8982447385787964, "Sa10": 0.90335595607757568, "LqfSettlPGD": 0.0, "LqfSprPGD": 0.0, "LqfProb": 0.0, "LndPGD": 0.0, "LndProb": 0.0, "SufFltRuptPGD": 29.523393630981445, "SurfFltRuptProb": 0.5, "PDsNone": 0.4197, "PDsSlight": 0.1064, "PDsModerate": 0.1179, "PDsExtensive": 0.1848, "PDsComplete": 0.171, "PDsExceedSlight": 0.5802, "PDsExceedModerate": 0.4738, "PDsExceedExtensive": 0.3558, "FunctDay1": 54.3, "FunctDay3": 60.5, "FunctDay7": 65.1, "FunctDay14": 66.1, "FunctDay30": 67.6, "FunctDay90": 77.9, "EconLoss": 159263.8125, "Name": "'ARROYO DEL HAMBRE'", "City": "null", "State": "null" }, "geometry": { "type": "Point", "coordinates": [ -122.135981, 38.016747 ] } },
{ "type": "Feature", "properties": { "FacilityType": "HighwayBridge", "FacilityId": "CA007380", "Anchor": "null", "FoundationType": "null", "eqBldgType": "null", "DesignLevel": "null", "SoilType": "D", "LqfSusCat": 0, "LndSusCat": 0, "WaterDepth": 5.0, "Distance": "null", "PGA": 0.77303975820541382, "PGV": 31.891193389892578, "Sa03": 1.8982447385787964, "Sa10": 0.90335595607757568, "LqfSettlPGD": 0.0, "LqfSprPGD": 0.0, "LqfProb": 0.0, "LndPGD": 0.0, "LndProb": 0.0, "SufFltRuptPGD": 29.523393630981445, "SurfFltRuptProb": 0.5, "PDsNone": 0.4197, "PDsSlight": 0.0592, "PDsModerate": 0.1201, "PDsExtensive": 0.198, "PDsComplete": 0.2027, "PDsExceedSlight": 0.5802, "PDsExceedModerate": 0.521, "PDsExceedExtensive": 0.4008, "FunctDay1": 51.0, "FunctDay3": 56.0, "FunctDay7": 60.8, "FunctDay14": 61.8, "FunctDay30": 63.4, "FunctDay90": 74.6, "EconLoss": 377924.84375, "Name": "'ARROYO DEL HAMBRE'", "City": "null", "State": "null" }, "geometry": { "type": "Point", "coordinates": [ -122.136667, 38.017128 ] } },
{ "type": "Feature", "properties": { "FacilityType": "HighwayBridge", "FacilityId": "CA007381", "Anchor": "null", "FoundationType": "null", "eqBldgType": "null", "DesignLevel": "null", "SoilType": "D", "LqfSusCat": 0, "LndSusCat": 0, "WaterDepth": 5.0, "Distance": "null", "PGA": 0.8453102707862854, "PGV": 39.551097869873047, "Sa03": 2.1369194984436035, "Sa10": 1.1330232620239258, "LqfSettlPGD": 0.0, "LqfSprPGD": 0.0, "LqfProb": 0.0, "LndPGD": 0.0, "LndProb": 0.0, "SufFltRuptPGD": 29.523393630981445, "SurfFltRuptProb": 0.5, "PDsNone": 0.2809, "PDsSlight": 0.1366, "PDsModerate": 0.1205, "PDsExtensive": 0.2124, "PDsComplete": 0.2494, "PDsExceedSlight": 0.719, "PDsExceedModerate": 0.5824, "PDsExceedExtensive": 0.4618, "FunctDay1": 43.0, "FunctDay3": 50.0, "FunctDay7": 54.8, "FunctDay14": 55.9, "FunctDay30": 57.6, "FunctDay90": 69.9, "EconLoss": 129981.5078125, "Name": "'SYCAMORE CREEK'", "City": "null", "State": "null" }, "geometry": { "type": "Point", "coordinates": [ -121.981314, 37.811578 ] } },
{ "type": "Feature", "properties": { "FacilityType": "HighwayBridge", "FacilityId": "CA007382", "Anchor": "null", "FoundationType": "null", "eqBldgType": "null", "DesignLevel": "null", "SoilType": "D", "LqfSusCat": 0, "LndSusCat": 0, "WaterDepth": 5.0, "Distance": "null", "PGA": 0.80793517827987671, "PGV": 31.580192565917969, "Sa03": 1.929023265838623, "Sa10": 0.87694799900054932, "LqfSettlPGD": 0.0, "LqfSprPGD": 0.0, "LqfProb": 0.0, "LndPGD": 0.0, "LndProb": 0.0, "SufFltRuptPGD": 29.523393630981445, "SurfFltRuptProb": 0.5, "PDsNone": 0.4391, "PDsSlight": 0.1152, "PDsModerate": 0.1158, "PDsExtensive": 0.1761, "PDsComplete": 0.1535, "PDsExceedSlight": 0.5608, "PDsExceedModerate": 0.4455, "PDsExceedExtensive": 0.3297, "FunctDay1": 56.8, "FunctDay3": 63.1, "FunctDay7": 67.7, "FunctDay14": 68.6, "FunctDay30": 70.0, "FunctDay90": 79.8, "EconLoss": 170912.515625, "Name": "'CONTRA COSTA CANAL'", "City": "null", "State": "null" }, "geometry": { "type": "Point", "coordinates": [ -122.076772, 37.967397 ] } },
{ "type": "Feature", "properties": { "FacilityType": "HighwayBridge", "FacilityId": "CA007383", "Anchor": "null", "FoundationType": "null", "eqBldgType": "null", "DesignLevel": "null", "SoilType": "D", "LqfSusCat": 0, "LndSusCat": 0, "WaterDepth": 5.0, "Distance": "null", "PGA": 0.80157685279846191, "PGV": 43.148735046386719, "Sa03": 1.9964525699615479, "Sa10": 1.3447792530059814, "LqfSettlPGD": 0.0, "LqfSprPGD": 0.0, "LqfProb": 0.0, "LndPGD": 0.0, "LndProb": 0.0, "SufFltRuptPGD": 29.523393630981445, "SurfFltRuptProb": 0.5, "PDsNone": 0.1933, "PDsSlight": 0.1174, "PDsModerate": 0.1139, "PDsExtensive": 0.2272, "PDsComplete": 0.348, "PDsExceedSlight": 0.8066, "PDsExceedModerate": 0.6892, "PDsExceedExtensive": 0.5752, "FunctDay1": 32.9, "FunctDay3": 39.2, "FunctDay7": 43.8, "FunctDay14": 44.9, "FunctDay30": 46.8, "FunctDay90": 60.5, "EconLoss": 626785.875, "Name": "'GRAYSON CREEK'", "City": "null", "State": "null" }, "geometry": { "type": "Point", "coordinates": [ -122.066783, 37.966519 ] } },
{ "type": "Feature", "properties": { "FacilityType": "HighwayBridge", "FacilityId": "CA007384", "Anchor": "null", "FoundationType": "null", "eqBldgType": "null", "DesignLevel": "null", "SoilType": "D", "LqfSusCat": 0, "LndSusCat": 0, "WaterDepth": 5.0, "Distance": "null", "PGA": 0.80157685279846191, "PGV": 43.148735046386719, "Sa03": 1.9964525699615479, "Sa10": 1.3447792530059814, "LqfSettlPGD": 0.0, "LqfSprPGD": 0.0, "LqfProb": 0.0, "LndPGD": 0.0, "LndProb": 0.0, "SufFltRuptPGD": 29.523393630981445, "SurfFltRuptProb": 0.5, "PDsNone": 0.1933, "PDsSlight": 0.1162, "PDsModerate": 0.1138, "PDsExtensive": 0.2273, "PDsComplete": 0.3491, "PDsExceedSlight": 0.8066, "PDsExceedModerate": 0.6903, "PDsExceedExtensive": 0.5765, "FunctDay1": 32.8, "FunctDay3": 39.1, "FunctDay7": 43.7, "FunctDay14": 44.8, "FunctDay30": 46.7, "FunctDay90": 60.4, "EconLoss": 304577.84375, "Name": "'GRAYSON CREEK'", "City": "null", "State": "null" }, "geometry": { "type": "Point", "coordinates": [ -122.066283, 37.959933 ] } },
{ "type": "Feature", "properties": { "FacilityType": "HighwayBridge", "FacilityId": "CA007385", "Anchor": "null", "FoundationType": "null", "eqBldgType": "null", "DesignLevel": "null", "SoilType": "D", "LqfSusCat": 0, "LndSusCat": 0, "WaterDepth": 5.0, "Distance": "null", "PGA": 0.80157685279846191, "PGV": 43.148735046386719, "Sa03": 1.9964525699615479, "Sa10": 1.3447792530059814, "LqfSettlPGD": 0.0, "LqfSprPGD": 0.0, "LqfProb": 0.0, "LndPGD": 0.0, "LndProb": 0.0, "SufFltRuptPGD": 29.523393630981445, "SurfFltRuptProb": 0.5, "PDsNone": 0.1933, "PDsSlight": 0.1027, "PDsModerate": 0.1122, "PDsExtensive": 0.2279, "PDsComplete": 0.3636, "PDsExceedSlight": 0.8066, "PDsExceedModerate": 0.7038, "PDsExceedExtensive": 0.5916, "FunctDay1": 31.8, "FunctDay3": 37.7, "FunctDay7": 42.2, "FunctDay14": 43.3, "FunctDay30": 45.3, "FunctDay90": 59.0, "EconLoss": 318069.65625, "Name": "'GRAYSON CREEK'", "City": "null", "State": "null" }, "geometry": { "type": "Point", "coordinates": [ -122.073397, 37.956578 ] } },
{ "type": "Feature", "properties": { "FacilityType": "HighwayBridge", "FacilityId": "CA007386", "Anchor": "null", "FoundationType": "null", "eqBldgType": "null", "DesignLevel": "null", "SoilType": "D", "LqfSusCat": 0, "LndSusCat": 0, "WaterDepth": 5.0, "Distance": "null", "PGA": 0.80157685279846191, "PGV": 43.148735046386719, "Sa03": 1.9964525699615479, "Sa10": 1.3447792530059814, "LqfSettlPGD": 0.0, "LqfSprPGD": 0.0, "LqfProb": 0.0, "LndPGD": 0.0, "LndProb": 0.0, "SufFltRuptPGD": 29.523393630981445, "SurfFltRuptProb": 0.5, "PDsNone": 0.1933, "PDsSlight": 0.1174, "PDsModerate": 0.1139, "PDsExtensive": 0.2272, "PDsComplete": 0.348, "PDsExceedSlight": 0.8066, "PDsExceedModerate": 0.6892, "PDsExceedExtensive": 0.5752, "FunctDay1": 32.9, "FunctDay3": 39.2, "FunctDay7": 43.8, "FunctDay14": 44.9, "FunctDay30": 46.8, "FunctDay90": 60.5, "EconLoss": 220232.375, "Name": "'GRAYSON CREEK'", "City": "null", "State": "null" }, "geometry": { "type": "Point", "coordinates": [ -122.074556, 37.955883 ] } },
{ "type": "Feature", "properties": { "FacilityType": "HighwayBridge", "FacilityId": "CA007387", "Anchor": "null", "FoundationType": "null", "eqBldgType": "null", "DesignLevel": "null", "SoilType": "D", "LqfSusCat": 0, "LndSusCat": 0, "WaterDepth": 5.0, "Distance": "null", "PGA": 0.81645458936691284, "PGV": 37.333194732666016, "Sa03": 2.0122029781341553, "Sa10": 1.001726508140564, "LqfSettlPGD": 0.0, "LqfSprPGD": 0.0, "LqfProb": 0.0, "LndPGD": 0.0, "LndProb": 0.0, "SufFltRuptPGD": 29.523393630981445, "SurfFltRuptProb": 0.5, "PDsNone": 0.3539, "PDsSlight": 0.1349, "PDsModerate": 0.1198, "PDsExtensive": 0.1954, "PDsComplete": 0.1958, "PDsExceedSlight": 0.646, "PDsExceedModerate": 0.5111, "PDsExceedExtensive": 0.3913, "FunctDay1": 50.0, "FunctDay3": 56.9, "FunctDay7": 61.7, "FunctDay14": 62.7, "FunctDay30": 64.3, "FunctDay90": 75.3, "EconLoss": 182355.25, "Name": "'PINOLE CREEK'", "City": "null", "State": "null" }, "geometry": { "type": "Point", "coordinates": [ -122.283836, 37.990842 ] } },
{ "type": "Feature", "properties": { "FacilityType": "HighwayBridge", "FacilityId": "CA007388", "Anchor": "null", "FoundationType": "null", "eqBldgType": "null", "DesignLevel": "null", "SoilType": "D", "LqfSusCat": 0, "LndSusCat": 0, "WaterDepth": 5.0, "Distance": "null", "PGA": 0.81645458936691284, "PGV": 37.333194732666016, "Sa03": 2.0122029781341553, "Sa10": 1.001726508140564, "LqfSettlPGD": 0.0, "LqfSprPGD": 0.0, "LqfProb": 0.0, "LndPGD": 0.0, "LndProb": 0.0, "SufFltRuptPGD": 29.523393630981445, "SurfFltRuptProb": 0.5, "PDsNone": 0.1964, "PDsSlight": 0.1862, "PDsModerate": 0.1316, "PDsExtensive": 0.1954, "PDsComplete": 0.2901, "PDsExceedSlight": 0.8035, "PDsExceedModerate": 0.6172, "PDsExceedExtensive": 0.4855, "FunctDay1": 38.6, "FunctDay3": 47.2, "FunctDay7": 52.4, "FunctDay14": 53.5, "FunctDay30": 55.1, "FunctDay90": 66.8, "EconLoss": 375217.3125, "Name": "'PINOLE CREEK'", "City": "null", "State": "null" }, "geometry": { "type": "Point", "coordinates": [ -122.279764, 37.985361 ] } },
{ "type": "Feature", "properties": { "FacilityType": "HighwayBridge", "FacilityId": "CA007389", "Anchor": "null", "FoundationType": "null", "eqBldgType": "null", "DesignLevel": "null", "SoilType": "D", "LqfSusCat": 0, "LndSusCat": 0, "WaterDepth": 5.0, "Distance": "null", "PGA": 0.90310841798782349, "PGV": 42.278400421142578, "Sa03": 2.2275204658508301, "Sa10": 1.1406011581420898, "LqfSettlPGD": 0.0, "LqfSprPGD": 0.0, "LqfProb": 0.0, "LndPGD": 0.0, "LndProb": 0.0, "SufFltRuptPGD": 29.523393630981445, "SurfFltRuptProb": 0.5, "PDsNone": 0.2772, "PDsSlight": 0.131, "PDsModerate": 0.1203, "PDsExtensive": 0.2142, "PDsComplete": 0.257, "PDsExceedSlight": 0.7227, "PDsExceedModerate": 0.5917, "PDsExceedExtensive": 0.4713, "FunctDay1": 42.3, "FunctDay3": 49.1, "FunctDay7": 53.9, "FunctDay14": 55.0, "FunctDay30": 56.7, "FunctDay90": 69.1, "EconLoss": 78743.953125, "Name": "'SAN PABLO CREEK'", "City": "null", "State": "null" }, "geometry": { "type": "Point", "coordinates": [ -122.281008, 37.961794 ] } },
{ "type": "Feature", "properties": { "FacilityType": "HighwayBridge", "FacilityId": "CA007390", "Anchor": "null", "FoundationType": "null", "eqBldgType": "null", "DesignLevel": "null", "SoilType": "D", "LqfSusCat": 0, "LndSusCat": 0, "WaterDepth": 5.0, "Distance": "null", "PGA": 0.90310841798782349, "PGV": 42.278400421142578, "Sa03": 2.2275204658508301, "Sa10": 1.1406011581420898, "LqfSettlPGD": 0.0, "LqfSprPGD": 0.0, "LqfProb": 0.0, "LndPGD": 0.0, "LndProb": 0.0, "SufFltRuptPGD": 29.523393630981445, "SurfFltRuptProb": 0.5, "PDsNone": 0.2772, "PDsSlight": 0.131, "PDsModerate": 0.1203, "PDsExtensive": 0.2142, "PDsComplete": 0.257, "PDsExceedSlight": 0.7227, "PDsExceedModerate": 0.5917, "PDsExceedExtensive": 0.4713, "FunctDay1": 42.3, "FunctDay3": 49.1, "FunctDay7": 53.9, "FunctDay14": 55.0, "FunctDay30": 56.7, "FunctDay90": 69.1, "EconLoss": 78743.953125, "Name": "'SAN PABLO CREEK'", "City": "null", "State": "null" }, "geometry": { "type": "Point", "coordinates": [ -122.296678, 37.964869 ] } },
{ "type": "Feature", "properties": { "FacilityType": "HighwayBridge", "FacilityId": "CA007391", "Anchor": "null", "FoundationType": "null", "eqBldgType": "null", "DesignLevel": "null", "SoilType": "D", "LqfSusCat": 0, "LndSusCat": 0, "WaterDepth": 5.0, "Distance": "null", "PGA": 0.83762073516845703, "PGV": 37.623123168945313, "Sa03": 2.1028585433959961, "Sa10": 1.1015702486038208, "LqfSettlPGD": 0.0, "LqfSprPGD": 0.0, "LqfProb": 0.0, "LndPGD": 0.0, "LndProb": 0.0, "SufFltRuptPGD": 29.523393630981445, "SurfFltRuptProb": 0.5, "PDsNone": 0.2608, "PDsSlight": 0.0, "PDsModerate": 0.0, "PDsExtensive": 0.2381, "PDsComplete": 0.5009, "PDsExceedSlight": 0.7391, "PDsExceedModerate": 0.7391, "PDsExceedExtensive": 0.7391, "FunctDay1": 27.9, "FunctDay3": 28.0, "FunctDay7": 28.4, "FunctDay14": 29.0, "FunctDay30": 31.1, "FunctDay90": 46.3, "EconLoss": 534459.25, "Name": "'LAS TRAMPAS CREEK'", "City": "null", "State": "null" }, "geometry": { "type": "Point", "coordinates": [ -122.097236, 37.886878 ] } },
{ "type": "Feature", "properties": { "FacilityType": "HighwayBridge", "FacilityId": "CA007392", "Anchor": "null", "FoundationType": "null", "eqBldgType": "null", "DesignLevel": "null", "SoilType": "D", "LqfSusCat": 0, "LndSusCat": 0, "WaterDepth": 5.0, "Distance": "null", "PGA": 0.9165540337562561, "PGV": 40.859645843505859, "Sa03": 2.2892262935638428, "Sa10": 1.1638702154159546, "LqfSettlPGD": 0.0, "LqfSprPGD": 0.0, "LqfProb": 0.0, "LndPGD": 0.0, "LndProb": 0.0, "SufFltRuptPGD": 29.523393630981445, "SurfFltRuptProb": 0.5, "PDsNone": 0.266, "PDsSlight": 0.1341, "PDsModerate": 0.1201, "PDsExtensive": 0.2158, "PDsComplete": 0.2638, "PDsExceedSlight": 0.7339, "PDsExceedModerate": 0.5998, "PDsExceedExtensive": 0.4796, "FunctDay1": 41.4, "FunctDay3": 48.3, "FunctDay7": 53.1, "FunctDay14": 54.2, "FunctDay30": 55.9, "FunctDay90": 68.5, "EconLoss": 266013.84375, "Name": "'PINE CREEK'", "City": "null", "State": "null" }, "geometry": { "type": "Point", "coordinates": [ -122.010222, 37.917822 ] } },
{ "type": "Feature", "properties": { "FacilityType": "HighwayBridge", "FacilityId": "CA007393", "Anchor": "null", "FoundationType": "null", "eqBldgType": "null", "DesignLevel": "null", "SoilType": "D", "LqfSusCat": 0, "LndSusCat": 0, "WaterDepth": 5.0, "Distance": "null", "PGA": 0.83762073516845703, "PGV": 37.623123168945313, "Sa03": 2.1028585433959961, "Sa10": 1.1015702486038208, "LqfSettlPGD": 0.0, "LqfSprPGD": 0.0, "LqfProb": 0.0, "LndPGD": 0.0, "LndProb": 0.0, "SufFltRuptPGD": 29.523393630981445, "SurfFltRuptProb": 0.5, "PDsNone": 0.2567, "PDsSlight": 0.0, "PDsModerate": 0.0, "PDsExtensive": 0.2372, "PDsComplete": 0.506, "PDsExceedSlight": 0.7432, "PDsExceedModerate": 0.7432, "PDsExceedExtensive": 0.7432, "FunctDay1": 27.5, "FunctDay3": 27.6, "FunctDay7": 28.0, "FunctDay14": 28.6, "FunctDay30": 30.7, "FunctDay90": 45.9, "EconLoss": 1250729.75, "Name": "'LAS TRAMPAS CREEK'", "City": "null", "State": "null" }, "geometry": { "type": "Point", "coordinates": [ -122.1027, 37.889742 ] } },
{ "type": "Feature", "properties": { "FacilityType": "HighwayBridge", "FacilityId": "CA007394", "Anchor": "null", "FoundationType": "null", "eqBldgType": "null", "DesignLevel": "null", "SoilType": "D", "LqfSusCat": 0, "LndSusCat": 0, "WaterDepth": 5.0, "Distance": "null", "PGA": 0.57236021757125854, "PGV": 23.94725227355957, "Sa03": 1.4608070850372314, "Sa10": 0.72987604141235352, "LqfSettlPGD": 0.0, "LqfSprPGD": 0.0, "LqfProb": 0.0, "LndPGD": 0.0, "LndProb": 0.0, "SufFltRuptPGD": 29.523393630981445, "SurfFltRuptProb": 0.5, "PDsNone": 0.5607, "PDsSlight": 0.1393, "PDsModerate": 0.0962, "PDsExtensive": 0.1242, "PDsComplete": 0.0793, "PDsExceedSlight": 0.4392, "PDsExceedModerate": 0.2998, "PDsExceedExtensive": 0.2036, "FunctDay1": 69.9, "FunctDay3": 76.2, "FunctDay7": 79.9, "FunctDay14": 80.7, "FunctDay30": 81.6, "FunctDay90": 88.3, "EconLoss": 38415.265625, "Name": "'LAKE ALHAMBRA'", "City": "null", "State": "null" }, "geometry": { "type": "Point", "coordinates": [ -121.795794, 38.0101 ] } },
{ "type": "Feature", "properties": { "FacilityType": "HighwayBridge", "FacilityId": "CA007395", "Anchor": "null", "FoundationType": "null", "eqBldgType": "null", "DesignLevel": "null", "SoilType": "D", "LqfSusCat": 0, "LndSusCat": 0, "WaterDepth": 5.0, "Distance": "null", "PGA": 0.62511557340621948, "PGV": 26.522377014160156, "Sa03": 1.5736724138259888, "Sa10": 0.79263198375701904, "LqfSettlPGD": 0.0, "LqfSprPGD": 0.0, "LqfProb": 0.0, "LndPGD": 0.0, "LndProb": 0.0, "SufFltRuptPGD": 29.523393630981445, "SurfFltRuptProb": 0.5, "PDsNone": 0.5061, "PDsSlight": 0.0992, "PDsModerate": 0.1106, "PDsExtensive": 0.1591, "PDsComplete": 0.1246, "PDsExceedSlight": 0.4938, "PDsExceedModerate": 0.3945, "PDsExceedExtensive": 0.2838, "FunctDay1": 62.0, "FunctDay3": 67.8, "FunctDay7": 72.1, "FunctDay14": 73.0, "FunctDay30": 74.2, "FunctDay90": 83.0, "EconLoss": 300070.03125, "Name": "'CONTRA COSTA CANAL'", "City": "null", "State": "null" }, "geometry": { "type": "Point", "coordinates": [ -121.8295, 37.982997 ] } },
{ "type": "Feature", "properties": { "FacilityType": "HighwayBridge", "FacilityId": "CA007396", "Anchor": "null", "FoundationType": "null", "eqBldgType": "null", "DesignLevel": "null", "SoilType": "D", "LqfSusCat": 0, "LndSusCat": 0, "WaterDepth": 5.0, "Distance": "null", "PGA": 0.62511557340621948, "PGV": 26.522377014160156, "Sa03": 1.5736724138259888, "Sa10": 0.79263198375701904, "LqfSettlPGD": 0.0, "LqfSprPGD": 0.0, "LqfProb": 0.0, "LndPGD": 0.0, "LndProb": 0.0, "SufFltRuptPGD": 29.523393630981445, "SurfFltRuptProb": 0.5, "PDsNone": 0.5061, "PDsSlight": 0.1445, "PDsModerate": 0.1045, "PDsExtensive": 0.1429, "PDsComplete": 0.1017, "PDsExceedSlight": 0.4938, "PDsExceedModerate": 0.3492, "PDsExceedExtensive": 0.2447, "FunctDay1": 65.1, "FunctDay3": 71.8, "FunctDay7": 75.9, "FunctDay14": 76.8, "FunctDay30": 77.8, "FunctDay90": 85.6, "EconLoss": 102399.78125, "Name": "'CONTRA COSTA CANAL'", "City": "null", "State": "null" }, "geometry": { "type": "Point", "coordinates": [ -121.84015, 37.989658 ] } },
{ "type": "Feature", "properties": { "FacilityType": "HighwayBridge", "FacilityId": "CA007397", "Anchor": "null", "FoundationType": "null", "eqBldgType": "null", "DesignLevel": "null", "SoilType": "D", "LqfSusCat": 0, "LndSusCat": 0, "WaterDepth": 5.0, "Distance": "null", "PGA": 0.88323330879211426, "PGV": 36.366287231445313, "Sa03": 2.186204195022583, "Sa10": 0.97695797681808472, "LqfSettlPGD": 0.0, "LqfSprPGD": 0.0, "LqfProb": 0.0, "LndPGD": 0.0, "LndProb": 0.0, "SufFltRuptPGD": 29.523393630981445, "SurfFltRuptProb": 0.5, "PDsNone": 0.3695, "PDsSlight": 0.0317, "PDsModerate": 0.1201, "PDsExtensive": 0.2156, "PDsComplete": 0.2629, "PDsExceedSlight": 0.6304, "PDsExceedModerate": 0.5986, "PDsExceedExtensive": 0.4785, "FunctDay1": 44.1, "FunctDay3": 48.4, "FunctDay7": 53.2, "FunctDay14": 54.3, "FunctDay30": 56.1, "FunctDay90": 68.5, "EconLoss": 92790.5546875, "Name": "'GALINDO CREEK'", "City": "null", "State": "null" }, "geometry": { "type": "Point", "coordinates": [ -122.007336, 37.960919 ] } },
{ "type": "Feature", "properties": { "FacilityType": "HighwayBridge", "FacilityId": "CA007398", "Anchor": "null", "FoundationType": "null", "eqBldgType": "null", "DesignLevel": "null", "SoilType": "D", "LqfSusCat": 0, "LndSusCat": 0, "WaterDepth": 5.0, "Distance": "null", "PGA": 0.73787307739257813, "PGV": 30.089466094970703, "Sa03": 1.7736649513244629, "Sa10": 0.85006433725357056, "LqfSettlPGD": 0.0, "LqfSprPGD": 0.0, "LqfProb": 0.0, "LndPGD": 0.0, "LndProb": 0.0, "SufFltRuptPGD": 29.523393630981445, "SurfFltRuptProb": 0.5, "PDsNone": 0.4597, "PDsSlight": 0.1269, "PDsModerate": 0.1127, "PDsExtensive": 0.1656, "PDsComplete": 0.1349, "PDsExceedSlight": 0.5402, "PDsExceedModerate": 0.4133, "PDsExceedExtensive": 0.3005, "FunctDay1": 59.6, "FunctDay3": 66.1, "FunctDay7": 70.5, "FunctDay14": 71.4, "FunctDay30": 72.7, "FunctDay90": 81.8, "EconLoss": 109641.40625, "Name": "'ALAMO CREEK'", "City": "null", "State": "null" }, "geometry": { "type": "Point", "coordinates": [ -121.916164, 37.739067 ] } },
{ "type": "Feature", "properties": { "FacilityType": "HighwayBridge", "FacilityId": "CA007399", "Anchor": "null", "FoundationType": "null", "eqBldgType": "null", "DesignLevel": "null", "SoilType": "D", "LqfSusCat": 0, "LndSusCat": 0, "WaterDepth": 5.0, "Distance": "null", "PGA": 0.78982573747634888, "PGV": 39.467784881591797, "Sa03": 1.9969159364700317, "Sa10": 1.1809400320053101, "LqfSettlPGD": 0.0, "LqfSprPGD": 0.0, "LqfProb": 0.0, "LndPGD": 0.0, "LndProb": 0.0, "SufFltRuptPGD": 29.523393630981445, "SurfFltRuptProb": 0.5, "PDsNone": 0.2581, "PDsSlight": 0.1326, "PDsModerate": 0.1198, "PDsExtensive": 0.2174, "PDsComplete": 0.2718, "PDsExceedSlight": 0.7418, "PDsExceedModerate": 0.6091, "PDsExceedExtensive": 0.4893, "FunctDay1": 40.5, "FunctDay3": 47.4, "FunctDay7": 52.2, "FunctDay14": 53.3, "FunctDay30": 55.0, "FunctDay90": 67.7, "EconLoss": 154302.875, "Name": "'SOUTH SAN RAMON CREEK'", "City": "null", "State": "null" }, "geometry": { "type": "Point", "coordinates": [ -121.937953, 37.740764 ] } },
{ "type": "Feature", "properties": { "FacilityType": "HighwayBridge", "FacilityId": "CA007400", "Anchor": "null", "FoundationType": "null", "eqBldgType": "null", "DesignLevel": "null", "SoilType": "D", "LqfSusCat": 0, "LndSusCat": 0, "WaterDepth": 5.0, "Distance": "null", "PGA": 0.78982573747634888, "PGV": 39.467784881591797, "Sa03": 1.9969159364700317, "Sa10": 1.1809400320053101, "LqfSettlPGD": 0.0, "LqfSprPGD": 0.0, "LqfProb": 0.0, "LndPGD": 0.0, "LndProb": 0.0, "SufFltRuptPGD": 29.523393630981445, "SurfFltRuptProb": 0.5, "PDsNone": 0.2581, "PDsSlight": 0.1326, "PDsModerate": 0.1198, "PDsExtensive": 0.2174, "PDsComplete": 0.2718, "PDsExceedSlight": 0.7418, "PDsExceedModerate": 0.6091, "PDsExceedExtensive": 0.4893, "FunctDay1": 40.5, "FunctDay3": 47.4, "FunctDay7": 52.2, "FunctDay14": 53.3, "FunctDay30": 55.0, "FunctDay90": 67.7, "EconLoss": 133488.703125, "Name": "'SOUTH SAN RAMON CREEK'", "City": "null", "State": "null" }, "geometry": { "type": "Point", "coordinates": [ -121.947211, 37.753611 ] } },
{ "type": "Feature", "properties": { "FacilityType": "HighwayBridge", "FacilityId": "CA007401", "Anchor": "null", "FoundationType": "null", "eqBldgType": "null", "DesignLevel": "null", "SoilType": "D", "LqfSusCat": 0, "LndSusCat": 0, "WaterDepth": 5.0, "Distance": "null", "PGA": 0.90310841798782349, "PGV": 42.278400421142578, "Sa03": 2.2275204658508301, "Sa10": 1.1406011581420898, "LqfSettlPGD": 0.0, "LqfSprPGD": 0.0, "LqfProb": 0.0, "LndPGD": 0.0, "LndProb": 0.0, "SufFltRuptPGD": 29.523393630981445, "SurfFltRuptProb": 0.5, "PDsNone": 0.2772, "PDsSlight": 0.0727, "PDsModerate": 0.1175, "PDsExtensive": 0.2235, "PDsComplete": 0.3089, "PDsExceedSlight": 0.7227, "PDsExceedModerate": 0.65, "PDsExceedExtensive": 0.5325, "FunctDay1": 38.0, "FunctDay3": 43.3, "FunctDay7": 48.0, "FunctDay14": 49.1, "FunctDay30": 50.9, "FunctDay90": 64.1, "EconLoss": 106047.640625, "Name": "'WILDCAT CREEK'", "City": "null", "State": "null" }, "geometry": { "type": "Point", "coordinates": [ -122.316342, 37.950994 ] } },
{ "type": "Feature", "properties": { "FacilityType": "HighwayBridge", "FacilityId": "CA007402", "Anchor": "null", "FoundationType": "null", "eqBldgType": "null", "DesignLevel": "null", "SoilType": "D", "LqfSusCat": 0, "LndSusCat": 0, "WaterDepth": 5.0, "Distance": "null", "PGA": 0.88323330879211426, "PGV": 36.366287231445313, "Sa03": 2.186204195022583, "Sa10": 0.97695797681808472, "LqfSettlPGD": 0.0, "LqfSprPGD": 0.0, "LqfProb": 0.0, "LndPGD": 0.0, "LndProb": 0.0, "SufFltRuptPGD": 29.523393630981445, "SurfFltRuptProb": 0.5, "PDsNone": 0.3695, "PDsSlight": 0.1459, "PDsModerate": 0.1186, "PDsExtensive": 0.1879, "PDsComplete": 0.1779, "PDsExceedSlight": 0.6304, "PDsExceedModerate": 0.4845, "PDsExceedExtensive": 0.3659, "FunctDay1": 52.3, "FunctDay3": 59.5, "FunctDay7": 64.2, "FunctDay14": 65.2, "FunctDay30": 66.6, "FunctDay90": 77.2, "EconLoss": 80585.640625, "Name": "'CONTRA COSTA CANAL'", "City": "null", "State": "null" }, "geometry": { "type": "Point", "coordinates": [ -122.017378, 37.974544 ] } },
{ "type": "Feature", "properties": { "FacilityType": "HighwayBridge", "FacilityId": "CA007403", "Anchor": "null", "FoundationType": "null", "eqBldgType": "null", "DesignLevel": "null", "SoilType": "D", "LqfSusCat": 0, "LndSusCat": 0, "WaterDepth": 5.0, "Distance": "null", "PGA": 0.76457589864730835, "PGV": 33.199306488037109, "Sa03": 1.8811763525009155, "Sa10": 0.93338006734848022, "LqfSettlPGD": 0.0, "LqfSprPGD": 0.0, "LqfProb": 0.0, "LndPGD": 0.0, "LndProb": 0.0, "SufFltRuptPGD": 29.523393630981445, "SurfFltRuptProb": 0.5, "PDsNone": 0.3985, "PDsSlight": 0.1265, "PDsModerate": 0.118, "PDsExtensive": 0.1851, "PDsComplete": 0.1717, "PDsExceedSlight": 0.6014, "PDsExceedModerate": 0.4748, "PDsExceedExtensive": 0.3568, "FunctDay1": 53.7, "FunctDay3": 60.4, "FunctDay7": 65.0, "FunctDay14": 66.0, "FunctDay30": 67.5, "FunctDay90": 77.8, "EconLoss": 70098.1328125, "Name": "'RODEO CREEK'", "City": "null", "State": "null" }, "geometry": { "type": "Point", "coordinates": [ -122.256619, 38.018344 ] } },
{ "type": "Feature", "properties": { "FacilityType": "HighwayBridge", "FacilityId": "CA007404", "Anchor": "null", "FoundationType": "null", "eqBldgType": "null", "DesignLevel": "null", "SoilType": "D", "LqfSusCat": 0, "LndSusCat": 0, "WaterDepth": 5.0, "Distance": "null", "PGA": 0.86473178863525391, "PGV": 34.965812683105469, "Sa03": 2.0895538330078125, "Sa10": 0.97678053379058838, "LqfSettlPGD": 0.0, "LqfSprPGD": 0.0, "LqfProb": 0.0, "LndPGD": 0.0, "LndProb": 0.0, "SufFltRuptPGD": 29.523393630981445, "SurfFltRuptProb": 0.5, "PDsNone": 0.3696, "PDsSlight": 0.1446, "PDsModerate": 0.1186, "PDsExtensive": 0.1882, "PDsComplete": 0.1786, "PDsExceedSlight": 0.6303, "PDsExceedModerate": 0.4856, "PDsExceedExtensive": 0.3669, "FunctDay1": 52.2, "FunctDay3": 59.3, "FunctDay7": 64.0, "FunctDay14": 65.1, "FunctDay30": 66.5, "FunctDay90": 77.1, "EconLoss": 139347.875, "Name": "'GREEN VALLEY CREEK'", "City": "null", "State": "null" }, "geometry": { "type": "Point", "coordinates": [ -121.985325, 37.830642 ] } },
{ "type": "Feature", "properties": { "FacilityType": "HighwayBridge", "FacilityId": "CA007405", "Anchor": "null", "FoundationType": "null", "eqBldgType": "null", "DesignLevel": "null", "SoilType": "D", "LqfSusCat": 0, "LndSusCat": 0, "WaterDepth": 5.0, "Distance": "null", "PGA": 0.8453102707862854, "PGV": 39.551097869873047, "Sa03": 2.1369194984436035, "Sa10": 1.1330232620239258, "LqfSettlPGD": 0.0, "LqfSprPGD": 0.0, "LqfProb": 0.0, "LndPGD": 0.0, "LndProb": 0.0, "SufFltRuptPGD": 29.523393630981445, "SurfFltRuptProb": 0.5, "PDsNone": 0.2809, "PDsSlight": 0.1366, "PDsModerate": 0.1205, "PDsExtensive": 0.2124, "PDsComplete": 0.2494, "PDsExceedSlight": 0.719, "PDsExceedModerate": 0.5824, "PDsExceedExtensive": 0.4618, "FunctDay1": 43.0, "FunctDay3": 50.0, "FunctDay7": 54.8, "FunctDay14": 55.9, "FunctDay30": 57.6, "FunctDay90": 69.9, "EconLoss": 200958.21875, "Name": "'SYCAMORE CREEK'", "City": "null", "State": "null" }, "geometry": { "type": "Point", "coordinates": [ -121.976781, 37.812231 ] } },
{ "type": "Feature", "properties": { "FacilityType": "HighwayBridge", "FacilityId": "CA007406", "Anchor": "null", "FoundationType": "null", "eqBldgType": "null", "DesignLevel": "null", "SoilType": "D", "LqfSusCat": 0, "LndSusCat": 0, "WaterDepth": 5.0, "Distance": "null", "PGA": 0.79151904582977295, "PGV": 33.319019317626953, "Sa03": 1.9485336542129517, "Sa10": 0.94590359926223755, "LqfSettlPGD": 0.0, "LqfSprPGD": 0.0, "LqfProb": 0.0, "LndPGD": 0.0, "LndProb": 0.0, "SufFltRuptPGD": 29.523393630981445, "SurfFltRuptProb": 0.5, "PDsNone": 0.39, "PDsSlight": 0.1468, "PDsModerate": 0.1172, "PDsExtensive": 0.1815, "PDsComplete": 0.1642, "PDsExceedSlight": 0.6099, "PDsExceedModerate": 0.463, "PDsExceedExtensive": 0.3458, "FunctDay1": 54.3, "FunctDay3": 61.5, "FunctDay7": 66.1, "FunctDay14": 67.1, "FunctDay30": 68.5, "FunctDay90": 78.6, "EconLoss": 124159.0625, "Name": "'SYCAMORE CREEK'", "City": "null", "State": "null" }, "geometry": { "type": "Point", "coordinates": [ -121.97375, 37.813497 ] } },
{ "type": "Feature", "properties": { "FacilityType": "HighwayBridge", "FacilityId": "CA007407", "Anchor": "null", "FoundationType": "null", "eqBldgType": "null", "DesignLevel": "null", "SoilType": "D", "LqfSusCat": 0, "LndSusCat": 0, "WaterDepth": 5.0, "Distance": "null", "PGA": 0.79151904582977295, "PGV": 33.319019317626953, "Sa03": 1.9485336542129517, "Sa10": 0.94590359926223755, "LqfSettlPGD": 0.0, "LqfSprPGD": 0.0, "LqfProb": 0.0, "LndPGD": 0.0, "LndProb": 0.0, "SufFltRuptPGD": 29.523393630981445, "SurfFltRuptProb": 0.5, "PDsNone": 0.39, "PDsSlight": 0.0991, "PDsModerate": 0.1198, "PDsExtensive": 0.1953, "PDsComplete": 0.1956, "PDsExceedSlight": 0.6099, "PDsExceedModerate": 0.5108, "PDsExceedExtensive": 0.391, "FunctDay1": 51.0, "FunctDay3": 57.0, "FunctDay7": 61.7, "FunctDay14": 62.8, "FunctDay30": 64.3, "FunctDay90": 75.3, "EconLoss": 311036.78125, "Name": "'SYCAMORE CREEK'", "City": "null", "State": "null" }, "geometry": { "type": "Point", "coordinates": [ -121.970669, 37.814708 ] } },
{ "type": "Feature", "properties": { "FacilityType": "HighwayBridge", "FacilityId": "CA007408", "Anchor": "null", "FoundationType": "null", "eqBldgType": "null", "DesignLevel": "null", "SoilType": "D", "LqfSusCat": 0, "LndSusCat": 0, "WaterDepth": 5.0, "Distance": "null", "PGA": 0.77480834722518921, "PGV": 35.311855316162109, "Sa03": 1.9298560619354248, "Sa10": 1.0328832864761353, "LqfSettlPGD": 0.0, "LqfSprPGD": 0.0, "LqfProb": 0.0, "LndPGD": 0.0, "LndProb": 0.0, "SufFltRuptPGD": 29.523393630981445, "SurfFltRuptProb": 0.5, "PDsNone": 0.1826, "PDsSlight": 0.2253, "PDsModerate": 0.1325, "PDsExtensive": 0.1914, "PDsComplete": 0.268, "PDsExceedSlight": 0.8173, "PDsExceedModerate": 0.592, "PDsExceedExtensive": 0.4594, "FunctDay1": 40.1, "FunctDay3": 49.7, "FunctDay7": 54.9, "FunctDay14": 56.1, "FunctDay30": 57.6, "FunctDay90": 69.0, "EconLoss": 395231.625, "Name": "'WALNUT CREEK'", "City": "null", "State": "null" }, "geometry": { "type": "Point", "coordinates": [ -122.056881, 37.998836 ] } },
{ "type": "Feature", "properties": { "FacilityType": "HighwayBridge", "FacilityId": "CA007409", "Anchor": "null", "FoundationType": "null", "eqBldgType": "null", "DesignLevel": "null", "SoilType": "D", "LqfSusCat": 0, "LndSusCat": 0, "WaterDepth": 5.0, "Distance": "null", "PGA": 0.52618581056594849, "PGV": 21.990455627441406, "Sa03": 1.3398592472076416, "Sa10": 0.67062509059906006, "LqfSettlPGD": 0.0, "LqfSprPGD": 0.0, "LqfProb": 0.0, "LndPGD": 0.0, "LndProb": 0.0, "SufFltRuptPGD": 29.523393630981445, "SurfFltRuptProb": 0.5, "PDsNone": 0.6156, "PDsSlight": 0.1316, "PDsModerate": 0.0866, "PDsExtensive": 0.1055, "PDsComplete": 0.0605, "PDsExceedSlight": 0.3843, "PDsExceedModerate": 0.2527, "PDsExceedExtensive": 0.166, "FunctDay1": 74.4, "FunctDay3": 80.2, "FunctDay7": 83.6, "FunctDay14": 84.3, "FunctDay30": 85.0, "FunctDay90": 90.7, "EconLoss": 90999.4375, "Name": "'CONTRA COSTA CANAL'", "City": "null", "State": "null" }, "geometry": { "type": "Point", "coordinates": [ -121.773181, 37.982881 ] } },
{ "type": "Feature", "properties": { "FacilityType": "HighwayBridge", "FacilityId": "CA007410", "Anchor": "null", "FoundationType": "null", "eqBldgType": "null", "DesignLevel": "null", "SoilType": "D", "LqfSusCat": 0, "LndSusCat": 0, "WaterDepth": 5.0, "Distance": "null", "PGA": 0.81645458936691284, "PGV": 37.333194732666016, "Sa03": 2.0122029781341553, "Sa10": 1.001726508140564, "LqfSettlPGD": 0.0, "LqfSprPGD": 0.0, "LqfProb": 0.0, "LndPGD": 0.0, "LndProb": 0.0, "SufFltRuptPGD": 29.523393630981445, "SurfFltRuptProb": 0.5, "PDsNone": 0.3539, "PDsSlight": 0.1436, "PDsModerate": 0.1194, "PDsExtensive": 0.193, "PDsComplete": 0.1898, "PDsExceedSlight": 0.646, "PDsExceedModerate": 0.5024, "PDsExceedExtensive": 0.3829, "FunctDay1": 50.6, "FunctDay3": 57.8, "FunctDay7": 62.5, "FunctDay14": 63.5, "FunctDay30": 65.0, "FunctDay90": 75.9, "EconLoss": 1240201.375, "Name": "'BNSF RY'", "City": "null", "State": "null" }, "geometry": { "type": "Point", "coordinates": [ -122.282339, 38.009664 ] } },
{ "type": "Feature", "properties": { "FacilityType": "HighwayBridge", "FacilityId": "CA007411", "Anchor": "null", "FoundationType": "null", "eqBldgType": "null", "DesignLevel": "null", "SoilType": "D", "LqfSusCat": 0, "LndSusCat": 0, "WaterDepth": 5.0, "Distance": "null", "PGA": 0.86473178863525391, "PGV": 34.965812683105469, "Sa03": 2.0895538330078125, "Sa10": 0.97678053379058838, "LqfSettlPGD": 0.0, "LqfSprPGD": 0.0, "LqfProb": 0.0, "LndPGD": 0.0, "LndProb": 0.0, "SufFltRuptPGD": 29.523393630981445, "SurfFltRuptProb": 0.5, "PDsNone": 0.3696, "PDsSlight": 0.1441, "PDsModerate": 0.1186, "PDsExtensive": 0.1884, "PDsComplete": 0.179, "PDsExceedSlight": 0.6303, "PDsExceedModerate": 0.4862, "PDsExceedExtensive": 0.3675, "FunctDay1": 52.2, "FunctDay3": 59.3, "FunctDay7": 64.0, "FunctDay14": 65.0, "FunctDay30": 66.5, "FunctDay90": 77.0, "EconLoss": 640243.0625, "Name": "'SAN RAMON CREEK'", "City": "null", "State": "null" }, "geometry": { "type": "Point", "coordinates": [ -122.005828, 37.828467 ] } },
{ "type": "Feature", "properties": { "FacilityType": "HighwayBridge", "FacilityId": "CA007412", "Anchor": "null", "FoundationType": "null", "eqBldgType": "null", "DesignLevel": "null", "SoilType": "D", "LqfSusCat": 0, "LndSusCat": 0, "WaterDepth": 5.0, "Distance": "null", "PGA": 0.6755908727645874, "PGV": 27.875143051147461, "Sa03": 1.6690680980682373, "Sa10": 0.80134338140487671, "LqfSettlPGD": 0.0, "LqfSprPGD": 0.0, "LqfProb": 0.0, "LndPGD": 0.0, "LndProb": 0.0, "SufFltRuptPGD": 29.523393630981445, "SurfFltRuptProb": 0.5, "PDsNone": 0.5765, "PDsSlight": 0.0, "PDsModerate": 0.1245, "PDsExtensive": 0.1507, "PDsComplete": 0.1481, "PDsExceedSlight": 0.4234, "PDsExceedModerate": 0.4234, "PDsExceedExtensive": 0.2989, "FunctDay1": 62.1, "FunctDay3": 65.7, "FunctDay7": 70.6, "FunctDay14": 71.5, "FunctDay30": 72.7, "FunctDay90": 81.2, "EconLoss": 1321910.625, "Name": "'UP RR PARKSIDE RAILROAD'", "City": "null", "State": "null" }, "geometry": { "type": "Point", "coordinates": [ -121.887017, 38.023483 ] } },
{ "type": "Feature", "properties": { "FacilityType": "HighwayBridge", "FacilityId": "CA007413", "Anchor": "null", "FoundationType": "null", "eqBldgType": "null", "DesignLevel": "null", "SoilType": "D", "LqfSusCat": 0, "LndSusCat": 0, "WaterDepth": 5.0, "Distance": "null", "PGA": 0.75382208824157715, "PGV": 34.681095123291016, "Sa03": 1.8925539255142212, "Sa10": 1.0495595932006836, "LqfSettlPGD": 0.0, "LqfSprPGD": 0.0, "LqfProb": 0.0, "LndPGD": 0.0, "LndProb": 0.0, "SufFltRuptPGD": 29.523393630981445, "SurfFltRuptProb": 0.5, "PDsNone": 0.3254, "PDsSlight": 0.1424, "PDsModerate": 0.1204, "PDsExtensive": 0.2009, "PDsComplete": 0.2107, "PDsExceedSlight": 0.6745, "PDsExceedModerate": 0.5321, "PDsExceedExtensive": 0.4116, "FunctDay1": 47.8, "FunctDay3": 54.9, "FunctDay7": 59.7, "FunctDay14": 60.8, "FunctDay30": 62.4, "FunctDay90": 73.8, "EconLoss": 243499.421875, "Name": "'WEST BRANCH ALAMO CREEK'", "City": "null", "State": "null" }, "geometry": { "type": "Point", "coordinates": [ -121.924011, 37.787389 ] } },
{ "type": "Feature", "properties": { "FacilityType": "HighwayBridge", "FacilityId": "CA007414", "Anchor": "null", "FoundationType": "null", "eqBldgType": "null", "DesignLevel": "null", "SoilType": "D", "LqfSusCat": 0, "LndSusCat": 0, "WaterDepth": 5.0, "Distance": "null", "PGA": 0.73787307739257813, "PGV": 30.089466094970703, "Sa03": 1.7736649513244629, "Sa10": 0.85006433725357056, "LqfSettlPGD": 0.0, "LqfSprPGD": 0.0, "LqfProb": 0.0, "LndPGD": 0.0, "LndProb": 0.0, "SufFltRuptPGD": 29.523393630981445, "SurfFltRuptProb": 0.5, "PDsNone": 0.4597, "PDsSlight": 0.1457, "PDsModerate": 0.1106, "PDsExtensive": 0.1591, "PDsComplete": 0.1246, "PDsExceedSlight": 0.5402, "PDsExceedModerate": 0.3945, "PDsExceedExtensive": 0.2838, "FunctDay1": 60.9, "FunctDay3": 67.8, "FunctDay7": 72.1, "FunctDay14": 73.0, "FunctDay30": 74.2, "FunctDay90": 83.0, "EconLoss": 362555.3125, "Name": "'ALAMO CREEK'", "City": "null", "State": "null" }, "geometry": { "type": "Point", "coordinates": [ -121.913656, 37.734319 ] } },
{ "type": "Feature", "properties": { "FacilityType": "HighwayBridge", "FacilityId": "CA007415", "Anchor": "null", "FoundationType": "null", "eqBldgType": "null", "DesignLevel": "null", "SoilType": "D", "LqfSusCat": 0, "LndSusCat": 0, "WaterDepth": 5.0, "Distance": "null", "PGA": 0.80157685279846191, "PGV": 43.148735046386719, "Sa03": 1.9964525699615479, "Sa10": 1.3447792530059814, "LqfSettlPGD": 0.0, "LqfSprPGD": 0.0, "LqfProb": 0.0, "LndPGD": 0.0, "LndProb": 0.0, "SufFltRuptPGD": 29.523393630981445, "SurfFltRuptProb": 0.5, "PDsNone": 0.1933, "PDsSlight": 0.1174, "PDsModerate": 0.1139, "PDsExtensive": 0.2272, "PDsComplete": 0.348, "PDsExceedSlight": 0.8066, "PDsExceedModerate": 0.6892, "PDsExceedExtensive": 0.5752, "FunctDay1": 32.9, "FunctDay3": 39.2, "FunctDay7": 43.8, "FunctDay14": 44.9, "FunctDay30": 46.8, "FunctDay90": 60.5, "EconLoss": 277591.3125, "Name": "'GRAYSON CREEK'", "City": "null", "State": "null" }, "geometry": { "type": "Point", "coordinates": [ -122.065467, 37.973578 ] } },
{ "type": "Feature", "properties": { "FacilityType": "HighwayBridge", "FacilityId": "CA007416", "Anchor": "null", "FoundationType": "null", "eqBldgType": "null", "DesignLevel": "null", "SoilType": "D", "LqfSusCat": 0, "LndSusCat": 0, "WaterDepth": 5.0, "Distance": "null", "PGA": 0.77303975820541382, "PGV": 31.891193389892578, "Sa03": 1.8982447385787964, "Sa10": 0.90335595607757568, "LqfSettlPGD": 0.0, "LqfSprPGD": 0.0, "LqfProb": 0.0, "LndPGD": 0.0, "LndProb": 0.0, "SufFltRuptPGD": 29.523393630981445, "SurfFltRuptProb": 0.5, "PDsNone": 0.4197, "PDsSlight": 0.0815, "PDsModerate": 0.1193, "PDsExtensive": 0.192, "PDsComplete": 0.1873, "PDsExceedSlight": 0.5802, "PDsExceedModerate": 0.4987, "PDsExceedExtensive": 0.3794, "FunctDay1": 52.6, "FunctDay3": 58.1, "FunctDay7": 62.8, "FunctDay14": 63.9, "FunctDay30": 65.4, "FunctDay90": 76.2, "EconLoss": 103153.0234375, "Name": "'SHELL OIL CO PIPE UC'", "City": "null", "State": "null" }, "geometry": { "type": "Point", "coordinates": [ -122.125092, 38.022483 ] } },
{ "type": "Feature", "properties": { "FacilityType": "HighwayBridge", "FacilityId": "CA007417", "Anchor": "null", "FoundationType": "null", "eqBldgType": "null", "DesignLevel": "null", "SoilType": "D", "LqfSusCat": 0, "LndSusCat": 0, "WaterDepth": 5.0, "Distance": "null", "PGA": 0.74830800294876099, "PGV": 32.61968994140625, "Sa03": 1.848130464553833, "Sa10": 0.93514639139175415, "LqfSettlPGD": 0.0, "LqfSprPGD": 0.0, "LqfProb": 0.0, "LndPGD": 0.0, "LndProb": 0.0, "SufFltRuptPGD": 29.523393630981445, "SurfFltRuptProb": 0.5, "PDsNone": 0.3973, "PDsSlight": 0.142, "PDsModerate": 0.117, "PDsExtensive": 0.1808, "PDsComplete": 0.1627, "PDsExceedSlight": 0.6026, "PDsExceedModerate": 0.4605, "PDsExceedExtensive": 0.3435, "FunctDay1": 54.7, "FunctDay3": 61.7, "FunctDay7": 66.3, "FunctDay14": 67.3, "FunctDay30": 68.7, "FunctDay90": 78.8, "EconLoss": 117201.59375, "Name": "'RODEO CREEK'", "City": "null", "State": "null" }, "geometry": { "type": "Point", "coordinates": [ -122.264631, 38.028347 ] } },
{ "type": "Feature", "properties": { "FacilityType": "HighwayBridge", "FacilityId": "CA007418", "Anchor": "null", "FoundationType": "null", "eqBldgType": "null", "DesignLevel": "null", "SoilType": "D", "LqfSusCat": 0, "LndSusCat": 0, "WaterDepth": 5.0, "Distance": "null", "PGA": 0.48198771476745605, "PGV": 22.136066436767578, "Sa03": 1.2626924514770508, "Sa10": 0.71629953384399414, "LqfSettlPGD": 0.0, "LqfSprPGD": 0.0, "LqfProb": 0.0, "LndPGD": 0.0, "LndProb": 0.0, "SufFltRuptPGD": 29.523393630981445, "SurfFltRuptProb": 0.5, "PDsNone": 0.6173, "PDsSlight": 0.0, "PDsModerate": 0.1192, "PDsExtensive": 0.1382, "PDsComplete": 0.125, "PDsExceedSlight": 0.3826, "PDsExceedModerate": 0.3826, "PDsExceedExtensive": 0.2633, "FunctDay1": 65.9, "FunctDay3": 69.4, "FunctDay7": 74.0, "FunctDay14": 74.9, "FunctDay30": 76.0, "FunctDay90": 83.7, "EconLoss": 466118.1875, "Name": "'BNSF RY & AMTRAK'", "City": "null", "State": "null" }, "geometry": { "type": "Point", "coordinates": [ -121.719017, 38.000039 ] } },
{ "type": "Feature", "properties": { "FacilityType": "HighwayBridge", "FacilityId": "CA007419", "Anchor": "null", "FoundationType": "null", "eqBldgType": "null", "DesignLevel": "null", "SoilType": "D", "LqfSusCat": 0, "LndSusCat": 0, "WaterDepth": 5.0, "Distance": "null", "PGA": 0.74986439943313599, "PGV": 46.097896575927734, "Sa03": 1.8606994152069092, "Sa10": 1.3066445589065552, "LqfSettlPGD": 0.0, "LqfSprPGD": 0.0, "LqfProb": 0.0, "LndPGD": 0.0, "LndProb": 0.0, "SufFltRuptPGD": 29.523393630981445, "SurfFltRuptProb": 0.5, "PDsNone": 0.2629, "PDsSlight": 0.0, "PDsModerate": 0.1192, "PDsExtensive": 0.2037, "PDsComplete": 0.414, "PDsExceedSlight": 0.737, "PDsExceedModerate": 0.737, "PDsExceedExtensive": 0.6177, "FunctDay1": 31.3, "FunctDay3": 34.8, "FunctDay7": 39.6, "FunctDay14": 40.7, "FunctDay30": 42.5, "FunctDay90": 55.4, "EconLoss": 1462195.0, "Name": "'SAN PABLO CREEK'", "City": "null", "State": "null" }, "geometry": { "type": "Point", "coordinates": [ -122.373558, 37.96655 ] } },
{ "type": "Feature", "properties": { "FacilityType": "HighwayBridge", "FacilityId": "CA007420", "Anchor": "null", "FoundationType": "null", "eqBldgType": "null", "DesignLevel": "null", "SoilType": "D", "LqfSusCat": 0, "LndSusCat": 0, "WaterDepth": 5.0, "Distance": "null", "PGA": 0.74986439943313599, "PGV": 46.097896575927734, "Sa03": 1.8606994152069092, "Sa10": 1.3066445589065552, "LqfSettlPGD": 0.0, "LqfSprPGD": 0.0, "LqfProb": 0.0, "LndPGD": 0.0, "LndProb": 0.0, "SufFltRuptPGD": 29.523393630981445, "SurfFltRuptProb": 0.5, "PDsNone": 0.2212, "PDsSlight": 0.0, "PDsModerate": 0.111, "PDsExtensive": 0.2009, "PDsComplete": 0.4667, "PDsExceedSlight": 0.7787, "PDsExceedModerate": 0.7787, "PDsExceedExtensive": 0.6676, "FunctDay1": 26.9, "FunctDay3": 30.2, "FunctDay7": 34.7, "FunctDay14": 35.8, "FunctDay30": 37.6, "FunctDay90": 50.8, "EconLoss": 567748.6875, "Name": "'WILD CAT CREEK'", "City": "null", "State": "null" }, "geometry": { "type": "Point", "coordinates": [ -122.373631, 37.958008 ] } },
{ "type": "Feature", "properties": { "FacilityType": "HighwayBridge", "FacilityId": "CA007421", "Anchor": "null", "FoundationType": "null", "eqBldgType": "null", "DesignLevel": "null", "SoilType": "D", "LqfSusCat": 0, "LndSusCat": 0, "WaterDepth": 5.0, "Distance": "null", "PGA": 0.74986439943313599, "PGV": 46.097896575927734, "Sa03": 1.8606994152069092, "Sa10": 1.3066445589065552, "LqfSettlPGD": 0.0, "LqfSprPGD": 0.0, "LqfProb": 0.0, "LndPGD": 0.0, "LndProb": 0.0, "SufFltRuptPGD": 29.523393630981445, "SurfFltRuptProb": 0.5, "PDsNone": 0.2212, "PDsSlight": 0.0, "PDsModerate": 0.111, "PDsExtensive": 0.2009, "PDsComplete": 0.4667, "PDsExceedSlight": 0.7787, "PDsExceedModerate": 0.7787, "PDsExceedExtensive": 0.6676, "FunctDay1": 26.9, "FunctDay3": 30.2, "FunctDay7": 34.7, "FunctDay14": 35.8, "FunctDay30": 37.6, "FunctDay90": 50.8, "EconLoss": 741621.75, "Name": "'WILD CAT CREEK'", "City": "null", "State": "null" }, "geometry": { "type": "Point", "coordinates": [ -122.373372, 37.958053 ] } },
{ "type": "Feature", "properties": { "FacilityType": "HighwayBridge", "FacilityId": "CA007422", "Anchor": "null", "FoundationType": "null", "eqBldgType": "null", "DesignLevel": "null", "SoilType": "D", "LqfSusCat": 0, "LndSusCat": 0, "WaterDepth": 5.0, "Distance": "null", "PGA": 0.50870001316070557, "PGV": 21.449508666992188, "Sa03": 1.2920339107513428, "Sa10": 0.64752256870269775, "LqfSettlPGD": 0.0, "LqfSprPGD": 0.0, "LqfProb": 0.0, "LndPGD": 0.0, "LndProb": 0.0, "SufFltRuptPGD": 29.523393630981445, "SurfFltRuptProb": 0.5, "PDsNone": 0.3332, "PDsSlight": 0.2482, "PDsModerate": 0.1877, "PDsExtensive": 0.1588, "PDsComplete": 0.0718, "PDsExceedSlight": 0.6667, "PDsExceedModerate": 0.4184, "PDsExceedExtensive": 0.2306, "FunctDay1": 58.0, "FunctDay3": 69.7, "FunctDay7": 77.0, "FunctDay14": 78.2, "FunctDay30": 79.4, "FunctDay90": 87.7, "EconLoss": 260290.859375, "Name": "'MARSH CREEK'", "City": "null", "State": "null" }, "geometry": { "type": "Point", "coordinates": [ -121.7095, 37.934492 ] } },
{ "type": "Feature", "properties": { "FacilityType": "HighwayBridge", "FacilityId": "CA007423", "Anchor": "null", "FoundationType": "null", "eqBldgType": "null", "DesignLevel": "null", "SoilType": "D", "LqfSusCat": 0, "LndSusCat": 0, "WaterDepth": 5.0, "Distance": "null", "PGA": 0.54648643732070923, "PGV": 34.432701110839844, "Sa03": 1.442875862121582, "Sa10": 1.1938086748123169, "LqfSettlPGD": 0.0, "LqfSprPGD": 0.0, "LqfProb": 0.0, "LndPGD": 0.0, "LndProb": 0.0, "SufFltRuptPGD": 29.523393630981445, "SurfFltRuptProb": 0.5, "PDsNone": 0.1249, "PDsSlight": 0.0, "PDsModerate": 0.0736, "PDsExtensive": 0.1964, "PDsComplete": 0.6048, "PDsExceedSlight": 0.875, "PDsExceedModerate": 0.875, "PDsExceedExtensive": 0.8013, "FunctDay1": 16.5, "FunctDay3": 18.7, "FunctDay7": 21.8, "FunctDay14": 22.7, "FunctDay30": 24.7, "FunctDay90": 38.5, "EconLoss": 2573698.25, "Name": "'CONTRA COSTA CANAL'", "City": "null", "State": "null" }, "geometry": { "type": "Point", "coordinates": [ -121.961558, 38.025264 ] } },
{ "type": "Feature", "properties": { "FacilityType": "HighwayBridge", "FacilityId": "CA007424", "Anchor": "null", "FoundationType": "null", "eqBldgType": "null", "DesignLevel": "null", "SoilType": "D", "LqfSusCat": 0, "LndSusCat": 0, "WaterDepth": 5.0, "Distance": "null", "PGA": 0.6755908727645874, "PGV": 27.875143051147461, "Sa03": 1.6690680980682373, "Sa10": 0.80134338140487671, "LqfSettlPGD": 0.0, "LqfSprPGD": 0.0, "LqfProb": 0.0, "LndPGD": 0.0, "LndProb": 0.0, "SufFltRuptPGD": 29.523393630981445, "SurfFltRuptProb": 0.5, "PDsNone": 0.4988, "PDsSlight": 0.145, "PDsModerate": 0.1055, "PDsExtensive": 0.1454, "PDsComplete": 0.105, "PDsExceedSlight": 0.5011, "PDsExceedModerate": 0.356, "PDsExceedExtensive": 0.2504, "FunctDay1": 64.5, "FunctDay3": 71.2, "FunctDay7": 75.4, "FunctDay14": 76.2, "FunctDay30": 77.3, "FunctDay90": 85.2, "EconLoss": 208968.96875, "Name": "'CONTRA COSTA CANAL'", "City": "null", "State": "null" }, "geometry": { "type": "Point", "coordinates": [ -121.914519, 38.012867 ] } },
{ "type": "Feature", "properties": { "FacilityType": "HighwayBridge", "FacilityId": "CA007425", "Anchor": "null", "FoundationType": "null", "eqBldgType": "null", "DesignLevel": "null", "SoilType": "D", "LqfSusCat": 0, "LndSusCat": 0, "WaterDepth": 5.0, "Distance": "null", "PGA": 0.74986439943313599, "PGV": 46.097896575927734, "Sa03": 1.8606994152069092, "Sa10": 1.3066445589065552, "LqfSettlPGD": 0.0, "LqfSprPGD": 0.0, "LqfProb": 0.0, "LndPGD": 0.0, "LndProb": 0.0, "SufFltRuptPGD": 29.523393630981445, "SurfFltRuptProb": 0.5, "PDsNone": 0.1994, "PDsSlight": 0.0, "PDsModerate": 0.1058, "PDsExtensive": 0.1977, "PDsComplete": 0.4968, "PDsExceedSlight": 0.8005, "PDsExceedModerate": 0.8005, "PDsExceedExtensive": 0.6946, "FunctDay1": 24.7, "FunctDay3": 27.8, "FunctDay7": 32.1, "FunctDay14": 33.2, "FunctDay30": 35.0, "FunctDay90": 48.2, "EconLoss": 3894191.75, "Name": "'CASTRO ST'", "City": "null", "State": "null" }, "geometry": { "type": "Point", "coordinates": [ -122.368922, 37.948533 ] } },
{ "type": "Feature", "properties": { "FacilityType": "HighwayBridge", "FacilityId": "CA007426", "Anchor": "null", "FoundationType": "null", "eqBldgType": "null", "DesignLevel": "null", "SoilType": "D", "LqfSusCat": 0, "LndSusCat": 0, "WaterDepth": 5.0, "Distance": "null", "PGA": 0.87886911630630493, "PGV": 41.797092437744141, "Sa03": 2.1722316741943359, "Sa10": 1.1168960332870483, "LqfSettlPGD": 0.0, "LqfSprPGD": 0.0, "LqfProb": 0.0, "LndPGD": 0.0, "LndProb": 0.0, "SufFltRuptPGD": 29.523393630981445, "SurfFltRuptProb": 0.5, "PDsNone": 0.289, "PDsSlight": 0.1378, "PDsModerate": 0.1206, "PDsExtensive": 0.2104, "PDsComplete": 0.2419, "PDsExceedSlight": 0.7109, "PDsExceedModerate": 0.5731, "PDsExceedExtensive": 0.4524, "FunctDay1": 43.9, "FunctDay3": 50.9, "FunctDay7": 55.7, "FunctDay14": 56.8, "FunctDay30": 58.5, "FunctDay90": 70.6, "EconLoss": 2774965.25, "Name": "'GIANT HIGHWAY'", "City": "null", "State": "null" }, "geometry": { "type": "Point", "coordinates": [ -122.348889, 37.981758 ] } },
{ "type": "Feature", "properties": { "FacilityType": "HighwayBridge", "FacilityId": "CA007427", "Anchor": "null", "FoundationType": "null", "eqBldgType": "null", "DesignLevel": "null", "SoilType": "D", "LqfSusCat": 0, "LndSusCat": 0, "WaterDepth": 5.0, "Distance": "null", "PGA": 0.71104931831359863, "PGV": 38.343650817871094, "Sa03": 1.7765729427337646, "Sa10": 1.066614031791687, "LqfSettlPGD": 0.0, "LqfSprPGD": 0.0, "LqfProb": 0.0, "LndPGD": 0.0, "LndProb": 0.0, "SufFltRuptPGD": 29.523393630981445, "SurfFltRuptProb": 0.5, "PDsNone": 0.3403, "PDsSlight": 0.0, "PDsModerate": 0.1289, "PDsExtensive": 0.2006, "PDsComplete": 0.33, "PDsExceedSlight": 0.6596, "PDsExceedModerate": 0.6596, "PDsExceedExtensive": 0.5307, "FunctDay1": 39.1, "FunctDay3": 42.9, "FunctDay7": 48.0, "FunctDay14": 49.2, "FunctDay30": 50.9, "FunctDay90": 63.1, "EconLoss": 1977905.25, "Name": "'CHEVRON RAILROAD TRACKS'", "City": "null", "State": "null" }, "geometry": { "type": "Point", "coordinates": [ -122.378558, 37.937142 ] } },
{ "type": "Feature", "properties": { "FacilityType": "HighwayBridge", "FacilityId": "CA007428", "Anchor": "null", "FoundationType": "null", "eqBldgType": "null", "DesignLevel": "null", "SoilType": "D", "LqfSusCat": 0, "LndSusCat": 0, "WaterDepth": 5.0, "Distance": "null", "PGA": 0.87886911630630493, "PGV": 41.797092437744141, "Sa03": 2.1722316741943359, "Sa10": 1.1168960332870483, "LqfSettlPGD": 0.0, "LqfSprPGD": 0.0, "LqfProb": 0.0, "LndPGD": 0.0, "LndProb": 0.0, "SufFltRuptPGD": 29.523393630981445, "SurfFltRuptProb": 0.5, "PDsNone": 0.3594, "PDsSlight": 0.0, "PDsModerate": 0.1303, "PDsExtensive": 0.1986, "PDsComplete": 0.3115, "PDsExceedSlight": 0.6405, "PDsExceedModerate": 0.6405, "PDsExceedExtensive": 0.5101, "FunctDay1": 41.0, "FunctDay3": 44.8, "FunctDay7": 50.0, "FunctDay14": 51.2, "FunctDay30": 52.8, "FunctDay90": 64.8, "EconLoss": 3465167.5, "Name": "'GIANT UP RR BNSF AMTRAK'", "City": "null", "State": "null" }, "geometry": { "type": "Point", "coordinates": [ -122.358803, 37.976603 ] } },
{ "type": "Feature", "properties": { "FacilityType": "HighwayBridge", "FacilityId": "CA007429", "Anchor": "null", "FoundationType": "null", "eqBldgType": "null", "DesignLevel": "null", "SoilType": "D", "LqfSusCat": 0, "LndSusCat": 0, "WaterDepth": 5.0, "Distance": "null", "PGA": 0.87886911630630493, "PGV": 41.797092437744141, "Sa03": 2.1722316741943359, "Sa10": 1.1168960332870483, "LqfSettlPGD": 0.0, "LqfSprPGD": 0.0, "LqfProb": 0.0, "LndPGD": 0.0, "LndProb": 0.0, "SufFltRuptPGD": 29.523393630981445, "SurfFltRuptProb": 0.5, "PDsNone": 0.3594, "PDsSlight": 0.0, "PDsModerate": 0.1303, "PDsExtensive": 0.1986, "PDsComplete": 0.3115, "PDsExceedSlight": 0.6405, "PDsExceedModerate": 0.6405, "PDsExceedExtensive": 0.5101, "FunctDay1": 41.0, "FunctDay3": 44.8, "FunctDay7": 50.0, "FunctDay14": 51.2, "FunctDay30": 52.8, "FunctDay90": 64.8, "EconLoss": 3465167.5, "Name": "'GIANT UP RR BNSF AMTRAK'", "City": "null", "State": "null" }, "geometry": { "type": "Point", "coordinates": [ -122.358831, 37.976336 ] } },
{ "type": "Feature", "properties": { "FacilityType": "HighwayBridge", "FacilityId": "CA007430", "Anchor": "null", "FoundationType": "null", "eqBldgType": "null", "DesignLevel": "null", "SoilType": "D", "LqfSusCat": 0, "LndSusCat": 0, "WaterDepth": 5.0, "Distance": "null", "PGA": 0.74986439943313599, "PGV": 46.097896575927734, "Sa03": 1.8606994152069092, "Sa10": 1.3066445589065552, "LqfSettlPGD": 0.0, "LqfSprPGD": 0.0, "LqfProb": 0.0, "LndPGD": 0.0, "LndProb": 0.0, "SufFltRuptPGD": 29.523393630981445, "SurfFltRuptProb": 0.5, "PDsNone": 0.2067, "PDsSlight": 0.02, "PDsModerate": 0.1011, "PDsExtensive": 0.2257, "PDsComplete": 0.4463, "PDsExceedSlight": 0.7932, "PDsExceedModerate": 0.7731, "PDsExceedExtensive": 0.672, "FunctDay1": 26.8, "FunctDay3": 30.3, "FunctDay7": 34.4, "FunctDay14": 35.5, "FunctDay30": 37.5, "FunctDay90": 51.7, "EconLoss": 349118.28125, "Name": "'PARKWAY WETLANDS'", "City": "null", "State": "null" }, "geometry": { "type": "Point", "coordinates": [ -122.369289, 37.972606 ] } },
{ "type": "Feature", "properties": { "FacilityType": "HighwayBridge", "FacilityId": "CA007431", "Anchor": "null", "FoundationType": "null", "eqBldgType": "null", "DesignLevel": "null", "SoilType": "D", "LqfSusCat": 0, "LndSusCat": 0, "WaterDepth": 5.0, "Distance": "null", "PGA": 0.62511557340621948, "PGV": 26.522377014160156, "Sa03": 1.5736724138259888, "Sa10": 0.79263198375701904, "LqfSettlPGD": 0.0, "LqfSprPGD": 0.0, "LqfProb": 0.0, "LndPGD": 0.0, "LndProb": 0.0, "SufFltRuptPGD": 29.523393630981445, "SurfFltRuptProb": 0.5, "PDsNone": 0.5061, "PDsSlight": 0.1352, "PDsModerate": 0.1059, "PDsExtensive": 0.1464, "PDsComplete": 0.1062, "PDsExceedSlight": 0.4938, "PDsExceedModerate": 0.3586, "PDsExceedExtensive": 0.2526, "FunctDay1": 64.5, "FunctDay3": 71.0, "FunctDay7": 75.2, "FunctDay14": 76.0, "FunctDay30": 77.1, "FunctDay90": 85.1, "EconLoss": 194574.765625, "Name": "'WEST ANTIOCH CREEK'", "City": "null", "State": "null" }, "geometry": { "type": "Point", "coordinates": [ -121.826017, 38.015456 ] } },
{ "type": "Feature", "properties": { "FacilityType": "HighwayBridge", "FacilityId": "CA007432", "Anchor": "null", "FoundationType": "null", "eqBldgType": "null", "DesignLevel": "null", "SoilType": "D", "LqfSusCat": 0, "LndSusCat": 0, "WaterDepth": 5.0, "Distance": "null", "PGA": 0.56093955039978027, "PGV": 35.603309631347656, "Sa03": 1.4739805459976196, "Sa10": 1.2252141237258911, "LqfSettlPGD": 0.0, "LqfSprPGD": 0.0, "LqfProb": 0.0, "LndPGD": 0.0, "LndProb": 0.0, "SufFltRuptPGD": 29.523393630981445, "SurfFltRuptProb": 0.5, "PDsNone": 0.2387, "PDsSlight": 0.1287, "PDsModerate": 0.1186, "PDsExtensive": 0.2212, "PDsComplete": 0.2925, "PDsExceedSlight": 0.7612, "PDsExceedModerate": 0.6325, "PDsExceedExtensive": 0.5138, "FunctDay1": 38.3, "FunctDay3": 45.0, "FunctDay7": 49.8, "FunctDay14": 50.9, "FunctDay30": 52.7, "FunctDay90": 65.7, "EconLoss": 418786.53125, "Name": "'CONTRA COSTA CANAL'", "City": "null", "State": "null" }, "geometry": { "type": "Point", "coordinates": [ -121.978911, 38.0334 ] } },
{ "type": "Feature", "properties": { "FacilityType": "HighwayBridge", "FacilityId": "CA007433", "Anchor": "null", "FoundationType": "null", "eqBldgType": "null", "DesignLevel": "null", "SoilType": "D", "LqfSusCat": 0, "LndSusCat": 0, "WaterDepth": 5.0, "Distance": "null", "PGA": 0.54648643732070923, "PGV": 34.432701110839844, "Sa03": 1.442875862121582, "Sa10": 1.1938086748123169, "LqfSettlPGD": 0.0, "LqfSprPGD": 0.0, "LqfProb": 0.0, "LndPGD": 0.0, "LndProb": 0.0, "SufFltRuptPGD": 29.523393630981445, "SurfFltRuptProb": 0.5, "PDsNone": 0.2523, "PDsSlight": 0.1098, "PDsModerate": 0.1183, "PDsExtensive": 0.2219, "PDsComplete": 0.2974, "PDsExceedSlight": 0.7476, "PDsExceedModerate": 0.6377, "PDsExceedExtensive": 0.5194, "FunctDay1": 38.2, "FunctDay3": 44.5, "FunctDay7": 49.2, "FunctDay14": 50.4, "FunctDay30": 52.2, "FunctDay90": 65.2, "EconLoss": 350415.90625, "Name": "'CONTRA COSTA CANAL'", "City": "null", "State": "null" }, "geometry": { "type": "Point", "coordinates": [ -121.972531, 38.029025 ] } },
{ "type": "Feature", "properties": { "FacilityType": "HighwayBridge", "FacilityId": "CA007434", "Anchor": "null", "FoundationType": "null", "eqBldgType": "null", "DesignLevel": "null", "SoilType": "D", "LqfSusCat": 0, "LndSusCat": 0, "WaterDepth": 5.0, "Distance": "null", "PGA": 0.54648643732070923, "PGV": 34.432701110839844, "Sa03": 1.442875862121582, "Sa10": 1.1938086748123169, "LqfSettlPGD": 0.0, "LqfSprPGD": 0.0, "LqfProb": 0.0, "LndPGD": 0.0, "LndProb": 0.0, "SufFltRuptPGD": 29.523393630981445, "SurfFltRuptProb": 0.5, "PDsNone": 0.2523, "PDsSlight": 0.1315, "PDsModerate": 0.1195, "PDsExtensive": 0.2186, "PDsComplete": 0.2778, "PDsExceedSlight": 0.7476, "PDsExceedModerate": 0.616, "PDsExceedExtensive": 0.4965, "FunctDay1": 39.8, "FunctDay3": 46.7, "FunctDay7": 51.5, "FunctDay14": 52.6, "FunctDay30": 54.3, "FunctDay90": 67.1, "EconLoss": 208363.1875, "Name": "'CONTRA COSTA CANAL'", "City": "null", "State": "null" }, "geometry": { "type": "Point", "coordinates": [ -121.967439, 38.027833 ] } },
{ "type": "Feature", "properties": { "FacilityType": "HighwayBridge", "FacilityId": "CA007435", "Anchor": "null", "FoundationType": "null", "eqBldgType": "null", "DesignLevel": "null", "SoilType": "D", "LqfSusCat": 0, "LndSusCat": 0, "WaterDepth": 5.0, "Distance": "null", "PGA": 0.51867413520812988, "PGV": 20.313316345214844, "Sa03": 1.2736611366271973, "Sa10": 0.57016360759735107, "LqfSettlPGD": 0.0, "LqfSprPGD": 0.0, "LqfProb": 0.0, "LndPGD": 0.0, "LndProb": 0.0, "SufFltRuptPGD": 29.523393630981445, "SurfFltRuptProb": 0.5, "PDsNone": 0.7137, "PDsSlight": 0.103, "PDsModerate": 0.0694, "PDsExtensive": 0.0767, "PDsComplete": 0.0369, "PDsExceedSlight": 0.2862, "PDsExceedModerate": 0.1831, "PDsExceedExtensive": 0.1136, "FunctDay1": 81.4, "FunctDay3": 86.0, "FunctDay7": 88.7, "FunctDay14": 89.2, "FunctDay30": 89.8, "FunctDay90": 93.8, "EconLoss": 24071.9765625, "Name": "'BRUSHY CREEK'", "City": "null", "State": "null" }, "geometry": { "type": "Point", "coordinates": [ -121.629353, 37.838308 ] } },
{ "type": "Feature", "properties": { "FacilityType": "HighwayBridge", "FacilityId": "CA007436", "Anchor": "null", "FoundationType": "null", "eqBldgType": "null", "DesignLevel": "null", "SoilType": "D", "LqfSusCat": 0, "LndSusCat": 0, "WaterDepth": 5.0, "Distance": "null", "PGA": 0.75770741701126099, "PGV": 32.710296630859375, "Sa03": 1.885928750038147, "Sa10": 0.92795771360397339, "LqfSettlPGD": 0.0, "LqfSprPGD": 0.0, "LqfProb": 0.0, "LndPGD": 0.0, "LndProb": 0.0, "SufFltRuptPGD": 29.523393630981445, "SurfFltRuptProb": 0.5, "PDsNone": 0.4023, "PDsSlight": 0.1472, "PDsModerate": 0.1162, "PDsExtensive": 0.1776, "PDsComplete": 0.1564, "PDsExceedSlight": 0.5976, "PDsExceedModerate": 0.4504, "PDsExceedExtensive": 0.3341, "FunctDay1": 55.5, "FunctDay3": 62.6, "FunctDay7": 67.2, "FunctDay14": 68.2, "FunctDay30": 69.6, "FunctDay90": 79.5, "EconLoss": 98498.0078125, "Name": "'CONTRA COSTA CANAL'", "City": "null", "State": "null" }, "geometry": { "type": "Point", "coordinates": [ -122.017836, 37.978572 ] } },
{ "type": "Feature", "properties": { "FacilityType": "HighwayBridge", "FacilityId": "CA007437", "Anchor": "null", "FoundationType": "null", "eqBldgType": "null", "DesignLevel": "null", "SoilType": "D", "LqfSusCat": 0, "LndSusCat": 0, "WaterDepth": 5.0, "Distance": "null", "PGA": 0.45473164319992065, "PGV": 21.265270233154297, "Sa03": 1.1963077783584595, "Sa10": 0.68830388784408569, "LqfSettlPGD": 0.0, "LqfSprPGD": 0.0, "LqfProb": 0.0, "LndPGD": 0.0, "LndProb": 0.0, "SufFltRuptPGD": 29.523393630981445, "SurfFltRuptProb": 0.5, "PDsNone": 0.6725, "PDsSlight": 0.0, "PDsModerate": 0.1101, "PDsExtensive": 0.1201, "PDsComplete": 0.097, "PDsExceedSlight": 0.3274, "PDsExceedModerate": 0.3274, "PDsExceedExtensive": 0.2172, "FunctDay1": 71.0, "FunctDay3": 74.2, "FunctDay7": 78.5, "FunctDay14": 79.3, "FunctDay30": 80.3, "FunctDay90": 86.9, "EconLoss": 1010601.0625, "Name": "'DUTCH SLOUGH'", "City": "null", "State": "null" }, "geometry": { "type": "Point", "coordinates": [ -121.641094, 38.010633 ] } },
{ "type": "Feature", "properties": { "FacilityType": "HighwayBridge", "FacilityId": "CA007438", "Anchor": "null", "FoundationType": "null", "eqBldgType": "null", "DesignLevel": "null", "SoilType": "D", "LqfSusCat": 0, "LndSusCat": 0, "WaterDepth": 5.0, "Distance": "null", "PGA": 0.74986439943313599, "PGV": 46.097896575927734, "Sa03": 1.8606994152069092, "Sa10": 1.3066445589065552, "LqfSettlPGD": 0.0, "LqfSprPGD": 0.0, "LqfProb": 0.0, "LndPGD": 0.0, "LndProb": 0.0, "SufFltRuptPGD": 29.523393630981445, "SurfFltRuptProb": 0.5, "PDsNone": 0.2067, "PDsSlight": 0.121, "PDsModerate": 0.1156, "PDsExtensive": 0.2259, "PDsComplete": 0.3305, "PDsExceedSlight": 0.7932, "PDsExceedModerate": 0.6721, "PDsExceedExtensive": 0.5564, "FunctDay1": 34.5, "FunctDay3": 41.0, "FunctDay7": 45.6, "FunctDay14": 46.8, "FunctDay30": 48.6, "FunctDay90": 62.1, "EconLoss": 1049548.125, "Name": "'SAN PABLO CREEK'", "City": "null", "State": "null" }, "geometry": { "type": "Point", "coordinates": [ -122.354678, 37.963919 ] } },
{ "type": "Feature", "properties": { "FacilityType": "HighwayBridge", "FacilityId": "CA007439", "Anchor": "null", "FoundationType": "null", "eqBldgType": "null", "DesignLevel": "null", "SoilType": "D", "LqfSusCat": 0, "LndSusCat": 0, "WaterDepth": 5.0, "Distance": "null", "PGA": 0.90310841798782349, "PGV": 42.278400421142578, "Sa03": 2.2275204658508301, "Sa10": 1.1406011581420898, "LqfSettlPGD": 0.0, "LqfSprPGD": 0.0, "LqfProb": 0.0, "LndPGD": 0.0, "LndProb": 0.0, "SufFltRuptPGD": 29.523393630981445, "SurfFltRuptProb": 0.5, "PDsNone": 0.2772, "PDsSlight": 0.136, "PDsModerate": 0.1204, "PDsExtensive": 0.2132, "PDsComplete": 0.2529, "PDsExceedSlight": 0.7227, "PDsExceedModerate": 0.5867, "PDsExceedExtensive": 0.4662, "FunctDay1": 42.6, "FunctDay3": 49.6, "FunctDay7": 54.4, "FunctDay14": 55.5, "FunctDay30": 57.2, "FunctDay90": 69.5, "EconLoss": 96338.9765625, "Name": "'SAN PABLO CREEK'", "City": "null", "State": "null" }, "geometry": { "type": "Point", "coordinates": [ -122.320553, 37.965742 ] } },
{ "type": "Feature", "properties": { "FacilityType": "HighwayBridge", "FacilityId": "CA007440", "Anchor": "null", "FoundationType": "null", "eqBldgType": "null", "DesignLevel": "null", "SoilType": "D", "LqfSusCat": 0, "LndSusCat": 0, "WaterDepth": 5.0, "Distance": "null", "PGA": 0.74986439943313599, "PGV": 46.097896575927734, "Sa03": 1.8606994152069092, "Sa10": 1.3066445589065552, "LqfSettlPGD": 0.0, "LqfSprPGD": 0.0, "LqfProb": 0.0, "LndPGD": 0.0, "LndProb": 0.0, "SufFltRuptPGD": 29.523393630981445, "SurfFltRuptProb": 0.5, "PDsNone": 0.2067, "PDsSlight": 0.0845, "PDsModerate": 0.1116, "PDsExtensive": 0.2281, "PDsComplete": 0.3688, "PDsExceedSlight": 0.7932, "PDsExceedModerate": 0.7086, "PDsExceedExtensive": 0.597, "FunctDay1": 31.7, "FunctDay3": 37.2, "FunctDay7": 41.7, "FunctDay14": 42.8, "FunctDay30": 44.7, "FunctDay90": 58.6, "EconLoss": 309339.09375, "Name": "'WILDCAT CREEK'", "City": "null", "State": "null" }, "geometry": { "type": "Point", "coordinates": [ -122.343697, 37.959197 ] } },
{ "type": "Feature", "properties": { "FacilityType": "HighwayBridge", "FacilityId": "CA007441", "Anchor": "null", "FoundationType": "null", "eqBldgType": "null", "DesignLevel": "null", "SoilType": "D", "LqfSusCat": 0, "LndSusCat": 0, "WaterDepth": 5.0, "Distance": "null", "PGA": 0.57236021757125854, "PGV": 23.94725227355957, "Sa03": 1.4608070850372314, "Sa10": 0.72987604141235352, "LqfSettlPGD": 0.0, "LqfSprPGD": 0.0, "LqfProb": 0.0, "LndPGD": 0.0, "LndProb": 0.0, "SufFltRuptPGD": 29.523393630981445, "SurfFltRuptProb": 0.5, "PDsNone": 0.5607, "PDsSlight": 0.1393, "PDsModerate": 0.0962, "PDsExtensive": 0.1242, "PDsComplete": 0.0793, "PDsExceedSlight": 0.4392, "PDsExceedModerate": 0.2998, "PDsExceedExtensive": 0.2036, "FunctDay1": 69.9, "FunctDay3": 76.2, "FunctDay7": 79.9, "FunctDay14": 80.7, "FunctDay30": 81.6, "FunctDay90": 88.3, "EconLoss": 128622.5703125, "Name": "'CONTRA COSTA CANAL'", "City": "null", "State": "null" }, "geometry": { "type": "Point", "coordinates": [ -121.798114, 37.984117 ] } },
{ "type": "Feature", "properties": { "FacilityType": "HighwayBridge", "FacilityId": "CA007442", "Anchor": "null", "FoundationType": "null", "eqBldgType": "null", "DesignLevel": "null", "SoilType": "D", "LqfSusCat": 0, "LndSusCat": 0, "WaterDepth": 5.0, "Distance": "null", "PGA": 0.91845971345901489, "PGV": 40.322734832763672, "Sa03": 2.2173798084259033, "Sa10": 1.0956919193267822, "LqfSettlPGD": 0.0, "LqfSprPGD": 0.0, "LqfProb": 0.0, "LndPGD": 0.0, "LndProb": 0.0, "SufFltRuptPGD": 29.523393630981445, "SurfFltRuptProb": 0.5, "PDsNone": 0.3, "PDsSlight": 0.1389, "PDsModerate": 0.1207, "PDsExtensive": 0.2078, "PDsComplete": 0.2324, "PDsExceedSlight": 0.6999, "PDsExceedModerate": 0.5609, "PDsExceedExtensive": 0.4402, "FunctDay1": 45.1, "FunctDay3": 52.1, "FunctDay7": 56.9, "FunctDay14": 58.0, "FunctDay30": 59.7, "FunctDay90": 71.6, "EconLoss": 184615.5625, "Name": "'QUERCUS CREEK'", "City": "null", "State": "null" }, "geometry": { "type": "Point", "coordinates": [ -122.192856, 37.865486 ] } },
{ "type": "Feature", "properties": { "FacilityType": "HighwayBridge", "FacilityId": "CA007443", "Anchor": "null", "FoundationType": "null", "eqBldgType": "null", "DesignLevel": "null", "SoilType": "D", "LqfSusCat": 0, "LndSusCat": 0, "WaterDepth": 5.0, "Distance": "null", "PGA": 0.63818597793579102, "PGV": 24.228071212768555, "Sa03": 1.5519578456878662, "Sa10": 0.66175997257232666, "LqfSettlPGD": 0.0, "LqfSprPGD": 0.0, "LqfProb": 0.0, "LndPGD": 0.0, "LndProb": 0.0, "SufFltRuptPGD": 29.523393630981445, "SurfFltRuptProb": 0.5, "PDsNone": 0.624, "PDsSlight": 0.1302, "PDsModerate": 0.085, "PDsExtensive": 0.1026, "PDsComplete": 0.0579, "PDsExceedSlight": 0.3759, "PDsExceedModerate": 0.2456, "PDsExceedExtensive": 0.1606, "FunctDay1": 75.1, "FunctDay3": 80.8, "FunctDay7": 84.1, "FunctDay14": 84.8, "FunctDay30": 85.5, "FunctDay90": 91.0, "EconLoss": 11550.841796875, "Name": "'BRIONES VALLEY CREEK'", "City": "null", "State": "null" }, "geometry": { "type": "Point", "coordinates": [ -121.814733, 37.909806 ] } },
{ "type": "Feature", "properties": { "FacilityType": "HighwayBridge", "FacilityId": "CA007444", "Anchor": "null", "FoundationType": "null", "eqBldgType": "null", "DesignLevel": "null", "SoilType": "D", "LqfSusCat": 0, "LndSusCat": 0, "WaterDepth": 5.0, "Distance": "null", "PGA": 0.62511557340621948, "PGV": 26.522377014160156, "Sa03": 1.5736724138259888, "Sa10": 0.79263198375701904, "LqfSettlPGD": 0.0, "LqfSprPGD": 0.0, "LqfProb": 0.0, "LndPGD": 0.0, "LndProb": 0.0, "SufFltRuptPGD": 29.523393630981445, "SurfFltRuptProb": 0.5, "PDsNone": 0.5061, "PDsSlight": 0.1445, "PDsModerate": 0.1045, "PDsExtensive": 0.1429, "PDsComplete": 0.1017, "PDsExceedSlight": 0.4938, "PDsExceedModerate": 0.3492, "PDsExceedExtensive": 0.2447, "FunctDay1": 65.1, "FunctDay3": 71.8, "FunctDay7": 75.9, "FunctDay14": 76.8, "FunctDay30": 77.8, "FunctDay90": 85.6, "EconLoss": 66389.265625, "Name": "'KIRKER CREEK'", "City": "null", "State": "null" }, "geometry": { "type": "Point", "coordinates": [ -121.869567, 38.018247 ] } },
{ "type": "Feature", "properties": { "FacilityType": "HighwayBridge", "FacilityId": "CA007445", "Anchor": "null", "FoundationType": "null", "eqBldgType": "null", "DesignLevel": "null", "SoilType": "D", "LqfSusCat": 0, "LndSusCat": 0, "WaterDepth": 5.0, "Distance": "null", "PGA": 0.62511557340621948, "PGV": 26.522377014160156, "Sa03": 1.5736724138259888, "Sa10": 0.79263198375701904, "LqfSettlPGD": 0.0, "LqfSprPGD": 0.0, "LqfProb": 0.0, "LndPGD": 0.0, "LndProb": 0.0, "SufFltRuptPGD": 29.523393630981445, "SurfFltRuptProb": 0.5, "PDsNone": 0.5061, "PDsSlight": 0.1445, "PDsModerate": 0.1045, "PDsExtensive": 0.1429, "PDsComplete": 0.1017, "PDsExceedSlight": 0.4938, "PDsExceedModerate": 0.3492, "PDsExceedExtensive": 0.2447, "FunctDay1": 65.1, "FunctDay3": 71.8, "FunctDay7": 75.9, "FunctDay14": 76.8, "FunctDay30": 77.8, "FunctDay90": 85.6, "EconLoss": 40513.5859375, "Name": "'KIRKER CREEK'", "City": "null", "State": "null" }, "geometry": { "type": "Point", "coordinates": [ -121.868981, 38.018125 ] } },
{ "type": "Feature", "properties": { "FacilityType": "HighwayBridge", "FacilityId": "CA007446", "Anchor": "null", "FoundationType": "null", "eqBldgType": "null", "DesignLevel": "null", "SoilType": "D", "LqfSusCat": 0, "LndSusCat": 0, "WaterDepth": 5.0, "Distance": "null", "PGA": 0.82510662078857422, "PGV": 35.320968627929688, "Sa03": 1.9869507551193237, "Sa10": 0.97305315732955933, "LqfSettlPGD": 0.0, "LqfSprPGD": 0.0, "LqfProb": 0.0, "LndPGD": 0.0, "LndProb": 0.0, "SufFltRuptPGD": 29.523393630981445, "SurfFltRuptProb": 0.5, "PDsNone": 0.4482, "PDsSlight": 0.0, "PDsModerate": 0.1327, "PDsExtensive": 0.1836, "PDsComplete": 0.2353, "PDsExceedSlight": 0.5517, "PDsExceedModerate": 0.5517, "PDsExceedExtensive": 0.419, "FunctDay1": 49.8, "FunctDay3": 53.6, "FunctDay7": 58.9, "FunctDay14": 60.0, "FunctDay30": 61.5, "FunctDay90": 72.2, "EconLoss": 176228.9375, "Name": "'SAN PABLO CREEK'", "City": "null", "State": "null" }, "geometry": { "type": "Point", "coordinates": [ -122.202217, 37.893675 ] } },
{ "type": "Feature", "properties": { "FacilityType": "HighwayBridge", "FacilityId": "CA007447", "Anchor": "null", "FoundationType": "null", "eqBldgType": "null", "DesignLevel": "null", "SoilType": "D", "LqfSusCat": 0, "LndSusCat": 0, "WaterDepth": 5.0, "Distance": "null", "PGA": 0.57236021757125854, "PGV": 23.94725227355957, "Sa03": 1.4608070850372314, "Sa10": 0.72987604141235352, "LqfSettlPGD": 0.0, "LqfSprPGD": 0.0, "LqfProb": 0.0, "LndPGD": 0.0, "LndProb": 0.0, "SufFltRuptPGD": 29.523393630981445, "SurfFltRuptProb": 0.5, "PDsNone": 0.5607, "PDsSlight": 0.1393, "PDsModerate": 0.0962, "PDsExtensive": 0.1242, "PDsComplete": 0.0793, "PDsExceedSlight": 0.4392, "PDsExceedModerate": 0.2998, "PDsExceedExtensive": 0.2036, "FunctDay1": 69.9, "FunctDay3": 76.2, "FunctDay7": 79.9, "FunctDay14": 80.7, "FunctDay30": 81.6, "FunctDay90": 88.3, "EconLoss": 302360.53125, "Name": "'CONTRA COSTA CANAL'", "City": "null", "State": "null" }, "geometry": { "type": "Point", "coordinates": [ -121.785353, 37.984719 ] } },
{ "type": "Feature", "properties": { "FacilityType": "HighwayBridge", "FacilityId": "CA007448", "Anchor": "null", "FoundationType": "null", "eqBldgType": "null", "DesignLevel": "null", "SoilType": "D", "LqfSusCat": 0, "LndSusCat": 0, "WaterDepth": 5.0, "Distance": "null", "PGA": 0.57236021757125854, "PGV": 23.94725227355957, "Sa03": 1.4608070850372314, "Sa10": 0.72987604141235352, "LqfSettlPGD": 0.0, "LqfSprPGD": 0.0, "LqfProb": 0.0, "LndPGD": 0.0, "LndProb": 0.0, "SufFltRuptPGD": 29.523393630981445, "SurfFltRuptProb": 0.5, "PDsNone": 0.5607, "PDsSlight": 0.1393, "PDsModerate": 0.0962, "PDsExtensive": 0.1242, "PDsComplete": 0.0793, "PDsExceedSlight": 0.4392, "PDsExceedModerate": 0.2998, "PDsExceedExtensive": 0.2036, "FunctDay1": 69.9, "FunctDay3": 76.2, "FunctDay7": 79.9, "FunctDay14": 80.7, "FunctDay30": 81.6, "FunctDay90": 88.3, "EconLoss": 299628.65625, "Name": "'CONTRA COSTA CANAL'", "City": "null", "State": "null" }, "geometry": { "type": "Point", "coordinates": [ -121.79025, 37.984081 ] } },
{ "type": "Feature", "properties": { "FacilityType": "HighwayBridge", "FacilityId": "CA007449", "Anchor": "null", "FoundationType": "null", "eqBldgType": "null", "DesignLevel": "null", "SoilType": "D", "LqfSusCat": 0, "LndSusCat": 0, "WaterDepth": 5.0, "Distance": "null", "PGA": 0.78982573747634888, "PGV": 39.467784881591797, "Sa03": 1.9969159364700317, "Sa10": 1.1809400320053101, "LqfSettlPGD": 0.0, "LqfSprPGD": 0.0, "LqfProb": 0.0, "LndPGD": 0.0, "LndProb": 0.0, "SufFltRuptPGD": 29.523393630981445, "SurfFltRuptProb": 0.5, "PDsNone": 0.2032, "PDsSlight": 0.0, "PDsModerate": 0.0961, "PDsExtensive": 0.2222, "PDsComplete": 0.4783, "PDsExceedSlight": 0.7967, "PDsExceedModerate": 0.7967, "PDsExceedExtensive": 0.7006, "FunctDay1": 24.8, "FunctDay3": 27.7, "FunctDay7": 31.6, "FunctDay14": 32.7, "FunctDay30": 34.7, "FunctDay90": 49.0, "EconLoss": 310119.125, "Name": "'SAN RAMON VALLEY BLVD'", "City": "null", "State": "null" }, "geometry": { "type": "Point", "coordinates": [ -121.95415, 37.734644 ] } },
{ "type": "Feature", "properties": { "FacilityType": "HighwayBridge", "FacilityId": "CA007450", "Anchor": "null", "FoundationType": "null", "eqBldgType": "null", "DesignLevel": "null", "SoilType": "D", "LqfSusCat": 0, "LndSusCat": 0, "WaterDepth": 5.0, "Distance": "null", "PGA": 0.57236021757125854, "PGV": 23.94725227355957, "Sa03": 1.4608070850372314, "Sa10": 0.72987604141235352, "LqfSettlPGD": 0.0, "LqfSprPGD": 0.0, "LqfProb": 0.0, "LndPGD": 0.0, "LndProb": 0.0, "SufFltRuptPGD": 29.523393630981445, "SurfFltRuptProb": 0.5, "PDsNone": 0.5607, "PDsSlight": 0.1393, "PDsModerate": 0.0962, "PDsExtensive": 0.1242, "PDsComplete": 0.0793, "PDsExceedSlight": 0.4392, "PDsExceedModerate": 0.2998, "PDsExceedExtensive": 0.2036, "FunctDay1": 69.9, "FunctDay3": 76.2, "FunctDay7": 79.9, "FunctDay14": 80.7, "FunctDay30": 81.6, "FunctDay90": 88.3, "EconLoss": 87366.2734375, "Name": "'CONTRA COSTA CANAL'", "City": "null", "State": "null" }, "geometry": { "type": "Point", "coordinates": [ -121.820461, 37.979819 ] } },
{ "type": "Feature", "properties": { "FacilityType": "HighwayBridge", "FacilityId": "CA007451", "Anchor": "null", "FoundationType": "null", "eqBldgType": "null", "DesignLevel": "null", "SoilType": "D", "LqfSusCat": 0, "LndSusCat": 0, "WaterDepth": 5.0, "Distance": "null", "PGA": 0.73787307739257813, "PGV": 30.089466094970703, "Sa03": 1.7736649513244629, "Sa10": 0.85006433725357056, "LqfSettlPGD": 0.0, "LqfSprPGD": 0.0, "LqfProb": 0.0, "LndPGD": 0.0, "LndProb": 0.0, "SufFltRuptPGD": 29.523393630981445, "SurfFltRuptProb": 0.5, "PDsNone": 0.4597, "PDsSlight": 0.1469, "PDsModerate": 0.1105, "PDsExtensive": 0.1587, "PDsComplete": 0.124, "PDsExceedSlight": 0.5402, "PDsExceedModerate": 0.3932, "PDsExceedExtensive": 0.2827, "FunctDay1": 61.0, "FunctDay3": 67.9, "FunctDay7": 72.2, "FunctDay14": 73.1, "FunctDay30": 74.3, "FunctDay90": 83.1, "EconLoss": 1446902.75, "Name": "'WEST BRANCH ALAMO CREEK'", "City": "null", "State": "null" }, "geometry": { "type": "Point", "coordinates": [ -121.920167, 37.7575 ] } },
{ "type": "Feature", "properties": { "FacilityType": "HighwayBridge", "FacilityId": "CA007452", "Anchor": "null", "FoundationType": "null", "eqBldgType": "null", "DesignLevel": "null", "SoilType": "D", "LqfSusCat": 0, "LndSusCat": 0, "WaterDepth": 5.0, "Distance": "null", "PGA": 0.73787307739257813, "PGV": 30.089466094970703, "Sa03": 1.7736649513244629, "Sa10": 0.85006433725357056, "LqfSettlPGD": 0.0, "LqfSprPGD": 0.0, "LqfProb": 0.0, "LndPGD": 0.0, "LndProb": 0.0, "SufFltRuptPGD": 29.523393630981445, "SurfFltRuptProb": 0.5, "PDsNone": 0.4597, "PDsSlight": 0.1469, "PDsModerate": 0.1105, "PDsExtensive": 0.1587, "PDsComplete": 0.124, "PDsExceedSlight": 0.5402, "PDsExceedModerate": 0.3932, "PDsExceedExtensive": 0.2827, "FunctDay1": 61.0, "FunctDay3": 67.9, "FunctDay7": 72.2, "FunctDay14": 73.1, "FunctDay30": 74.3, "FunctDay90": 83.1, "EconLoss": 1446902.75, "Name": "'WEST BRANCH ALAMO CREEK'", "City": "null", "State": "null" }, "geometry": { "type": "Point", "coordinates": [ -121.920678, 37.760058 ] } },
{ "type": "Feature", "properties": { "FacilityType": "HighwayBridge", "FacilityId": "CA007453", "Anchor": "null", "FoundationType": "null", "eqBldgType": "null", "DesignLevel": "null", "SoilType": "D", "LqfSusCat": 0, "LndSusCat": 0, "WaterDepth": 5.0, "Distance": "null", "PGA": 0.6755908727645874, "PGV": 27.875143051147461, "Sa03": 1.6690680980682373, "Sa10": 0.80134338140487671, "LqfSettlPGD": 0.0, "LqfSprPGD": 0.0, "LqfProb": 0.0, "LndPGD": 0.0, "LndProb": 0.0, "SufFltRuptPGD": 29.523393630981445, "SurfFltRuptProb": 0.5, "PDsNone": 0.4988, "PDsSlight": 0.145, "PDsModerate": 0.1055, "PDsExtensive": 0.1454, "PDsComplete": 0.105, "PDsExceedSlight": 0.5011, "PDsExceedModerate": 0.356, "PDsExceedExtensive": 0.2504, "FunctDay1": 64.5, "FunctDay3": 71.2, "FunctDay7": 75.4, "FunctDay14": 76.2, "FunctDay30": 77.3, "FunctDay90": 85.2, "EconLoss": 373384.65625, "Name": "'CONTRA COSTA CANAL'", "City": "null", "State": "null" }, "geometry": { "type": "Point", "coordinates": [ -121.901733, 38.008031 ] } },
{ "type": "Feature", "properties": { "FacilityType": "HighwayBridge", "FacilityId": "CA007454", "Anchor": "null", "FoundationType": "null", "eqBldgType": "null", "DesignLevel": "null", "SoilType": "D", "LqfSusCat": 0, "LndSusCat": 0, "WaterDepth": 5.0, "Distance": "null", "PGA": 0.84220755100250244, "PGV": 34.973834991455078, "Sa03": 2.0063738822937012, "Sa10": 0.96679979562759399, "LqfSettlPGD": 0.0, "LqfSprPGD": 0.0, "LqfProb": 0.0, "LndPGD": 0.0, "LndProb": 0.0, "SufFltRuptPGD": 29.523393630981445, "SurfFltRuptProb": 0.5, "PDsNone": 0.3761, "PDsSlight": 0.1462, "PDsModerate": 0.1181, "PDsExtensive": 0.1859, "PDsComplete": 0.1734, "PDsExceedSlight": 0.6238, "PDsExceedModerate": 0.4775, "PDsExceedExtensive": 0.3593, "FunctDay1": 53.0, "FunctDay3": 60.1, "FunctDay7": 64.8, "FunctDay14": 65.8, "FunctDay30": 67.2, "FunctDay90": 77.6, "EconLoss": 248997.5, "Name": "'MORAGA CREEK'", "City": "null", "State": "null" }, "geometry": { "type": "Point", "coordinates": [ -122.132242, 37.825708 ] } },
{ "type": "Feature", "properties": { "FacilityType": "HighwayBridge", "FacilityId": "CA007455", "Anchor": "null", "FoundationType": "null", "eqBldgType": "null", "DesignLevel": "null", "SoilType": "D", "LqfSusCat": 0, "LndSusCat": 0, "WaterDepth": 5.0, "Distance": "null", "PGA": 0.88981062173843384, "PGV": 37.460258483886719, "Sa03": 2.213346004486084, "Sa10": 1.0647217035293579, "LqfSettlPGD": 0.0, "LqfSprPGD": 0.0, "LqfProb": 0.0, "LndPGD": 0.0, "LndProb": 0.0, "SufFltRuptPGD": 29.523393630981445, "SurfFltRuptProb": 0.5, "PDsNone": 0.1695, "PDsSlight": 0.2201, "PDsModerate": 0.1319, "PDsExtensive": 0.1944, "PDsComplete": 0.2839, "PDsExceedSlight": 0.8304, "PDsExceedModerate": 0.6103, "PDsExceedExtensive": 0.4783, "FunctDay1": 38.5, "FunctDay3": 47.9, "FunctDay7": 53.1, "FunctDay14": 54.2, "FunctDay30": 55.8, "FunctDay90": 67.4, "EconLoss": 198359.109375, "Name": "'WALNUT CREEK'", "City": "null", "State": "null" }, "geometry": { "type": "Point", "coordinates": [ -122.059358, 37.898422 ] } },
{ "type": "Feature", "properties": { "FacilityType": "HighwayBridge", "FacilityId": "CA007456", "Anchor": "null", "FoundationType": "null", "eqBldgType": "null", "DesignLevel": "null", "SoilType": "D", "LqfSusCat": 0, "LndSusCat": 0, "WaterDepth": 5.0, "Distance": "null", "PGA": 0.88981062173843384, "PGV": 37.460258483886719, "Sa03": 2.213346004486084, "Sa10": 1.0647217035293579, "LqfSettlPGD": 0.0, "LqfSprPGD": 0.0, "LqfProb": 0.0, "LndPGD": 0.0, "LndProb": 0.0, "SufFltRuptPGD": 29.523393630981445, "SurfFltRuptProb": 0.5, "PDsNone": 0.3168, "PDsSlight": 0.1414, "PDsModerate": 0.1206, "PDsExtensive": 0.2032, "PDsComplete": 0.2177, "PDsExceedSlight": 0.6831, "PDsExceedModerate": 0.5416, "PDsExceedExtensive": 0.4209, "FunctDay1": 46.9, "FunctDay3": 54.0, "FunctDay7": 58.8, "FunctDay14": 59.9, "FunctDay30": 61.5, "FunctDay90": 73.0, "EconLoss": 205511.71875, "Name": "'LAS TRAMPAS CREEK'", "City": "null", "State": "null" }, "geometry": { "type": "Point", "coordinates": [ -122.059492, 37.897472 ] } },
{ "type": "Feature", "properties": { "FacilityType": "HighwayBridge", "FacilityId": "CA007457", "Anchor": "null", "FoundationType": "null", "eqBldgType": "null", "DesignLevel": "null", "SoilType": "D", "LqfSusCat": 0, "LndSusCat": 0, "WaterDepth": 5.0, "Distance": "null", "PGA": 0.88981062173843384, "PGV": 37.460258483886719, "Sa03": 2.213346004486084, "Sa10": 1.0647217035293579, "LqfSettlPGD": 0.0, "LqfSprPGD": 0.0, "LqfProb": 0.0, "LndPGD": 0.0, "LndProb": 0.0, "SufFltRuptPGD": 29.523393630981445, "SurfFltRuptProb": 0.5, "PDsNone": 0.3168, "PDsSlight": 0.1414, "PDsModerate": 0.1206, "PDsExtensive": 0.2032, "PDsComplete": 0.2177, "PDsExceedSlight": 0.6831, "PDsExceedModerate": 0.5416, "PDsExceedExtensive": 0.4209, "FunctDay1": 46.9, "FunctDay3": 54.0, "FunctDay7": 58.8, "FunctDay14": 59.9, "FunctDay30": 61.5, "FunctDay90": 73.0, "EconLoss": 214713.75, "Name": "'SAN RAMON CREEK'", "City": "null", "State": "null" }, "geometry": { "type": "Point", "coordinates": [ -122.058683, 37.897728 ] } },
{ "type": "Feature", "properties": { "FacilityType": "HighwayBridge", "FacilityId": "CA007458", "Anchor": "null", "FoundationType": "null", "eqBldgType": "null", "DesignLevel": "null", "SoilType": "D", "LqfSusCat": 0, "LndSusCat": 0, "WaterDepth": 5.0, "Distance": "null", "PGA": 0.81645458936691284, "PGV": 37.333194732666016, "Sa03": 2.0122029781341553, "Sa10": 1.001726508140564, "LqfSettlPGD": 0.0, "LqfSprPGD": 0.0, "LqfProb": 0.0, "LndPGD": 0.0, "LndProb": 0.0, "SufFltRuptPGD": 29.523393630981445, "SurfFltRuptProb": 0.5, "PDsNone": 0.3539, "PDsSlight": 0.1449, "PDsModerate": 0.1194, "PDsExtensive": 0.1926, "PDsComplete": 0.189, "PDsExceedSlight": 0.646, "PDsExceedModerate": 0.5011, "PDsExceedExtensive": 0.3817, "FunctDay1": 50.7, "FunctDay3": 57.9, "FunctDay7": 62.6, "FunctDay14": 63.7, "FunctDay30": 65.2, "FunctDay90": 76.0, "EconLoss": 128894.1953125, "Name": "'PINOLE CREEK'", "City": "null", "State": "null" }, "geometry": { "type": "Point", "coordinates": [ -122.288222, 37.999089 ] } },
{ "type": "Feature", "properties": { "FacilityType": "HighwayBridge", "FacilityId": "CA025691", "Anchor": "null", "FoundationType": "null", "eqBldgType": "null", "DesignLevel": "null", "SoilType": "D", "LqfSusCat": 0, "LndSusCat": 0, "WaterDepth": 5.0, "Distance": "null", "PGA": 0.57965898513793945, "PGV": 37.648345947265625, "Sa03": 1.4969432353973389, "Sa10": 1.2751612663269043, "LqfSettlPGD": 0.0, "LqfSprPGD": 0.0, "LqfProb": 0.0, "LndPGD": 0.0, "LndProb": 0.0, "SufFltRuptPGD": 29.523393630981445, "SurfFltRuptProb": 0.5, "PDsNone": 0.0079, "PDsSlight": 0.0471, "PDsModerate": 0.0428, "PDsExtensive": 0.1704, "PDsComplete": 0.7316, "PDsExceedSlight": 0.992, "PDsExceedModerate": 0.9449, "PDsExceedExtensive": 0.9021, "FunctDay1": 7.5, "FunctDay3": 10.1, "FunctDay7": 12.0, "FunctDay14": 12.8, "FunctDay30": 14.7, "FunctDay90": 28.1, "EconLoss": 2263667.25, "Name": "'COUNTY RD & RR'", "City": "null", "State": "null" }, "geometry": { "type": "Point", "coordinates": [ -122.0313, 38.044631 ] } },
{ "type": "Feature", "properties": { "FacilityType": "HighwayBridge", "FacilityId": "CA025692", "Anchor": "null", "FoundationType": "null", "eqBldgType": "null", "DesignLevel": "null", "SoilType": "D", "LqfSusCat": 0, "LndSusCat": 0, "WaterDepth": 5.0, "Distance": "null", "PGA": 0.56093955039978027, "PGV": 35.603309631347656, "Sa03": 1.4739805459976196, "Sa10": 1.2252141237258911, "LqfSettlPGD": 0.0, "LqfSprPGD": 0.0, "LqfProb": 0.0, "LndPGD": 0.0, "LndProb": 0.0, "SufFltRuptPGD": 29.523393630981445, "SurfFltRuptProb": 0.5, "PDsNone": 0.2387, "PDsSlight": 0.1287, "PDsModerate": 0.1186, "PDsExtensive": 0.2212, "PDsComplete": 0.2925, "PDsExceedSlight": 0.7612, "PDsExceedModerate": 0.6325, "PDsExceedExtensive": 0.5138, "FunctDay1": 38.3, "FunctDay3": 45.0, "FunctDay7": 49.8, "FunctDay14": 50.9, "FunctDay30": 52.7, "FunctDay90": 65.7, "EconLoss": 114721.4140625, "Name": "'BELLOMA SLOUGH'", "City": "null", "State": "null" }, "geometry": { "type": "Point", "coordinates": [ -122.0197, 38.056981 ] } },
{ "type": "Feature", "properties": { "FacilityType": "HighwayBridge", "FacilityId": "CA025693", "Anchor": "null", "FoundationType": "null", "eqBldgType": "null", "DesignLevel": "null", "SoilType": "D", "LqfSusCat": 0, "LndSusCat": 0, "WaterDepth": 5.0, "Distance": "null", "PGA": 0.56093955039978027, "PGV": 35.603309631347656, "Sa03": 1.4739805459976196, "Sa10": 1.2252141237258911, "LqfSettlPGD": 0.0, "LqfSprPGD": 0.0, "LqfProb": 0.0, "LndPGD": 0.0, "LndProb": 0.0, "SufFltRuptPGD": 29.523393630981445, "SurfFltRuptProb": 0.5, "PDsNone": 0.2387, "PDsSlight": 0.1148, "PDsModerate": 0.1177, "PDsExtensive": 0.2231, "PDsComplete": 0.3055, "PDsExceedSlight": 0.7612, "PDsExceedModerate": 0.6464, "PDsExceedExtensive": 0.5286, "FunctDay1": 37.3, "FunctDay3": 43.6, "FunctDay7": 48.3, "FunctDay14": 49.5, "FunctDay30": 51.3, "FunctDay90": 64.4, "EconLoss": 123301.34375, "Name": "'CUNNINHAM SLOUGH'", "City": "null", "State": "null" }, "geometry": { "type": "Point", "coordinates": [ -122.016, 38.05635 ] } },
{ "type": "Feature", "properties": { "FacilityType": "HighwayBridge", "FacilityId": "CA025694", "Anchor": "null", "FoundationType": "null", "eqBldgType": "null", "DesignLevel": "null", "SoilType": "D", "LqfSusCat": 0, "LndSusCat": 0, "WaterDepth": 5.0, "Distance": "null", "PGA": 0.56093955039978027, "PGV": 35.603309631347656, "Sa03": 1.4739805459976196, "Sa10": 1.2252141237258911, "LqfSettlPGD": 0.0, "LqfSprPGD": 0.0, "LqfProb": 0.0, "LndPGD": 0.0, "LndProb": 0.0, "SufFltRuptPGD": 29.523393630981445, "SurfFltRuptProb": 0.5, "PDsNone": 0.2387, "PDsSlight": 0.1287, "PDsModerate": 0.1186, "PDsExtensive": 0.2212, "PDsComplete": 0.2925, "PDsExceedSlight": 0.7612, "PDsExceedModerate": 0.6325, "PDsExceedExtensive": 0.5138, "FunctDay1": 38.3, "FunctDay3": 45.0, "FunctDay7": 49.8, "FunctDay14": 50.9, "FunctDay30": 52.7, "FunctDay90": 65.7, "EconLoss": 163233.953125, "Name": "'CUNNINGHAM SLOUGH'", "City": "null", "State": "null" }, "geometry": { "type": "Point", "coordinates": [ -122.0016, 38.053119 ] } },
{ "type": "Feature", "properties": { "FacilityType": "HighwayBridge", "FacilityId": "CA025695", "Anchor": "null", "FoundationType": "null", "eqBldgType": "null", "DesignLevel": "null", "SoilType": "D", "LqfSusCat": 0, "LndSusCat": 0, "WaterDepth": 5.0, "Distance": "null", "PGA": 0.57965898513793945, "PGV": 37.648345947265625, "Sa03": 1.4969432353973389, "Sa10": 1.2751612663269043, "LqfSettlPGD": 0.0, "LqfSprPGD": 0.0, "LqfProb": 0.0, "LndPGD": 0.0, "LndProb": 0.0, "SufFltRuptPGD": 29.523393630981445, "SurfFltRuptProb": 0.5, "PDsNone": 0.2185, "PDsSlight": 0.1241, "PDsModerate": 0.1169, "PDsExtensive": 0.2244, "PDsComplete": 0.3158, "PDsExceedSlight": 0.7814, "PDsExceedModerate": 0.6573, "PDsExceedExtensive": 0.5403, "FunctDay1": 35.9, "FunctDay3": 42.5, "FunctDay7": 47.2, "FunctDay14": 48.3, "FunctDay30": 50.2, "FunctDay90": 63.5, "EconLoss": 123340.328125, "Name": "'SLOUGH'", "City": "null", "State": "null" }, "geometry": { "type": "Point", "coordinates": [ -122.049369, 38.040611 ] } },
{ "type": "Feature", "properties": { "FacilityType": "HighwayBridge", "FacilityId": "CA025696", "Anchor": "null", "FoundationType": "null", "eqBldgType": "null", "DesignLevel": "null", "SoilType": "D", "LqfSusCat": 0, "LndSusCat": 0, "WaterDepth": 5.0, "Distance": "null", "PGA": 0.56093955039978027, "PGV": 35.603309631347656, "Sa03": 1.4739805459976196, "Sa10": 1.2252141237258911, "LqfSettlPGD": 0.0, "LqfSprPGD": 0.0, "LqfProb": 0.0, "LndPGD": 0.0, "LndProb": 0.0, "SufFltRuptPGD": 29.523393630981445, "SurfFltRuptProb": 0.5, "PDsNone": 0.0676, "PDsSlight": 0.1711, "PDsModerate": 0.1899, "PDsExtensive": 0.2787, "PDsComplete": 0.2925, "PDsExceedSlight": 0.9323, "PDsExceedModerate": 0.7612, "PDsExceedExtensive": 0.5712, "FunctDay1": 26.6, "FunctDay3": 36.5, "FunctDay7": 44.0, "FunctDay14": 45.6, "FunctDay30": 47.8, "FunctDay90": 63.6, "EconLoss": 398501.6875, "Name": "'CONTRA COSTA CANAL'", "City": "null", "State": "null" }, "geometry": { "type": "Point", "coordinates": [ -121.98785, 38.036089 ] } },
{ "type": "Feature", "properties": { "FacilityType": "HighwayTunnel", "FacilityId": "CA000012", "Anchor": "null", "FoundationType": "null", "eqBldgType": "null", "DesignLevel": "null", "SoilType": "D", "LqfSusCat": 0, "LndSusCat": 0, "WaterDepth": 5.0, "Distance": "null", "PGA": 0.91845971345901489, "PGV": 40.322734832763672, "Sa03": 2.2173798084259033, "Sa10": 1.0956919193267822, "LqfSettlPGD": 0.0, "LqfSprPGD": 0.0, "LqfProb": 0.0, "LndPGD": 0.0, "LndProb": 0.0, "SufFltRuptPGD": 29.523393630981445, "SurfFltRuptProb": 0.5, "PDsNone": 0.1554, "PDsSlight": 0.1699, "PDsModerate": 0.6745, "PDsExtensive": 0.0, "PDsComplete": 0.0, "PDsExceedSlight": 0.8445, "PDsExceedModerate": 0.6746, "PDsExceedExtensive": 0.0, "FunctDay1": 99.9, "FunctDay3": 99.9, "FunctDay7": 99.9, "FunctDay14": 99.9, "FunctDay30": 99.9, "FunctDay90": 99.9, "EconLoss": 6964301.0, "Name": "CALDECOTT TUNNEL (BORE 1) EASTBOUND", "City": "null", "State": "null" }, "geometry": { "type": "Point", "coordinates": [ -122.212658, 37.85758 ] } },
{ "type": "Feature", "properties": { "FacilityType": "HighwayTunnel", "FacilityId": "CA000013", "Anchor": "null", "FoundationType": "null", "eqBldgType": "null", "DesignLevel": "null", "SoilType": "D", "LqfSusCat": 0, "LndSusCat": 0, "WaterDepth": 5.0, "Distance": "null", "PGA": 0.91845971345901489, "PGV": 40.322734832763672, "Sa03": 2.2173798084259033, "Sa10": 1.0956919193267822, "LqfSettlPGD": 0.0, "LqfSprPGD": 0.0, "LqfProb": 0.0, "LndPGD": 0.0, "LndProb": 0.0, "SufFltRuptPGD": 29.523393630981445, "SurfFltRuptProb": 0.5, "PDsNone": 0.1554, "PDsSlight": 0.1699, "PDsModerate": 0.6745, "PDsExtensive": 0.0, "PDsComplete": 0.0, "PDsExceedSlight": 0.8445, "PDsExceedModerate": 0.6746, "PDsExceedExtensive": 0.0, "FunctDay1": 99.9, "FunctDay3": 99.9, "FunctDay7": 99.9, "FunctDay14": 99.9, "FunctDay30": 99.9, "FunctDay90": 99.9, "EconLoss": 6486729.5, "Name": "CALDECOTT TUNNEL (BORE 2) EASTBOUND", "City": "null", "State": "null" }, "geometry": { "type": "Point", "coordinates": [ -122.212774, 37.857589 ] } },
{ "type": "Feature", "properties": { "FacilityType": "HighwayTunnel", "FacilityId": "CA000054", "Anchor": "null", "FoundationType": "null", "eqBldgType": "null", "DesignLevel": "null", "SoilType": "D", "LqfSusCat": 0, "LndSusCat": 0, "WaterDepth": 5.0, "Distance": "null", "PGA": 0.57921749353408813, "PGV": 20.722053527832031, "Sa03": 1.1552671194076538, "Sa10": 0.45690050721168518, "LqfSettlPGD": 0.0, "LqfSprPGD": 0.0, "LqfProb": 0.0, "LndPGD": 0.0, "LndProb": 0.0, "SufFltRuptPGD": 29.523393630981445, "SurfFltRuptProb": 0.5, "PDsNone": 0.4031, "PDsSlight": 0.2206, "PDsModerate": 0.3761, "PDsExtensive": 0.0, "PDsComplete": 0.0, "PDsExceedSlight": 0.5968, "PDsExceedModerate": 0.3761, "PDsExceedExtensive": 0.0, "FunctDay1": 99.9, "FunctDay3": 99.9, "FunctDay7": 99.9, "FunctDay14": 99.9, "FunctDay30": 99.9, "FunctDay90": 99.9, "EconLoss": 1028199.0, "Name": "DORNAN DRIVE TUNNEL", "City": "null", "State": "null" }, "geometry": { "type": "Point", "coordinates": [ -122.38505, 37.92219 ] } },
{ "type": "Feature", "properties": { "FacilityType": "HighwayTunnel", "FacilityId": "CA000100", "Anchor": "null", "FoundationType": "null", "eqBldgType": "null", "DesignLevel": "null", "SoilType": "D", "LqfSusCat": 0, "LndSusCat": 0, "WaterDepth": 5.0, "Distance": "null", "PGA": 0.75770741701126099, "PGV": 32.710296630859375, "Sa03": 1.885928750038147, "Sa10": 0.92795771360397339, "LqfSettlPGD": 0.0, "LqfSprPGD": 0.0, "LqfProb": 0.0, "LndPGD": 0.0, "LndProb": 0.0, "SufFltRuptPGD": 29.523393630981445, "SurfFltRuptProb": 0.5, "PDsNone": 0.2442, "PDsSlight": 0.2032, "PDsModerate": 0.5525, "PDsExtensive": 0.0, "PDsComplete": 0.0, "PDsExceedSlight": 0.7557, "PDsExceedModerate": 0.5525, "PDsExceedExtensive": 0.0, "FunctDay1": 99.9, "FunctDay3": 99.9, "FunctDay7": 99.9, "FunctDay14": 99.9, "FunctDay30": 99.9, "FunctDay90": 99.9, "EconLoss": 1459413.0, "Name": "Bay Point L&R Tunnel", "City": "null", "State": "null" }, "geometry": { "type": "Point", "coordinates": [ -122.006278, 38.012935 ] } },
{ "type": "Feature", "properties": { "FacilityType": "HighwayTunnel", "FacilityId": "CA000101", "Anchor": "null", "FoundationType": "null", "eqBldgType": "null", "DesignLevel": "null", "SoilType": "D", "LqfSusCat": 0, "LndSusCat": 0, "WaterDepth": 5.0, "Distance": "null", "PGA": 0.75770741701126099, "PGV": 32.710296630859375, "Sa03": 1.885928750038147, "Sa10": 0.92795771360397339, "LqfSettlPGD": 0.0, "LqfSprPGD": 0.0, "LqfProb": 0.0, "LndPGD": 0.0, "LndProb": 0.0, "SufFltRuptPGD": 29.523393630981445, "SurfFltRuptProb": 0.5, "PDsNone": 0.2442, "PDsSlight": 0.2032, "PDsModerate": 0.5525, "PDsExtensive": 0.0, "PDsComplete": 0.0, "PDsExceedSlight": 0.7557, "PDsExceedModerate": 0.5525, "PDsExceedExtensive": 0.0, "FunctDay1": 99.9, "FunctDay3": 99.9, "FunctDay7": 99.9, "FunctDay14": 99.9, "FunctDay30": 99.9, "FunctDay90": 99.9, "EconLoss": 1427926.125, "Name": "Bay Point L&R Tunnel", "City": "null", "State": "null" }, "geometry": { "type": "Point", "coordinates": [ -122.00645, 38.012876 ] } },
{ "type": "Feature", "properties": { "FacilityType": "LightRailBridge", "FacilityId": "CA000001", "Anchor": "null", "FoundationType": "null", "eqBldgType": "null", "DesignLevel": "null", "SoilType": "D", "LqfSusCat": 0, "LndSusCat": 0, "WaterDepth": 5.0, "Distance": "null", "PGA": 0.88981062173843384, "PGV": 37.460258483886719, "Sa03": 2.213346004486084, "Sa10": 1.0647217035293579, "LqfSettlPGD": 0.0, "LqfSprPGD": 0.0, "LqfProb": 0.0, "LndPGD": 0.0, "LndProb": 0.0, "SufFltRuptPGD": 29.523393630981445, "SurfFltRuptProb": 0.5, "PDsNone": 0.3168, "PDsSlight": 0.1414, "PDsModerate": 0.1206, "PDsExtensive": 0.2032, "PDsComplete": 0.2177, "PDsExceedSlight": 0.6831, "PDsExceedModerate": 0.5416, "PDsExceedExtensive": 0.4209, "FunctDay1": 46.9, "FunctDay3": 54.0, "FunctDay7": 58.8, "FunctDay14": 59.9, "FunctDay30": 61.5, "FunctDay90": 73.0, "EconLoss": 103964.703125, "Name": "INTERSTATE 680", "City": "null", "State": "null" }, "geometry": { "type": "Point", "coordinates": [ -122.07, 37.9 ] } },
{ "type": "Feature", "properties": { "FacilityType": "LightRailBridge", "FacilityId": "CA000002", "Anchor": "null", "FoundationType": "null", "eqBldgType": "null", "DesignLevel": "null", "SoilType": "D", "LqfSusCat": 0, "LndSusCat": 0, "WaterDepth": 5.0, "Distance": "null", "PGA": 0.88981062173843384, "PGV": 37.460258483886719, "Sa03": 2.213346004486084, "Sa10": 1.0647217035293579, "LqfSettlPGD": 0.0, "LqfSprPGD": 0.0, "LqfProb": 0.0, "LndPGD": 0.0, "LndProb": 0.0, "SufFltRuptPGD": 29.523393630981445, "SurfFltRuptProb": 0.5, "PDsNone": 0.3168, "PDsSlight": 0.1414, "PDsModerate": 0.1206, "PDsExtensive": 0.2032, "PDsComplete": 0.2177, "PDsExceedSlight": 0.6831, "PDsExceedModerate": 0.5416, "PDsExceedExtensive": 0.4209, "FunctDay1": 46.9, "FunctDay3": 54.0, "FunctDay7": 58.8, "FunctDay14": 59.9, "FunctDay30": 61.5, "FunctDay90": 73.0, "EconLoss": 103964.703125, "Name": "INTERSTATE 680", "City": "null", "State": "null" }, "geometry": { "type": "Point", "coordinates": [ -122.07, 37.9 ] } },
{ "type": "Feature", "properties": { "FacilityType": "LightRailBridge", "FacilityId": "CA000003", "Anchor": "null", "FoundationType": "null", "eqBldgType": "null", "DesignLevel": "null", "SoilType": "D", "LqfSusCat": 0, "LndSusCat": 0, "WaterDepth": 5.0, "Distance": "null", "PGA": 0.90310841798782349, "PGV": 42.278400421142578, "Sa03": 2.2275204658508301, "Sa10": 1.1406011581420898, "LqfSettlPGD": 0.0, "LqfSprPGD": 0.0, "LqfProb": 0.0, "LndPGD": 0.0, "LndProb": 0.0, "SufFltRuptPGD": 29.523393630981445, "SurfFltRuptProb": 0.5, "PDsNone": 0.2772, "PDsSlight": 0.136, "PDsModerate": 0.1204, "PDsExtensive": 0.2132, "PDsComplete": 0.2529, "PDsExceedSlight": 0.7227, "PDsExceedModerate": 0.5867, "PDsExceedExtensive": 0.4662, "FunctDay1": 42.6, "FunctDay3": 49.6, "FunctDay7": 54.4, "FunctDay14": 55.5, "FunctDay30": 57.2, "FunctDay90": 69.5, "EconLoss": 26047.236328125, "Name": "SAN PABLO AVE", "City": "null", "State": "null" }, "geometry": { "type": "Point", "coordinates": [ -122.32, 37.93 ] } },
{ "type": "Feature", "properties": { "FacilityType": "LightRailBridge", "FacilityId": "CA000004", "Anchor": "null", "FoundationType": "null", "eqBldgType": "null", "DesignLevel": "null", "SoilType": "D", "LqfSusCat": 0, "LndSusCat": 0, "WaterDepth": 5.0, "Distance": "null", "PGA": 0.74986439943313599, "PGV": 46.097896575927734, "Sa03": 1.8606994152069092, "Sa10": 1.3066445589065552, "LqfSettlPGD": 0.0, "LqfSprPGD": 0.0, "LqfProb": 0.0, "LndPGD": 0.0, "LndProb": 0.0, "SufFltRuptPGD": 29.523393630981445, "SurfFltRuptProb": 0.5, "PDsNone": 0.2067, "PDsSlight": 0.1211, "PDsModerate": 0.1156, "PDsExtensive": 0.2259, "PDsComplete": 0.3304, "PDsExceedSlight": 0.7932, "PDsExceedModerate": 0.6721, "PDsExceedExtensive": 0.5564, "FunctDay1": 34.5, "FunctDay3": 41.0, "FunctDay7": 45.6, "FunctDay14": 46.8, "FunctDay30": 48.6, "FunctDay90": 62.1, "EconLoss": 87738.4453125, "Name": "23RD ST", "City": "null", "State": "null" }, "geometry": { "type": "Point", "coordinates": [ -122.34667, 37.93167 ] } },
{ "type": "Feature", "properties": { "FacilityType": "LightRailBridge", "FacilityId": "CA000005", "Anchor": "null", "FoundationType": "null", "eqBldgType": "null", "DesignLevel": "null", "SoilType": "D", "LqfSusCat": 0, "LndSusCat": 0, "WaterDepth": 5.0, "Distance": "null", "PGA": 0.82510662078857422, "PGV": 35.320968627929688, "Sa03": 1.9869507551193237, "Sa10": 0.97305315732955933, "LqfSettlPGD": 0.0, "LqfSprPGD": 0.0, "LqfProb": 0.0, "LndPGD": 0.0, "LndProb": 0.0, "SufFltRuptPGD": 29.523393630981445, "SurfFltRuptProb": 0.5, "PDsNone": 0.372, "PDsSlight": 0.146, "PDsModerate": 0.1184, "PDsExtensive": 0.1871, "PDsComplete": 0.1762, "PDsExceedSlight": 0.6279, "PDsExceedModerate": 0.4818, "PDsExceedExtensive": 0.3633, "FunctDay1": 52.6, "FunctDay3": 59.7, "FunctDay7": 64.4, "FunctDay14": 65.4, "FunctDay30": 66.9, "FunctDay90": 77.3, "EconLoss": 23474.29296875, "Name": "ORINDA STA. - BART", "City": "null", "State": "null" }, "geometry": { "type": "Point", "coordinates": [ -122.18389, 37.87889 ] } },
{ "type": "Feature", "properties": { "FacilityType": "LightRailBridge", "FacilityId": "CA000006", "Anchor": "null", "FoundationType": "null", "eqBldgType": "null", "DesignLevel": "null", "SoilType": "D", "LqfSusCat": 0, "LndSusCat": 0, "WaterDepth": 5.0, "Distance": "null", "PGA": 0.74986439943313599, "PGV": 46.097896575927734, "Sa03": 1.8606994152069092, "Sa10": 1.3066445589065552, "LqfSettlPGD": 0.0, "LqfSprPGD": 0.0, "LqfProb": 0.0, "LndPGD": 0.0, "LndProb": 0.0, "SufFltRuptPGD": 29.523393630981445, "SurfFltRuptProb": 0.5, "PDsNone": 0.2067, "PDsSlight": 0.1211, "PDsModerate": 0.1156, "PDsExtensive": 0.2259, "PDsComplete": 0.3304, "PDsExceedSlight": 0.7932, "PDsExceedModerate": 0.6721, "PDsExceedExtensive": 0.5564, "FunctDay1": 34.5, "FunctDay3": 41.0, "FunctDay7": 45.6, "FunctDay14": 46.8, "FunctDay30": 48.6, "FunctDay90": 62.1, "EconLoss": 42454.0859375, "Name": "BARRETT AVE", "City": "null", "State": "null" }, "geometry": { "type": "Point", "coordinates": [ -122.35333, 37.93833 ] } },
{ "type": "Feature", "properties": { "FacilityType": "LightRailBridge", "FacilityId": "CA000007", "Anchor": "null", "FoundationType": "null", "eqBldgType": "null", "DesignLevel": "null", "SoilType": "D", "LqfSusCat": 0, "LndSusCat": 0, "WaterDepth": 5.0, "Distance": "null", "PGA": 0.74986439943313599, "PGV": 46.097896575927734, "Sa03": 1.8606994152069092, "Sa10": 1.3066445589065552, "LqfSettlPGD": 0.0, "LqfSprPGD": 0.0, "LqfProb": 0.0, "LndPGD": 0.0, "LndProb": 0.0, "SufFltRuptPGD": 29.523393630981445, "SurfFltRuptProb": 0.5, "PDsNone": 0.2067, "PDsSlight": 0.1211, "PDsModerate": 0.1156, "PDsExtensive": 0.2259, "PDsComplete": 0.3304, "PDsExceedSlight": 0.7932, "PDsExceedModerate": 0.6721, "PDsExceedExtensive": 0.5564, "FunctDay1": 34.5, "FunctDay3": 41.0, "FunctDay7": 45.6, "FunctDay14": 46.8, "FunctDay30": 48.6, "FunctDay90": 62.1, "EconLoss": 42454.0859375, "Name": "BARRETT AVE", "City": "null", "State": "null" }, "geometry": { "type": "Point", "coordinates": [ -122.35333, 37.93833 ] } },
{ "type": "Feature", "properties": { "FacilityType": "LightRailBridge", "FacilityId": "CA000008", "Anchor": "null", "FoundationType": "null", "eqBldgType": "null", "DesignLevel": "null", "SoilType": "D", "LqfSusCat": 0, "LndSusCat": 0, "WaterDepth": 5.0, "Distance": "null", "PGA": 0.88981062173843384, "PGV": 37.460258483886719, "Sa03": 2.213346004486084, "Sa10": 1.0647217035293579, "LqfSettlPGD": 0.0, "LqfSprPGD": 0.0, "LqfProb": 0.0, "LndPGD": 0.0, "LndProb": 0.0, "SufFltRuptPGD": 29.523393630981445, "SurfFltRuptProb": 0.5, "PDsNone": 0.3168, "PDsSlight": 0.1414, "PDsModerate": 0.1206, "PDsExtensive": 0.2032, "PDsComplete": 0.2177, "PDsExceedSlight": 0.6831, "PDsExceedModerate": 0.5416, "PDsExceedExtensive": 0.4209, "FunctDay1": 46.9, "FunctDay3": 54.0, "FunctDay7": 58.8, "FunctDay14": 59.9, "FunctDay30": 61.5, "FunctDay90": 73.0, "EconLoss": 36987.44140625, "Name": "NORTH CALIFORNIA B", "City": "null", "State": "null" }, "geometry": { "type": "Point", "coordinates": [ -122.065, 37.91167 ] } },
{ "type": "Feature", "properties": { "FacilityType": "LightRailBridge", "FacilityId": "CA000009", "Anchor": "null", "FoundationType": "null", "eqBldgType": "null", "DesignLevel": "null", "SoilType": "D", "LqfSusCat": 0, "LndSusCat": 0, "WaterDepth": 5.0, "Distance": "null", "PGA": 0.78646308183670044, "PGV": 46.787063598632813, "Sa03": 1.958044171333313, "Sa10": 1.3109819889068604, "LqfSettlPGD": 0.0, "LqfSprPGD": 0.0, "LqfProb": 0.0, "LndPGD": 0.0, "LndProb": 0.0, "SufFltRuptPGD": 29.523393630981445, "SurfFltRuptProb": 0.5, "PDsNone": 0.2051, "PDsSlight": 0.1206, "PDsModerate": 0.1155, "PDsExtensive": 0.2261, "PDsComplete": 0.3324, "PDsExceedSlight": 0.7948, "PDsExceedModerate": 0.6741, "PDsExceedExtensive": 0.5586, "FunctDay1": 34.3, "FunctDay3": 40.8, "FunctDay7": 45.4, "FunctDay14": 46.6, "FunctDay30": 48.4, "FunctDay90": 61.9, "EconLoss": 52625.5390625, "Name": "BARTD", "City": "null", "State": "null" }, "geometry": { "type": "Point", "coordinates": [ -122.29667, 37.90167 ] } },
{ "type": "Feature", "properties": { "FacilityType": "LightRailBridge", "FacilityId": "CA000010", "Anchor": "null", "FoundationType": "null", "eqBldgType": "null", "DesignLevel": "null", "SoilType": "D", "LqfSusCat": 0, "LndSusCat": 0, "WaterDepth": 5.0, "Distance": "null", "PGA": 0.78646308183670044, "PGV": 46.787063598632813, "Sa03": 1.958044171333313, "Sa10": 1.3109819889068604, "LqfSettlPGD": 0.0, "LqfSprPGD": 0.0, "LqfProb": 0.0, "LndPGD": 0.0, "LndProb": 0.0, "SufFltRuptPGD": 29.523393630981445, "SurfFltRuptProb": 0.5, "PDsNone": 0.2051, "PDsSlight": 0.1206, "PDsModerate": 0.1155, "PDsExtensive": 0.2261, "PDsComplete": 0.3324, "PDsExceedSlight": 0.7948, "PDsExceedModerate": 0.6741, "PDsExceedExtensive": 0.5586, "FunctDay1": 34.3, "FunctDay3": 40.8, "FunctDay7": 45.4, "FunctDay14": 46.6, "FunctDay30": 48.4, "FunctDay90": 61.9, "EconLoss": 35557.796875, "Name": "CENTRAL AVE", "City": "null", "State": "null" }, "geometry": { "type": "Point", "coordinates": [ -122.29833, 37.90333 ] } },
{ "type": "Feature", "properties": { "FacilityType": "LightRailBridge", "FacilityId": "CA000011", "Anchor": "null", "FoundationType": "null", "eqBldgType": "null", "DesignLevel": "null", "SoilType": "D", "LqfSusCat": 0, "LndSusCat": 0, "WaterDepth": 5.0, "Distance": "null", "PGA": 0.78646308183670044, "PGV": 46.787063598632813, "Sa03": 1.958044171333313, "Sa10": 1.3109819889068604, "LqfSettlPGD": 0.0, "LqfSprPGD": 0.0, "LqfProb": 0.0, "LndPGD": 0.0, "LndProb": 0.0, "SufFltRuptPGD": 29.523393630981445, "SurfFltRuptProb": 0.5, "PDsNone": 0.2051, "PDsSlight": 0.1206, "PDsModerate": 0.1155, "PDsExtensive": 0.2261, "PDsComplete": 0.3324, "PDsExceedSlight": 0.7948, "PDsExceedModerate": 0.6741, "PDsExceedExtensive": 0.5586, "FunctDay1": 34.3, "FunctDay3": 40.8, "FunctDay7": 45.4, "FunctDay14": 46.6, "FunctDay30": 48.4, "FunctDay90": 61.9, "EconLoss": 35557.796875, "Name": "STOCKTON AVE", "City": "null", "State": "null" }, "geometry": { "type": "Point", "coordinates": [ -122.30333, 37.90833 ] } },
{ "type": "Feature", "properties": { "FacilityType": "LightRailBridge", "FacilityId": "CA000012", "Anchor": "null", "FoundationType": "null", "eqBldgType": "null", "DesignLevel": "null", "SoilType": "D", "LqfSusCat": 0, "LndSusCat": 0, "WaterDepth": 5.0, "Distance": "null", "PGA": 0.78646308183670044, "PGV": 46.787063598632813, "Sa03": 1.958044171333313, "Sa10": 1.3109819889068604, "LqfSettlPGD": 0.0, "LqfSprPGD": 0.0, "LqfProb": 0.0, "LndPGD": 0.0, "LndProb": 0.0, "SufFltRuptPGD": 29.523393630981445, "SurfFltRuptProb": 0.5, "PDsNone": 0.2051, "PDsSlight": 0.1206, "PDsModerate": 0.1155, "PDsExtensive": 0.2261, "PDsComplete": 0.3324, "PDsExceedSlight": 0.7948, "PDsExceedModerate": 0.6741, "PDsExceedExtensive": 0.5586, "FunctDay1": 34.3, "FunctDay3": 40.8, "FunctDay7": 45.4, "FunctDay14": 46.6, "FunctDay30": 48.4, "FunctDay90": 61.9, "EconLoss": 35557.796875, "Name": "MOESER LN", "City": "null", "State": "null" }, "geometry": { "type": "Point", "coordinates": [ -122.305, 37.91167 ] } },
{ "type": "Feature", "properties": { "FacilityType": "LightRailBridge", "FacilityId": "CA000013", "Anchor": "null", "FoundationType": "null", "eqBldgType": "null", "DesignLevel": "null", "SoilType": "D", "LqfSusCat": 0, "LndSusCat": 0, "WaterDepth": 5.0, "Distance": "null", "PGA": 0.78646308183670044, "PGV": 46.787063598632813, "Sa03": 1.958044171333313, "Sa10": 1.3109819889068604, "LqfSettlPGD": 0.0, "LqfSprPGD": 0.0, "LqfProb": 0.0, "LndPGD": 0.0, "LndProb": 0.0, "SufFltRuptPGD": 29.523393630981445, "SurfFltRuptProb": 0.5, "PDsNone": 0.2051, "PDsSlight": 0.1206, "PDsModerate": 0.1155, "PDsExtensive": 0.2261, "PDsComplete": 0.3324, "PDsExceedSlight": 0.7948, "PDsExceedModerate": 0.6741, "PDsExceedExtensive": 0.5586, "FunctDay1": 34.3, "FunctDay3": 40.8, "FunctDay7": 45.4, "FunctDay14": 46.6, "FunctDay30": 48.4, "FunctDay90": 61.9, "EconLoss": 36980.10546875, "Name": "MANILA AVE", "City": "null", "State": "null" }, "geometry": { "type": "Point", "coordinates": [ -122.30833, 37.91667 ] } },
{ "type": "Feature", "properties": { "FacilityType": "LightRailBridge", "FacilityId": "CA000014", "Anchor": "null", "FoundationType": "null", "eqBldgType": "null", "DesignLevel": "null", "SoilType": "D", "LqfSusCat": 0, "LndSusCat": 0, "WaterDepth": 5.0, "Distance": "null", "PGA": 0.78646308183670044, "PGV": 46.787063598632813, "Sa03": 1.958044171333313, "Sa10": 1.3109819889068604, "LqfSettlPGD": 0.0, "LqfSprPGD": 0.0, "LqfProb": 0.0, "LndPGD": 0.0, "LndProb": 0.0, "SufFltRuptPGD": 29.523393630981445, "SurfFltRuptProb": 0.5, "PDsNone": 0.2051, "PDsSlight": 0.1206, "PDsModerate": 0.1155, "PDsExtensive": 0.2261, "PDsComplete": 0.3324, "PDsExceedSlight": 0.7948, "PDsExceedModerate": 0.6741, "PDsExceedExtensive": 0.5586, "FunctDay1": 34.3, "FunctDay3": 40.8, "FunctDay7": 45.4, "FunctDay14": 46.6, "FunctDay30": 48.4, "FunctDay90": 61.9, "EconLoss": 36980.10546875, "Name": "POTRERO AVE", "City": "null", "State": "null" }, "geometry": { "type": "Point", "coordinates": [ -122.31167, 37.92167 ] } },
{ "type": "Feature", "properties": { "FacilityType": "LightRailBridge", "FacilityId": "CA000015", "Anchor": "null", "FoundationType": "null", "eqBldgType": "null", "DesignLevel": "null", "SoilType": "D", "LqfSusCat": 0, "LndSusCat": 0, "WaterDepth": 5.0, "Distance": "null", "PGA": 0.78646308183670044, "PGV": 46.787063598632813, "Sa03": 1.958044171333313, "Sa10": 1.3109819889068604, "LqfSettlPGD": 0.0, "LqfSprPGD": 0.0, "LqfProb": 0.0, "LndPGD": 0.0, "LndProb": 0.0, "SufFltRuptPGD": 29.523393630981445, "SurfFltRuptProb": 0.5, "PDsNone": 0.2051, "PDsSlight": 0.1206, "PDsModerate": 0.1155, "PDsExtensive": 0.2261, "PDsComplete": 0.3324, "PDsExceedSlight": 0.7948, "PDsExceedModerate": 0.6741, "PDsExceedExtensive": 0.5586, "FunctDay1": 34.3, "FunctDay3": 40.8, "FunctDay7": 45.4, "FunctDay14": 46.6, "FunctDay30": 48.4, "FunctDay90": 61.9, "EconLoss": 35557.796875, "Name": "HILL ST", "City": "null", "State": "null" }, "geometry": { "type": "Point", "coordinates": [ -122.315, 37.925 ] } },
{ "type": "Feature", "properties": { "FacilityType": "LightRailBridge", "FacilityId": "CA000016", "Anchor": "null", "FoundationType": "null", "eqBldgType": "null", "DesignLevel": "null", "SoilType": "D", "LqfSusCat": 0, "LndSusCat": 0, "WaterDepth": 5.0, "Distance": "null", "PGA": 0.74986439943313599, "PGV": 46.097896575927734, "Sa03": 1.8606994152069092, "Sa10": 1.3066445589065552, "LqfSettlPGD": 0.0, "LqfSprPGD": 0.0, "LqfProb": 0.0, "LndPGD": 0.0, "LndProb": 0.0, "SufFltRuptPGD": 29.523393630981445, "SurfFltRuptProb": 0.5, "PDsNone": 0.2067, "PDsSlight": 0.1211, "PDsModerate": 0.1156, "PDsExtensive": 0.2259, "PDsComplete": 0.3304, "PDsExceedSlight": 0.7932, "PDsExceedModerate": 0.6721, "PDsExceedExtensive": 0.5564, "FunctDay1": 34.5, "FunctDay3": 41.0, "FunctDay7": 45.6, "FunctDay14": 46.8, "FunctDay30": 48.6, "FunctDay90": 62.1, "EconLoss": 35378.40625, "Name": "37TH ST", "City": "null", "State": "null" }, "geometry": { "type": "Point", "coordinates": [ -122.335, 37.93167 ] } },
{ "type": "Feature", "properties": { "FacilityType": "LightRailBridge", "FacilityId": "CA000017", "Anchor": "null", "FoundationType": "null", "eqBldgType": "null", "DesignLevel": "null", "SoilType": "D", "LqfSusCat": 0, "LndSusCat": 0, "WaterDepth": 5.0, "Distance": "null", "PGA": 0.74986439943313599, "PGV": 46.097896575927734, "Sa03": 1.8606994152069092, "Sa10": 1.3066445589065552, "LqfSettlPGD": 0.0, "LqfSprPGD": 0.0, "LqfProb": 0.0, "LndPGD": 0.0, "LndProb": 0.0, "SufFltRuptPGD": 29.523393630981445, "SurfFltRuptProb": 0.5, "PDsNone": 0.2067, "PDsSlight": 0.1211, "PDsModerate": 0.1156, "PDsExtensive": 0.2259, "PDsComplete": 0.3304, "PDsExceedSlight": 0.7932, "PDsExceedModerate": 0.6721, "PDsExceedExtensive": 0.5564, "FunctDay1": 34.5, "FunctDay3": 41.0, "FunctDay7": 45.6, "FunctDay14": 46.8, "FunctDay30": 48.6, "FunctDay90": 62.1, "EconLoss": 35378.40625, "Name": "37TH ST", "City": "null", "State": "null" }, "geometry": { "type": "Point", "coordinates": [ -122.335, 37.93167 ] } },
{ "type": "Feature", "properties": { "FacilityType": "LightRailBridge", "FacilityId": "CA000018", "Anchor": "null", "FoundationType": "null", "eqBldgType": "null", "DesignLevel": "null", "SoilType": "D", "LqfSusCat": 0, "LndSusCat": 0, "WaterDepth": 5.0, "Distance": "null", "PGA": 0.74986439943313599, "PGV": 46.097896575927734, "Sa03": 1.8606994152069092, "Sa10": 1.3066445589065552, "LqfSettlPGD": 0.0, "LqfSprPGD": 0.0, "LqfProb": 0.0, "LndPGD": 0.0, "LndProb": 0.0, "SufFltRuptPGD": 29.523393630981445, "SurfFltRuptProb": 0.5, "PDsNone": 0.2067, "PDsSlight": 0.1211, "PDsModerate": 0.1156, "PDsExtensive": 0.2259, "PDsComplete": 0.3304, "PDsExceedSlight": 0.7932, "PDsExceedModerate": 0.6721, "PDsExceedExtensive": 0.5564, "FunctDay1": 34.5, "FunctDay3": 41.0, "FunctDay7": 45.6, "FunctDay14": 46.8, "FunctDay30": 48.6, "FunctDay90": 62.1, "EconLoss": 29717.859375, "Name": "MACDONALD AVE", "City": "null", "State": "null" }, "geometry": { "type": "Point", "coordinates": [ -122.35167, 37.93667 ] } },
{ "type": "Feature", "properties": { "FacilityType": "LightRailBridge", "FacilityId": "CA000019", "Anchor": "null", "FoundationType": "null", "eqBldgType": "null", "DesignLevel": "null", "SoilType": "D", "LqfSusCat": 0, "LndSusCat": 0, "WaterDepth": 5.0, "Distance": "null", "PGA": 0.74986439943313599, "PGV": 46.097896575927734, "Sa03": 1.8606994152069092, "Sa10": 1.3066445589065552, "LqfSettlPGD": 0.0, "LqfSprPGD": 0.0, "LqfProb": 0.0, "LndPGD": 0.0, "LndProb": 0.0, "SufFltRuptPGD": 29.523393630981445, "SurfFltRuptProb": 0.5, "PDsNone": 0.2067, "PDsSlight": 0.1211, "PDsModerate": 0.1156, "PDsExtensive": 0.2259, "PDsComplete": 0.3304, "PDsExceedSlight": 0.7932, "PDsExceedModerate": 0.6721, "PDsExceedExtensive": 0.5564, "FunctDay1": 34.5, "FunctDay3": 41.0, "FunctDay7": 45.6, "FunctDay14": 46.8, "FunctDay30": 48.6, "FunctDay90": 62.1, "EconLoss": 45284.359375, "Name": "MACDONALD AVE", "City": "null", "State": "null" }, "geometry": { "type": "Point", "coordinates": [ -122.35167, 37.93667 ] } },
{ "type": "Feature", "properties": { "FacilityType": "LightRailBridge", "FacilityId": "CA000020", "Anchor": "null", "FoundationType": "null", "eqBldgType": "null", "DesignLevel": "null", "SoilType": "D", "LqfSusCat": 0, "LndSusCat": 0, "WaterDepth": 5.0, "Distance": "null", "PGA": 0.74986439943313599, "PGV": 46.097896575927734, "Sa03": 1.8606994152069092, "Sa10": 1.3066445589065552, "LqfSettlPGD": 0.0, "LqfSprPGD": 0.0, "LqfProb": 0.0, "LndPGD": 0.0, "LndProb": 0.0, "SufFltRuptPGD": 29.523393630981445, "SurfFltRuptProb": 0.5, "PDsNone": 0.2067, "PDsSlight": 0.1211, "PDsModerate": 0.1156, "PDsExtensive": 0.2259, "PDsComplete": 0.3304, "PDsExceedSlight": 0.7932, "PDsExceedModerate": 0.6721, "PDsExceedExtensive": 0.5564, "FunctDay1": 34.5, "FunctDay3": 41.0, "FunctDay7": 45.6, "FunctDay14": 46.8, "FunctDay30": 48.6, "FunctDay90": 62.1, "EconLoss": 45284.359375, "Name": "MACDONALD AVE", "City": "null", "State": "null" }, "geometry": { "type": "Point", "coordinates": [ -122.35167, 37.93667 ] } },
{ "type": "Feature", "properties": { "FacilityType": "LightRailBridge", "FacilityId": "CA000021", "Anchor": "null", "FoundationType": "null", "eqBldgType": "null", "DesignLevel": "null", "SoilType": "D", "LqfSusCat": 0, "LndSusCat": 0, "WaterDepth": 5.0, "Distance": "null", "PGA": 0.88981062173843384, "PGV": 37.460258483886719, "Sa03": 2.213346004486084, "Sa10": 1.0647217035293579, "LqfSettlPGD": 0.0, "LqfSprPGD": 0.0, "LqfProb": 0.0, "LndPGD": 0.0, "LndProb": 0.0, "SufFltRuptPGD": 29.523393630981445, "SurfFltRuptProb": 0.5, "PDsNone": 0.3168, "PDsSlight": 0.1414, "PDsModerate": 0.1206, "PDsExtensive": 0.2032, "PDsComplete": 0.2177, "PDsExceedSlight": 0.6831, "PDsExceedModerate": 0.5416, "PDsExceedExtensive": 0.4209, "FunctDay1": 46.9, "FunctDay3": 54.0, "FunctDay7": 58.8, "FunctDay14": 59.9, "FunctDay30": 61.5, "FunctDay90": 73.0, "EconLoss": 39986.421875, "Name": "OAKLAND BLVD", "City": "null", "State": "null" }, "geometry": { "type": "Point", "coordinates": [ -122.06833, 37.90167 ] } },
{ "type": "Feature", "properties": { "FacilityType": "LightRailBridge", "FacilityId": "CA000022", "Anchor": "null", "FoundationType": "null", "eqBldgType": "null", "DesignLevel": "null", "SoilType": "D", "LqfSusCat": 0, "LndSusCat": 0, "WaterDepth": 5.0, "Distance": "null", "PGA": 0.88981062173843384, "PGV": 37.460258483886719, "Sa03": 2.213346004486084, "Sa10": 1.0647217035293579, "LqfSettlPGD": 0.0, "LqfSprPGD": 0.0, "LqfProb": 0.0, "LndPGD": 0.0, "LndProb": 0.0, "SufFltRuptPGD": 29.523393630981445, "SurfFltRuptProb": 0.5, "PDsNone": 0.3168, "PDsSlight": 0.1414, "PDsModerate": 0.1206, "PDsExtensive": 0.2032, "PDsComplete": 0.2177, "PDsExceedSlight": 0.6831, "PDsExceedModerate": 0.5416, "PDsExceedExtensive": 0.4209, "FunctDay1": 46.9, "FunctDay3": 54.0, "FunctDay7": 58.8, "FunctDay14": 59.9, "FunctDay30": 61.5, "FunctDay90": 73.0, "EconLoss": 28990.158203125, "Name": "PARKSIDE ROAD", "City": "null", "State": "null" }, "geometry": { "type": "Point", "coordinates": [ -122.065, 37.91167 ] } },
{ "type": "Feature", "properties": { "FacilityType": "LightRailBridge", "FacilityId": "CA000023", "Anchor": "null", "FoundationType": "null", "eqBldgType": "null", "DesignLevel": "null", "SoilType": "D", "LqfSusCat": 0, "LndSusCat": 0, "WaterDepth": 5.0, "Distance": "null", "PGA": 0.80157685279846191, "PGV": 43.148735046386719, "Sa03": 1.9964525699615479, "Sa10": 1.3447792530059814, "LqfSettlPGD": 0.0, "LqfSprPGD": 0.0, "LqfProb": 0.0, "LndPGD": 0.0, "LndProb": 0.0, "SufFltRuptPGD": 29.523393630981445, "SurfFltRuptProb": 0.5, "PDsNone": 0.1933, "PDsSlight": 0.1174, "PDsModerate": 0.1139, "PDsExtensive": 0.2272, "PDsComplete": 0.348, "PDsExceedSlight": 0.8066, "PDsExceedModerate": 0.6892, "PDsExceedExtensive": 0.5752, "FunctDay1": 32.9, "FunctDay3": 39.2, "FunctDay7": 43.8, "FunctDay14": 44.9, "FunctDay30": 46.8, "FunctDay90": 60.5, "EconLoss": 72408.09375, "Name": "TREAT BLVD", "City": "null", "State": "null" }, "geometry": { "type": "Point", "coordinates": [ -122.05833, 37.92667 ] } },
{ "type": "Feature", "properties": { "FacilityType": "LightRailBridge", "FacilityId": "CA000024", "Anchor": "null", "FoundationType": "null", "eqBldgType": "null", "DesignLevel": "null", "SoilType": "D", "LqfSusCat": 0, "LndSusCat": 0, "WaterDepth": 5.0, "Distance": "null", "PGA": 0.80157685279846191, "PGV": 43.148735046386719, "Sa03": 1.9964525699615479, "Sa10": 1.3447792530059814, "LqfSettlPGD": 0.0, "LqfSprPGD": 0.0, "LqfProb": 0.0, "LndPGD": 0.0, "LndProb": 0.0, "SufFltRuptPGD": 29.523393630981445, "SurfFltRuptProb": 0.5, "PDsNone": 0.1933, "PDsSlight": 0.1174, "PDsModerate": 0.1139, "PDsExtensive": 0.2272, "PDsComplete": 0.348, "PDsExceedSlight": 0.8066, "PDsExceedModerate": 0.6892, "PDsExceedExtensive": 0.5752, "FunctDay1": 32.9, "FunctDay3": 39.2, "FunctDay7": 43.8, "FunctDay14": 44.9, "FunctDay30": 46.8, "FunctDay90": 60.5, "EconLoss": 38420.625, "Name": "BANCROFT ROAD", "City": "null", "State": "null" }, "geometry": { "type": "Point", "coordinates": [ -122.04667, 37.93333 ] } },
{ "type": "Feature", "properties": { "FacilityType": "LightRailBridge", "FacilityId": "CA000029", "Anchor": "null", "FoundationType": "null", "eqBldgType": "null", "DesignLevel": "null", "SoilType": "D", "LqfSusCat": 0, "LndSusCat": 0, "WaterDepth": 5.0, "Distance": "null", "PGA": 0.80157685279846191, "PGV": 43.148735046386719, "Sa03": 1.9964525699615479, "Sa10": 1.3447792530059814, "LqfSettlPGD": 0.0, "LqfSprPGD": 0.0, "LqfProb": 0.0, "LndPGD": 0.0, "LndProb": 0.0, "SufFltRuptPGD": 29.523393630981445, "SurfFltRuptProb": 0.5, "PDsNone": 0.1933, "PDsSlight": 0.1174, "PDsModerate": 0.1139, "PDsExtensive": 0.2272, "PDsComplete": 0.348, "PDsExceedSlight": 0.8066, "PDsExceedModerate": 0.6892, "PDsExceedExtensive": 0.5752, "FunctDay1": 32.9, "FunctDay3": 39.2, "FunctDay7": 43.8, "FunctDay14": 44.9, "FunctDay30": 46.8, "FunctDay90": 60.5, "EconLoss": 38420.625, "Name": "OAK GROVE ROAD", "City": "null", "State": "null" }, "geometry": { "type": "Point", "coordinates": [ -122.02833, 37.94167 ] } },
{ "type": "Feature", "properties": { "FacilityType": "LightRailBridge", "FacilityId": "CA000030", "Anchor": "null", "FoundationType": "null", "eqBldgType": "null", "DesignLevel": "null", "SoilType": "D", "LqfSusCat": 0, "LndSusCat": 0, "WaterDepth": 5.0, "Distance": "null", "PGA": 0.80157685279846191, "PGV": 43.148735046386719, "Sa03": 1.9964525699615479, "Sa10": 1.3447792530059814, "LqfSettlPGD": 0.0, "LqfSprPGD": 0.0, "LqfProb": 0.0, "LndPGD": 0.0, "LndProb": 0.0, "SufFltRuptPGD": 29.523393630981445, "SurfFltRuptProb": 0.5, "PDsNone": 0.1933, "PDsSlight": 0.1174, "PDsModerate": 0.1139, "PDsExtensive": 0.2272, "PDsComplete": 0.348, "PDsExceedSlight": 0.8066, "PDsExceedModerate": 0.6892, "PDsExceedExtensive": 0.5752, "FunctDay1": 32.9, "FunctDay3": 39.2, "FunctDay7": 43.8, "FunctDay14": 44.9, "FunctDay30": 46.8, "FunctDay90": 60.5, "EconLoss": 39898.34375, "Name": "COWELL ROAD", "City": "null", "State": "null" }, "geometry": { "type": "Point", "coordinates": [ -122.03, 37.96833 ] } },
{ "type": "Feature", "properties": { "FacilityType": "LightRailFlty", "FacilityId": "CA000075", "Anchor": "FALSE", "FoundationType": "0", "eqBldgType": "DFLT", "DesignLevel": "LC", "SoilType": "D", "LqfSusCat": 0, "LndSusCat": 0, "WaterDepth": 5.0, "Distance": "null", "PGA": 0.70648092031478882, "PGV": 26.046087265014648, "Sa03": 1.6615453958511353, "Sa10": 0.68669795989990234, "LqfSettlPGD": 0.0, "LqfSprPGD": 0.0, "LqfProb": 0.0, "LndPGD": 0.0, "LndProb": 0.0, "SufFltRuptPGD": 29.523393630981445, "SurfFltRuptProb": 0.5, "PDsNone": 0.0026, "PDsSlight": 0.2056, "PDsModerate": 0.2865, "PDsExtensive": 0.2806, "PDsComplete": 0.2245, "PDsExceedSlight": 0.9973, "PDsExceedModerate": 0.7917, "PDsExceedExtensive": 0.5052, "FunctDay1": 38.4, "FunctDay3": 52.2, "FunctDay7": 57.5, "FunctDay14": 58.9, "FunctDay30": 62.7, "FunctDay90": 78.5, "EconLoss": 3335439.5, "Name": "Pittsburg\/Bay Point", "City": "PITTSBURG", "State": "CA" }, "geometry": { "type": "Point", "coordinates": [ -121.944398, 38.018917 ] } },
{ "type": "Feature", "properties": { "FacilityType": "LightRailFlty", "FacilityId": "CA000402", "Anchor": "FALSE", "FoundationType": "0", "eqBldgType": "DFLT", "DesignLevel": "LC", "SoilType": "D", "LqfSusCat": 0, "LndSusCat": 0, "WaterDepth": 5.0, "Distance": "null", "PGA": 0.62511557340621948, "PGV": 26.522377014160156, "Sa03": 1.5736724138259888, "Sa10": 0.79263198375701904, "LqfSettlPGD": 0.0, "LqfSprPGD": 0.0, "LqfProb": 0.0, "LndPGD": 0.0, "LndProb": 0.0, "SufFltRuptPGD": 29.523393630981445, "SurfFltRuptProb": 0.5, "PDsNone": 0.0044, "PDsSlight": 0.2573, "PDsModerate": 0.3024, "PDsExtensive": 0.26, "PDsComplete": 0.1757, "PDsExceedSlight": 0.9955, "PDsExceedModerate": 0.7382, "PDsExceedExtensive": 0.4357, "FunctDay1": 43.4, "FunctDay3": 58.0, "FunctDay7": 63.5, "FunctDay14": 64.8, "FunctDay30": 68.1, "FunctDay90": 82.3, "EconLoss": 3028526.75, "Name": "Pittsburg Center", "City": "PITTSBURG", "State": "CA" }, "geometry": { "type": "Point", "coordinates": [ -121.867902, 38.01201 ] } },
{ "type": "Feature", "properties": { "FacilityType": "LightRailFlty", "FacilityId": "CA000403", "Anchor": "FALSE", "FoundationType": "0", "eqBldgType": "DFLT", "DesignLevel": "LC", "SoilType": "D", "LqfSusCat": 0, "LndSusCat": 0, "WaterDepth": 5.0, "Distance": "null", "PGA": 0.57236021757125854, "PGV": 23.94725227355957, "Sa03": 1.4608070850372314, "Sa10": 0.72987604141235352, "LqfSettlPGD": 0.0, "LqfSprPGD": 0.0, "LqfProb": 0.0, "LndPGD": 0.0, "LndProb": 0.0, "SufFltRuptPGD": 29.523393630981445, "SurfFltRuptProb": 0.5, "PDsNone": 0.0063, "PDsSlight": 0.298, "PDsModerate": 0.3087, "PDsExtensive": 0.2417, "PDsComplete": 0.1451, "PDsExceedSlight": 0.9936, "PDsExceedModerate": 0.6956, "PDsExceedExtensive": 0.3868, "FunctDay1": 47.3, "FunctDay3": 62.1, "FunctDay7": 67.6, "FunctDay14": 68.8, "FunctDay30": 71.9, "FunctDay90": 84.8, "EconLoss": 2807835.5, "Name": "Antioch", "City": "ANTIOCH", "State": "CA" }, "geometry": { "type": "Point", "coordinates": [ -121.799797, 37.998156 ] } },
{ "type": "Feature", "properties": { "FacilityType": "OilFlty", "FacilityId": "CA000013", "Anchor": "FALSE", "FoundationType": "null", "eqBldgType": "DFLT", "DesignLevel": "LC", "SoilType": "D", "LqfSusCat": 0, "LndSusCat": 0, "WaterDepth": 5.0, "Distance": "null", "PGA": 0.71104931831359863, "PGV": 38.343650817871094, "Sa03": 1.7765729427337646, "Sa10": 1.066614031791687, "LqfSettlPGD": 0.0, "LqfSprPGD": 0.0, "LqfProb": 0.0, "LndPGD": 0.0, "LndProb": 0.0, "SufFltRuptPGD": 29.523393630981445, "SurfFltRuptProb": 0.5, "PDsNone": 0.0047, "PDsSlight": 0.0704, "PDsModerate": 0.3134, "PDsExtensive": 0.4187, "PDsComplete": 0.1927, "PDsExceedSlight": 0.9952, "PDsExceedModerate": 0.9248, "PDsExceedExtensive": 0.6114, "FunctDay1": 18.9, "FunctDay3": 25.6, "FunctDay7": 34.3, "FunctDay14": 49.2, "FunctDay30": 65.5, "FunctDay90": 92.7, "EconLoss": 58345.1015625, "Name": "CHEVRON PRODUCTS COMPANY RICHMOND REFINE", "City": "RICHMOND", "State": "CA" }, "geometry": { "type": "Point", "coordinates": [ -122.40825, 37.95587 ] } },
{ "type": "Feature", "properties": { "FacilityType": "OilFlty", "FacilityId": "CA000014", "Anchor": "FALSE", "FoundationType": "null", "eqBldgType": "DFLT", "DesignLevel": "LC", "SoilType": "D", "LqfSusCat": 0, "LndSusCat": 0, "WaterDepth": 5.0, "Distance": "null", "PGA": 0.71104931831359863, "PGV": 38.343650817871094, "Sa03": 1.7765729427337646, "Sa10": 1.066614031791687, "LqfSettlPGD": 0.0, "LqfSprPGD": 0.0, "LqfProb": 0.0, "LndPGD": 0.0, "LndProb": 0.0, "SufFltRuptPGD": 29.523393630981445, "SurfFltRuptProb": 0.5, "PDsNone": 0.0047, "PDsSlight": 0.0704, "PDsModerate": 0.3134, "PDsExtensive": 0.4187, "PDsComplete": 0.1927, "PDsExceedSlight": 0.9952, "PDsExceedModerate": 0.9248, "PDsExceedExtensive": 0.6114, "FunctDay1": 18.9, "FunctDay3": 25.6, "FunctDay7": 34.3, "FunctDay14": 49.2, "FunctDay30": 65.5, "FunctDay90": 92.7, "EconLoss": 58345.1015625, "Name": "CHEVRON RESEARCH COMPANY A DIVISION OF C", "City": "RICHMOND", "State": "CA" }, "geometry": { "type": "Point", "coordinates": [ -122.38526, 37.93001 ] } },
{ "type": "Feature", "properties": { "FacilityType": "OilFlty", "FacilityId": "CA000017", "Anchor": "FALSE", "FoundationType": "null", "eqBldgType": "DFLT", "DesignLevel": "LC", "SoilType": "D", "LqfSusCat": 0, "LndSusCat": 0, "WaterDepth": 5.0, "Distance": "null", "PGA": 0.54648643732070923, "PGV": 34.432701110839844, "Sa03": 1.442875862121582, "Sa10": 1.1938086748123169, "LqfSettlPGD": 0.0, "LqfSprPGD": 0.0, "LqfProb": 0.0, "LndPGD": 0.0, "LndProb": 0.0, "SufFltRuptPGD": 29.523393630981445, "SurfFltRuptProb": 0.5, "PDsNone": 0.0155, "PDsSlight": 0.1431, "PDsModerate": 0.4031, "PDsExtensive": 0.3366, "PDsComplete": 0.1015, "PDsExceedSlight": 0.9844, "PDsExceedModerate": 0.8412, "PDsExceedExtensive": 0.4381, "FunctDay1": 23.8, "FunctDay3": 34.0, "FunctDay7": 44.3, "FunctDay14": 61.2, "FunctDay30": 76.3, "FunctDay90": 96.0, "EconLoss": 43787.44140625, "Name": "CRITERION CATALYST COMPANY LIMITED PARTN", "City": "PITTSBURG", "State": "CA" }, "geometry": { "type": "Point", "coordinates": [ -121.94337, 38.02688 ] } },
{ "type": "Feature", "properties": { "FacilityType": "OilFlty", "FacilityId": "CA000039", "Anchor": "FALSE", "FoundationType": "null", "eqBldgType": "DFLT", "DesignLevel": "LC", "SoilType": "D", "LqfSusCat": 0, "LndSusCat": 0, "WaterDepth": 5.0, "Distance": "null", "PGA": 0.74830800294876099, "PGV": 32.61968994140625, "Sa03": 1.848130464553833, "Sa10": 0.93514639139175415, "LqfSettlPGD": 0.0, "LqfSprPGD": 0.0, "LqfProb": 0.0, "LndPGD": 0.0, "LndProb": 0.0, "SufFltRuptPGD": 29.523393630981445, "SurfFltRuptProb": 0.5, "PDsNone": 0.0036, "PDsSlight": 0.0601, "PDsModerate": 0.2925, "PDsExtensive": 0.4286, "PDsComplete": 0.2149, "PDsExceedSlight": 0.9963, "PDsExceedModerate": 0.9361, "PDsExceedExtensive": 0.6436, "FunctDay1": 18.2, "FunctDay3": 24.2, "FunctDay7": 32.6, "FunctDay14": 46.9, "FunctDay30": 63.3, "FunctDay90": 91.9, "EconLoss": 61234.921875, "Name": "HERCULES L.L.C. DBA NEW PACIFIC PROPERTI", "City": "HERCULES", "State": "CA" }, "geometry": { "type": "Point", "coordinates": [ -122.26693, 38.02716 ] } },
{ "type": "Feature", "properties": { "FacilityType": "OilFlty", "FacilityId": "CA000043", "Anchor": "FALSE", "FoundationType": "null", "eqBldgType": "DFLT", "DesignLevel": "LC", "SoilType": "D", "LqfSusCat": 0, "LndSusCat": 0, "WaterDepth": 5.0, "Distance": "null", "PGA": 0.76386553049087524, "PGV": 29.488838195800781, "Sa03": 1.8258516788482666, "Sa10": 0.83847570419311523, "LqfSettlPGD": 0.0, "LqfSprPGD": 0.0, "LqfProb": 0.0, "LndPGD": 0.0, "LndProb": 0.0, "SufFltRuptPGD": 29.523393630981445, "SurfFltRuptProb": 0.5, "PDsNone": 0.0033, "PDsSlight": 0.0563, "PDsModerate": 0.284, "PDsExtensive": 0.432, "PDsComplete": 0.2243, "PDsExceedSlight": 0.9966, "PDsExceedModerate": 0.9403, "PDsExceedExtensive": 0.6563, "FunctDay1": 17.9, "FunctDay3": 23.7, "FunctDay7": 32.0, "FunctDay14": 46.0, "FunctDay30": 62.5, "FunctDay90": 91.5, "EconLoss": 62411.97265625, "Name": "IT CORP BAKER FAC", "City": "MARTINEZ", "State": "CA" }, "geometry": { "type": "Point", "coordinates": [ -122.07917, 38.02167 ] } },
{ "type": "Feature", "properties": { "FacilityType": "OilFlty", "FacilityId": "CA000063", "Anchor": "FALSE", "FoundationType": "null", "eqBldgType": "DFLT", "DesignLevel": "LC", "SoilType": "D", "LqfSusCat": 0, "LndSusCat": 0, "WaterDepth": 5.0, "Distance": "null", "PGA": 0.76386553049087524, "PGV": 29.488838195800781, "Sa03": 1.8258516788482666, "Sa10": 0.83847570419311523, "LqfSettlPGD": 0.0, "LqfSprPGD": 0.0, "LqfProb": 0.0, "LndPGD": 0.0, "LndProb": 0.0, "SufFltRuptPGD": 29.523393630981445, "SurfFltRuptProb": 0.5, "PDsNone": 0.0033, "PDsSlight": 0.0563, "PDsModerate": 0.284, "PDsExtensive": 0.432, "PDsComplete": 0.2243, "PDsExceedSlight": 0.9966, "PDsExceedModerate": 0.9403, "PDsExceedExtensive": 0.6563, "FunctDay1": 17.9, "FunctDay3": 23.7, "FunctDay7": 32.0, "FunctDay14": 46.0, "FunctDay30": 62.5, "FunctDay90": 91.5, "EconLoss": 62411.97265625, "Name": "SHELL MARTINEZ REFINING COMPANY", "City": "MARTINEZ", "State": "CA" }, "geometry": { "type": "Point", "coordinates": [ -122.11639, 38.01944 ] } },
{ "type": "Feature", "properties": { "FacilityType": "OilFlty", "FacilityId": "CA000068", "Anchor": "FALSE", "FoundationType": "null", "eqBldgType": "DFLT", "DesignLevel": "LC", "SoilType": "D", "LqfSusCat": 0, "LndSusCat": 0, "WaterDepth": 5.0, "Distance": "null", "PGA": 0.77303975820541382, "PGV": 31.891193389892578, "Sa03": 1.8982447385787964, "Sa10": 0.90335595607757568, "LqfSettlPGD": 0.0, "LqfSprPGD": 0.0, "LqfProb": 0.0, "LndPGD": 0.0, "LndProb": 0.0, "SufFltRuptPGD": 29.523393630981445, "SurfFltRuptProb": 0.5, "PDsNone": 0.0031, "PDsSlight": 0.0541, "PDsModerate": 0.279, "PDsExtensive": 0.4337, "PDsComplete": 0.2298, "PDsExceedSlight": 0.9968, "PDsExceedModerate": 0.9426, "PDsExceedExtensive": 0.6636, "FunctDay1": 17.8, "FunctDay3": 23.5, "FunctDay7": 31.6, "FunctDay14": 45.5, "FunctDay30": 61.9, "FunctDay90": 91.3, "EconLoss": 63079.8515625, "Name": "TOSCO CORP AMORCO WHARF", "City": "MARTINEZ", "State": "CA" }, "geometry": { "type": "Point", "coordinates": [ -122.1723, 37.9807 ] } },
{ "type": "Feature", "properties": { "FacilityType": "OilFlty", "FacilityId": "CA000075", "Anchor": "FALSE", "FoundationType": "null", "eqBldgType": "DFLT", "DesignLevel": "LC", "SoilType": "D", "LqfSusCat": 0, "LndSusCat": 0, "WaterDepth": 5.0, "Distance": "null", "PGA": 0.74830800294876099, "PGV": 32.61968994140625, "Sa03": 1.848130464553833, "Sa10": 0.93514639139175415, "LqfSettlPGD": 0.0, "LqfSprPGD": 0.0, "LqfProb": 0.0, "LndPGD": 0.0, "LndProb": 0.0, "SufFltRuptPGD": 29.523393630981445, "SurfFltRuptProb": 0.5, "PDsNone": 0.0036, "PDsSlight": 0.0601, "PDsModerate": 0.2925, "PDsExtensive": 0.4286, "PDsComplete": 0.2149, "PDsExceedSlight": 0.9963, "PDsExceedModerate": 0.9361, "PDsExceedExtensive": 0.6436, "FunctDay1": 18.2, "FunctDay3": 24.2, "FunctDay7": 32.6, "FunctDay14": 46.9, "FunctDay30": 63.3, "FunctDay90": 91.9, "EconLoss": 61234.921875, "Name": "TOSCO SAN FRANCISCO AREA REFINERY AT ROD", "City": "RODEO", "State": "CA" }, "geometry": { "type": "Point", "coordinates": [ -122.2471, 38.04054 ] } },
{ "type": "Feature", "properties": { "FacilityType": "OilFlty", "FacilityId": "CA000076", "Anchor": "FALSE", "FoundationType": "null", "eqBldgType": "DFLT", "DesignLevel": "LC", "SoilType": "D", "LqfSusCat": 0, "LndSusCat": 0, "WaterDepth": 5.0, "Distance": "null", "PGA": 0.76457589864730835, "PGV": 33.199306488037109, "Sa03": 1.8811763525009155, "Sa10": 0.93338006734848022, "LqfSettlPGD": 0.0, "LqfSprPGD": 0.0, "LqfProb": 0.0, "LndPGD": 0.0, "LndProb": 0.0, "SufFltRuptPGD": 29.523393630981445, "SurfFltRuptProb": 0.5, "PDsNone": 0.0033, "PDsSlight": 0.0561, "PDsModerate": 0.2836, "PDsExtensive": 0.4321, "PDsComplete": 0.2247, "PDsExceedSlight": 0.9966, "PDsExceedModerate": 0.9405, "PDsExceedExtensive": 0.6568, "FunctDay1": 17.9, "FunctDay3": 23.7, "FunctDay7": 32.0, "FunctDay14": 46.0, "FunctDay30": 62.4, "FunctDay90": 91.5, "EconLoss": 62457.98828125, "Name": "TOSCO SFAR CARBON PLANT", "City": "RODEO", "State": "CA" }, "geometry": { "type": "Point", "coordinates": [ -122.23426, 38.01221 ] } },
{ "type": "Feature", "properties": { "FacilityType": "OilFlty", "FacilityId": "CA000077", "Anchor": "FALSE", "FoundationType": "null", "eqBldgType": "DFLT", "DesignLevel": "LC", "SoilType": "D", "LqfSusCat": 0, "LndSusCat": 0, "WaterDepth": 5.0, "Distance": "null", "PGA": 0.77480834722518921, "PGV": 35.311855316162109, "Sa03": 1.9298560619354248, "Sa10": 1.0328832864761353, "LqfSettlPGD": 0.0, "LqfSprPGD": 0.0, "LqfProb": 0.0, "LndPGD": 0.0, "LndProb": 0.0, "SufFltRuptPGD": 29.523393630981445, "SurfFltRuptProb": 0.5, "PDsNone": 0.0031, "PDsSlight": 0.0537, "PDsModerate": 0.2781, "PDsExtensive": 0.434, "PDsComplete": 0.2309, "PDsExceedSlight": 0.9968, "PDsExceedModerate": 0.9431, "PDsExceedExtensive": 0.6649, "FunctDay1": 17.7, "FunctDay3": 23.4, "FunctDay7": 31.5, "FunctDay14": 45.4, "FunctDay30": 61.8, "FunctDay90": 91.3, "EconLoss": 63212.6015625, "Name": "ULTRAMAR INCORPORATED", "City": "MARTINEZ", "State": "CA" }, "geometry": { "type": "Point", "coordinates": [ -122.0599, 38.02109 ] } },
{ "type": "Feature", "properties": { "FacilityType": "OilFlty", "FacilityId": "CA000082", "Anchor": "FALSE", "FoundationType": "null", "eqBldgType": "DFLT", "DesignLevel": "LC", "SoilType": "D", "LqfSusCat": 0, "LndSusCat": 0, "WaterDepth": 5.0, "Distance": "null", "PGA": 0.6000664234161377, "PGV": 40.070621490478516, "Sa03": 1.5195895433425903, "Sa10": 1.3292993307113647, "LqfSettlPGD": 0.0, "LqfSprPGD": 0.0, "LqfProb": 0.0, "LndPGD": 0.0, "LndProb": 0.0, "SufFltRuptPGD": 29.523393630981445, "SurfFltRuptProb": 0.5, "PDsNone": 0.0104, "PDsSlight": 0.1135, "PDsModerate": 0.3759, "PDsExtensive": 0.3706, "PDsComplete": 0.1294, "PDsExceedSlight": 0.9895, "PDsExceedModerate": 0.876, "PDsExceedExtensive": 0.5, "FunctDay1": 21.8, "FunctDay3": 30.7, "FunctDay7": 40.5, "FunctDay14": 56.9, "FunctDay30": 72.6, "FunctDay90": 95.0, "EconLoss": 48830.76171875, "Name": "WICKLAND OIL MARTINEZ", "City": "MARTINEZ", "State": "CA" }, "geometry": { "type": "Point", "coordinates": [ -122.09754, 38.0267 ] } },
{ "type": "Feature", "properties": { "FacilityType": "PortFlty", "FacilityId": "CA000218", "Anchor": "FALSE", "FoundationType": "0", "eqBldgType": "DFLT", "DesignLevel": "LC", "SoilType": "D", "LqfSusCat": 0, "LndSusCat": 0, "WaterDepth": 5.0, "Distance": "null", "PGA": 0.60399156808853149, "PGV": 23.533027648925781, "Sa03": 1.3045061826705933, "Sa10": 0.54206514358520508, "LqfSettlPGD": 0.0, "LqfSprPGD": 0.0, "LqfProb": 0.0, "LndPGD": 0.0, "LndProb": 0.0, "SufFltRuptPGD": 29.523393630981445, "SurfFltRuptProb": 0.5, "PDsNone": 0.005, "PDsSlight": 0.2729, "PDsModerate": 0.3054, "PDsExtensive": 0.2531, "PDsComplete": 0.1633, "PDsExceedSlight": 0.9949, "PDsExceedModerate": 0.7219, "PDsExceedExtensive": 0.4165, "FunctDay1": 44.9, "FunctDay3": 59.6, "FunctDay7": 65.1, "FunctDay14": 66.3, "FunctDay30": 69.6, "FunctDay90": 83.3, "EconLoss": 1963976.75, "Name": "CHEVRON PRODUCTS CO RICHMOND POINT OR...", "City": "Richmond", "State": "CA" }, "geometry": { "type": "Point", "coordinates": [ -122.42833, 37.955556 ] } },
{ "type": "Feature", "properties": { "FacilityType": "PortFlty", "FacilityId": "CA000219", "Anchor": "FALSE", "FoundationType": "0", "eqBldgType": "DFLT", "DesignLevel": "LC", "SoilType": "D", "LqfSusCat": 0, "LndSusCat": 0, "WaterDepth": 5.0, "Distance": "null", "PGA": 0.60399156808853149, "PGV": 23.533027648925781, "Sa03": 1.3045061826705933, "Sa10": 0.54206514358520508, "LqfSettlPGD": 0.0, "LqfSprPGD": 0.0, "LqfProb": 0.0, "LndPGD": 0.0, "LndProb": 0.0, "SufFltRuptPGD": 29.523393630981445, "SurfFltRuptProb": 0.5, "PDsNone": 0.005, "PDsSlight": 0.2729, "PDsModerate": 0.3054, "PDsExtensive": 0.2531, "PDsComplete": 0.1633, "PDsExceedSlight": 0.9949, "PDsExceedModerate": 0.7219, "PDsExceedExtensive": 0.4165, "FunctDay1": 44.9, "FunctDay3": 59.6, "FunctDay7": 65.1, "FunctDay14": 66.3, "FunctDay30": 69.6, "FunctDay90": 83.3, "EconLoss": 1963976.75, "Name": "PAKTANK CORP., TERMINAL NO. 4 WHARF", "City": "Richmond", "State": "CA" }, "geometry": { "type": "Point", "coordinates": [ -122.42944, 37.963056 ] } },
{ "type": "Feature", "properties": { "FacilityType": "PortFlty", "FacilityId": "CA000304", "Anchor": "FALSE", "FoundationType": "0", "eqBldgType": "DFLT", "DesignLevel": "LC", "SoilType": "D", "LqfSusCat": 0, "LndSusCat": 0, "WaterDepth": 5.0, "Distance": "null", "PGA": 0.57921749353408813, "PGV": 20.722053527832031, "Sa03": 1.1552671194076538, "Sa10": 0.45690050721168518, "LqfSettlPGD": 0.0, "LqfSprPGD": 0.0, "LqfProb": 0.0, "LndPGD": 0.0, "LndProb": 0.0, "SufFltRuptPGD": 29.523393630981445, "SurfFltRuptProb": 0.5, "PDsNone": 0.006, "PDsSlight": 0.2923, "PDsModerate": 0.3081, "PDsExtensive": 0.2443, "PDsComplete": 0.149, "PDsExceedSlight": 0.9939, "PDsExceedModerate": 0.7015, "PDsExceedExtensive": 0.3933, "FunctDay1": 46.8, "FunctDay3": 61.6, "FunctDay7": 67.1, "FunctDay14": 68.3, "FunctDay30": 71.4, "FunctDay90": 84.4, "EconLoss": 1894143.75, "Name": "INDEPENDENT RENDERERS WHALING STATION...", "City": "RICHMOND", "State": "CA" }, "geometry": { "type": "Point", "coordinates": [ -122.394341, 37.907848 ] } },
{ "type": "Feature", "properties": { "FacilityType": "PortFlty", "FacilityId": "CA000305", "Anchor": "FALSE", "FoundationType": "0", "eqBldgType": "DFLT", "DesignLevel": "LC", "SoilType": "D", "LqfSusCat": 0, "LndSusCat": 0, "WaterDepth": 5.0, "Distance": "null", "PGA": 0.57921749353408813, "PGV": 20.722053527832031, "Sa03": 1.1552671194076538, "Sa10": 0.45690050721168518, "LqfSettlPGD": 0.0, "LqfSprPGD": 0.0, "LqfProb": 0.0, "LndPGD": 0.0, "LndProb": 0.0, "SufFltRuptPGD": 29.523393630981445, "SurfFltRuptProb": 0.5, "PDsNone": 0.006, "PDsSlight": 0.2923, "PDsModerate": 0.3081, "PDsExtensive": 0.2443, "PDsComplete": 0.149, "PDsExceedSlight": 0.9939, "PDsExceedModerate": 0.7015, "PDsExceedExtensive": 0.3933, "FunctDay1": 46.8, "FunctDay3": 61.6, "FunctDay7": 67.1, "FunctDay14": 68.3, "FunctDay30": 71.4, "FunctDay90": 84.4, "EconLoss": 1894143.75, "Name": "FISHERIES MOORING DOCK - ROH", "City": "RICHMOND", "State": "CA" }, "geometry": { "type": "Point", "coordinates": [ -122.394341, 37.907848 ] } },
{ "type": "Feature", "properties": { "FacilityType": "PortFlty", "FacilityId": "CA000306", "Anchor": "FALSE", "FoundationType": "0", "eqBldgType": "DFLT", "DesignLevel": "LC", "SoilType": "D", "LqfSusCat": 0, "LndSusCat": 0, "WaterDepth": 5.0, "Distance": "null", "PGA": 0.57921749353408813, "PGV": 20.722053527832031, "Sa03": 1.1552671194076538, "Sa10": 0.45690050721168518, "LqfSettlPGD": 0.0, "LqfSprPGD": 0.0, "LqfProb": 0.0, "LndPGD": 0.0, "LndProb": 0.0, "SufFltRuptPGD": 29.523393630981445, "SurfFltRuptProb": 0.5, "PDsNone": 0.006, "PDsSlight": 0.2923, "PDsModerate": 0.3081, "PDsExtensive": 0.2443, "PDsComplete": 0.149, "PDsExceedSlight": 0.9939, "PDsExceedModerate": 0.7015, "PDsExceedExtensive": 0.3933, "FunctDay1": 46.8, "FunctDay3": 61.6, "FunctDay7": 67.1, "FunctDay14": 68.3, "FunctDay30": 71.4, "FunctDay90": 84.4, "EconLoss": 1894143.75, "Name": "CHEVRON PRODUCTS CO RICHMOND LONG WHARF", "City": "RICHMOND", "State": "CA" }, "geometry": { "type": "Point", "coordinates": [ -122.41083, 37.92194 ] } },
{ "type": "Feature", "properties": { "FacilityType": "PortFlty", "FacilityId": "CA000307", "Anchor": "FALSE", "FoundationType": "0", "eqBldgType": "DFLT", "DesignLevel": "LC", "SoilType": "D", "LqfSusCat": 0, "LndSusCat": 0, "WaterDepth": 5.0, "Distance": "null", "PGA": 0.57921749353408813, "PGV": 20.722053527832031, "Sa03": 1.1552671194076538, "Sa10": 0.45690050721168518, "LqfSettlPGD": 0.0, "LqfSprPGD": 0.0, "LqfProb": 0.0, "LndPGD": 0.0, "LndProb": 0.0, "SufFltRuptPGD": 29.523393630981445, "SurfFltRuptProb": 0.5, "PDsNone": 0.006, "PDsSlight": 0.2923, "PDsModerate": 0.3081, "PDsExtensive": 0.2443, "PDsComplete": 0.149, "PDsExceedSlight": 0.9939, "PDsExceedModerate": 0.7015, "PDsExceedExtensive": 0.3933, "FunctDay1": 46.8, "FunctDay3": 61.6, "FunctDay7": 67.1, "FunctDay14": 68.3, "FunctDay30": 71.4, "FunctDay90": 84.4, "EconLoss": 1894143.75, "Name": "CHEVRON PRODUCTS CO., RICHMOND LONG W...", "City": "Richmond", "State": "CA" }, "geometry": { "type": "Point", "coordinates": [ -122.41083, 37.921944 ] } },
{ "type": "Feature", "properties": { "FacilityType": "PortFlty", "FacilityId": "CA000308", "Anchor": "FALSE", "FoundationType": "0", "eqBldgType": "DFLT", "DesignLevel": "LC", "SoilType": "D", "LqfSusCat": 0, "LndSusCat": 0, "WaterDepth": 5.0, "Distance": "null", "PGA": 0.57921749353408813, "PGV": 20.722053527832031, "Sa03": 1.1552671194076538, "Sa10": 0.45690050721168518, "LqfSettlPGD": 0.0, "LqfSprPGD": 0.0, "LqfProb": 0.0, "LndPGD": 0.0, "LndProb": 0.0, "SufFltRuptPGD": 29.523393630981445, "SurfFltRuptProb": 0.5, "PDsNone": 0.006, "PDsSlight": 0.2923, "PDsModerate": 0.3081, "PDsExtensive": 0.2443, "PDsComplete": 0.149, "PDsExceedSlight": 0.9939, "PDsExceedModerate": 0.7015, "PDsExceedExtensive": 0.3933, "FunctDay1": 46.8, "FunctDay3": 61.6, "FunctDay7": 67.1, "FunctDay14": 68.3, "FunctDay30": 71.4, "FunctDay90": 84.4, "EconLoss": 1894143.75, "Name": "Chevron Products Co., Richmond Long W...", "City": "Richmond", "State": "CA" }, "geometry": { "type": "Point", "coordinates": [ -122.40833, 37.921667 ] } },
{ "type": "Feature", "properties": { "FacilityType": "PortFlty", "FacilityId": "CA000309", "Anchor": "FALSE", "FoundationType": "0", "eqBldgType": "DFLT", "DesignLevel": "LC", "SoilType": "D", "LqfSusCat": 0, "LndSusCat": 0, "WaterDepth": 5.0, "Distance": "null", "PGA": 0.57921749353408813, "PGV": 20.722053527832031, "Sa03": 1.1552671194076538, "Sa10": 0.45690050721168518, "LqfSettlPGD": 0.0, "LqfSprPGD": 0.0, "LqfProb": 0.0, "LndPGD": 0.0, "LndProb": 0.0, "SufFltRuptPGD": 29.523393630981445, "SurfFltRuptProb": 0.5, "PDsNone": 0.006, "PDsSlight": 0.2923, "PDsModerate": 0.3081, "PDsExtensive": 0.2443, "PDsComplete": 0.149, "PDsExceedSlight": 0.9939, "PDsExceedModerate": 0.7015, "PDsExceedExtensive": 0.3933, "FunctDay1": 46.8, "FunctDay3": 61.6, "FunctDay7": 67.1, "FunctDay14": 68.3, "FunctDay30": 71.4, "FunctDay90": 84.4, "EconLoss": 1894143.75, "Name": "PORT OF RICHMOND TERMINAL NO 1 WHARF", "City": "Richmond", "State": "CA" }, "geometry": { "type": "Point", "coordinates": [ -122.38694, 37.908333 ] } },
{ "type": "Feature", "properties": { "FacilityType": "PortFlty", "FacilityId": "CA000310", "Anchor": "FALSE", "FoundationType": "0", "eqBldgType": "DFLT", "DesignLevel": "LC", "SoilType": "D", "LqfSusCat": 0, "LndSusCat": 0, "WaterDepth": 5.0, "Distance": "null", "PGA": 0.70878857374191284, "PGV": 28.83775520324707, "Sa03": 1.5971506834030151, "Sa10": 0.68521612882614136, "LqfSettlPGD": 0.0, "LqfSprPGD": 0.0, "LqfProb": 0.0, "LndPGD": 0.0, "LndProb": 0.0, "SufFltRuptPGD": 29.523393630981445, "SurfFltRuptProb": 0.5, "PDsNone": 0.0025, "PDsSlight": 0.2043, "PDsModerate": 0.286, "PDsExtensive": 0.2811, "PDsComplete": 0.2259, "PDsExceedSlight": 0.9974, "PDsExceedModerate": 0.7931, "PDsExceedExtensive": 0.5071, "FunctDay1": 38.2, "FunctDay3": 52.1, "FunctDay7": 57.3, "FunctDay14": 58.8, "FunctDay30": 62.5, "FunctDay90": 78.4, "EconLoss": 2232254.5, "Name": "PORT OF RICHMOND POINT POTRERO MARINE...", "City": "Richmond", "State": "CA" }, "geometry": { "type": "Point", "coordinates": [ -122.37305, 37.905556 ] } },
{ "type": "Feature", "properties": { "FacilityType": "PortFlty", "FacilityId": "CA000311", "Anchor": "FALSE", "FoundationType": "0", "eqBldgType": "DFLT", "DesignLevel": "LC", "SoilType": "D", "LqfSusCat": 0, "LndSusCat": 0, "WaterDepth": 5.0, "Distance": "null", "PGA": 0.70878857374191284, "PGV": 28.83775520324707, "Sa03": 1.5971506834030151, "Sa10": 0.68521612882614136, "LqfSettlPGD": 0.0, "LqfSprPGD": 0.0, "LqfProb": 0.0, "LndPGD": 0.0, "LndProb": 0.0, "SufFltRuptPGD": 29.523393630981445, "SurfFltRuptProb": 0.5, "PDsNone": 0.0025, "PDsSlight": 0.2043, "PDsModerate": 0.286, "PDsExtensive": 0.2811, "PDsComplete": 0.2259, "PDsExceedSlight": 0.9974, "PDsExceedModerate": 0.7931, "PDsExceedExtensive": 0.5071, "FunctDay1": 38.2, "FunctDay3": 52.1, "FunctDay7": 57.3, "FunctDay14": 58.8, "FunctDay30": 62.5, "FunctDay90": 78.4, "EconLoss": 2232254.5, "Name": "PORT OF RICHMOND POINT POTRERO MARINE...", "City": "Richmond", "State": "CA" }, "geometry": { "type": "Point", "coordinates": [ -122.37166, 37.905 ] } },
{ "type": "Feature", "properties": { "FacilityType": "PortFlty", "FacilityId": "CA000312", "Anchor": "FALSE", "FoundationType": "0", "eqBldgType": "DFLT", "DesignLevel": "LC", "SoilType": "D", "LqfSusCat": 0, "LndSusCat": 0, "WaterDepth": 5.0, "Distance": "null", "PGA": 0.70878857374191284, "PGV": 28.83775520324707, "Sa03": 1.5971506834030151, "Sa10": 0.68521612882614136, "LqfSettlPGD": 0.0, "LqfSprPGD": 0.0, "LqfProb": 0.0, "LndPGD": 0.0, "LndProb": 0.0, "SufFltRuptPGD": 29.523393630981445, "SurfFltRuptProb": 0.5, "PDsNone": 0.0025, "PDsSlight": 0.2043, "PDsModerate": 0.286, "PDsExtensive": 0.2811, "PDsComplete": 0.2259, "PDsExceedSlight": 0.9974, "PDsExceedModerate": 0.7931, "PDsExceedExtensive": 0.5071, "FunctDay1": 38.2, "FunctDay3": 52.1, "FunctDay7": 57.3, "FunctDay14": 58.8, "FunctDay30": 62.5, "FunctDay90": 78.4, "EconLoss": 2232254.5, "Name": "PORT OF RICHMOND POINT POTRERO MARINE...", "City": "Richmond", "State": "CA" }, "geometry": { "type": "Point", "coordinates": [ -122.36638, 37.904722 ] } },
{ "type": "Feature", "properties": { "FacilityType": "PortFlty", "FacilityId": "CA000313", "Anchor": "FALSE", "FoundationType": "0", "eqBldgType": "DFLT", "DesignLevel": "LC", "SoilType": "D", "LqfSusCat": 0, "LndSusCat": 0, "WaterDepth": 5.0, "Distance": "null", "PGA": 0.70878857374191284, "PGV": 28.83775520324707, "Sa03": 1.5971506834030151, "Sa10": 0.68521612882614136, "LqfSettlPGD": 0.0, "LqfSprPGD": 0.0, "LqfProb": 0.0, "LndPGD": 0.0, "LndProb": 0.0, "SufFltRuptPGD": 29.523393630981445, "SurfFltRuptProb": 0.5, "PDsNone": 0.0025, "PDsSlight": 0.2043, "PDsModerate": 0.286, "PDsExtensive": 0.2811, "PDsComplete": 0.2259, "PDsExceedSlight": 0.9974, "PDsExceedModerate": 0.7931, "PDsExceedExtensive": 0.5071, "FunctDay1": 38.2, "FunctDay3": 52.1, "FunctDay7": 57.3, "FunctDay14": 58.8, "FunctDay30": 62.5, "FunctDay90": 78.4, "EconLoss": 2232254.5, "Name": "PORT OF RICHMOND POINT POTRERO MARINE...", "City": "Richmond", "State": "CA" }, "geometry": { "type": "Point", "coordinates": [ -122.36416, 37.905 ] } },
{ "type": "Feature", "properties": { "FacilityType": "PortFlty", "FacilityId": "CA000314", "Anchor": "FALSE", "FoundationType": "0", "eqBldgType": "DFLT", "DesignLevel": "LC", "SoilType": "D", "LqfSusCat": 0, "LndSusCat": 0, "WaterDepth": 5.0, "Distance": "null", "PGA": 0.70878857374191284, "PGV": 28.83775520324707, "Sa03": 1.5971506834030151, "Sa10": 0.68521612882614136, "LqfSettlPGD": 0.0, "LqfSprPGD": 0.0, "LqfProb": 0.0, "LndPGD": 0.0, "LndProb": 0.0, "SufFltRuptPGD": 29.523393630981445, "SurfFltRuptProb": 0.5, "PDsNone": 0.0025, "PDsSlight": 0.2043, "PDsModerate": 0.286, "PDsExtensive": 0.2811, "PDsComplete": 0.2259, "PDsExceedSlight": 0.9974, "PDsExceedModerate": 0.7931, "PDsExceedExtensive": 0.5071, "FunctDay1": 38.2, "FunctDay3": 52.1, "FunctDay7": 57.3, "FunctDay14": 58.8, "FunctDay30": 62.5, "FunctDay90": 78.4, "EconLoss": 2232254.5, "Name": "BP PRODUCTS NORTH AMERICA INC. RICHMO...", "City": "Richmond", "State": "CA" }, "geometry": { "type": "Point", "coordinates": [ -122.36472, 37.911944 ] } },
{ "type": "Feature", "properties": { "FacilityType": "PortFlty", "FacilityId": "CA000315", "Anchor": "FALSE", "FoundationType": "0", "eqBldgType": "DFLT", "DesignLevel": "LC", "SoilType": "D", "LqfSusCat": 0, "LndSusCat": 0, "WaterDepth": 5.0, "Distance": "null", "PGA": 0.70878857374191284, "PGV": 28.83775520324707, "Sa03": 1.5971506834030151, "Sa10": 0.68521612882614136, "LqfSettlPGD": 0.0, "LqfSprPGD": 0.0, "LqfProb": 0.0, "LndPGD": 0.0, "LndProb": 0.0, "SufFltRuptPGD": 29.523393630981445, "SurfFltRuptProb": 0.5, "PDsNone": 0.0025, "PDsSlight": 0.2043, "PDsModerate": 0.286, "PDsExtensive": 0.2811, "PDsComplete": 0.2259, "PDsExceedSlight": 0.9974, "PDsExceedModerate": 0.7931, "PDsExceedExtensive": 0.5071, "FunctDay1": 38.2, "FunctDay3": 52.1, "FunctDay7": 57.3, "FunctDay14": 58.8, "FunctDay30": 62.5, "FunctDay90": 78.4, "EconLoss": 2232254.5, "Name": "PASHA SERVICES (AUTOS) TERMINAL NO. 7", "City": "Richmond", "State": "CA" }, "geometry": { "type": "Point", "coordinates": [ -122.36388, 37.9075 ] } },
{ "type": "Feature", "properties": { "FacilityType": "PortFlty", "FacilityId": "CA000316", "Anchor": "FALSE", "FoundationType": "0", "eqBldgType": "DFLT", "DesignLevel": "LC", "SoilType": "D", "LqfSusCat": 0, "LndSusCat": 0, "WaterDepth": 5.0, "Distance": "null", "PGA": 0.70878857374191284, "PGV": 28.83775520324707, "Sa03": 1.5971506834030151, "Sa10": 0.68521612882614136, "LqfSettlPGD": 0.0, "LqfSprPGD": 0.0, "LqfProb": 0.0, "LndPGD": 0.0, "LndProb": 0.0, "SufFltRuptPGD": 29.523393630981445, "SurfFltRuptProb": 0.5, "PDsNone": 0.0025, "PDsSlight": 0.2043, "PDsModerate": 0.286, "PDsExtensive": 0.2811, "PDsComplete": 0.2259, "PDsExceedSlight": 0.9974, "PDsExceedModerate": 0.7931, "PDsExceedExtensive": 0.5071, "FunctDay1": 38.2, "FunctDay3": 52.1, "FunctDay7": 57.3, "FunctDay14": 58.8, "FunctDay30": 62.5, "FunctDay90": 78.4, "EconLoss": 2232254.5, "Name": "RED AND WHITE FLEET RICHMOND FERRY DOCK", "City": "Richmond", "State": "CA" }, "geometry": { "type": "Point", "coordinates": [ -122.36, 37.909444 ] } },
{ "type": "Feature", "properties": { "FacilityType": "PortFlty", "FacilityId": "CA000317", "Anchor": "FALSE", "FoundationType": "0", "eqBldgType": "DFLT", "DesignLevel": "LC", "SoilType": "D", "LqfSusCat": 0, "LndSusCat": 0, "WaterDepth": 5.0, "Distance": "null", "PGA": 0.57921749353408813, "PGV": 20.722053527832031, "Sa03": 1.1552671194076538, "Sa10": 0.45690050721168518, "LqfSettlPGD": 0.0, "LqfSprPGD": 0.0, "LqfProb": 0.0, "LndPGD": 0.0, "LndProb": 0.0, "SufFltRuptPGD": 29.523393630981445, "SurfFltRuptProb": 0.5, "PDsNone": 0.006, "PDsSlight": 0.2923, "PDsModerate": 0.3081, "PDsExtensive": 0.2443, "PDsComplete": 0.149, "PDsExceedSlight": 0.9939, "PDsExceedModerate": 0.7015, "PDsExceedExtensive": 0.3933, "FunctDay1": 46.8, "FunctDay3": 61.6, "FunctDay7": 67.1, "FunctDay14": 68.3, "FunctDay30": 71.4, "FunctDay90": 84.4, "EconLoss": 1894143.75, "Name": "RICHMOND BOAT WORKS WHARF", "City": "Richmond", "State": "CA" }, "geometry": { "type": "Point", "coordinates": [ -122.37555, 37.924444 ] } },
{ "type": "Feature", "properties": { "FacilityType": "PortFlty", "FacilityId": "CA000318", "Anchor": "FALSE", "FoundationType": "0", "eqBldgType": "DFLT", "DesignLevel": "LC", "SoilType": "D", "LqfSusCat": 0, "LndSusCat": 0, "WaterDepth": 5.0, "Distance": "null", "PGA": 0.70878857374191284, "PGV": 28.83775520324707, "Sa03": 1.5971506834030151, "Sa10": 0.68521612882614136, "LqfSettlPGD": 0.0, "LqfSprPGD": 0.0, "LqfProb": 0.0, "LndPGD": 0.0, "LndProb": 0.0, "SufFltRuptPGD": 29.523393630981445, "SurfFltRuptProb": 0.5, "PDsNone": 0.0025, "PDsSlight": 0.2043, "PDsModerate": 0.286, "PDsExtensive": 0.2811, "PDsComplete": 0.2259, "PDsExceedSlight": 0.9974, "PDsExceedModerate": 0.7931, "PDsExceedExtensive": 0.5071, "FunctDay1": 38.2, "FunctDay3": 52.1, "FunctDay7": 57.3, "FunctDay14": 58.8, "FunctDay30": 62.5, "FunctDay90": 78.4, "EconLoss": 2232254.5, "Name": "CASTROL NORTH AMERICA RICHMOND WHARF", "City": "Richmond", "State": "CA" }, "geometry": { "type": "Point", "coordinates": [ -122.37388, 37.9225 ] } },
{ "type": "Feature", "properties": { "FacilityType": "PortFlty", "FacilityId": "CA000319", "Anchor": "FALSE", "FoundationType": "0", "eqBldgType": "DFLT", "DesignLevel": "LC", "SoilType": "D", "LqfSusCat": 0, "LndSusCat": 0, "WaterDepth": 5.0, "Distance": "null", "PGA": 0.70878857374191284, "PGV": 28.83775520324707, "Sa03": 1.5971506834030151, "Sa10": 0.68521612882614136, "LqfSettlPGD": 0.0, "LqfSprPGD": 0.0, "LqfProb": 0.0, "LndPGD": 0.0, "LndProb": 0.0, "SufFltRuptPGD": 29.523393630981445, "SurfFltRuptProb": 0.5, "PDsNone": 0.0025, "PDsSlight": 0.2043, "PDsModerate": 0.286, "PDsExtensive": 0.2811, "PDsComplete": 0.2259, "PDsExceedSlight": 0.9974, "PDsExceedModerate": 0.7931, "PDsExceedExtensive": 0.5071, "FunctDay1": 38.2, "FunctDay3": 52.1, "FunctDay7": 57.3, "FunctDay14": 58.8, "FunctDay30": 62.5, "FunctDay90": 78.4, "EconLoss": 2232254.5, "Name": "KEEFE KAPLAN MARITIME WHARF", "City": "Richmond", "State": "CA" }, "geometry": { "type": "Point", "coordinates": [ -122.37388, 37.923889 ] } },
{ "type": "Feature", "properties": { "FacilityType": "PortFlty", "FacilityId": "CA000320", "Anchor": "FALSE", "FoundationType": "0", "eqBldgType": "DFLT", "DesignLevel": "LC", "SoilType": "D", "LqfSusCat": 0, "LndSusCat": 0, "WaterDepth": 5.0, "Distance": "null", "PGA": 0.70878857374191284, "PGV": 28.83775520324707, "Sa03": 1.5971506834030151, "Sa10": 0.68521612882614136, "LqfSettlPGD": 0.0, "LqfSprPGD": 0.0, "LqfProb": 0.0, "LndPGD": 0.0, "LndProb": 0.0, "SufFltRuptPGD": 29.523393630981445, "SurfFltRuptProb": 0.5, "PDsNone": 0.0025, "PDsSlight": 0.2043, "PDsModerate": 0.286, "PDsExtensive": 0.2811, "PDsComplete": 0.2259, "PDsExceedSlight": 0.9974, "PDsExceedModerate": 0.7931, "PDsExceedExtensive": 0.5071, "FunctDay1": 38.2, "FunctDay3": 52.1, "FunctDay7": 57.3, "FunctDay14": 58.8, "FunctDay30": 62.5, "FunctDay90": 78.4, "EconLoss": 2232254.5, "Name": "RICHMOND CANAL INDUSTRIAL PARK (RCIP)", "City": "RICHMOND", "State": "CA" }, "geometry": { "type": "Point", "coordinates": [ -122.37152, 37.91304 ] } },
{ "type": "Feature", "properties": { "FacilityType": "PortFlty", "FacilityId": "CA000321", "Anchor": "FALSE", "FoundationType": "0", "eqBldgType": "DFLT", "DesignLevel": "LC", "SoilType": "D", "LqfSusCat": 0, "LndSusCat": 0, "WaterDepth": 5.0, "Distance": "null", "PGA": 0.70878857374191284, "PGV": 28.83775520324707, "Sa03": 1.5971506834030151, "Sa10": 0.68521612882614136, "LqfSettlPGD": 0.0, "LqfSprPGD": 0.0, "LqfProb": 0.0, "LndPGD": 0.0, "LndProb": 0.0, "SufFltRuptPGD": 29.523393630981445, "SurfFltRuptProb": 0.5, "PDsNone": 0.0025, "PDsSlight": 0.2043, "PDsModerate": 0.286, "PDsExtensive": 0.2811, "PDsComplete": 0.2259, "PDsExceedSlight": 0.9974, "PDsExceedModerate": 0.7931, "PDsExceedExtensive": 0.5071, "FunctDay1": 38.2, "FunctDay3": 52.1, "FunctDay7": 57.3, "FunctDay14": 58.8, "FunctDay30": 62.5, "FunctDay90": 78.4, "EconLoss": 2232254.5, "Name": "PT. RICHMOND", "City": "RICHMOND", "State": "CA" }, "geometry": { "type": "Point", "coordinates": [ -122.37152, 37.91304 ] } },
{ "type": "Feature", "properties": { "FacilityType": "PortFlty", "FacilityId": "CA000322", "Anchor": "FALSE", "FoundationType": "0", "eqBldgType": "DFLT", "DesignLevel": "LC", "SoilType": "D", "LqfSusCat": 0, "LndSusCat": 0, "WaterDepth": 5.0, "Distance": "null", "PGA": 0.70878857374191284, "PGV": 28.83775520324707, "Sa03": 1.5971506834030151, "Sa10": 0.68521612882614136, "LqfSettlPGD": 0.0, "LqfSprPGD": 0.0, "LqfProb": 0.0, "LndPGD": 0.0, "LndProb": 0.0, "SufFltRuptPGD": 29.523393630981445, "SurfFltRuptProb": 0.5, "PDsNone": 0.0025, "PDsSlight": 0.2043, "PDsModerate": 0.286, "PDsExtensive": 0.2811, "PDsComplete": 0.2259, "PDsExceedSlight": 0.9974, "PDsExceedModerate": 0.7931, "PDsExceedExtensive": 0.5071, "FunctDay1": 38.2, "FunctDay3": 52.1, "FunctDay7": 57.3, "FunctDay14": 58.8, "FunctDay30": 62.5, "FunctDay90": 78.4, "EconLoss": 2232254.5, "Name": "QUARRY PRODUCTS - SAN RAFAEL", "City": "RICHMOND", "State": "CA" }, "geometry": { "type": "Point", "coordinates": [ -122.37152, 37.91304 ] } },
{ "type": "Feature", "properties": { "FacilityType": "PortFlty", "FacilityId": "CA000323", "Anchor": "FALSE", "FoundationType": "0", "eqBldgType": "DFLT", "DesignLevel": "LC", "SoilType": "D", "LqfSusCat": 0, "LndSusCat": 0, "WaterDepth": 5.0, "Distance": "null", "PGA": 0.70878857374191284, "PGV": 28.83775520324707, "Sa03": 1.5971506834030151, "Sa10": 0.68521612882614136, "LqfSettlPGD": 0.0, "LqfSprPGD": 0.0, "LqfProb": 0.0, "LndPGD": 0.0, "LndProb": 0.0, "SufFltRuptPGD": 29.523393630981445, "SurfFltRuptProb": 0.5, "PDsNone": 0.0025, "PDsSlight": 0.2043, "PDsModerate": 0.286, "PDsExtensive": 0.2811, "PDsComplete": 0.2259, "PDsExceedSlight": 0.9974, "PDsExceedModerate": 0.7931, "PDsExceedExtensive": 0.5071, "FunctDay1": 38.2, "FunctDay3": 52.1, "FunctDay7": 57.3, "FunctDay14": 58.8, "FunctDay30": 62.5, "FunctDay90": 78.4, "EconLoss": 2232254.5, "Name": "RICHMOND ANCHOR LIGHT", "City": "RICHMOND", "State": "CA" }, "geometry": { "type": "Point", "coordinates": [ -122.37152, 37.91304 ] } },
{ "type": "Feature", "properties": { "FacilityType": "PortFlty", "FacilityId": "CA000324", "Anchor": "FALSE", "FoundationType": "0", "eqBldgType": "DFLT", "DesignLevel": "LC", "SoilType": "D", "LqfSusCat": 0, "LndSusCat": 0, "WaterDepth": 5.0, "Distance": "null", "PGA": 0.70878857374191284, "PGV": 28.83775520324707, "Sa03": 1.5971506834030151, "Sa10": 0.68521612882614136, "LqfSettlPGD": 0.0, "LqfSprPGD": 0.0, "LqfProb": 0.0, "LndPGD": 0.0, "LndProb": 0.0, "SufFltRuptPGD": 29.523393630981445, "SurfFltRuptProb": 0.5, "PDsNone": 0.0025, "PDsSlight": 0.2043, "PDsModerate": 0.286, "PDsExtensive": 0.2811, "PDsComplete": 0.2259, "PDsExceedSlight": 0.9974, "PDsExceedModerate": 0.7931, "PDsExceedExtensive": 0.5071, "FunctDay1": 38.2, "FunctDay3": 52.1, "FunctDay7": 57.3, "FunctDay14": 58.8, "FunctDay30": 62.5, "FunctDay90": 78.4, "EconLoss": 2232254.5, "Name": "POINT SAN PABLO YACHT HARBOR - ROH", "City": "RICHMOND", "State": "CA" }, "geometry": { "type": "Point", "coordinates": [ -122.37152, 37.91304 ] } },
{ "type": "Feature", "properties": { "FacilityType": "PortFlty", "FacilityId": "CA000325", "Anchor": "FALSE", "FoundationType": "0", "eqBldgType": "DFLT", "DesignLevel": "LC", "SoilType": "D", "LqfSusCat": 0, "LndSusCat": 0, "WaterDepth": 5.0, "Distance": "null", "PGA": 0.70878857374191284, "PGV": 28.83775520324707, "Sa03": 1.5971506834030151, "Sa10": 0.68521612882614136, "LqfSettlPGD": 0.0, "LqfSprPGD": 0.0, "LqfProb": 0.0, "LndPGD": 0.0, "LndProb": 0.0, "SufFltRuptPGD": 29.523393630981445, "SurfFltRuptProb": 0.5, "PDsNone": 0.0025, "PDsSlight": 0.2043, "PDsModerate": 0.286, "PDsExtensive": 0.2811, "PDsComplete": 0.2259, "PDsExceedSlight": 0.9974, "PDsExceedModerate": 0.7931, "PDsExceedExtensive": 0.5071, "FunctDay1": 38.2, "FunctDay3": 52.1, "FunctDay7": 57.3, "FunctDay14": 58.8, "FunctDay30": 62.5, "FunctDay90": 78.4, "EconLoss": 2232254.5, "Name": "NATIONAL GYPSUM CO RICHMOND DOCK", "City": "Richmond", "State": "CA" }, "geometry": { "type": "Point", "coordinates": [ -122.36833, 37.919444 ] } },
{ "type": "Feature", "properties": { "FacilityType": "PortFlty", "FacilityId": "CA000326", "Anchor": "FALSE", "FoundationType": "0", "eqBldgType": "DFLT", "DesignLevel": "LC", "SoilType": "D", "LqfSusCat": 0, "LndSusCat": 0, "WaterDepth": 5.0, "Distance": "null", "PGA": 0.70878857374191284, "PGV": 28.83775520324707, "Sa03": 1.5971506834030151, "Sa10": 0.68521612882614136, "LqfSettlPGD": 0.0, "LqfSprPGD": 0.0, "LqfProb": 0.0, "LndPGD": 0.0, "LndProb": 0.0, "SufFltRuptPGD": 29.523393630981445, "SurfFltRuptProb": 0.5, "PDsNone": 0.0025, "PDsSlight": 0.2043, "PDsModerate": 0.286, "PDsExtensive": 0.2811, "PDsComplete": 0.2259, "PDsExceedSlight": 0.9974, "PDsExceedModerate": 0.7931, "PDsExceedExtensive": 0.5071, "FunctDay1": 38.2, "FunctDay3": 52.1, "FunctDay7": 57.3, "FunctDay14": 58.8, "FunctDay30": 62.5, "FunctDay90": 78.4, "EconLoss": 2232254.5, "Name": "CONOCO PHILLIPS RICHMOND TANKER WHARF", "City": "Richmond", "State": "CA" }, "geometry": { "type": "Point", "coordinates": [ -122.36527, 37.915 ] } },
{ "type": "Feature", "properties": { "FacilityType": "PortFlty", "FacilityId": "CA000327", "Anchor": "FALSE", "FoundationType": "0", "eqBldgType": "DFLT", "DesignLevel": "LC", "SoilType": "D", "LqfSusCat": 0, "LndSusCat": 0, "WaterDepth": 5.0, "Distance": "null", "PGA": 0.70878857374191284, "PGV": 28.83775520324707, "Sa03": 1.5971506834030151, "Sa10": 0.68521612882614136, "LqfSettlPGD": 0.0, "LqfSprPGD": 0.0, "LqfProb": 0.0, "LndPGD": 0.0, "LndProb": 0.0, "SufFltRuptPGD": 29.523393630981445, "SurfFltRuptProb": 0.5, "PDsNone": 0.0025, "PDsSlight": 0.2043, "PDsModerate": 0.286, "PDsExtensive": 0.2811, "PDsComplete": 0.2259, "PDsExceedSlight": 0.9974, "PDsExceedModerate": 0.7931, "PDsExceedExtensive": 0.5071, "FunctDay1": 38.2, "FunctDay3": 52.1, "FunctDay7": 57.3, "FunctDay14": 58.8, "FunctDay30": 62.5, "FunctDay90": 78.4, "EconLoss": 2232254.5, "Name": "CONOCO PHILLIPS RICHMOND BARGE WHARF", "City": "Richmond", "State": "CA" }, "geometry": { "type": "Point", "coordinates": [ -122.36555, 37.916111 ] } },
{ "type": "Feature", "properties": { "FacilityType": "PortFlty", "FacilityId": "CA000328", "Anchor": "FALSE", "FoundationType": "0", "eqBldgType": "DFLT", "DesignLevel": "LC", "SoilType": "D", "LqfSusCat": 0, "LndSusCat": 0, "WaterDepth": 5.0, "Distance": "null", "PGA": 0.70878857374191284, "PGV": 28.83775520324707, "Sa03": 1.5971506834030151, "Sa10": 0.68521612882614136, "LqfSettlPGD": 0.0, "LqfSprPGD": 0.0, "LqfProb": 0.0, "LndPGD": 0.0, "LndProb": 0.0, "SufFltRuptPGD": 29.523393630981445, "SurfFltRuptProb": 0.5, "PDsNone": 0.0025, "PDsSlight": 0.2043, "PDsModerate": 0.286, "PDsExtensive": 0.2811, "PDsComplete": 0.2259, "PDsExceedSlight": 0.9974, "PDsExceedModerate": 0.7931, "PDsExceedExtensive": 0.5071, "FunctDay1": 38.2, "FunctDay3": 52.1, "FunctDay7": 57.3, "FunctDay14": 58.8, "FunctDay30": 62.5, "FunctDay90": 78.4, "EconLoss": 2232254.5, "Name": "SHORE TERMINALS RICHMOND WHARF", "City": "Richmond", "State": "CA" }, "geometry": { "type": "Point", "coordinates": [ -122.36416, 37.918056 ] } },
{ "type": "Feature", "properties": { "FacilityType": "PortFlty", "FacilityId": "CA000329", "Anchor": "FALSE", "FoundationType": "0", "eqBldgType": "DFLT", "DesignLevel": "LC", "SoilType": "D", "LqfSusCat": 0, "LndSusCat": 0, "WaterDepth": 5.0, "Distance": "null", "PGA": 0.70878857374191284, "PGV": 28.83775520324707, "Sa03": 1.5971506834030151, "Sa10": 0.68521612882614136, "LqfSettlPGD": 0.0, "LqfSprPGD": 0.0, "LqfProb": 0.0, "LndPGD": 0.0, "LndProb": 0.0, "SufFltRuptPGD": 29.523393630981445, "SurfFltRuptProb": 0.5, "PDsNone": 0.0025, "PDsSlight": 0.2043, "PDsModerate": 0.286, "PDsExtensive": 0.2811, "PDsComplete": 0.2259, "PDsExceedSlight": 0.9974, "PDsExceedModerate": 0.7931, "PDsExceedExtensive": 0.5071, "FunctDay1": 38.2, "FunctDay3": 52.1, "FunctDay7": 57.3, "FunctDay14": 58.8, "FunctDay30": 62.5, "FunctDay90": 78.4, "EconLoss": 2232254.5, "Name": "BAY SHIP & YACHT CO WHARF", "City": "Richmond", "State": "CA" }, "geometry": { "type": "Point", "coordinates": [ -122.37194, 37.923056 ] } },
{ "type": "Feature", "properties": { "FacilityType": "PortFlty", "FacilityId": "CA000330", "Anchor": "FALSE", "FoundationType": "0", "eqBldgType": "DFLT", "DesignLevel": "LC", "SoilType": "D", "LqfSusCat": 0, "LndSusCat": 0, "WaterDepth": 5.0, "Distance": "null", "PGA": 0.70878857374191284, "PGV": 28.83775520324707, "Sa03": 1.5971506834030151, "Sa10": 0.68521612882614136, "LqfSettlPGD": 0.0, "LqfSprPGD": 0.0, "LqfProb": 0.0, "LndPGD": 0.0, "LndProb": 0.0, "SufFltRuptPGD": 29.523393630981445, "SurfFltRuptProb": 0.5, "PDsNone": 0.0025, "PDsSlight": 0.2043, "PDsModerate": 0.286, "PDsExtensive": 0.2811, "PDsComplete": 0.2259, "PDsExceedSlight": 0.9974, "PDsExceedModerate": 0.7931, "PDsExceedExtensive": 0.5071, "FunctDay1": 38.2, "FunctDay3": 52.1, "FunctDay7": 57.3, "FunctDay14": 58.8, "FunctDay30": 62.5, "FunctDay90": 78.4, "EconLoss": 2232254.5, "Name": "IMTT RICHMOND CA RICHMOND WHARF", "City": "Richmond", "State": "CA" }, "geometry": { "type": "Point", "coordinates": [ -122.36916, 37.921111 ] } },
{ "type": "Feature", "properties": { "FacilityType": "PortFlty", "FacilityId": "CA000331", "Anchor": "FALSE", "FoundationType": "0", "eqBldgType": "DFLT", "DesignLevel": "LC", "SoilType": "D", "LqfSusCat": 0, "LndSusCat": 0, "WaterDepth": 5.0, "Distance": "null", "PGA": 0.70878857374191284, "PGV": 28.83775520324707, "Sa03": 1.5971506834030151, "Sa10": 0.68521612882614136, "LqfSettlPGD": 0.0, "LqfSprPGD": 0.0, "LqfProb": 0.0, "LndPGD": 0.0, "LndProb": 0.0, "SufFltRuptPGD": 29.523393630981445, "SurfFltRuptProb": 0.5, "PDsNone": 0.0025, "PDsSlight": 0.2043, "PDsModerate": 0.286, "PDsExtensive": 0.2811, "PDsComplete": 0.2259, "PDsExceedSlight": 0.9974, "PDsExceedModerate": 0.7931, "PDsExceedExtensive": 0.5071, "FunctDay1": 38.2, "FunctDay3": 52.1, "FunctDay7": 57.3, "FunctDay14": 58.8, "FunctDay30": 62.5, "FunctDay90": 78.4, "EconLoss": 2232254.5, "Name": "Manson Construction Co., Richmond Wharf.", "City": "Richmond", "State": "CA" }, "geometry": { "type": "Point", "coordinates": [ -122.3675, 37.922778 ] } },
{ "type": "Feature", "properties": { "FacilityType": "PortFlty", "FacilityId": "CA000332", "Anchor": "FALSE", "FoundationType": "0", "eqBldgType": "DFLT", "DesignLevel": "LC", "SoilType": "D", "LqfSusCat": 0, "LndSusCat": 0, "WaterDepth": 5.0, "Distance": "null", "PGA": 0.70878857374191284, "PGV": 28.83775520324707, "Sa03": 1.5971506834030151, "Sa10": 0.68521612882614136, "LqfSettlPGD": 0.0, "LqfSprPGD": 0.0, "LqfProb": 0.0, "LndPGD": 0.0, "LndProb": 0.0, "SufFltRuptPGD": 29.523393630981445, "SurfFltRuptProb": 0.5, "PDsNone": 0.0025, "PDsSlight": 0.2043, "PDsModerate": 0.286, "PDsExtensive": 0.2811, "PDsComplete": 0.2259, "PDsExceedSlight": 0.9974, "PDsExceedModerate": 0.7931, "PDsExceedExtensive": 0.5071, "FunctDay1": 38.2, "FunctDay3": 52.1, "FunctDay7": 57.3, "FunctDay14": 58.8, "FunctDay30": 62.5, "FunctDay90": 78.4, "EconLoss": 2232254.5, "Name": "LEVIN RICHMOND TERMINAL CORP RICHMOND...", "City": "Richmond", "State": "CA" }, "geometry": { "type": "Point", "coordinates": [ -122.36694, 37.921111 ] } },
{ "type": "Feature", "properties": { "FacilityType": "PortFlty", "FacilityId": "CA000333", "Anchor": "FALSE", "FoundationType": "0", "eqBldgType": "DFLT", "DesignLevel": "LC", "SoilType": "D", "LqfSusCat": 0, "LndSusCat": 0, "WaterDepth": 5.0, "Distance": "null", "PGA": 0.70878857374191284, "PGV": 28.83775520324707, "Sa03": 1.5971506834030151, "Sa10": 0.68521612882614136, "LqfSettlPGD": 0.0, "LqfSprPGD": 0.0, "LqfProb": 0.0, "LndPGD": 0.0, "LndProb": 0.0, "SufFltRuptPGD": 29.523393630981445, "SurfFltRuptProb": 0.5, "PDsNone": 0.0025, "PDsSlight": 0.2043, "PDsModerate": 0.286, "PDsExtensive": 0.2811, "PDsComplete": 0.2259, "PDsExceedSlight": 0.9974, "PDsExceedModerate": 0.7931, "PDsExceedExtensive": 0.5071, "FunctDay1": 38.2, "FunctDay3": 52.1, "FunctDay7": 57.3, "FunctDay14": 58.8, "FunctDay30": 62.5, "FunctDay90": 78.4, "EconLoss": 2232254.5, "Name": "Manson Construction Co., Richmond Moo...", "City": "Richmond", "State": "CA" }, "geometry": { "type": "Point", "coordinates": [ -122.36722, 37.924167 ] } },
{ "type": "Feature", "properties": { "FacilityType": "PortFlty", "FacilityId": "CA000334", "Anchor": "FALSE", "FoundationType": "0", "eqBldgType": "DFLT", "DesignLevel": "LC", "SoilType": "D", "LqfSusCat": 0, "LndSusCat": 0, "WaterDepth": 5.0, "Distance": "null", "PGA": 0.70878857374191284, "PGV": 28.83775520324707, "Sa03": 1.5971506834030151, "Sa10": 0.68521612882614136, "LqfSettlPGD": 0.0, "LqfSprPGD": 0.0, "LqfProb": 0.0, "LndPGD": 0.0, "LndProb": 0.0, "SufFltRuptPGD": 29.523393630981445, "SurfFltRuptProb": 0.5, "PDsNone": 0.0025, "PDsSlight": 0.2043, "PDsModerate": 0.286, "PDsExtensive": 0.2811, "PDsComplete": 0.2259, "PDsExceedSlight": 0.9974, "PDsExceedModerate": 0.7931, "PDsExceedExtensive": 0.5071, "FunctDay1": 38.2, "FunctDay3": 52.1, "FunctDay7": 57.3, "FunctDay14": 58.8, "FunctDay30": 62.5, "FunctDay90": 78.4, "EconLoss": 2232254.5, "Name": "MANSON CONSTRUCTION CO RICHMOND WHARF", "City": "RICHMOND", "State": "CA" }, "geometry": { "type": "Point", "coordinates": [ -122.36722, 37.92417 ] } },
{ "type": "Feature", "properties": { "FacilityType": "PortFlty", "FacilityId": "CA000335", "Anchor": "FALSE", "FoundationType": "0", "eqBldgType": "DFLT", "DesignLevel": "LC", "SoilType": "D", "LqfSusCat": 0, "LndSusCat": 0, "WaterDepth": 5.0, "Distance": "null", "PGA": 0.70878857374191284, "PGV": 28.83775520324707, "Sa03": 1.5971506834030151, "Sa10": 0.68521612882614136, "LqfSettlPGD": 0.0, "LqfSprPGD": 0.0, "LqfProb": 0.0, "LndPGD": 0.0, "LndProb": 0.0, "SufFltRuptPGD": 29.523393630981445, "SurfFltRuptProb": 0.5, "PDsNone": 0.0025, "PDsSlight": 0.2043, "PDsModerate": 0.286, "PDsExtensive": 0.2811, "PDsComplete": 0.2259, "PDsExceedSlight": 0.9974, "PDsExceedModerate": 0.7931, "PDsExceedExtensive": 0.5071, "FunctDay1": 38.2, "FunctDay3": 52.1, "FunctDay7": 57.3, "FunctDay14": 58.8, "FunctDay30": 62.5, "FunctDay90": 78.4, "EconLoss": 2232254.5, "Name": "City of Richmond, Port of Richmond Te...", "City": "Richmond", "State": "CA" }, "geometry": { "type": "Point", "coordinates": [ -122.36222, 37.915278 ] } },
{ "type": "Feature", "properties": { "FacilityType": "PortFlty", "FacilityId": "CA000336", "Anchor": "FALSE", "FoundationType": "0", "eqBldgType": "DFLT", "DesignLevel": "LC", "SoilType": "D", "LqfSusCat": 0, "LndSusCat": 0, "WaterDepth": 5.0, "Distance": "null", "PGA": 0.70878857374191284, "PGV": 28.83775520324707, "Sa03": 1.5971506834030151, "Sa10": 0.68521612882614136, "LqfSettlPGD": 0.0, "LqfSprPGD": 0.0, "LqfProb": 0.0, "LndPGD": 0.0, "LndProb": 0.0, "SufFltRuptPGD": 29.523393630981445, "SurfFltRuptProb": 0.5, "PDsNone": 0.0025, "PDsSlight": 0.2043, "PDsModerate": 0.286, "PDsExtensive": 0.2811, "PDsComplete": 0.2259, "PDsExceedSlight": 0.9974, "PDsExceedModerate": 0.7931, "PDsExceedExtensive": 0.5071, "FunctDay1": 38.2, "FunctDay3": 52.1, "FunctDay7": 57.3, "FunctDay14": 58.8, "FunctDay30": 62.5, "FunctDay90": 78.4, "EconLoss": 2232254.5, "Name": "California Oils Corp., Port of Richmo...", "City": "Richmond", "State": "CA" }, "geometry": { "type": "Point", "coordinates": [ -122.36222, 37.916389 ] } },
{ "type": "Feature", "properties": { "FacilityType": "PortFlty", "FacilityId": "CA000337", "Anchor": "FALSE", "FoundationType": "0", "eqBldgType": "DFLT", "DesignLevel": "LC", "SoilType": "D", "LqfSusCat": 0, "LndSusCat": 0, "WaterDepth": 5.0, "Distance": "null", "PGA": 0.70878857374191284, "PGV": 28.83775520324707, "Sa03": 1.5971506834030151, "Sa10": 0.68521612882614136, "LqfSettlPGD": 0.0, "LqfSprPGD": 0.0, "LqfProb": 0.0, "LndPGD": 0.0, "LndProb": 0.0, "SufFltRuptPGD": 29.523393630981445, "SurfFltRuptProb": 0.5, "PDsNone": 0.0025, "PDsSlight": 0.2043, "PDsModerate": 0.286, "PDsExtensive": 0.2811, "PDsComplete": 0.2259, "PDsExceedSlight": 0.9974, "PDsExceedModerate": 0.7931, "PDsExceedExtensive": 0.5071, "FunctDay1": 38.2, "FunctDay3": 52.1, "FunctDay7": 57.3, "FunctDay14": 58.8, "FunctDay30": 62.5, "FunctDay90": 78.4, "EconLoss": 2232254.5, "Name": "PORT OF RICHMOND TERMINAL NO 2", "City": "RICHMOND", "State": "CA" }, "geometry": { "type": "Point", "coordinates": [ -122.36222, 37.91639 ] } },
{ "type": "Feature", "properties": { "FacilityType": "PortFlty", "FacilityId": "CA000338", "Anchor": "FALSE", "FoundationType": "0", "eqBldgType": "DFLT", "DesignLevel": "LC", "SoilType": "D", "LqfSusCat": 0, "LndSusCat": 0, "WaterDepth": 5.0, "Distance": "null", "PGA": 0.70878857374191284, "PGV": 28.83775520324707, "Sa03": 1.5971506834030151, "Sa10": 0.68521612882614136, "LqfSettlPGD": 0.0, "LqfSprPGD": 0.0, "LqfProb": 0.0, "LndPGD": 0.0, "LndProb": 0.0, "SufFltRuptPGD": 29.523393630981445, "SurfFltRuptProb": 0.5, "PDsNone": 0.0025, "PDsSlight": 0.2043, "PDsModerate": 0.286, "PDsExtensive": 0.2811, "PDsComplete": 0.2259, "PDsExceedSlight": 0.9974, "PDsExceedModerate": 0.7931, "PDsExceedExtensive": 0.5071, "FunctDay1": 38.2, "FunctDay3": 52.1, "FunctDay7": 57.3, "FunctDay14": 58.8, "FunctDay30": 62.5, "FunctDay90": 78.4, "EconLoss": 2232254.5, "Name": "STEVEDORING SERVICES OF AMERICA AT PO...", "City": "Richmond", "State": "CA" }, "geometry": { "type": "Point", "coordinates": [ -122.36166, 37.913056 ] } },
{ "type": "Feature", "properties": { "FacilityType": "PortFlty", "FacilityId": "CA000357", "Anchor": "FALSE", "FoundationType": "0", "eqBldgType": "DFLT", "DesignLevel": "LC", "SoilType": "D", "LqfSusCat": 0, "LndSusCat": 0, "WaterDepth": 5.0, "Distance": "null", "PGA": 0.70514541864395142, "PGV": 26.361499786376953, "Sa03": 1.5342886447906494, "Sa10": 0.70156234502792358, "LqfSettlPGD": 0.0, "LqfSprPGD": 0.0, "LqfProb": 0.0, "LndPGD": 0.0, "LndProb": 0.0, "SufFltRuptPGD": 29.523393630981445, "SurfFltRuptProb": 0.5, "PDsNone": 0.0026, "PDsSlight": 0.2063, "PDsModerate": 0.2868, "PDsExtensive": 0.2804, "PDsComplete": 0.2237, "PDsExceedSlight": 0.9973, "PDsExceedModerate": 0.791, "PDsExceedExtensive": 0.5041, "FunctDay1": 38.4, "FunctDay3": 52.3, "FunctDay7": 57.6, "FunctDay14": 59.0, "FunctDay30": 62.7, "FunctDay90": 78.5, "EconLoss": 2223716.0, "Name": "RODEO  SAN PABLO BAY", "City": "RODEO", "State": "CA" }, "geometry": { "type": "Point", "coordinates": [ -122.2998, 38.04927 ] } },
{ "type": "Feature", "properties": { "FacilityType": "PortFlty", "FacilityId": "CA000359", "Anchor": "FALSE", "FoundationType": "0", "eqBldgType": "DFLT", "DesignLevel": "LC", "SoilType": "D", "LqfSusCat": 0, "LndSusCat": 0, "WaterDepth": 5.0, "Distance": "null", "PGA": 0.74830800294876099, "PGV": 32.61968994140625, "Sa03": 1.848130464553833, "Sa10": 0.93514639139175415, "LqfSettlPGD": 0.0, "LqfSprPGD": 0.0, "LqfProb": 0.0, "LndPGD": 0.0, "LndProb": 0.0, "SufFltRuptPGD": 29.523393630981445, "SurfFltRuptProb": 0.5, "PDsNone": 0.002, "PDsSlight": 0.1834, "PDsModerate": 0.2765, "PDsExtensive": 0.288, "PDsComplete": 0.2499, "PDsExceedSlight": 0.9979, "PDsExceedModerate": 0.8145, "PDsExceedExtensive": 0.5379, "FunctDay1": 36.1, "FunctDay3": 49.5, "FunctDay7": 54.7, "FunctDay14": 56.1, "FunctDay30": 60.0, "FunctDay90": 76.5, "EconLoss": 2322328.25, "Name": "CONOCO PHILLIPS - RODEO OIL REFINERY", "City": "Oleum", "State": "CA" }, "geometry": { "type": "Point", "coordinates": [ -122.26166, 38.056667 ] } },
{ "type": "Feature", "properties": { "FacilityType": "PortFlty", "FacilityId": "CA000360", "Anchor": "FALSE", "FoundationType": "0", "eqBldgType": "DFLT", "DesignLevel": "LC", "SoilType": "D", "LqfSusCat": 0, "LndSusCat": 0, "WaterDepth": 5.0, "Distance": "null", "PGA": 0.74830800294876099, "PGV": 32.61968994140625, "Sa03": 1.848130464553833, "Sa10": 0.93514639139175415, "LqfSettlPGD": 0.0, "LqfSprPGD": 0.0, "LqfProb": 0.0, "LndPGD": 0.0, "LndProb": 0.0, "SufFltRuptPGD": 29.523393630981445, "SurfFltRuptProb": 0.5, "PDsNone": 0.002, "PDsSlight": 0.1834, "PDsModerate": 0.2765, "PDsExtensive": 0.288, "PDsComplete": 0.2499, "PDsExceedSlight": 0.9979, "PDsExceedModerate": 0.8145, "PDsExceedExtensive": 0.5379, "FunctDay1": 36.1, "FunctDay3": 49.5, "FunctDay7": 54.7, "FunctDay14": 56.1, "FunctDay30": 60.0, "FunctDay90": 76.5, "EconLoss": 2322328.25, "Name": "SHORE TERMINALS, SELBY MARINE TERMINA...", "City": "Selby", "State": "CA" }, "geometry": { "type": "Point", "coordinates": [ -122.245, 38.058056 ] } },
{ "type": "Feature", "properties": { "FacilityType": "PortFlty", "FacilityId": "CA000361", "Anchor": "FALSE", "FoundationType": "0", "eqBldgType": "DFLT", "DesignLevel": "LC", "SoilType": "D", "LqfSusCat": 0, "LndSusCat": 0, "WaterDepth": 5.0, "Distance": "null", "PGA": 0.74830800294876099, "PGV": 32.61968994140625, "Sa03": 1.848130464553833, "Sa10": 0.93514639139175415, "LqfSettlPGD": 0.0, "LqfSprPGD": 0.0, "LqfProb": 0.0, "LndPGD": 0.0, "LndProb": 0.0, "SufFltRuptPGD": 29.523393630981445, "SurfFltRuptProb": 0.5, "PDsNone": 0.002, "PDsSlight": 0.1834, "PDsModerate": 0.2765, "PDsExtensive": 0.288, "PDsComplete": 0.2499, "PDsExceedSlight": 0.9979, "PDsExceedModerate": 0.8145, "PDsExceedExtensive": 0.5379, "FunctDay1": 36.1, "FunctDay3": 49.5, "FunctDay7": 54.7, "FunctDay14": 56.1, "FunctDay30": 60.0, "FunctDay90": 76.5, "EconLoss": 2322328.25, "Name": "Shore Terminals, Selby Marine Termina...", "City": "Selby", "State": "CA" }, "geometry": { "type": "Point", "coordinates": [ -122.24111, 38.059167 ] } },
{ "type": "Feature", "properties": { "FacilityType": "PortFlty", "FacilityId": "CA000362", "Anchor": "FALSE", "FoundationType": "0", "eqBldgType": "DFLT", "DesignLevel": "LC", "SoilType": "D", "LqfSusCat": 0, "LndSusCat": 0, "WaterDepth": 5.0, "Distance": "null", "PGA": 0.74830800294876099, "PGV": 32.61968994140625, "Sa03": 1.848130464553833, "Sa10": 0.93514639139175415, "LqfSettlPGD": 0.0, "LqfSprPGD": 0.0, "LqfProb": 0.0, "LndPGD": 0.0, "LndProb": 0.0, "SufFltRuptPGD": 29.523393630981445, "SurfFltRuptProb": 0.5, "PDsNone": 0.002, "PDsSlight": 0.1834, "PDsModerate": 0.2765, "PDsExtensive": 0.288, "PDsComplete": 0.2499, "PDsExceedSlight": 0.9979, "PDsExceedModerate": 0.8145, "PDsExceedExtensive": 0.5379, "FunctDay1": 36.1, "FunctDay3": 49.5, "FunctDay7": 54.7, "FunctDay14": 56.1, "FunctDay30": 60.0, "FunctDay90": 76.5, "EconLoss": 2322328.25, "Name": "NUSTAR ENERGY, CROCKETT TERMINAL", "City": "RODEO", "State": "CA" }, "geometry": { "type": "Point", "coordinates": [ -122.24111, 38.05917 ] } },
{ "type": "Feature", "properties": { "FacilityType": "PortFlty", "FacilityId": "CA000369", "Anchor": "FALSE", "FoundationType": "0", "eqBldgType": "DFLT", "DesignLevel": "LC", "SoilType": "D", "LqfSusCat": 0, "LndSusCat": 0, "WaterDepth": 5.0, "Distance": "null", "PGA": 0.76533985137939453, "PGV": 31.779436111450195, "Sa03": 1.8757151365280151, "Sa10": 0.90218323469161987, "LqfSettlPGD": 0.0, "LqfSprPGD": 0.0, "LqfProb": 0.0, "LndPGD": 0.0, "LndProb": 0.0, "SufFltRuptPGD": 29.523393630981445, "SurfFltRuptProb": 0.5, "PDsNone": 0.0018, "PDsSlight": 0.1751, "PDsModerate": 0.2722, "PDsExtensive": 0.2904, "PDsComplete": 0.2602, "PDsExceedSlight": 0.9981, "PDsExceedModerate": 0.823, "PDsExceedExtensive": 0.5507, "FunctDay1": 35.2, "FunctDay3": 48.5, "FunctDay7": 53.6, "FunctDay14": 55.1, "FunctDay30": 59.0, "FunctDay90": 75.8, "EconLoss": 2359188.75, "Name": "CALIFORNIA AND HAWAIIAN SUGAR CO BERT...", "City": "Crockett", "State": "CA" }, "geometry": { "type": "Point", "coordinates": [ -122.22027, 38.057222 ] } },
{ "type": "Feature", "properties": { "FacilityType": "PortFlty", "FacilityId": "CA000370", "Anchor": "FALSE", "FoundationType": "0", "eqBldgType": "DFLT", "DesignLevel": "LC", "SoilType": "D", "LqfSusCat": 0, "LndSusCat": 0, "WaterDepth": 5.0, "Distance": "null", "PGA": 0.69800388813018799, "PGV": 38.230918884277344, "Sa03": 1.7444822788238525, "Sa10": 1.1856904029846191, "LqfSettlPGD": 0.0, "LqfSprPGD": 0.0, "LqfProb": 0.0, "LndPGD": 0.0, "LndProb": 0.0, "SufFltRuptPGD": 29.523393630981445, "SurfFltRuptProb": 0.5, "PDsNone": 0.0027, "PDsSlight": 0.2104, "PDsModerate": 0.2884, "PDsExtensive": 0.2789, "PDsComplete": 0.2194, "PDsExceedSlight": 0.9972, "PDsExceedModerate": 0.7868, "PDsExceedExtensive": 0.4983, "FunctDay1": 38.8, "FunctDay3": 52.8, "FunctDay7": 58.1, "FunctDay14": 59.5, "FunctDay30": 63.2, "FunctDay90": 78.8, "EconLoss": 2206753.25, "Name": "BENICIA JENSEN & REYNOLDS CONST DOCK", "City": "MARTINEZ", "State": "CA" }, "geometry": { "type": "Point", "coordinates": [ -122.164478, 38.033281 ] } },
{ "type": "Feature", "properties": { "FacilityType": "PortFlty", "FacilityId": "CA000371", "Anchor": "FALSE", "FoundationType": "0", "eqBldgType": "DFLT", "DesignLevel": "LC", "SoilType": "D", "LqfSusCat": 0, "LndSusCat": 0, "WaterDepth": 5.0, "Distance": "null", "PGA": 0.69800388813018799, "PGV": 38.230918884277344, "Sa03": 1.7444822788238525, "Sa10": 1.1856904029846191, "LqfSettlPGD": 0.0, "LqfSprPGD": 0.0, "LqfProb": 0.0, "LndPGD": 0.0, "LndProb": 0.0, "SufFltRuptPGD": 29.523393630981445, "SurfFltRuptProb": 0.5, "PDsNone": 0.0027, "PDsSlight": 0.2104, "PDsModerate": 0.2884, "PDsExtensive": 0.2789, "PDsComplete": 0.2194, "PDsExceedSlight": 0.9972, "PDsExceedModerate": 0.7868, "PDsExceedExtensive": 0.4983, "FunctDay1": 38.8, "FunctDay3": 52.8, "FunctDay7": 58.1, "FunctDay14": 59.5, "FunctDay30": 63.2, "FunctDay90": 78.8, "EconLoss": 2206753.25, "Name": "DEFENSE FUEL SUPPLY CENTER OZOL WHARF", "City": "Ozol", "State": "CA" }, "geometry": { "type": "Point", "coordinates": [ -122.16111, 38.028611 ] } },
{ "type": "Feature", "properties": { "FacilityType": "PortFlty", "FacilityId": "CA000377", "Anchor": "FALSE", "FoundationType": "0", "eqBldgType": "DFLT", "DesignLevel": "LC", "SoilType": "D", "LqfSusCat": 0, "LndSusCat": 0, "WaterDepth": 5.0, "Distance": "null", "PGA": 0.69800388813018799, "PGV": 38.230918884277344, "Sa03": 1.7444822788238525, "Sa10": 1.1856904029846191, "LqfSettlPGD": 0.0, "LqfSprPGD": 0.0, "LqfProb": 0.0, "LndPGD": 0.0, "LndProb": 0.0, "SufFltRuptPGD": 29.523393630981445, "SurfFltRuptProb": 0.5, "PDsNone": 0.0027, "PDsSlight": 0.2104, "PDsModerate": 0.2884, "PDsExtensive": 0.2789, "PDsComplete": 0.2194, "PDsExceedSlight": 0.9972, "PDsExceedModerate": 0.7868, "PDsExceedExtensive": 0.4983, "FunctDay1": 38.8, "FunctDay3": 52.8, "FunctDay7": 58.1, "FunctDay14": 59.5, "FunctDay30": 63.2, "FunctDay90": 78.8, "EconLoss": 2206753.25, "Name": "MARTINEZ MARINA MUNICIPAL PIER", "City": "Martinez", "State": "CA" }, "geometry": { "type": "Point", "coordinates": [ -122.13944, 38.0275 ] } },
{ "type": "Feature", "properties": { "FacilityType": "PortFlty", "FacilityId": "CA000379", "Anchor": "FALSE", "FoundationType": "0", "eqBldgType": "DFLT", "DesignLevel": "LC", "SoilType": "D", "LqfSusCat": 0, "LndSusCat": 0, "WaterDepth": 5.0, "Distance": "null", "PGA": 0.69800388813018799, "PGV": 38.230918884277344, "Sa03": 1.7444822788238525, "Sa10": 1.1856904029846191, "LqfSettlPGD": 0.0, "LqfSprPGD": 0.0, "LqfProb": 0.0, "LndPGD": 0.0, "LndProb": 0.0, "SufFltRuptPGD": 29.523393630981445, "SurfFltRuptProb": 0.5, "PDsNone": 0.0027, "PDsSlight": 0.2104, "PDsModerate": 0.2884, "PDsExtensive": 0.2789, "PDsComplete": 0.2194, "PDsExceedSlight": 0.9972, "PDsExceedModerate": 0.7868, "PDsExceedExtensive": 0.4983, "FunctDay1": 38.8, "FunctDay3": 52.8, "FunctDay7": 58.1, "FunctDay14": 59.5, "FunctDay30": 63.2, "FunctDay90": 78.8, "EconLoss": 2206753.25, "Name": "MARTINEZ REFINING CO MARTINEZ REFINER...", "City": "Martinez", "State": "CA" }, "geometry": { "type": "Point", "coordinates": [ -122.13166, 38.031389 ] } },
{ "type": "Feature", "properties": { "FacilityType": "PortFlty", "FacilityId": "CA000381", "Anchor": "FALSE", "FoundationType": "0", "eqBldgType": "DFLT", "DesignLevel": "LC", "SoilType": "D", "LqfSusCat": 0, "LndSusCat": 0, "WaterDepth": 5.0, "Distance": "null", "PGA": 0.6000664234161377, "PGV": 40.070621490478516, "Sa03": 1.5195895433425903, "Sa10": 1.3292993307113647, "LqfSettlPGD": 0.0, "LqfSprPGD": 0.0, "LqfProb": 0.0, "LndPGD": 0.0, "LndProb": 0.0, "SufFltRuptPGD": 29.523393630981445, "SurfFltRuptProb": 0.5, "PDsNone": 0.0052, "PDsSlight": 0.2759, "PDsModerate": 0.3059, "PDsExtensive": 0.2518, "PDsComplete": 0.161, "PDsExceedSlight": 0.9947, "PDsExceedModerate": 0.7188, "PDsExceedExtensive": 0.4129, "FunctDay1": 45.2, "FunctDay3": 59.9, "FunctDay7": 65.4, "FunctDay14": 66.7, "FunctDay30": 69.9, "FunctDay90": 83.5, "EconLoss": 1953151.25, "Name": "Tosco Refining Co., San Francisco Are...", "City": "Martinez", "State": "CA" }, "geometry": { "type": "Point", "coordinates": [ -122.12388, 38.035 ] } },
{ "type": "Feature", "properties": { "FacilityType": "PortFlty", "FacilityId": "CA000382", "Anchor": "FALSE", "FoundationType": "0", "eqBldgType": "DFLT", "DesignLevel": "LC", "SoilType": "D", "LqfSusCat": 0, "LndSusCat": 0, "WaterDepth": 5.0, "Distance": "null", "PGA": 0.6000664234161377, "PGV": 40.070621490478516, "Sa03": 1.5195895433425903, "Sa10": 1.3292993307113647, "LqfSettlPGD": 0.0, "LqfSprPGD": 0.0, "LqfProb": 0.0, "LndPGD": 0.0, "LndProb": 0.0, "SufFltRuptPGD": 29.523393630981445, "SurfFltRuptProb": 0.5, "PDsNone": 0.0052, "PDsSlight": 0.2759, "PDsModerate": 0.3059, "PDsExtensive": 0.2518, "PDsComplete": 0.161, "PDsExceedSlight": 0.9947, "PDsExceedModerate": 0.7188, "PDsExceedExtensive": 0.4129, "FunctDay1": 45.2, "FunctDay3": 59.9, "FunctDay7": 65.4, "FunctDay14": 66.7, "FunctDay30": 69.9, "FunctDay90": 83.5, "EconLoss": 1953151.25, "Name": "TOSCO REFINING CO., SAN FRANCISCO ARE...", "City": "Martinez", "State": "CA" }, "geometry": { "type": "Point", "coordinates": [ -122.12333, 38.035556 ] } },
{ "type": "Feature", "properties": { "FacilityType": "PortFlty", "FacilityId": "CA000383", "Anchor": "FALSE", "FoundationType": "0", "eqBldgType": "DFLT", "DesignLevel": "LC", "SoilType": "D", "LqfSusCat": 0, "LndSusCat": 0, "WaterDepth": 5.0, "Distance": "null", "PGA": 0.6000664234161377, "PGV": 40.070621490478516, "Sa03": 1.5195895433425903, "Sa10": 1.3292993307113647, "LqfSettlPGD": 0.0, "LqfSprPGD": 0.0, "LqfProb": 0.0, "LndPGD": 0.0, "LndProb": 0.0, "SufFltRuptPGD": 29.523393630981445, "SurfFltRuptProb": 0.5, "PDsNone": 0.0052, "PDsSlight": 0.2759, "PDsModerate": 0.3059, "PDsExtensive": 0.2518, "PDsComplete": 0.161, "PDsExceedSlight": 0.9947, "PDsExceedModerate": 0.7188, "PDsExceedExtensive": 0.4129, "FunctDay1": 45.2, "FunctDay3": 59.9, "FunctDay7": 65.4, "FunctDay14": 66.7, "FunctDay30": 69.9, "FunctDay90": 83.5, "EconLoss": 1953151.25, "Name": "TOSCO REFINING CO SAN FRANCISCO AREA ...", "City": "MARTINEZ", "State": "CA" }, "geometry": { "type": "Point", "coordinates": [ -122.12333, 38.03556 ] } },
{ "type": "Feature", "properties": { "FacilityType": "PortFlty", "FacilityId": "CA000384", "Anchor": "FALSE", "FoundationType": "0", "eqBldgType": "DFLT", "DesignLevel": "LC", "SoilType": "D", "LqfSusCat": 0, "LndSusCat": 0, "WaterDepth": 5.0, "Distance": "null", "PGA": 0.6000664234161377, "PGV": 40.070621490478516, "Sa03": 1.5195895433425903, "Sa10": 1.3292993307113647, "LqfSettlPGD": 0.0, "LqfSprPGD": 0.0, "LqfProb": 0.0, "LndPGD": 0.0, "LndProb": 0.0, "SufFltRuptPGD": 29.523393630981445, "SurfFltRuptProb": 0.5, "PDsNone": 0.0052, "PDsSlight": 0.2759, "PDsModerate": 0.3059, "PDsExtensive": 0.2518, "PDsComplete": 0.161, "PDsExceedSlight": 0.9947, "PDsExceedModerate": 0.7188, "PDsExceedExtensive": 0.4129, "FunctDay1": 45.2, "FunctDay3": 59.9, "FunctDay7": 65.4, "FunctDay14": 66.7, "FunctDay30": 69.9, "FunctDay90": 83.5, "EconLoss": 1953151.25, "Name": "PACIFIC ATLANTIC TERMINALS", "City": "Martinez", "State": "CA" }, "geometry": { "type": "Point", "coordinates": [ -122.10111, 38.045556 ] } },
{ "type": "Feature", "properties": { "FacilityType": "PortFlty", "FacilityId": "CA000387", "Anchor": "FALSE", "FoundationType": "0", "eqBldgType": "DFLT", "DesignLevel": "LC", "SoilType": "D", "LqfSusCat": 0, "LndSusCat": 0, "WaterDepth": 5.0, "Distance": "null", "PGA": 0.6000664234161377, "PGV": 40.070621490478516, "Sa03": 1.5195895433425903, "Sa10": 1.3292993307113647, "LqfSettlPGD": 0.0, "LqfSprPGD": 0.0, "LqfProb": 0.0, "LndPGD": 0.0, "LndProb": 0.0, "SufFltRuptPGD": 29.523393630981445, "SurfFltRuptProb": 0.5, "PDsNone": 0.0052, "PDsSlight": 0.2759, "PDsModerate": 0.3059, "PDsExtensive": 0.2518, "PDsComplete": 0.161, "PDsExceedSlight": 0.9947, "PDsExceedModerate": 0.7188, "PDsExceedExtensive": 0.4129, "FunctDay1": 45.2, "FunctDay3": 59.9, "FunctDay7": 65.4, "FunctDay14": 66.7, "FunctDay30": 69.9, "FunctDay90": 83.5, "EconLoss": 1953151.25, "Name": "TESORO REFINING AT AVON", "City": "MARTINEZ", "State": "CA" }, "geometry": { "type": "Point", "coordinates": [ -122.09222, 38.04833 ] } },
{ "type": "Feature", "properties": { "FacilityType": "PortFlty", "FacilityId": "CA000388", "Anchor": "FALSE", "FoundationType": "0", "eqBldgType": "DFLT", "DesignLevel": "LC", "SoilType": "D", "LqfSusCat": 0, "LndSusCat": 0, "WaterDepth": 5.0, "Distance": "null", "PGA": 0.6000664234161377, "PGV": 40.070621490478516, "Sa03": 1.5195895433425903, "Sa10": 1.3292993307113647, "LqfSettlPGD": 0.0, "LqfSprPGD": 0.0, "LqfProb": 0.0, "LndPGD": 0.0, "LndProb": 0.0, "SufFltRuptPGD": 29.523393630981445, "SurfFltRuptProb": 0.5, "PDsNone": 0.0052, "PDsSlight": 0.2759, "PDsModerate": 0.3059, "PDsExtensive": 0.2518, "PDsComplete": 0.161, "PDsExceedSlight": 0.9947, "PDsExceedModerate": 0.7188, "PDsExceedExtensive": 0.4129, "FunctDay1": 45.2, "FunctDay3": 59.9, "FunctDay7": 65.4, "FunctDay14": 66.7, "FunctDay30": 69.9, "FunctDay90": 83.5, "EconLoss": 1953151.25, "Name": "Tosco Refining Co., San Francisco Are...", "City": "Avon", "State": "CA" }, "geometry": { "type": "Point", "coordinates": [ -122.09222, 38.048333 ] } },
{ "type": "Feature", "properties": { "FacilityType": "PortFlty", "FacilityId": "CA000389", "Anchor": "FALSE", "FoundationType": "0", "eqBldgType": "DFLT", "DesignLevel": "LC", "SoilType": "D", "LqfSusCat": 0, "LndSusCat": 0, "WaterDepth": 5.0, "Distance": "null", "PGA": 0.6000664234161377, "PGV": 40.070621490478516, "Sa03": 1.5195895433425903, "Sa10": 1.3292993307113647, "LqfSettlPGD": 0.0, "LqfSprPGD": 0.0, "LqfProb": 0.0, "LndPGD": 0.0, "LndProb": 0.0, "SufFltRuptPGD": 29.523393630981445, "SurfFltRuptProb": 0.5, "PDsNone": 0.0052, "PDsSlight": 0.2759, "PDsModerate": 0.3059, "PDsExtensive": 0.2518, "PDsComplete": 0.161, "PDsExceedSlight": 0.9947, "PDsExceedModerate": 0.7188, "PDsExceedExtensive": 0.4129, "FunctDay1": 45.2, "FunctDay3": 59.9, "FunctDay7": 65.4, "FunctDay14": 66.7, "FunctDay30": 69.9, "FunctDay90": 83.5, "EconLoss": 1953151.25, "Name": "Tosco Refining Co., San Francisco Are...", "City": "Avon", "State": "CA" }, "geometry": { "type": "Point", "coordinates": [ -122.09222, 38.048611 ] } },
{ "type": "Feature", "properties": { "FacilityType": "PortFlty", "FacilityId": "CA000395", "Anchor": "FALSE", "FoundationType": "0", "eqBldgType": "DFLT", "DesignLevel": "LC", "SoilType": "D", "LqfSusCat": 0, "LndSusCat": 0, "WaterDepth": 5.0, "Distance": "null", "PGA": 0.56093955039978027, "PGV": 35.603309631347656, "Sa03": 1.4739805459976196, "Sa10": 1.2252141237258911, "LqfSettlPGD": 0.0, "LqfSprPGD": 0.0, "LqfProb": 0.0, "LndPGD": 0.0, "LndProb": 0.0, "SufFltRuptPGD": 29.523393630981445, "SurfFltRuptProb": 0.5, "PDsNone": 0.0068, "PDsSlight": 0.3076, "PDsModerate": 0.3096, "PDsExtensive": 0.2372, "PDsComplete": 0.1386, "PDsExceedSlight": 0.9931, "PDsExceedModerate": 0.6854, "PDsExceedExtensive": 0.3758, "FunctDay1": 48.2, "FunctDay3": 63.1, "FunctDay7": 68.6, "FunctDay14": 69.7, "FunctDay30": 72.7, "FunctDay90": 85.3, "EconLoss": 1840968.625, "Name": "SAND ROSE (FOSS MARITIME)", "City": "CONCORD", "State": "CA" }, "geometry": { "type": "Point", "coordinates": [ -121.99909, 38.06009 ] } },
{ "type": "Feature", "properties": { "FacilityType": "PortFlty", "FacilityId": "CA000396", "Anchor": "FALSE", "FoundationType": "0", "eqBldgType": "DFLT", "DesignLevel": "LC", "SoilType": "D", "LqfSusCat": 0, "LndSusCat": 0, "WaterDepth": 5.0, "Distance": "null", "PGA": 0.54648643732070923, "PGV": 34.432701110839844, "Sa03": 1.442875862121582, "Sa10": 1.1938086748123169, "LqfSettlPGD": 0.0, "LqfSprPGD": 0.0, "LqfProb": 0.0, "LndPGD": 0.0, "LndProb": 0.0, "SufFltRuptPGD": 29.523393630981445, "SurfFltRuptProb": 0.5, "PDsNone": 0.0076, "PDsSlight": 0.3202, "PDsModerate": 0.3103, "PDsExtensive": 0.2312, "PDsComplete": 0.1305, "PDsExceedSlight": 0.9923, "PDsExceedModerate": 0.6721, "PDsExceedExtensive": 0.3617, "FunctDay1": 49.4, "FunctDay3": 64.3, "FunctDay7": 69.8, "FunctDay14": 70.9, "FunctDay30": 73.8, "FunctDay90": 86.0, "EconLoss": 1797666.0, "Name": "CHIPPS ISLAND", "City": "PITTSBURG", "State": "CA" }, "geometry": { "type": "Point", "coordinates": [ -121.967676, 38.058459 ] } },
{ "type": "Feature", "properties": { "FacilityType": "PortFlty", "FacilityId": "CA000398", "Anchor": "FALSE", "FoundationType": "0", "eqBldgType": "DFLT", "DesignLevel": "LC", "SoilType": "D", "LqfSusCat": 0, "LndSusCat": 0, "WaterDepth": 5.0, "Distance": "null", "PGA": 0.53909218311309814, "PGV": 33.995975494384766, "Sa03": 1.4119381904602051, "Sa10": 1.1746985912322998, "LqfSettlPGD": 0.0, "LqfSprPGD": 0.0, "LqfProb": 0.0, "LndPGD": 0.0, "LndProb": 0.0, "SufFltRuptPGD": 29.523393630981445, "SurfFltRuptProb": 0.5, "PDsNone": 0.008, "PDsSlight": 0.3268, "PDsModerate": 0.3105, "PDsExtensive": 0.228, "PDsComplete": 0.1264, "PDsExceedSlight": 0.9919, "PDsExceedModerate": 0.665, "PDsExceedExtensive": 0.3545, "FunctDay1": 50.0, "FunctDay3": 64.9, "FunctDay7": 70.4, "FunctDay14": 71.5, "FunctDay30": 74.3, "FunctDay90": 86.3, "EconLoss": 1775099.875, "Name": "PACIFIC GAS & ELECTRIC CO DELTA POWER...", "City": "Pittsburg", "State": "CA" }, "geometry": { "type": "Point", "coordinates": [ -121.88666, 38.041389 ] } },
{ "type": "Feature", "properties": { "FacilityType": "PortFlty", "FacilityId": "CA000399", "Anchor": "FALSE", "FoundationType": "0", "eqBldgType": "DFLT", "DesignLevel": "LC", "SoilType": "D", "LqfSusCat": 0, "LndSusCat": 0, "WaterDepth": 5.0, "Distance": "null", "PGA": 0.52302241325378418, "PGV": 32.076263427734375, "Sa03": 1.3694804906845093, "Sa10": 1.1245031356811523, "LqfSettlPGD": 0.0, "LqfSprPGD": 0.0, "LqfProb": 0.0, "LndPGD": 0.0, "LndProb": 0.0, "SufFltRuptPGD": 29.523393630981445, "SurfFltRuptProb": 0.5, "PDsNone": 0.009, "PDsSlight": 0.3417, "PDsModerate": 0.3106, "PDsExtensive": 0.2208, "PDsComplete": 0.1177, "PDsExceedSlight": 0.9909, "PDsExceedModerate": 0.6491, "PDsExceedExtensive": 0.3385, "FunctDay1": 51.4, "FunctDay3": 66.3, "FunctDay7": 71.8, "FunctDay14": 72.8, "FunctDay30": 75.6, "FunctDay90": 87.1, "EconLoss": 1725812.75, "Name": "BAY AREA BULK TERMINAL, PITTSBURG", "City": "Pittsburg", "State": "CA" }, "geometry": { "type": "Point", "coordinates": [ -121.87399, 38.031303 ] } },
{ "type": "Feature", "properties": { "FacilityType": "PortFlty", "FacilityId": "CA000400", "Anchor": "FALSE", "FoundationType": "0", "eqBldgType": "DFLT", "DesignLevel": "LC", "SoilType": "D", "LqfSusCat": 0, "LndSusCat": 0, "WaterDepth": 5.0, "Distance": "null", "PGA": 0.53909218311309814, "PGV": 33.995975494384766, "Sa03": 1.4119381904602051, "Sa10": 1.1746985912322998, "LqfSettlPGD": 0.0, "LqfSprPGD": 0.0, "LqfProb": 0.0, "LndPGD": 0.0, "LndProb": 0.0, "SufFltRuptPGD": 29.523393630981445, "SurfFltRuptProb": 0.5, "PDsNone": 0.008, "PDsSlight": 0.3268, "PDsModerate": 0.3105, "PDsExtensive": 0.228, "PDsComplete": 0.1264, "PDsExceedSlight": 0.9919, "PDsExceedModerate": 0.665, "PDsExceedExtensive": 0.3545, "FunctDay1": 50.0, "FunctDay3": 64.9, "FunctDay7": 70.4, "FunctDay14": 71.5, "FunctDay30": 74.3, "FunctDay90": 86.3, "EconLoss": 1775099.875, "Name": "DIABLO SERVICE CORP PITTSBURG WHARF", "City": "Pittsburg", "State": "CA" }, "geometry": { "type": "Point", "coordinates": [ -121.87638, 38.034444 ] } },
{ "type": "Feature", "properties": { "FacilityType": "PortFlty", "FacilityId": "CA000401", "Anchor": "FALSE", "FoundationType": "0", "eqBldgType": "DFLT", "DesignLevel": "LC", "SoilType": "D", "LqfSusCat": 0, "LndSusCat": 0, "WaterDepth": 5.0, "Distance": "null", "PGA": 0.53909218311309814, "PGV": 33.995975494384766, "Sa03": 1.4119381904602051, "Sa10": 1.1746985912322998, "LqfSettlPGD": 0.0, "LqfSprPGD": 0.0, "LqfProb": 0.0, "LndPGD": 0.0, "LndProb": 0.0, "SufFltRuptPGD": 29.523393630981445, "SurfFltRuptProb": 0.5, "PDsNone": 0.008, "PDsSlight": 0.3268, "PDsModerate": 0.3105, "PDsExtensive": 0.228, "PDsComplete": 0.1264, "PDsExceedSlight": 0.9919, "PDsExceedModerate": 0.665, "PDsExceedExtensive": 0.3545, "FunctDay1": 50.0, "FunctDay3": 64.9, "FunctDay7": 70.4, "FunctDay14": 71.5, "FunctDay30": 74.3, "FunctDay90": 86.3, "EconLoss": 1775099.875, "Name": "PITTSBURGH CALIF", "City": "PITTSBURG", "State": "CA" }, "geometry": { "type": "Point", "coordinates": [ -121.880549, 38.037877 ] } },
{ "type": "Feature", "properties": { "FacilityType": "PortFlty", "FacilityId": "CA000403", "Anchor": "FALSE", "FoundationType": "0", "eqBldgType": "DFLT", "DesignLevel": "LC", "SoilType": "D", "LqfSusCat": 0, "LndSusCat": 0, "WaterDepth": 5.0, "Distance": "null", "PGA": 0.52302241325378418, "PGV": 32.076263427734375, "Sa03": 1.3694804906845093, "Sa10": 1.1245031356811523, "LqfSettlPGD": 0.0, "LqfSprPGD": 0.0, "LqfProb": 0.0, "LndPGD": 0.0, "LndProb": 0.0, "SufFltRuptPGD": 29.523393630981445, "SurfFltRuptProb": 0.5, "PDsNone": 0.009, "PDsSlight": 0.3417, "PDsModerate": 0.3106, "PDsExtensive": 0.2208, "PDsComplete": 0.1177, "PDsExceedSlight": 0.9909, "PDsExceedModerate": 0.6491, "PDsExceedExtensive": 0.3385, "FunctDay1": 51.4, "FunctDay3": 66.3, "FunctDay7": 71.8, "FunctDay14": 72.8, "FunctDay30": 75.6, "FunctDay90": 87.1, "EconLoss": 1725812.75, "Name": "USS - POSCO INDUSTRIES PITTSBURG WHARF", "City": "PITTSBURG", "State": "CA" }, "geometry": { "type": "Point", "coordinates": [ -121.86056, 38.03083 ] } },
{ "type": "Feature", "properties": { "FacilityType": "PortFlty", "FacilityId": "CA000404", "Anchor": "FALSE", "FoundationType": "0", "eqBldgType": "DFLT", "DesignLevel": "LC", "SoilType": "D", "LqfSusCat": 0, "LndSusCat": 0, "WaterDepth": 5.0, "Distance": "null", "PGA": 0.52302241325378418, "PGV": 32.076263427734375, "Sa03": 1.3694804906845093, "Sa10": 1.1245031356811523, "LqfSettlPGD": 0.0, "LqfSprPGD": 0.0, "LqfProb": 0.0, "LndPGD": 0.0, "LndProb": 0.0, "SufFltRuptPGD": 29.523393630981445, "SurfFltRuptProb": 0.5, "PDsNone": 0.009, "PDsSlight": 0.3417, "PDsModerate": 0.3106, "PDsExtensive": 0.2208, "PDsComplete": 0.1177, "PDsExceedSlight": 0.9909, "PDsExceedModerate": 0.6491, "PDsExceedExtensive": 0.3385, "FunctDay1": 51.4, "FunctDay3": 66.3, "FunctDay7": 71.8, "FunctDay14": 72.8, "FunctDay30": 75.6, "FunctDay90": 87.1, "EconLoss": 1725812.75, "Name": "USS-POSCO INDUSTRIES, PITTSBURG WHARF", "City": "Pittsburg", "State": "CA" }, "geometry": { "type": "Point", "coordinates": [ -121.86055, 38.030833 ] } },
{ "type": "Feature", "properties": { "FacilityType": "PortFlty", "FacilityId": "CA000405", "Anchor": "FALSE", "FoundationType": "0", "eqBldgType": "DFLT", "DesignLevel": "LC", "SoilType": "D", "LqfSusCat": 0, "LndSusCat": 0, "WaterDepth": 5.0, "Distance": "null", "PGA": 0.52302241325378418, "PGV": 32.076263427734375, "Sa03": 1.3694804906845093, "Sa10": 1.1245031356811523, "LqfSettlPGD": 0.0, "LqfSprPGD": 0.0, "LqfProb": 0.0, "LndPGD": 0.0, "LndProb": 0.0, "SufFltRuptPGD": 29.523393630981445, "SurfFltRuptProb": 0.5, "PDsNone": 0.009, "PDsSlight": 0.3417, "PDsModerate": 0.3106, "PDsExtensive": 0.2208, "PDsComplete": 0.1177, "PDsExceedSlight": 0.9909, "PDsExceedModerate": 0.6491, "PDsExceedExtensive": 0.3385, "FunctDay1": 51.4, "FunctDay3": 66.3, "FunctDay7": 71.8, "FunctDay14": 72.8, "FunctDay30": 75.6, "FunctDay90": 87.1, "EconLoss": 1725812.75, "Name": "USS-Posco Industries, Pittsburg Dock.", "City": "Pittsburg", "State": "CA" }, "geometry": { "type": "Point", "coordinates": [ -121.85916, 38.030278 ] } },
{ "type": "Feature", "properties": { "FacilityType": "PortFlty", "FacilityId": "CA000406", "Anchor": "FALSE", "FoundationType": "0", "eqBldgType": "DFLT", "DesignLevel": "LC", "SoilType": "D", "LqfSusCat": 0, "LndSusCat": 0, "WaterDepth": 5.0, "Distance": "null", "PGA": 0.52302241325378418, "PGV": 32.076263427734375, "Sa03": 1.3694804906845093, "Sa10": 1.1245031356811523, "LqfSettlPGD": 0.0, "LqfSprPGD": 0.0, "LqfProb": 0.0, "LndPGD": 0.0, "LndProb": 0.0, "SufFltRuptPGD": 29.523393630981445, "SurfFltRuptProb": 0.5, "PDsNone": 0.009, "PDsSlight": 0.3417, "PDsModerate": 0.3106, "PDsExtensive": 0.2208, "PDsComplete": 0.1177, "PDsExceedSlight": 0.9909, "PDsExceedModerate": 0.6491, "PDsExceedExtensive": 0.3385, "FunctDay1": 51.4, "FunctDay3": 66.3, "FunctDay7": 71.8, "FunctDay14": 72.8, "FunctDay30": 75.6, "FunctDay90": 87.1, "EconLoss": 1725812.75, "Name": "DOW CHEMICAL CO PITTSBURG PLANT WHARF", "City": "Pittsburg", "State": "CA" }, "geometry": { "type": "Point", "coordinates": [ -121.849292, 38.028526 ] } },
{ "type": "Feature", "properties": { "FacilityType": "PortFlty", "FacilityId": "CA000407", "Anchor": "FALSE", "FoundationType": "0", "eqBldgType": "DFLT", "DesignLevel": "LC", "SoilType": "D", "LqfSusCat": 0, "LndSusCat": 0, "WaterDepth": 5.0, "Distance": "null", "PGA": 0.52302241325378418, "PGV": 32.076263427734375, "Sa03": 1.3694804906845093, "Sa10": 1.1245031356811523, "LqfSettlPGD": 0.0, "LqfSprPGD": 0.0, "LqfProb": 0.0, "LndPGD": 0.0, "LndProb": 0.0, "SufFltRuptPGD": 29.523393630981445, "SurfFltRuptProb": 0.5, "PDsNone": 0.009, "PDsSlight": 0.3417, "PDsModerate": 0.3106, "PDsExtensive": 0.2208, "PDsComplete": 0.1177, "PDsExceedSlight": 0.9909, "PDsExceedModerate": 0.6491, "PDsExceedExtensive": 0.3385, "FunctDay1": 51.4, "FunctDay3": 66.3, "FunctDay7": 71.8, "FunctDay14": 72.8, "FunctDay30": 75.6, "FunctDay90": 87.1, "EconLoss": 1725812.75, "Name": "BROAD SLOUGH", "City": "PITTSBURG", "State": "CA" }, "geometry": { "type": "Point", "coordinates": [ -121.848179, 38.029666 ] } },
{ "type": "Feature", "properties": { "FacilityType": "PortFlty", "FacilityId": "CA000411", "Anchor": "FALSE", "FoundationType": "0", "eqBldgType": "DFLT", "DesignLevel": "LC", "SoilType": "D", "LqfSusCat": 0, "LndSusCat": 0, "WaterDepth": 5.0, "Distance": "null", "PGA": 0.57236021757125854, "PGV": 23.94725227355957, "Sa03": 1.4608070850372314, "Sa10": 0.72987604141235352, "LqfSettlPGD": 0.0, "LqfSprPGD": 0.0, "LqfProb": 0.0, "LndPGD": 0.0, "LndProb": 0.0, "SufFltRuptPGD": 29.523393630981445, "SurfFltRuptProb": 0.5, "PDsNone": 0.0063, "PDsSlight": 0.298, "PDsModerate": 0.3087, "PDsExtensive": 0.2417, "PDsComplete": 0.1451, "PDsExceedSlight": 0.9936, "PDsExceedModerate": 0.6956, "PDsExceedExtensive": 0.3868, "FunctDay1": 47.3, "FunctDay3": 62.1, "FunctDay7": 67.6, "FunctDay14": 68.8, "FunctDay30": 71.9, "FunctDay90": 84.8, "EconLoss": 1874436.5, "Name": "ANTIOCH HARBOR", "City": "ANTIOCH", "State": "CA" }, "geometry": { "type": "Point", "coordinates": [ -121.816998, 38.021349 ] } },
{ "type": "Feature", "properties": { "FacilityType": "PortFlty", "FacilityId": "CA000412", "Anchor": "FALSE", "FoundationType": "0", "eqBldgType": "DFLT", "DesignLevel": "LC", "SoilType": "D", "LqfSusCat": 0, "LndSusCat": 0, "WaterDepth": 5.0, "Distance": "null", "PGA": 0.57236021757125854, "PGV": 23.94725227355957, "Sa03": 1.4608070850372314, "Sa10": 0.72987604141235352, "LqfSettlPGD": 0.0, "LqfSprPGD": 0.0, "LqfProb": 0.0, "LndPGD": 0.0, "LndProb": 0.0, "SufFltRuptPGD": 29.523393630981445, "SurfFltRuptProb": 0.5, "PDsNone": 0.0063, "PDsSlight": 0.298, "PDsModerate": 0.3087, "PDsExtensive": 0.2417, "PDsComplete": 0.1451, "PDsExceedSlight": 0.9936, "PDsExceedModerate": 0.6956, "PDsExceedExtensive": 0.3868, "FunctDay1": 47.3, "FunctDay3": 62.1, "FunctDay7": 67.6, "FunctDay14": 68.8, "FunctDay30": 71.9, "FunctDay90": 84.8, "EconLoss": 1874436.5, "Name": "FULTON SHIPYARD PIER", "City": "Antioch", "State": "CA" }, "geometry": { "type": "Point", "coordinates": [ -121.80083, 38.0175 ] } },
{ "type": "Feature", "properties": { "FacilityType": "PortFlty", "FacilityId": "CA000421", "Anchor": "FALSE", "FoundationType": "0", "eqBldgType": "DFLT", "DesignLevel": "LC", "SoilType": "D", "LqfSusCat": 0, "LndSusCat": 0, "WaterDepth": 5.0, "Distance": "null", "PGA": 0.57236021757125854, "PGV": 23.94725227355957, "Sa03": 1.4608070850372314, "Sa10": 0.72987604141235352, "LqfSettlPGD": 0.0, "LqfSprPGD": 0.0, "LqfProb": 0.0, "LndPGD": 0.0, "LndProb": 0.0, "SufFltRuptPGD": 29.523393630981445, "SurfFltRuptProb": 0.5, "PDsNone": 0.0063, "PDsSlight": 0.298, "PDsModerate": 0.3087, "PDsExtensive": 0.2417, "PDsComplete": 0.1451, "PDsExceedSlight": 0.9936, "PDsExceedModerate": 0.6956, "PDsExceedExtensive": 0.3868, "FunctDay1": 47.3, "FunctDay3": 62.1, "FunctDay7": 67.6, "FunctDay14": 68.8, "FunctDay30": 71.9, "FunctDay90": 84.8, "EconLoss": 1874436.5, "Name": "GEORGIA-PACIFIC CORP ANTIOCH PLANT WHARF", "City": "Antioch", "State": "CA" }, "geometry": { "type": "Point", "coordinates": [ -121.78583, 38.015833 ] } },
{ "type": "Feature", "properties": { "FacilityType": "PortFlty", "FacilityId": "CA000425", "Anchor": "FALSE", "FoundationType": "0", "eqBldgType": "DFLT", "DesignLevel": "LC", "SoilType": "D", "LqfSusCat": 0, "LndSusCat": 0, "WaterDepth": 5.0, "Distance": "null", "PGA": 0.52618581056594849, "PGV": 21.990455627441406, "Sa03": 1.3398592472076416, "Sa10": 0.67062509059906006, "LqfSettlPGD": 0.0, "LqfSprPGD": 0.0, "LqfProb": 0.0, "LndPGD": 0.0, "LndProb": 0.0, "SufFltRuptPGD": 29.523393630981445, "SurfFltRuptProb": 0.5, "PDsNone": 0.0088, "PDsSlight": 0.3387, "PDsModerate": 0.3106, "PDsExtensive": 0.2222, "PDsComplete": 0.1194, "PDsExceedSlight": 0.9911, "PDsExceedModerate": 0.6523, "PDsExceedExtensive": 0.3417, "FunctDay1": 51.1, "FunctDay3": 66.0, "FunctDay7": 71.5, "FunctDay14": 72.5, "FunctDay30": 75.3, "FunctDay90": 87.0, "EconLoss": 1735418.625, "Name": "KIE-CON INC", "City": "ANTIOCH", "State": "CA" }, "geometry": { "type": "Point", "coordinates": [ -121.76492, 38.02276 ] } },
{ "type": "Feature", "properties": { "FacilityType": "PortFlty", "FacilityId": "CA000426", "Anchor": "FALSE", "FoundationType": "0", "eqBldgType": "DFLT", "DesignLevel": "LC", "SoilType": "D", "LqfSusCat": 0, "LndSusCat": 0, "WaterDepth": 5.0, "Distance": "null", "PGA": 0.52618581056594849, "PGV": 21.990455627441406, "Sa03": 1.3398592472076416, "Sa10": 0.67062509059906006, "LqfSettlPGD": 0.0, "LqfSprPGD": 0.0, "LqfProb": 0.0, "LndPGD": 0.0, "LndProb": 0.0, "SufFltRuptPGD": 29.523393630981445, "SurfFltRuptProb": 0.5, "PDsNone": 0.0088, "PDsSlight": 0.3387, "PDsModerate": 0.3106, "PDsExtensive": 0.2222, "PDsComplete": 0.1194, "PDsExceedSlight": 0.9911, "PDsExceedModerate": 0.6523, "PDsExceedExtensive": 0.3417, "FunctDay1": 51.1, "FunctDay3": 66.0, "FunctDay7": 71.5, "FunctDay14": 72.5, "FunctDay30": 75.3, "FunctDay90": 87.0, "EconLoss": 1735418.625, "Name": "BIG BREAK HARBOR", "City": "ANTIOCH", "State": "CA" }, "geometry": { "type": "Point", "coordinates": [ -121.76492, 38.02276 ] } },
{ "type": "Feature", "properties": { "FacilityType": "PortFlty", "FacilityId": "CA000427", "Anchor": "FALSE", "FoundationType": "0", "eqBldgType": "DFLT", "DesignLevel": "LC", "SoilType": "D", "LqfSusCat": 0, "LndSusCat": 0, "WaterDepth": 5.0, "Distance": "null", "PGA": 0.52618581056594849, "PGV": 21.990455627441406, "Sa03": 1.3398592472076416, "Sa10": 0.67062509059906006, "LqfSettlPGD": 0.0, "LqfSprPGD": 0.0, "LqfProb": 0.0, "LndPGD": 0.0, "LndProb": 0.0, "SufFltRuptPGD": 29.523393630981445, "SurfFltRuptProb": 0.5, "PDsNone": 0.0088, "PDsSlight": 0.3387, "PDsModerate": 0.3106, "PDsExtensive": 0.2222, "PDsComplete": 0.1194, "PDsExceedSlight": 0.9911, "PDsExceedModerate": 0.6523, "PDsExceedExtensive": 0.3417, "FunctDay1": 51.1, "FunctDay3": 66.0, "FunctDay7": 71.5, "FunctDay14": 72.5, "FunctDay30": 75.3, "FunctDay90": 87.0, "EconLoss": 1735418.625, "Name": "PACIFIC GAS & ELECTRIC CO CONTRA COST...", "City": "Antioch", "State": "CA" }, "geometry": { "type": "Point", "coordinates": [ -121.76333, 38.02 ] } },
{ "type": "Feature", "properties": { "FacilityType": "PortFlty", "FacilityId": "CA000429", "Anchor": "FALSE", "FoundationType": "0", "eqBldgType": "DFLT", "DesignLevel": "LC", "SoilType": "D", "LqfSusCat": 0, "LndSusCat": 0, "WaterDepth": 5.0, "Distance": "null", "PGA": 0.44565865397453308, "PGV": 26.141666412353516, "Sa03": 1.2136890888214111, "Sa10": 0.92292237281799316, "LqfSettlPGD": 0.0, "LqfSprPGD": 0.0, "LqfProb": 0.0, "LndPGD": 0.0, "LndProb": 0.0, "SufFltRuptPGD": 29.523393630981445, "SurfFltRuptProb": 0.5, "PDsNone": 0.0163, "PDsSlight": 0.4222, "PDsModerate": 0.3019, "PDsExtensive": 0.1809, "PDsComplete": 0.0785, "PDsExceedSlight": 0.9836, "PDsExceedModerate": 0.5613, "PDsExceedExtensive": 0.2594, "FunctDay1": 58.8, "FunctDay3": 73.2, "FunctDay7": 78.4, "FunctDay14": 79.3, "FunctDay30": 81.5, "FunctDay90": 90.7, "EconLoss": 1472134.5, "Name": "JERSEY ISLAND", "City": "BETHEL ISLAND", "State": "CA" }, "geometry": { "type": "Point", "coordinates": [ -121.71654, 38.03724 ] } },
{ "type": "Feature", "properties": { "FacilityType": "PortFlty", "FacilityId": "CA000436", "Anchor": "FALSE", "FoundationType": "0", "eqBldgType": "DFLT", "DesignLevel": "LC", "SoilType": "D", "LqfSusCat": 0, "LndSusCat": 0, "WaterDepth": 5.0, "Distance": "null", "PGA": 0.44565865397453308, "PGV": 26.141666412353516, "Sa03": 1.2136890888214111, "Sa10": 0.92292237281799316, "LqfSettlPGD": 0.0, "LqfSprPGD": 0.0, "LqfProb": 0.0, "LndPGD": 0.0, "LndProb": 0.0, "SufFltRuptPGD": 29.523393630981445, "SurfFltRuptProb": 0.5, "PDsNone": 0.0163, "PDsSlight": 0.4222, "PDsModerate": 0.3019, "PDsExtensive": 0.1809, "PDsComplete": 0.0785, "PDsExceedSlight": 0.9836, "PDsExceedModerate": 0.5613, "PDsExceedExtensive": 0.2594, "FunctDay1": 58.8, "FunctDay3": 73.2, "FunctDay7": 78.4, "FunctDay14": 79.3, "FunctDay30": 81.5, "FunctDay90": 90.7, "EconLoss": 1472134.5, "Name": "BRADFORD 4 LDG", "City": "BETHEL ISLAND", "State": "CA" }, "geometry": { "type": "Point", "coordinates": [ -121.68963, 38.05464 ] } },
{ "type": "Feature", "properties": { "FacilityType": "PortFlty", "FacilityId": "CA000437", "Anchor": "FALSE", "FoundationType": "0", "eqBldgType": "DFLT", "DesignLevel": "LC", "SoilType": "D", "LqfSusCat": 0, "LndSusCat": 0, "WaterDepth": 5.0, "Distance": "null", "PGA": 0.44565865397453308, "PGV": 26.141666412353516, "Sa03": 1.2136890888214111, "Sa10": 0.92292237281799316, "LqfSettlPGD": 0.0, "LqfSprPGD": 0.0, "LqfProb": 0.0, "LndPGD": 0.0, "LndProb": 0.0, "SufFltRuptPGD": 29.523393630981445, "SurfFltRuptProb": 0.5, "PDsNone": 0.0163, "PDsSlight": 0.4222, "PDsModerate": 0.3019, "PDsExtensive": 0.1809, "PDsComplete": 0.0785, "PDsExceedSlight": 0.9836, "PDsExceedModerate": 0.5613, "PDsExceedExtensive": 0.2594, "FunctDay1": 58.8, "FunctDay3": 73.2, "FunctDay7": 78.4, "FunctDay14": 79.3, "FunctDay30": 81.5, "FunctDay90": 90.7, "EconLoss": 1472134.5, "Name": "SHERMAN ISLAND LANDING", "City": "BETHEL ISLAND", "State": "CA" }, "geometry": { "type": "Point", "coordinates": [ -121.6784, 38.06516 ] } },
{ "type": "Feature", "properties": { "FacilityType": "PortFlty", "FacilityId": "CA000676", "Anchor": "FALSE", "FoundationType": "0", "eqBldgType": "DFLT", "DesignLevel": "LC", "SoilType": "D", "LqfSusCat": 0, "LndSusCat": 0, "WaterDepth": 5.0, "Distance": "null", "PGA": 0.42876055836677551, "PGV": 19.758352279663086, "Sa03": 1.1305854320526123, "Sa10": 0.62838840484619141, "LqfSettlPGD": 0.0, "LqfSprPGD": 0.0, "LqfProb": 0.0, "LndPGD": 0.0, "LndProb": 0.0, "SufFltRuptPGD": 29.523393630981445, "SurfFltRuptProb": 0.5, "PDsNone": 0.0187, "PDsSlight": 0.4417, "PDsModerate": 0.2976, "PDsExtensive": 0.1711, "PDsComplete": 0.0707, "PDsExceedSlight": 0.9812, "PDsExceedModerate": 0.5395, "PDsExceedExtensive": 0.2418, "FunctDay1": 60.5, "FunctDay3": 74.8, "FunctDay7": 79.9, "FunctDay14": 80.7, "FunctDay30": 82.8, "FunctDay90": 91.4, "EconLoss": 1413394.0, "Name": "HOLLAND CUT", "City": "BRENTWOOD", "State": "CA" }, "geometry": { "type": "Point", "coordinates": [ -121.580448, 37.991772 ] } },
{ "type": "Feature", "properties": { "FacilityType": "PortFlty", "FacilityId": "CA000677", "Anchor": "FALSE", "FoundationType": "0", "eqBldgType": "DFLT", "DesignLevel": "LC", "SoilType": "D", "LqfSusCat": 0, "LndSusCat": 0, "WaterDepth": 5.0, "Distance": "null", "PGA": 0.40812379121780396, "PGV": 23.565614700317383, "Sa03": 1.1434811353683472, "Sa10": 0.83235573768615723, "LqfSettlPGD": 0.0, "LqfSprPGD": 0.0, "LqfProb": 0.0, "LndPGD": 0.0, "LndProb": 0.0, "SufFltRuptPGD": 29.523393630981445, "SurfFltRuptProb": 0.5, "PDsNone": 0.0222, "PDsSlight": 0.4662, "PDsModerate": 0.291, "PDsExtensive": 0.1587, "PDsComplete": 0.0616, "PDsExceedSlight": 0.9777, "PDsExceedModerate": 0.5114, "PDsExceedExtensive": 0.2204, "FunctDay1": 62.8, "FunctDay3": 76.7, "FunctDay7": 81.7, "FunctDay14": 82.4, "FunctDay30": 84.3, "FunctDay90": 92.3, "EconLoss": 1340168.5, "Name": "ORWOOD TRACT", "City": "BRENTWOOD", "State": "CA" }, "geometry": { "type": "Point", "coordinates": [ -121.563975, 37.943362 ] } },
{ "type": "Feature", "properties": { "FacilityType": "PortFlty", "FacilityId": "CA000690", "Anchor": "FALSE", "FoundationType": "0", "eqBldgType": "DFLT", "DesignLevel": "LC", "SoilType": "D", "LqfSusCat": 0, "LndSusCat": 0, "WaterDepth": 5.0, "Distance": "null", "PGA": 0.41018077731132507, "PGV": 24.113630294799805, "Sa03": 1.1442340612411499, "Sa10": 0.85174930095672607, "LqfSettlPGD": 0.0, "LqfSprPGD": 0.0, "LqfProb": 0.0, "LndPGD": 0.0, "LndProb": 0.0, "SufFltRuptPGD": 29.523393630981445, "SurfFltRuptProb": 0.5, "PDsNone": 0.0218, "PDsSlight": 0.4637, "PDsModerate": 0.2917, "PDsExtensive": 0.1599, "PDsComplete": 0.0625, "PDsExceedSlight": 0.9781, "PDsExceedModerate": 0.5143, "PDsExceedExtensive": 0.2225, "FunctDay1": 62.6, "FunctDay3": 76.5, "FunctDay7": 81.5, "FunctDay14": 82.2, "FunctDay30": 84.2, "FunctDay90": 92.2, "EconLoss": 1347372.75, "Name": "BRANNAN ISLAND", "City": "BETHEL ISLAND", "State": "CA" }, "geometry": { "type": "Point", "coordinates": [ -121.629626, 38.08996 ] } },
{ "type": "Feature", "properties": { "FacilityType": "PotableWaterFlty", "FacilityId": "CA000009", "Anchor": "FALSE", "FoundationType": "null", "eqBldgType": "DFLT", "DesignLevel": "LC", "SoilType": "D", "LqfSusCat": 0, "LndSusCat": 0, "WaterDepth": 5.0, "Distance": "null", "PGA": 0.77480834722518921, "PGV": 35.311855316162109, "Sa03": 1.9298560619354248, "Sa10": 1.0328832864761353, "LqfSettlPGD": 0.0, "LqfSprPGD": 0.0, "LqfProb": 0.0, "LndPGD": 0.0, "LndProb": 0.0, "SufFltRuptPGD": 29.523393630981445, "SurfFltRuptProb": 0.5, "PDsNone": 0.0031, "PDsSlight": 0.0537, "PDsModerate": 0.2781, "PDsExtensive": 0.434, "PDsComplete": 0.2309, "PDsExceedSlight": 0.9968, "PDsExceedModerate": 0.9431, "PDsExceedExtensive": 0.6649, "FunctDay1": 18.6, "FunctDay3": 37.8, "FunctDay7": 44.6, "FunctDay14": 48.1, "FunctDay30": 57.7, "FunctDay90": 86.3, "EconLoss": 21049796.0, "Name": "CONTRA COSTA COUNTY WATER DIST", "City": "MARTINEZ", "State": "CA" }, "geometry": { "type": "Point", "coordinates": [ -122.07169, 38.01139 ] } },
{ "type": "Feature", "properties": { "FacilityType": "PotableWaterFlty", "FacilityId": "CA000019", "Anchor": "FALSE", "FoundationType": "null", "eqBldgType": "DFLT", "DesignLevel": "LC", "SoilType": "D", "LqfSusCat": 0, "LndSusCat": 0, "WaterDepth": 5.0, "Distance": "null", "PGA": 0.82510662078857422, "PGV": 35.320968627929688, "Sa03": 1.9869507551193237, "Sa10": 0.97305315732955933, "LqfSettlPGD": 0.0, "LqfSprPGD": 0.0, "LqfProb": 0.0, "LndPGD": 0.0, "LndProb": 0.0, "SufFltRuptPGD": 29.523393630981445, "SurfFltRuptProb": 0.5, "PDsNone": 0.0022, "PDsSlight": 0.0436, "PDsModerate": 0.2518, "PDsExtensive": 0.4408, "PDsComplete": 0.2613, "PDsExceedSlight": 0.9977, "PDsExceedModerate": 0.9541, "PDsExceedExtensive": 0.7022, "FunctDay1": 17.6, "FunctDay3": 34.9, "FunctDay7": 41.3, "FunctDay14": 44.9, "FunctDay30": 54.8, "FunctDay90": 84.7, "EconLoss": 22229794.0, "Name": "E B M U D ORINDA WATER TRTMNT PLANT", "City": "ORINDA", "State": "CA" }, "geometry": { "type": "Point", "coordinates": [ -122.19917, 37.89092 ] } },
{ "type": "Feature", "properties": { "FacilityType": "PotableWaterFlty", "FacilityId": "CA000023", "Anchor": "FALSE", "FoundationType": "null", "eqBldgType": "DFLT", "DesignLevel": "LC", "SoilType": "D", "LqfSusCat": 0, "LndSusCat": 0, "WaterDepth": 5.0, "Distance": "null", "PGA": 0.8226391077041626, "PGV": 36.644607543945313, "Sa03": 2.0103280544281006, "Sa10": 1.0120582580566406, "LqfSettlPGD": 0.0, "LqfSprPGD": 0.0, "LqfProb": 0.0, "LndPGD": 0.0, "LndProb": 0.0, "SufFltRuptPGD": 29.523393630981445, "SurfFltRuptProb": 0.5, "PDsNone": 0.0022, "PDsSlight": 0.044, "PDsModerate": 0.253, "PDsExtensive": 0.4406, "PDsComplete": 0.2598, "PDsExceedSlight": 0.9977, "PDsExceedModerate": 0.9536, "PDsExceedExtensive": 0.7005, "FunctDay1": 17.6, "FunctDay3": 35.1, "FunctDay7": 41.4, "FunctDay14": 45.0, "FunctDay30": 54.9, "FunctDay90": 84.8, "EconLoss": 22173998.0, "Name": "EAST BAY MUNICIPAL UTILITY DIS", "City": "EL SOBRANTE", "State": "CA" }, "geometry": { "type": "Point", "coordinates": [ -122.27469, 37.96647 ] } },
{ "type": "Feature", "properties": { "FacilityType": "PotableWaterFlty", "FacilityId": "CA000024", "Anchor": "FALSE", "FoundationType": "null", "eqBldgType": "DFLT", "DesignLevel": "LC", "SoilType": "D", "LqfSusCat": 0, "LndSusCat": 0, "WaterDepth": 5.0, "Distance": "null", "PGA": 0.79791748523712158, "PGV": 33.432174682617188, "Sa03": 1.9508605003356934, "Sa10": 0.94616395235061646, "LqfSettlPGD": 0.0, "LqfSprPGD": 0.0, "LqfProb": 0.0, "LndPGD": 0.0, "LndProb": 0.0, "SufFltRuptPGD": 29.523393630981445, "SurfFltRuptProb": 0.5, "PDsNone": 0.0026, "PDsSlight": 0.0488, "PDsModerate": 0.2658, "PDsExtensive": 0.4377, "PDsComplete": 0.2449, "PDsExceedSlight": 0.9973, "PDsExceedModerate": 0.9484, "PDsExceedExtensive": 0.6826, "FunctDay1": 18.1, "FunctDay3": 36.5, "FunctDay7": 43.0, "FunctDay14": 46.6, "FunctDay30": 56.3, "FunctDay90": 85.6, "EconLoss": 21605020.0, "Name": "EAST BAY MUNICIPAL UTILITY DIS", "City": "LAFAYETTE", "State": "CA" }, "geometry": { "type": "Point", "coordinates": [ -122.14075, 37.88928 ] } },
{ "type": "Feature", "properties": { "FacilityType": "PotableWaterFlty", "FacilityId": "CA000025", "Anchor": "FALSE", "FoundationType": "null", "eqBldgType": "DFLT", "DesignLevel": "LC", "SoilType": "D", "LqfSusCat": 0, "LndSusCat": 0, "WaterDepth": 5.0, "Distance": "null", "PGA": 0.83762073516845703, "PGV": 37.623123168945313, "Sa03": 2.1028585433959961, "Sa10": 1.1015702486038208, "LqfSettlPGD": 0.0, "LqfSprPGD": 0.0, "LqfProb": 0.0, "LndPGD": 0.0, "LndProb": 0.0, "SufFltRuptPGD": 29.523393630981445, "SurfFltRuptProb": 0.5, "PDsNone": 0.002, "PDsSlight": 0.0414, "PDsModerate": 0.2455, "PDsExtensive": 0.4419, "PDsComplete": 0.2689, "PDsExceedSlight": 0.9979, "PDsExceedModerate": 0.9564, "PDsExceedExtensive": 0.7109, "FunctDay1": 17.3, "FunctDay3": 34.3, "FunctDay7": 40.5, "FunctDay14": 44.1, "FunctDay30": 54.1, "FunctDay90": 84.3, "EconLoss": 22512910.0, "Name": "EAST BAY MUNICIPAL UTILITY DIS", "City": "WALNUT CREEK", "State": "CA" }, "geometry": { "type": "Point", "coordinates": [ -122.08147, 37.91223 ] } },
{ "type": "Feature", "properties": { "FacilityType": "PotableWaterFlty", "FacilityId": "CA000052", "Anchor": "FALSE", "FoundationType": "null", "eqBldgType": "DFLT", "DesignLevel": "LC", "SoilType": "D", "LqfSusCat": 0, "LndSusCat": 0, "WaterDepth": 5.0, "Distance": "null", "PGA": 0.82510662078857422, "PGV": 35.320968627929688, "Sa03": 1.9869507551193237, "Sa10": 0.97305315732955933, "LqfSettlPGD": 0.0, "LqfSprPGD": 0.0, "LqfProb": 0.0, "LndPGD": 0.0, "LndProb": 0.0, "SufFltRuptPGD": 29.523393630981445, "SurfFltRuptProb": 0.5, "PDsNone": 0.0022, "PDsSlight": 0.0436, "PDsModerate": 0.2518, "PDsExtensive": 0.4408, "PDsComplete": 0.2613, "PDsExceedSlight": 0.9977, "PDsExceedModerate": 0.9541, "PDsExceedExtensive": 0.7022, "FunctDay1": 17.6, "FunctDay3": 34.9, "FunctDay7": 41.3, "FunctDay14": 44.9, "FunctDay30": 54.8, "FunctDay90": 84.7, "EconLoss": 22229794.0, "Name": "ORINDA WATERSHED HDQUARTERS", "City": "ORINDA", "State": "CA" }, "geometry": { "type": "Point", "coordinates": [ -122.20458, 37.89289 ] } },
{ "type": "Feature", "properties": { "FacilityType": "RailFlty", "FacilityId": "CA000003", "Anchor": "FALSE", "FoundationType": "0", "eqBldgType": "DFLT", "DesignLevel": "LC", "SoilType": "D", "LqfSusCat": 0, "LndSusCat": 0, "WaterDepth": 5.0, "Distance": "null", "PGA": 0.77303975820541382, "PGV": 31.891193389892578, "Sa03": 1.8982447385787964, "Sa10": 0.90335595607757568, "LqfSettlPGD": 0.0, "LqfSprPGD": 0.0, "LqfProb": 0.0, "LndPGD": 0.0, "LndProb": 0.0, "SufFltRuptPGD": 29.523393630981445, "SurfFltRuptProb": 0.5, "PDsNone": 0.0017, "PDsSlight": 0.1715, "PDsModerate": 0.2703, "PDsExtensive": 0.2914, "PDsComplete": 0.2649, "PDsExceedSlight": 0.9982, "PDsExceedModerate": 0.8267, "PDsExceedExtensive": 0.5563, "FunctDay1": 34.9, "FunctDay3": 48.0, "FunctDay7": 53.1, "FunctDay14": 54.6, "FunctDay30": 58.5, "FunctDay90": 75.4, "EconLoss": 1659821.25, "Name": "Martinez, California", "City": "Martinez", "State": "CA" }, "geometry": { "type": "Point", "coordinates": [ -122.136353, 38.019733 ] } },
{ "type": "Feature", "properties": { "FacilityType": "RailFlty", "FacilityId": "CA000046", "Anchor": "FALSE", "FoundationType": "0", "eqBldgType": "DFLT", "DesignLevel": "LC", "SoilType": "D", "LqfSusCat": 0, "LndSusCat": 0, "WaterDepth": 5.0, "Distance": "null", "PGA": 0.57236021757125854, "PGV": 23.94725227355957, "Sa03": 1.4608070850372314, "Sa10": 0.72987604141235352, "LqfSettlPGD": 0.0, "LqfSprPGD": 0.0, "LqfProb": 0.0, "LndPGD": 0.0, "LndProb": 0.0, "SufFltRuptPGD": 29.523393630981445, "SurfFltRuptProb": 0.5, "PDsNone": 0.0063, "PDsSlight": 0.298, "PDsModerate": 0.3087, "PDsExtensive": 0.2417, "PDsComplete": 0.1451, "PDsExceedSlight": 0.9936, "PDsExceedModerate": 0.6956, "PDsExceedExtensive": 0.3868, "FunctDay1": 47.3, "FunctDay3": 62.1, "FunctDay7": 67.6, "FunctDay14": 68.8, "FunctDay30": 71.9, "FunctDay90": 84.8, "EconLoss": 1309503.625, "Name": "Antioch-Pittsburg, California", "City": "Antioch", "State": "CA" }, "geometry": { "type": "Point", "coordinates": [ -121.815132, 38.018085 ] } },
{ "type": "Feature", "properties": { "FacilityType": "RailFlty", "FacilityId": "CA000069", "Anchor": "FALSE", "FoundationType": "0", "eqBldgType": "DFLT", "DesignLevel": "LC", "SoilType": "D", "LqfSusCat": 0, "LndSusCat": 0, "WaterDepth": 5.0, "Distance": "null", "PGA": 0.74986439943313599, "PGV": 46.097896575927734, "Sa03": 1.8606994152069092, "Sa10": 1.3066445589065552, "LqfSettlPGD": 0.0, "LqfSprPGD": 0.0, "LqfProb": 0.0, "LndPGD": 0.0, "LndProb": 0.0, "SufFltRuptPGD": 29.523393630981445, "SurfFltRuptProb": 0.5, "PDsNone": 0.0019, "PDsSlight": 0.1826, "PDsModerate": 0.2761, "PDsExtensive": 0.2882, "PDsComplete": 0.2508, "PDsExceedSlight": 0.998, "PDsExceedModerate": 0.8153, "PDsExceedExtensive": 0.5391, "FunctDay1": 36.0, "FunctDay3": 49.4, "FunctDay7": 54.6, "FunctDay14": 56.0, "FunctDay30": 59.9, "FunctDay90": 76.5, "EconLoss": 1624589.875, "Name": "Richmond, California", "City": "Richmond", "State": "CA" }, "geometry": { "type": "Point", "coordinates": [ -122.35305, 37.936085 ] } },
{ "type": "Feature", "properties": { "FacilityType": "RailFlty", "FacilityId": "CA000088", "Anchor": "FALSE", "FoundationType": "0", "eqBldgType": "DFLT", "DesignLevel": "LC", "SoilType": "D", "LqfSusCat": 0, "LndSusCat": 0, "WaterDepth": 5.0, "Distance": "null", "PGA": 0.57921749353408813, "PGV": 20.722053527832031, "Sa03": 1.1552671194076538, "Sa10": 0.45690050721168518, "LqfSettlPGD": 0.0, "LqfSprPGD": 0.0, "LqfProb": 0.0, "LndPGD": 0.0, "LndProb": 0.0, "SufFltRuptPGD": 29.523393630981445, "SurfFltRuptProb": 0.5, "PDsNone": 0.006, "PDsSlight": 0.2923, "PDsModerate": 0.3081, "PDsExtensive": 0.2443, "PDsComplete": 0.149, "PDsExceedSlight": 0.9939, "PDsExceedModerate": 0.7015, "PDsExceedExtensive": 0.3933, "FunctDay1": 46.8, "FunctDay3": 61.6, "FunctDay7": 67.1, "FunctDay14": 68.3, "FunctDay30": 71.4, "FunctDay90": 84.4, "EconLoss": 1323271.375, "Name": "BNSF-RICHMOND-CA", "City": "RICHMOND", "State": "CA" }, "geometry": { "type": "Point", "coordinates": [ -122.38609, 37.92024 ] } },
{ "type": "Feature", "properties": { "FacilityType": "RailFlty", "FacilityId": "CA000128", "Anchor": "FALSE", "FoundationType": "0", "eqBldgType": "DFLT", "DesignLevel": "LC", "SoilType": "D", "LqfSusCat": 0, "LndSusCat": 0, "WaterDepth": 5.0, "Distance": "null", "PGA": 0.70878857374191284, "PGV": 28.83775520324707, "Sa03": 1.5971506834030151, "Sa10": 0.68521612882614136, "LqfSettlPGD": 0.0, "LqfSprPGD": 0.0, "LqfProb": 0.0, "LndPGD": 0.0, "LndProb": 0.0, "SufFltRuptPGD": 29.523393630981445, "SurfFltRuptProb": 0.5, "PDsNone": 0.0025, "PDsSlight": 0.2043, "PDsModerate": 0.286, "PDsExtensive": 0.2811, "PDsComplete": 0.2259, "PDsExceedSlight": 0.9974, "PDsExceedModerate": 0.7931, "PDsExceedExtensive": 0.5071, "FunctDay1": 38.2, "FunctDay3": 52.1, "FunctDay7": 57.3, "FunctDay14": 58.8, "FunctDay30": 62.5, "FunctDay90": 78.4, "EconLoss": 1559479.5, "Name": "KINDER MORGAN ENERGY PARTNERS, L.P.-RICH", "City": "RICHMOND", "State": "CA" }, "geometry": { "type": "Point", "coordinates": [ -122.36675, 37.91135 ] } },
{ "type": "Feature", "properties": { "FacilityType": "RailFlty", "FacilityId": "CA000150", "Anchor": "FALSE", "FoundationType": "0", "eqBldgType": "DFLT", "DesignLevel": "LC", "SoilType": "D", "LqfSusCat": 0, "LndSusCat": 0, "WaterDepth": 5.0, "Distance": "null", "PGA": 0.71104931831359863, "PGV": 38.343650817871094, "Sa03": 1.7765729427337646, "Sa10": 1.066614031791687, "LqfSettlPGD": 0.0, "LqfSprPGD": 0.0, "LqfProb": 0.0, "LndPGD": 0.0, "LndProb": 0.0, "SufFltRuptPGD": 29.523393630981445, "SurfFltRuptProb": 0.5, "PDsNone": 0.0025, "PDsSlight": 0.203, "PDsModerate": 0.2854, "PDsExtensive": 0.2815, "PDsComplete": 0.2273, "PDsExceedSlight": 0.9974, "PDsExceedModerate": 0.7944, "PDsExceedExtensive": 0.5089, "FunctDay1": 38.1, "FunctDay3": 51.9, "FunctDay7": 57.2, "FunctDay14": 58.6, "FunctDay30": 62.3, "FunctDay90": 78.2, "EconLoss": 1563074.5, "Name": "PAKTANK - RICHMOND TERMINAL-RICHMOND-CA", "City": "RICHMOND", "State": "CA" }, "geometry": { "type": "Point", "coordinates": [ -122.41675, 37.95074 ] } },
{ "type": "Feature", "properties": { "FacilityType": "RailFlty", "FacilityId": "CA000151", "Anchor": "FALSE", "FoundationType": "0", "eqBldgType": "DFLT", "DesignLevel": "LC", "SoilType": "D", "LqfSusCat": 0, "LndSusCat": 0, "WaterDepth": 5.0, "Distance": "null", "PGA": 0.70878857374191284, "PGV": 28.83775520324707, "Sa03": 1.5971506834030151, "Sa10": 0.68521612882614136, "LqfSettlPGD": 0.0, "LqfSprPGD": 0.0, "LqfProb": 0.0, "LndPGD": 0.0, "LndProb": 0.0, "SufFltRuptPGD": 29.523393630981445, "SurfFltRuptProb": 0.5, "PDsNone": 0.0025, "PDsSlight": 0.2043, "PDsModerate": 0.286, "PDsExtensive": 0.2811, "PDsComplete": 0.2259, "PDsExceedSlight": 0.9974, "PDsExceedModerate": 0.7931, "PDsExceedExtensive": 0.5071, "FunctDay1": 38.2, "FunctDay3": 52.1, "FunctDay7": 57.3, "FunctDay14": 58.8, "FunctDay30": 62.5, "FunctDay90": 78.4, "EconLoss": 1559479.5, "Name": "LEVIN RICHMOND TERMINAL CORPORATION-RICH", "City": "RICHMOND", "State": "CA" }, "geometry": { "type": "Point", "coordinates": [ -122.36599, 37.92124 ] } },
{ "type": "Feature", "properties": { "FacilityType": "RailFlty", "FacilityId": "CA000152", "Anchor": "FALSE", "FoundationType": "0", "eqBldgType": "DFLT", "DesignLevel": "LC", "SoilType": "D", "LqfSusCat": 0, "LndSusCat": 0, "WaterDepth": 5.0, "Distance": "null", "PGA": 0.57236021757125854, "PGV": 23.94725227355957, "Sa03": 1.4608070850372314, "Sa10": 0.72987604141235352, "LqfSettlPGD": 0.0, "LqfSprPGD": 0.0, "LqfProb": 0.0, "LndPGD": 0.0, "LndProb": 0.0, "SufFltRuptPGD": 29.523393630981445, "SurfFltRuptProb": 0.5, "PDsNone": 0.0063, "PDsSlight": 0.298, "PDsModerate": 0.3087, "PDsExtensive": 0.2417, "PDsComplete": 0.1451, "PDsExceedSlight": 0.9936, "PDsExceedModerate": 0.6956, "PDsExceedExtensive": 0.3868, "FunctDay1": 47.3, "FunctDay3": 62.1, "FunctDay7": 67.6, "FunctDay14": 68.8, "FunctDay30": 71.9, "FunctDay90": 84.8, "EconLoss": 1309503.625, "Name": "ANTIOCH RAIL AND TRANSLOADING-ANTIOCH-CA", "City": "ANTIOCH", "State": "CA" }, "geometry": { "type": "Point", "coordinates": [ -121.81385, 38.01689 ] } },
{ "type": "Feature", "properties": { "FacilityType": "RailFlty", "FacilityId": "CA000198", "Anchor": "FALSE", "FoundationType": "0", "eqBldgType": "DFLT", "DesignLevel": "LC", "SoilType": "D", "LqfSusCat": 0, "LndSusCat": 0, "WaterDepth": 5.0, "Distance": "null", "PGA": 0.74986439943313599, "PGV": 46.097896575927734, "Sa03": 1.8606994152069092, "Sa10": 1.3066445589065552, "LqfSettlPGD": 0.0, "LqfSprPGD": 0.0, "LqfProb": 0.0, "LndPGD": 0.0, "LndProb": 0.0, "SufFltRuptPGD": 29.523393630981445, "SurfFltRuptProb": 0.5, "PDsNone": 0.0019, "PDsSlight": 0.1826, "PDsModerate": 0.2761, "PDsExtensive": 0.2882, "PDsComplete": 0.2508, "PDsExceedSlight": 0.998, "PDsExceedModerate": 0.8153, "PDsExceedExtensive": 0.5391, "FunctDay1": 36.0, "FunctDay3": 49.4, "FunctDay7": 54.6, "FunctDay14": 56.0, "FunctDay30": 59.9, "FunctDay90": 76.5, "EconLoss": 1624589.875, "Name": "BUDWAY ENTERPRISES, INC.-RICHMOND-CA", "City": "RICHMOND", "State": "CA" }, "geometry": { "type": "Point", "coordinates": [ -122.35952, 37.95477 ] } },
{ "type": "Feature", "properties": { "FacilityType": "RailFlty", "FacilityId": "CA000199", "Anchor": "FALSE", "FoundationType": "0", "eqBldgType": "DFLT", "DesignLevel": "LC", "SoilType": "D", "LqfSusCat": 0, "LndSusCat": 0, "WaterDepth": 5.0, "Distance": "null", "PGA": 0.74986439943313599, "PGV": 46.097896575927734, "Sa03": 1.8606994152069092, "Sa10": 1.3066445589065552, "LqfSettlPGD": 0.0, "LqfSprPGD": 0.0, "LqfProb": 0.0, "LndPGD": 0.0, "LndProb": 0.0, "SufFltRuptPGD": 29.523393630981445, "SurfFltRuptProb": 0.5, "PDsNone": 0.0019, "PDsSlight": 0.1826, "PDsModerate": 0.2761, "PDsExtensive": 0.2882, "PDsComplete": 0.2508, "PDsExceedSlight": 0.998, "PDsExceedModerate": 0.8153, "PDsExceedExtensive": 0.5391, "FunctDay1": 36.0, "FunctDay3": 49.4, "FunctDay7": 54.6, "FunctDay14": 56.0, "FunctDay30": 59.9, "FunctDay90": 76.5, "EconLoss": 1624589.875, "Name": "WESTERN INTERMODAL SERVICES, LTD.-RICHMO", "City": "RICHMOND", "State": "CA" }, "geometry": { "type": "Point", "coordinates": [ -122.35534, 37.97193 ] } },
{ "type": "Feature", "properties": { "FacilityType": "RailwayBridge", "FacilityId": "CA000042", "Anchor": "null", "FoundationType": "null", "eqBldgType": "null", "DesignLevel": "null", "SoilType": "D", "LqfSusCat": 0, "LndSusCat": 0, "WaterDepth": 5.0, "Distance": "null", "PGA": 0.78646308183670044, "PGV": 46.787063598632813, "Sa03": 1.958044171333313, "Sa10": 1.3109819889068604, "LqfSettlPGD": 0.0, "LqfSprPGD": 0.0, "LqfProb": 0.0, "LndPGD": 0.0, "LndProb": 0.0, "SufFltRuptPGD": 29.523393630981445, "SurfFltRuptProb": 0.5, "PDsNone": 0.2051, "PDsSlight": 0.1206, "PDsModerate": 0.1155, "PDsExtensive": 0.2261, "PDsComplete": 0.3324, "PDsExceedSlight": 0.7948, "PDsExceedModerate": 0.6741, "PDsExceedExtensive": 0.5586, "FunctDay1": 34.3, "FunctDay3": 40.8, "FunctDay7": 45.4, "FunctDay14": 46.6, "FunctDay30": 48.4, "FunctDay90": 61.9, "EconLoss": 2286145.25, "Name": "POTRERO AVE; BARTD (R3003)", "City": "null", "State": "null" }, "geometry": { "type": "Point", "coordinates": [ -122.313635, 37.921043 ] } },
{ "type": "Feature", "properties": { "FacilityType": "RailwayBridge", "FacilityId": "CA000045", "Anchor": "null", "FoundationType": "null", "eqBldgType": "null", "DesignLevel": "null", "SoilType": "D", "LqfSusCat": 0, "LndSusCat": 0, "WaterDepth": 5.0, "Distance": "null", "PGA": 0.78646308183670044, "PGV": 46.787063598632813, "Sa03": 1.958044171333313, "Sa10": 1.3109819889068604, "LqfSettlPGD": 0.0, "LqfSprPGD": 0.0, "LqfProb": 0.0, "LndPGD": 0.0, "LndProb": 0.0, "SufFltRuptPGD": 29.523393630981445, "SurfFltRuptProb": 0.5, "PDsNone": 0.2051, "PDsSlight": 0.1206, "PDsModerate": 0.1155, "PDsExtensive": 0.2261, "PDsComplete": 0.3324, "PDsExceedSlight": 0.7948, "PDsExceedModerate": 0.6741, "PDsExceedExtensive": 0.5586, "FunctDay1": 34.3, "FunctDay3": 40.8, "FunctDay7": 45.4, "FunctDay14": 46.6, "FunctDay30": 48.4, "FunctDay90": 61.9, "EconLoss": 2286145.25, "Name": "MANILA AVE; BARTD (R3003)", "City": "null", "State": "null" }, "geometry": { "type": "Point", "coordinates": [ -122.310026, 37.916411 ] } },
{ "type": "Feature", "properties": { "FacilityType": "RailwayBridge", "FacilityId": "CA000047", "Anchor": "null", "FoundationType": "null", "eqBldgType": "null", "DesignLevel": "null", "SoilType": "D", "LqfSusCat": 0, "LndSusCat": 0, "WaterDepth": 5.0, "Distance": "null", "PGA": 0.90310841798782349, "PGV": 42.278400421142578, "Sa03": 2.2275204658508301, "Sa10": 1.1406011581420898, "LqfSettlPGD": 0.0, "LqfSprPGD": 0.0, "LqfProb": 0.0, "LndPGD": 0.0, "LndProb": 0.0, "SufFltRuptPGD": 29.523393630981445, "SurfFltRuptProb": 0.5, "PDsNone": 0.2772, "PDsSlight": 0.136, "PDsModerate": 0.1204, "PDsExtensive": 0.2132, "PDsComplete": 0.2529, "PDsExceedSlight": 0.7227, "PDsExceedModerate": 0.5867, "PDsExceedExtensive": 0.4662, "FunctDay1": 42.6, "FunctDay3": 49.6, "FunctDay7": 54.4, "FunctDay14": 55.5, "FunctDay30": 57.2, "FunctDay90": 69.5, "EconLoss": 1820299.375, "Name": "CUTTING BLVD; BARTD", "City": "null", "State": "null" }, "geometry": { "type": "Point", "coordinates": [ -122.317424, 37.925909 ] } },
{ "type": "Feature", "properties": { "FacilityType": "RailwayBridge", "FacilityId": "CA000049", "Anchor": "null", "FoundationType": "null", "eqBldgType": "null", "DesignLevel": "null", "SoilType": "D", "LqfSusCat": 0, "LndSusCat": 0, "WaterDepth": 5.0, "Distance": "null", "PGA": 0.77303975820541382, "PGV": 31.891193389892578, "Sa03": 1.8982447385787964, "Sa10": 0.90335595607757568, "LqfSettlPGD": 0.0, "LqfSprPGD": 0.0, "LqfProb": 0.0, "LndPGD": 0.0, "LndProb": 0.0, "SufFltRuptPGD": 29.523393630981445, "SurfFltRuptProb": 0.5, "PDsNone": 0.4197, "PDsSlight": 0.1474, "PDsModerate": 0.1147, "PDsExtensive": 0.172, "PDsComplete": 0.1459, "PDsExceedSlight": 0.5802, "PDsExceedModerate": 0.4327, "PDsExceedExtensive": 0.318, "FunctDay1": 57.2, "FunctDay3": 64.3, "FunctDay7": 68.8, "FunctDay14": 69.8, "FunctDay30": 71.1, "FunctDay90": 80.6, "EconLoss": 1152213.625, "Name": "SOUTHERN PACIFIC; STREAM\/RIVER", "City": "null", "State": "null" }, "geometry": { "type": "Point", "coordinates": [ -122.140623, 38.019114 ] } },
{ "type": "Feature", "properties": { "FacilityType": "RailwayBridge", "FacilityId": "CA000085", "Anchor": "null", "FoundationType": "null", "eqBldgType": "null", "DesignLevel": "null", "SoilType": "D", "LqfSusCat": 0, "LndSusCat": 0, "WaterDepth": 5.0, "Distance": "null", "PGA": 0.77303975820541382, "PGV": 31.891193389892578, "Sa03": 1.8982447385787964, "Sa10": 0.90335595607757568, "LqfSettlPGD": 0.0, "LqfSprPGD": 0.0, "LqfProb": 0.0, "LndPGD": 0.0, "LndProb": 0.0, "SufFltRuptPGD": 29.523393630981445, "SurfFltRuptProb": 0.5, "PDsNone": 0.4197, "PDsSlight": 0.1474, "PDsModerate": 0.1147, "PDsExtensive": 0.172, "PDsComplete": 0.1459, "PDsExceedSlight": 0.5802, "PDsExceedModerate": 0.4327, "PDsExceedExtensive": 0.318, "FunctDay1": 57.2, "FunctDay3": 64.3, "FunctDay7": 68.8, "FunctDay14": 69.8, "FunctDay30": 71.1, "FunctDay90": 80.6, "EconLoss": 1152213.625, "Name": "SOUTHERN PACIFIC; STREAM\/RIVER", "City": "null", "State": "null" }, "geometry": { "type": "Point", "coordinates": [ -122.140633, 38.019227 ] } },
{ "type": "Feature", "properties": { "FacilityType": "RailwayBridge", "FacilityId": "CA000090", "Anchor": "null", "FoundationType": "null", "eqBldgType": "null", "DesignLevel": "null", "SoilType": "D", "LqfSusCat": 0, "LndSusCat": 0, "WaterDepth": 5.0, "Distance": "null", "PGA": 0.76457589864730835, "PGV": 33.199306488037109, "Sa03": 1.8811763525009155, "Sa10": 0.93338006734848022, "LqfSettlPGD": 0.0, "LqfSprPGD": 0.0, "LqfProb": 0.0, "LndPGD": 0.0, "LndProb": 0.0, "SufFltRuptPGD": 29.523393630981445, "SurfFltRuptProb": 0.5, "PDsNone": 0.3985, "PDsSlight": 0.1471, "PDsModerate": 0.1165, "PDsExtensive": 0.1788, "PDsComplete": 0.1588, "PDsExceedSlight": 0.6014, "PDsExceedModerate": 0.4542, "PDsExceedExtensive": 0.3376, "FunctDay1": 55.2, "FunctDay3": 62.3, "FunctDay7": 66.9, "FunctDay14": 67.9, "FunctDay30": 69.2, "FunctDay90": 79.2, "EconLoss": 1236055.75, "Name": "SYCAMORE ST; BNSF RY", "City": "null", "State": "null" }, "geometry": { "type": "Point", "coordinates": [ -122.272672, 38.011836 ] } },
{ "type": "Feature", "properties": { "FacilityType": "RailwayBridge", "FacilityId": "CA000091", "Anchor": "null", "FoundationType": "null", "eqBldgType": "null", "DesignLevel": "null", "SoilType": "D", "LqfSusCat": 0, "LndSusCat": 0, "WaterDepth": 5.0, "Distance": "null", "PGA": 0.81645458936691284, "PGV": 37.333194732666016, "Sa03": 2.0122029781341553, "Sa10": 1.001726508140564, "LqfSettlPGD": 0.0, "LqfSprPGD": 0.0, "LqfProb": 0.0, "LndPGD": 0.0, "LndProb": 0.0, "SufFltRuptPGD": 29.523393630981445, "SurfFltRuptProb": 0.5, "PDsNone": 0.3539, "PDsSlight": 0.1449, "PDsModerate": 0.1194, "PDsExtensive": 0.1926, "PDsComplete": 0.189, "PDsExceedSlight": 0.646, "PDsExceedModerate": 0.5011, "PDsExceedExtensive": 0.3817, "FunctDay1": 50.7, "FunctDay3": 57.9, "FunctDay7": 62.6, "FunctDay14": 63.7, "FunctDay30": 65.2, "FunctDay90": 76.0, "EconLoss": 1428468.75, "Name": "ATCHISON, TOPEKA & SANTA FE; STREAM\/R...", "City": "null", "State": "null" }, "geometry": { "type": "Point", "coordinates": [ -122.275966, 38.011956 ] } },
{ "type": "Feature", "properties": { "FacilityType": "RailwayBridge", "FacilityId": "CA000092", "Anchor": "null", "FoundationType": "null", "eqBldgType": "null", "DesignLevel": "null", "SoilType": "D", "LqfSusCat": 0, "LndSusCat": 0, "WaterDepth": 5.0, "Distance": "null", "PGA": 0.76457589864730835, "PGV": 33.199306488037109, "Sa03": 1.8811763525009155, "Sa10": 0.93338006734848022, "LqfSettlPGD": 0.0, "LqfSprPGD": 0.0, "LqfProb": 0.0, "LndPGD": 0.0, "LndProb": 0.0, "SufFltRuptPGD": 29.523393630981445, "SurfFltRuptProb": 0.5, "PDsNone": 0.3985, "PDsSlight": 0.1471, "PDsModerate": 0.1165, "PDsExtensive": 0.1788, "PDsComplete": 0.1588, "PDsExceedSlight": 0.6014, "PDsExceedModerate": 0.4542, "PDsExceedExtensive": 0.3376, "FunctDay1": 55.2, "FunctDay3": 62.3, "FunctDay7": 66.9, "FunctDay14": 67.9, "FunctDay30": 69.2, "FunctDay90": 79.2, "EconLoss": 1236055.75, "Name": "PALM AVE; BNSF RY", "City": "null", "State": "null" }, "geometry": { "type": "Point", "coordinates": [ -122.259124, 38.011152 ] } },
{ "type": "Feature", "properties": { "FacilityType": "RailwayBridge", "FacilityId": "CA000093", "Anchor": "null", "FoundationType": "null", "eqBldgType": "null", "DesignLevel": "null", "SoilType": "D", "LqfSusCat": 0, "LndSusCat": 0, "WaterDepth": 5.0, "Distance": "null", "PGA": 0.81645458936691284, "PGV": 37.333194732666016, "Sa03": 2.0122029781341553, "Sa10": 1.001726508140564, "LqfSettlPGD": 0.0, "LqfSprPGD": 0.0, "LqfProb": 0.0, "LndPGD": 0.0, "LndProb": 0.0, "SufFltRuptPGD": 29.523393630981445, "SurfFltRuptProb": 0.5, "PDsNone": 0.3539, "PDsSlight": 0.1449, "PDsModerate": 0.1194, "PDsExtensive": 0.1926, "PDsComplete": 0.189, "PDsExceedSlight": 0.646, "PDsExceedModerate": 0.5011, "PDsExceedExtensive": 0.3817, "FunctDay1": 50.7, "FunctDay3": 57.9, "FunctDay7": 62.6, "FunctDay14": 63.7, "FunctDay30": 65.2, "FunctDay90": 76.0, "EconLoss": 1428468.75, "Name": "SOUTHERN PACIFIC; REFUGIO CREEK", "City": "null", "State": "null" }, "geometry": { "type": "Point", "coordinates": [ -122.285276, 38.021161 ] } },
{ "type": "Feature", "properties": { "FacilityType": "RailwayBridge", "FacilityId": "CA000094", "Anchor": "null", "FoundationType": "null", "eqBldgType": "null", "DesignLevel": "null", "SoilType": "D", "LqfSusCat": 0, "LndSusCat": 0, "WaterDepth": 5.0, "Distance": "null", "PGA": 0.77617365121841431, "PGV": 33.037834167480469, "Sa03": 1.9110754728317261, "Sa10": 0.94630396366119385, "LqfSettlPGD": 0.0, "LqfSprPGD": 0.0, "LqfProb": 0.0, "LndPGD": 0.0, "LndProb": 0.0, "SufFltRuptPGD": 29.523393630981445, "SurfFltRuptProb": 0.5, "PDsNone": 0.3897, "PDsSlight": 0.1468, "PDsModerate": 0.1172, "PDsExtensive": 0.1816, "PDsComplete": 0.1644, "PDsExceedSlight": 0.6102, "PDsExceedModerate": 0.4633, "PDsExceedExtensive": 0.3461, "FunctDay1": 54.3, "FunctDay3": 61.4, "FunctDay7": 66.1, "FunctDay14": 67.1, "FunctDay30": 68.5, "FunctDay90": 78.6, "EconLoss": 1272170.125, "Name": "ROUTE 4 EB; BNSF RY", "City": "null", "State": "null" }, "geometry": { "type": "Point", "coordinates": [ -122.209652, 38.007911 ] } },
{ "type": "Feature", "properties": { "FacilityType": "RailwayBridge", "FacilityId": "CA000095", "Anchor": "null", "FoundationType": "null", "eqBldgType": "null", "DesignLevel": "null", "SoilType": "D", "LqfSusCat": 0, "LndSusCat": 0, "WaterDepth": 5.0, "Distance": "null", "PGA": 0.74830800294876099, "PGV": 32.61968994140625, "Sa03": 1.848130464553833, "Sa10": 0.93514639139175415, "LqfSettlPGD": 0.0, "LqfSprPGD": 0.0, "LqfProb": 0.0, "LndPGD": 0.0, "LndProb": 0.0, "SufFltRuptPGD": 29.523393630981445, "SurfFltRuptProb": 0.5, "PDsNone": 0.3973, "PDsSlight": 0.1471, "PDsModerate": 0.1166, "PDsExtensive": 0.1792, "PDsComplete": 0.1595, "PDsExceedSlight": 0.6026, "PDsExceedModerate": 0.4555, "PDsExceedExtensive": 0.3388, "FunctDay1": 55.0, "FunctDay3": 62.2, "FunctDay7": 66.8, "FunctDay14": 67.8, "FunctDay30": 69.1, "FunctDay90": 79.1, "EconLoss": 1240653.375, "Name": "SOUTHERN PACIFIC; RODEO CREEK", "City": "null", "State": "null" }, "geometry": { "type": "Point", "coordinates": [ -122.267415, 38.038859 ] } },
{ "type": "Feature", "properties": { "FacilityType": "RailwayBridge", "FacilityId": "CA000096", "Anchor": "null", "FoundationType": "null", "eqBldgType": "null", "DesignLevel": "null", "SoilType": "D", "LqfSusCat": 0, "LndSusCat": 0, "WaterDepth": 5.0, "Distance": "null", "PGA": 0.76457589864730835, "PGV": 33.199306488037109, "Sa03": 1.8811763525009155, "Sa10": 0.93338006734848022, "LqfSettlPGD": 0.0, "LqfSprPGD": 0.0, "LqfProb": 0.0, "LndPGD": 0.0, "LndProb": 0.0, "SufFltRuptPGD": 29.523393630981445, "SurfFltRuptProb": 0.5, "PDsNone": 0.3985, "PDsSlight": 0.1471, "PDsModerate": 0.1165, "PDsExtensive": 0.1788, "PDsComplete": 0.1588, "PDsExceedSlight": 0.6014, "PDsExceedModerate": 0.4542, "PDsExceedExtensive": 0.3376, "FunctDay1": 55.2, "FunctDay3": 62.3, "FunctDay7": 66.9, "FunctDay14": 67.9, "FunctDay30": 69.2, "FunctDay90": 79.2, "EconLoss": 1236055.75, "Name": "ATCHISON, TOPEKA & SANTA FE; STREAM\/R...", "City": "null", "State": "null" }, "geometry": { "type": "Point", "coordinates": [ -122.226856, 38.011869 ] } },
{ "type": "Feature", "properties": { "FacilityType": "RailwayBridge", "FacilityId": "CA000097", "Anchor": "null", "FoundationType": "null", "eqBldgType": "null", "DesignLevel": "null", "SoilType": "D", "LqfSusCat": 0, "LndSusCat": 0, "WaterDepth": 5.0, "Distance": "null", "PGA": 0.76457589864730835, "PGV": 33.199306488037109, "Sa03": 1.8811763525009155, "Sa10": 0.93338006734848022, "LqfSettlPGD": 0.0, "LqfSprPGD": 0.0, "LqfProb": 0.0, "LndPGD": 0.0, "LndProb": 0.0, "SufFltRuptPGD": 29.523393630981445, "SurfFltRuptProb": 0.5, "PDsNone": 0.3985, "PDsSlight": 0.1471, "PDsModerate": 0.1165, "PDsExtensive": 0.1788, "PDsComplete": 0.1588, "PDsExceedSlight": 0.6014, "PDsExceedModerate": 0.4542, "PDsExceedExtensive": 0.3376, "FunctDay1": 55.2, "FunctDay3": 62.3, "FunctDay7": 66.9, "FunctDay14": 67.9, "FunctDay30": 69.2, "FunctDay90": 79.2, "EconLoss": 1236055.75, "Name": "SR 4; BNSF RY", "City": "null", "State": "null" }, "geometry": { "type": "Point", "coordinates": [ -122.251463, 38.014471 ] } },
{ "type": "Feature", "properties": { "FacilityType": "RailwayBridge", "FacilityId": "CA000098", "Anchor": "null", "FoundationType": "null", "eqBldgType": "null", "DesignLevel": "null", "SoilType": "D", "LqfSusCat": 0, "LndSusCat": 0, "WaterDepth": 5.0, "Distance": "null", "PGA": 0.76457589864730835, "PGV": 33.199306488037109, "Sa03": 1.8811763525009155, "Sa10": 0.93338006734848022, "LqfSettlPGD": 0.0, "LqfSprPGD": 0.0, "LqfProb": 0.0, "LndPGD": 0.0, "LndProb": 0.0, "SufFltRuptPGD": 29.523393630981445, "SurfFltRuptProb": 0.5, "PDsNone": 0.3985, "PDsSlight": 0.1471, "PDsModerate": 0.1165, "PDsExtensive": 0.1788, "PDsComplete": 0.1588, "PDsExceedSlight": 0.6014, "PDsExceedModerate": 0.4542, "PDsExceedExtensive": 0.3376, "FunctDay1": 55.2, "FunctDay3": 62.3, "FunctDay7": 66.9, "FunctDay14": 67.9, "FunctDay30": 69.2, "FunctDay90": 79.2, "EconLoss": 1236055.75, "Name": "ATCHISON, TOPEKA & SANTA FE; RODEO CREEK", "City": "null", "State": "null" }, "geometry": { "type": "Point", "coordinates": [ -122.251036, 38.015297 ] } },
{ "type": "Feature", "properties": { "FacilityType": "RailwayBridge", "FacilityId": "CA000112", "Anchor": "null", "FoundationType": "null", "eqBldgType": "null", "DesignLevel": "null", "SoilType": "D", "LqfSusCat": 0, "LndSusCat": 0, "WaterDepth": 5.0, "Distance": "null", "PGA": 0.78646308183670044, "PGV": 46.787063598632813, "Sa03": 1.958044171333313, "Sa10": 1.3109819889068604, "LqfSettlPGD": 0.0, "LqfSprPGD": 0.0, "LqfProb": 0.0, "LndPGD": 0.0, "LndProb": 0.0, "SufFltRuptPGD": 29.523393630981445, "SurfFltRuptProb": 0.5, "PDsNone": 0.2051, "PDsSlight": 0.1206, "PDsModerate": 0.1155, "PDsExtensive": 0.2261, "PDsComplete": 0.3324, "PDsExceedSlight": 0.7948, "PDsExceedModerate": 0.6741, "PDsExceedExtensive": 0.5586, "FunctDay1": 34.3, "FunctDay3": 40.8, "FunctDay7": 45.4, "FunctDay14": 46.6, "FunctDay30": 48.4, "FunctDay90": 61.9, "EconLoss": 2286145.25, "Name": "BARTD; CENTRAL AVE", "City": "null", "State": "null" }, "geometry": { "type": "Point", "coordinates": [ -122.299455, 37.903343 ] } },
{ "type": "Feature", "properties": { "FacilityType": "RailwayBridge", "FacilityId": "CA000114", "Anchor": "null", "FoundationType": "null", "eqBldgType": "null", "DesignLevel": "null", "SoilType": "D", "LqfSusCat": 0, "LndSusCat": 0, "WaterDepth": 5.0, "Distance": "null", "PGA": 0.78646308183670044, "PGV": 46.787063598632813, "Sa03": 1.958044171333313, "Sa10": 1.3109819889068604, "LqfSettlPGD": 0.0, "LqfSprPGD": 0.0, "LqfProb": 0.0, "LndPGD": 0.0, "LndProb": 0.0, "SufFltRuptPGD": 29.523393630981445, "SurfFltRuptProb": 0.5, "PDsNone": 0.2051, "PDsSlight": 0.1206, "PDsModerate": 0.1155, "PDsExtensive": 0.2261, "PDsComplete": 0.3324, "PDsExceedSlight": 0.7948, "PDsExceedModerate": 0.6741, "PDsExceedExtensive": 0.5586, "FunctDay1": 34.3, "FunctDay3": 40.8, "FunctDay7": 45.4, "FunctDay14": 46.6, "FunctDay30": 48.4, "FunctDay90": 61.9, "EconLoss": 2286145.25, "Name": "BARTD (R3003); STOCKTON AVE", "City": "null", "State": "null" }, "geometry": { "type": "Point", "coordinates": [ -122.303828, 37.908704 ] } },
{ "type": "Feature", "properties": { "FacilityType": "RailwayBridge", "FacilityId": "CA000116", "Anchor": "null", "FoundationType": "null", "eqBldgType": "null", "DesignLevel": "null", "SoilType": "D", "LqfSusCat": 0, "LndSusCat": 0, "WaterDepth": 5.0, "Distance": "null", "PGA": 0.90310841798782349, "PGV": 42.278400421142578, "Sa03": 2.2275204658508301, "Sa10": 1.1406011581420898, "LqfSettlPGD": 0.0, "LqfSprPGD": 0.0, "LqfProb": 0.0, "LndPGD": 0.0, "LndProb": 0.0, "SufFltRuptPGD": 29.523393630981445, "SurfFltRuptProb": 0.5, "PDsNone": 0.2772, "PDsSlight": 0.136, "PDsModerate": 0.1204, "PDsExtensive": 0.2132, "PDsComplete": 0.2529, "PDsExceedSlight": 0.7227, "PDsExceedModerate": 0.5867, "PDsExceedExtensive": 0.4662, "FunctDay1": 42.6, "FunctDay3": 49.6, "FunctDay7": 54.4, "FunctDay14": 55.5, "FunctDay30": 57.2, "FunctDay90": 69.5, "EconLoss": 1820299.375, "Name": "BARTD; SAN PABLO AVE", "City": "null", "State": "null" }, "geometry": { "type": "Point", "coordinates": [ -122.321973, 37.930356 ] } },
{ "type": "Feature", "properties": { "FacilityType": "RailwayBridge", "FacilityId": "CA000119", "Anchor": "null", "FoundationType": "null", "eqBldgType": "null", "DesignLevel": "null", "SoilType": "D", "LqfSusCat": 0, "LndSusCat": 0, "WaterDepth": 5.0, "Distance": "null", "PGA": 0.78646308183670044, "PGV": 46.787063598632813, "Sa03": 1.958044171333313, "Sa10": 1.3109819889068604, "LqfSettlPGD": 0.0, "LqfSprPGD": 0.0, "LqfProb": 0.0, "LndPGD": 0.0, "LndProb": 0.0, "SufFltRuptPGD": 29.523393630981445, "SurfFltRuptProb": 0.5, "PDsNone": 0.2051, "PDsSlight": 0.1206, "PDsModerate": 0.1155, "PDsExtensive": 0.2261, "PDsComplete": 0.3324, "PDsExceedSlight": 0.7948, "PDsExceedModerate": 0.6741, "PDsExceedExtensive": 0.5586, "FunctDay1": 34.3, "FunctDay3": 40.8, "FunctDay7": 45.4, "FunctDay14": 46.6, "FunctDay30": 48.4, "FunctDay90": 61.9, "EconLoss": 2286145.25, "Name": "BARTD; FAIRMOUNT AVE", "City": "null", "State": "null" }, "geometry": { "type": "Point", "coordinates": [ -122.298346, 37.901945 ] } },
{ "type": "Feature", "properties": { "FacilityType": "RailwayBridge", "FacilityId": "CA000121", "Anchor": "null", "FoundationType": "null", "eqBldgType": "null", "DesignLevel": "null", "SoilType": "D", "LqfSusCat": 0, "LndSusCat": 0, "WaterDepth": 5.0, "Distance": "null", "PGA": 0.78646308183670044, "PGV": 46.787063598632813, "Sa03": 1.958044171333313, "Sa10": 1.3109819889068604, "LqfSettlPGD": 0.0, "LqfSprPGD": 0.0, "LqfProb": 0.0, "LndPGD": 0.0, "LndProb": 0.0, "SufFltRuptPGD": 29.523393630981445, "SurfFltRuptProb": 0.5, "PDsNone": 0.2051, "PDsSlight": 0.1206, "PDsModerate": 0.1155, "PDsExtensive": 0.2261, "PDsComplete": 0.3324, "PDsExceedSlight": 0.7948, "PDsExceedModerate": 0.6741, "PDsExceedExtensive": 0.5586, "FunctDay1": 34.3, "FunctDay3": 40.8, "FunctDay7": 45.4, "FunctDay14": 46.6, "FunctDay30": 48.4, "FunctDay90": 61.9, "EconLoss": 2286145.25, "Name": "HILL ST; BARTD (R3003)", "City": "null", "State": "null" }, "geometry": { "type": "Point", "coordinates": [ -122.316043, 37.924132 ] } },
{ "type": "Feature", "properties": { "FacilityType": "RailwayBridge", "FacilityId": "CA000151", "Anchor": "null", "FoundationType": "null", "eqBldgType": "null", "DesignLevel": "null", "SoilType": "D", "LqfSusCat": 0, "LndSusCat": 0, "WaterDepth": 5.0, "Distance": "null", "PGA": 0.78646308183670044, "PGV": 46.787063598632813, "Sa03": 1.958044171333313, "Sa10": 1.3109819889068604, "LqfSettlPGD": 0.0, "LqfSprPGD": 0.0, "LqfProb": 0.0, "LndPGD": 0.0, "LndProb": 0.0, "SufFltRuptPGD": 29.523393630981445, "SurfFltRuptProb": 0.5, "PDsNone": 0.2051, "PDsSlight": 0.1206, "PDsModerate": 0.1155, "PDsExtensive": 0.2261, "PDsComplete": 0.3324, "PDsExceedSlight": 0.7948, "PDsExceedModerate": 0.6741, "PDsExceedExtensive": 0.5586, "FunctDay1": 34.3, "FunctDay3": 40.8, "FunctDay7": 45.4, "FunctDay14": 46.6, "FunctDay30": 48.4, "FunctDay90": 61.9, "EconLoss": 2286145.25, "Name": "MOESER LANE; MOESER LANE", "City": "null", "State": "null" }, "geometry": { "type": "Point", "coordinates": [ -122.306599, 37.912115 ] } },
{ "type": "Feature", "properties": { "FacilityType": "RailwayBridge", "FacilityId": "CA000190", "Anchor": "null", "FoundationType": "null", "eqBldgType": "null", "DesignLevel": "null", "SoilType": "D", "LqfSusCat": 0, "LndSusCat": 0, "WaterDepth": 5.0, "Distance": "null", "PGA": 0.81645458936691284, "PGV": 37.333194732666016, "Sa03": 2.0122029781341553, "Sa10": 1.001726508140564, "LqfSettlPGD": 0.0, "LqfSprPGD": 0.0, "LqfProb": 0.0, "LndPGD": 0.0, "LndProb": 0.0, "SufFltRuptPGD": 29.523393630981445, "SurfFltRuptProb": 0.5, "PDsNone": 0.3539, "PDsSlight": 0.1449, "PDsModerate": 0.1194, "PDsExtensive": 0.1926, "PDsComplete": 0.189, "PDsExceedSlight": 0.646, "PDsExceedModerate": 0.5011, "PDsExceedExtensive": 0.3817, "FunctDay1": 50.7, "FunctDay3": 57.9, "FunctDay7": 62.6, "FunctDay14": 63.7, "FunctDay30": 65.2, "FunctDay90": 76.0, "EconLoss": 1428468.75, "Name": "ATCHISON, TOPEKA & SANTA FE; PINOLE C...", "City": "null", "State": "null" }, "geometry": { "type": "Point", "coordinates": [ -122.290531, 38.00795 ] } },
{ "type": "Feature", "properties": { "FacilityType": "RailwayBridge", "FacilityId": "CA000191", "Anchor": "null", "FoundationType": "null", "eqBldgType": "null", "DesignLevel": "null", "SoilType": "D", "LqfSusCat": 0, "LndSusCat": 0, "WaterDepth": 5.0, "Distance": "null", "PGA": 0.81645458936691284, "PGV": 37.333194732666016, "Sa03": 2.0122029781341553, "Sa10": 1.001726508140564, "LqfSettlPGD": 0.0, "LqfSprPGD": 0.0, "LqfProb": 0.0, "LndPGD": 0.0, "LndProb": 0.0, "SufFltRuptPGD": 29.523393630981445, "SurfFltRuptProb": 0.5, "PDsNone": 0.3539, "PDsSlight": 0.1449, "PDsModerate": 0.1194, "PDsExtensive": 0.1926, "PDsComplete": 0.189, "PDsExceedSlight": 0.646, "PDsExceedModerate": 0.5011, "PDsExceedExtensive": 0.3817, "FunctDay1": 50.7, "FunctDay3": 57.9, "FunctDay7": 62.6, "FunctDay14": 63.7, "FunctDay30": 65.2, "FunctDay90": 76.0, "EconLoss": 1428468.75, "Name": "TENNENT AVE; BNSF RY", "City": "null", "State": "null" }, "geometry": { "type": "Point", "coordinates": [ -122.292755, 38.008185 ] } },
{ "type": "Feature", "properties": { "FacilityType": "RailwayBridge", "FacilityId": "CA000193", "Anchor": "null", "FoundationType": "null", "eqBldgType": "null", "DesignLevel": "null", "SoilType": "D", "LqfSusCat": 0, "LndSusCat": 0, "WaterDepth": 5.0, "Distance": "null", "PGA": 0.81645458936691284, "PGV": 37.333194732666016, "Sa03": 2.0122029781341553, "Sa10": 1.001726508140564, "LqfSettlPGD": 0.0, "LqfSprPGD": 0.0, "LqfProb": 0.0, "LndPGD": 0.0, "LndProb": 0.0, "SufFltRuptPGD": 29.523393630981445, "SurfFltRuptProb": 0.5, "PDsNone": 0.3539, "PDsSlight": 0.1449, "PDsModerate": 0.1194, "PDsExtensive": 0.1926, "PDsComplete": 0.189, "PDsExceedSlight": 0.646, "PDsExceedModerate": 0.5011, "PDsExceedExtensive": 0.3817, "FunctDay1": 50.7, "FunctDay3": 57.9, "FunctDay7": 62.6, "FunctDay14": 63.7, "FunctDay30": 65.2, "FunctDay90": 76.0, "EconLoss": 1428468.75, "Name": "SOUTHERN PACIFIC; PINOLE CREEK", "City": "null", "State": "null" }, "geometry": { "type": "Point", "coordinates": [ -122.295098, 38.01281 ] } },
{ "type": "Feature", "properties": { "FacilityType": "RailwayBridge", "FacilityId": "CA000226", "Anchor": "null", "FoundationType": "null", "eqBldgType": "null", "DesignLevel": "null", "SoilType": "D", "LqfSusCat": 0, "LndSusCat": 0, "WaterDepth": 5.0, "Distance": "null", "PGA": 0.82510662078857422, "PGV": 35.320968627929688, "Sa03": 1.9869507551193237, "Sa10": 0.97305315732955933, "LqfSettlPGD": 0.0, "LqfSprPGD": 0.0, "LqfProb": 0.0, "LndPGD": 0.0, "LndProb": 0.0, "SufFltRuptPGD": 29.523393630981445, "SurfFltRuptProb": 0.5, "PDsNone": 0.372, "PDsSlight": 0.146, "PDsModerate": 0.1184, "PDsExtensive": 0.1871, "PDsComplete": 0.1762, "PDsExceedSlight": 0.6279, "PDsExceedModerate": 0.4818, "PDsExceedExtensive": 0.3633, "FunctDay1": 52.6, "FunctDay3": 59.7, "FunctDay7": 64.4, "FunctDay14": 65.4, "FunctDay30": 66.9, "FunctDay90": 77.3, "EconLoss": 1347545.625, "Name": "ORINDA STA. - BART; CAMINO PABLO RD", "City": "null", "State": "null" }, "geometry": { "type": "Point", "coordinates": [ -122.183603, 37.878546 ] } },
{ "type": "Feature", "properties": { "FacilityType": "RailwayBridge", "FacilityId": "CA000247", "Anchor": "null", "FoundationType": "null", "eqBldgType": "null", "DesignLevel": "null", "SoilType": "D", "LqfSusCat": 0, "LndSusCat": 0, "WaterDepth": 5.0, "Distance": "null", "PGA": 0.74986439943313599, "PGV": 46.097896575927734, "Sa03": 1.8606994152069092, "Sa10": 1.3066445589065552, "LqfSettlPGD": 0.0, "LqfSprPGD": 0.0, "LqfProb": 0.0, "LndPGD": 0.0, "LndProb": 0.0, "SufFltRuptPGD": 29.523393630981445, "SurfFltRuptProb": 0.5, "PDsNone": 0.2067, "PDsSlight": 0.1211, "PDsModerate": 0.1156, "PDsExtensive": 0.2259, "PDsComplete": 0.3304, "PDsExceedSlight": 0.7932, "PDsExceedModerate": 0.6721, "PDsExceedExtensive": 0.5564, "FunctDay1": 34.5, "FunctDay3": 41.0, "FunctDay7": 45.6, "FunctDay14": 46.8, "FunctDay30": 48.6, "FunctDay90": 62.1, "EconLoss": 2274611.5, "Name": "MACDONALD AVE; BARTD", "City": "null", "State": "null" }, "geometry": { "type": "Point", "coordinates": [ -122.352157, 37.9357 ] } },
{ "type": "Feature", "properties": { "FacilityType": "RailwayBridge", "FacilityId": "CA000265", "Anchor": "null", "FoundationType": "null", "eqBldgType": "null", "DesignLevel": "null", "SoilType": "D", "LqfSusCat": 0, "LndSusCat": 0, "WaterDepth": 5.0, "Distance": "null", "PGA": 0.70878857374191284, "PGV": 28.83775520324707, "Sa03": 1.5971506834030151, "Sa10": 0.68521612882614136, "LqfSettlPGD": 0.0, "LqfSprPGD": 0.0, "LqfProb": 0.0, "LndPGD": 0.0, "LndProb": 0.0, "SufFltRuptPGD": 29.523393630981445, "SurfFltRuptProb": 0.5, "PDsNone": 0.6018, "PDsSlight": 0.1338, "PDsModerate": 0.0891, "PDsExtensive": 0.1102, "PDsComplete": 0.0649, "PDsExceedSlight": 0.3981, "PDsExceedModerate": 0.2643, "PDsExceedExtensive": 0.1751, "FunctDay1": 73.3, "FunctDay3": 79.2, "FunctDay7": 82.7, "FunctDay14": 83.4, "FunctDay30": 84.2, "FunctDay90": 90.1, "EconLoss": 589438.5, "Name": "INTERSTATE 580; BNSF RY", "City": "null", "State": "null" }, "geometry": { "type": "Point", "coordinates": [ -122.331848, 37.919542 ] } },
{ "type": "Feature", "properties": { "FacilityType": "RailwayBridge", "FacilityId": "CA000266", "Anchor": "null", "FoundationType": "null", "eqBldgType": "null", "DesignLevel": "null", "SoilType": "D", "LqfSusCat": 0, "LndSusCat": 0, "WaterDepth": 5.0, "Distance": "null", "PGA": 0.70878857374191284, "PGV": 28.83775520324707, "Sa03": 1.5971506834030151, "Sa10": 0.68521612882614136, "LqfSettlPGD": 0.0, "LqfSprPGD": 0.0, "LqfProb": 0.0, "LndPGD": 0.0, "LndProb": 0.0, "SufFltRuptPGD": 29.523393630981445, "SurfFltRuptProb": 0.5, "PDsNone": 0.6018, "PDsSlight": 0.1338, "PDsModerate": 0.0891, "PDsExtensive": 0.1102, "PDsComplete": 0.0649, "PDsExceedSlight": 0.3981, "PDsExceedModerate": 0.2643, "PDsExceedExtensive": 0.1751, "FunctDay1": 73.3, "FunctDay3": 79.2, "FunctDay7": 82.7, "FunctDay14": 83.4, "FunctDay30": 84.2, "FunctDay90": 90.1, "EconLoss": 589438.5, "Name": "I 580; BNSF RY", "City": "null", "State": "null" }, "geometry": { "type": "Point", "coordinates": [ -122.332729, 37.920058 ] } },
{ "type": "Feature", "properties": { "FacilityType": "RailwayBridge", "FacilityId": "CA000277", "Anchor": "null", "FoundationType": "null", "eqBldgType": "null", "DesignLevel": "null", "SoilType": "D", "LqfSusCat": 0, "LndSusCat": 0, "WaterDepth": 5.0, "Distance": "null", "PGA": 0.77303975820541382, "PGV": 31.891193389892578, "Sa03": 1.8982447385787964, "Sa10": 0.90335595607757568, "LqfSettlPGD": 0.0, "LqfSprPGD": 0.0, "LqfProb": 0.0, "LndPGD": 0.0, "LndProb": 0.0, "SufFltRuptPGD": 29.523393630981445, "SurfFltRuptProb": 0.5, "PDsNone": 0.4197, "PDsSlight": 0.1474, "PDsModerate": 0.1147, "PDsExtensive": 0.172, "PDsComplete": 0.1459, "PDsExceedSlight": 0.5802, "PDsExceedModerate": 0.4327, "PDsExceedExtensive": 0.318, "FunctDay1": 57.2, "FunctDay3": 64.3, "FunctDay7": 68.8, "FunctDay14": 69.8, "FunctDay30": 71.1, "FunctDay90": 80.6, "EconLoss": 1152213.625, "Name": "ALHAMBRA AVE; BNSF RY", "City": "null", "State": "null" }, "geometry": { "type": "Point", "coordinates": [ -122.127813, 37.990315 ] } },
{ "type": "Feature", "properties": { "FacilityType": "RailwayBridge", "FacilityId": "CA000296", "Anchor": "null", "FoundationType": "null", "eqBldgType": "null", "DesignLevel": "null", "SoilType": "D", "LqfSusCat": 0, "LndSusCat": 0, "WaterDepth": 5.0, "Distance": "null", "PGA": 0.74986439943313599, "PGV": 46.097896575927734, "Sa03": 1.8606994152069092, "Sa10": 1.3066445589065552, "LqfSettlPGD": 0.0, "LqfSprPGD": 0.0, "LqfProb": 0.0, "LndPGD": 0.0, "LndProb": 0.0, "SufFltRuptPGD": 29.523393630981445, "SurfFltRuptProb": 0.5, "PDsNone": 0.2067, "PDsSlight": 0.1211, "PDsModerate": 0.1156, "PDsExtensive": 0.2259, "PDsComplete": 0.3304, "PDsExceedSlight": 0.7932, "PDsExceedModerate": 0.6721, "PDsExceedExtensive": 0.5564, "FunctDay1": 34.5, "FunctDay3": 41.0, "FunctDay7": 45.6, "FunctDay14": 46.8, "FunctDay30": 48.6, "FunctDay90": 62.1, "EconLoss": 2274611.5, "Name": "MACDONALD AVE; BARTD (R5002 A&B)", "City": "null", "State": "null" }, "geometry": { "type": "Point", "coordinates": [ -122.351945, 37.9357 ] } },
{ "type": "Feature", "properties": { "FacilityType": "RailwayBridge", "FacilityId": "CA000299", "Anchor": "null", "FoundationType": "null", "eqBldgType": "null", "DesignLevel": "null", "SoilType": "D", "LqfSusCat": 0, "LndSusCat": 0, "WaterDepth": 5.0, "Distance": "null", "PGA": 0.74986439943313599, "PGV": 46.097896575927734, "Sa03": 1.8606994152069092, "Sa10": 1.3066445589065552, "LqfSettlPGD": 0.0, "LqfSprPGD": 0.0, "LqfProb": 0.0, "LndPGD": 0.0, "LndProb": 0.0, "SufFltRuptPGD": 29.523393630981445, "SurfFltRuptProb": 0.5, "PDsNone": 0.2067, "PDsSlight": 0.1211, "PDsModerate": 0.1156, "PDsExtensive": 0.2259, "PDsComplete": 0.3304, "PDsExceedSlight": 0.7932, "PDsExceedModerate": 0.6721, "PDsExceedExtensive": 0.5564, "FunctDay1": 34.5, "FunctDay3": 41.0, "FunctDay7": 45.6, "FunctDay14": 46.8, "FunctDay30": 48.6, "FunctDay90": 62.1, "EconLoss": 2274611.5, "Name": "SOUTHERN PACIFIC; SAN PABLO CREEK", "City": "null", "State": "null" }, "geometry": { "type": "Point", "coordinates": [ -122.358964, 37.966837 ] } },
{ "type": "Feature", "properties": { "FacilityType": "RailwayBridge", "FacilityId": "CA000302", "Anchor": "null", "FoundationType": "null", "eqBldgType": "null", "DesignLevel": "null", "SoilType": "D", "LqfSusCat": 0, "LndSusCat": 0, "WaterDepth": 5.0, "Distance": "null", "PGA": 0.74986439943313599, "PGV": 46.097896575927734, "Sa03": 1.8606994152069092, "Sa10": 1.3066445589065552, "LqfSettlPGD": 0.0, "LqfSprPGD": 0.0, "LqfProb": 0.0, "LndPGD": 0.0, "LndProb": 0.0, "SufFltRuptPGD": 29.523393630981445, "SurfFltRuptProb": 0.5, "PDsNone": 0.2067, "PDsSlight": 0.1211, "PDsModerate": 0.1156, "PDsExtensive": 0.2259, "PDsComplete": 0.3304, "PDsExceedSlight": 0.7932, "PDsExceedModerate": 0.6721, "PDsExceedExtensive": 0.5564, "FunctDay1": 34.5, "FunctDay3": 41.0, "FunctDay7": 45.6, "FunctDay14": 46.8, "FunctDay30": 48.6, "FunctDay90": 62.1, "EconLoss": 2274611.5, "Name": "BARRETT AVE; UP RR, BNSF RY, & AMTRAK", "City": "null", "State": "null" }, "geometry": { "type": "Point", "coordinates": [ -122.354969, 37.938424 ] } },
{ "type": "Feature", "properties": { "FacilityType": "RailwayBridge", "FacilityId": "CA000307", "Anchor": "null", "FoundationType": "null", "eqBldgType": "null", "DesignLevel": "null", "SoilType": "D", "LqfSusCat": 0, "LndSusCat": 0, "WaterDepth": 5.0, "Distance": "null", "PGA": 0.74986439943313599, "PGV": 46.097896575927734, "Sa03": 1.8606994152069092, "Sa10": 1.3066445589065552, "LqfSettlPGD": 0.0, "LqfSprPGD": 0.0, "LqfProb": 0.0, "LndPGD": 0.0, "LndProb": 0.0, "SufFltRuptPGD": 29.523393630981445, "SurfFltRuptProb": 0.5, "PDsNone": 0.2067, "PDsSlight": 0.1211, "PDsModerate": 0.1156, "PDsExtensive": 0.2259, "PDsComplete": 0.3304, "PDsExceedSlight": 0.7932, "PDsExceedModerate": 0.6721, "PDsExceedExtensive": 0.5564, "FunctDay1": 34.5, "FunctDay3": 41.0, "FunctDay7": 45.6, "FunctDay14": 46.8, "FunctDay30": 48.6, "FunctDay90": 62.1, "EconLoss": 2274611.5, "Name": "MACDONALD AVE; UP RR, BNSF RY, & AMTRAK", "City": "null", "State": "null" }, "geometry": { "type": "Point", "coordinates": [ -122.352474, 37.935703 ] } },
{ "type": "Feature", "properties": { "FacilityType": "RailwayBridge", "FacilityId": "CA000311", "Anchor": "null", "FoundationType": "null", "eqBldgType": "null", "DesignLevel": "null", "SoilType": "D", "LqfSusCat": 0, "LndSusCat": 0, "WaterDepth": 5.0, "Distance": "null", "PGA": 0.74986439943313599, "PGV": 46.097896575927734, "Sa03": 1.8606994152069092, "Sa10": 1.3066445589065552, "LqfSettlPGD": 0.0, "LqfSprPGD": 0.0, "LqfProb": 0.0, "LndPGD": 0.0, "LndProb": 0.0, "SufFltRuptPGD": 29.523393630981445, "SurfFltRuptProb": 0.5, "PDsNone": 0.2067, "PDsSlight": 0.1211, "PDsModerate": 0.1156, "PDsExtensive": 0.2259, "PDsComplete": 0.3304, "PDsExceedSlight": 0.7932, "PDsExceedModerate": 0.6721, "PDsExceedExtensive": 0.5564, "FunctDay1": 34.5, "FunctDay3": 41.0, "FunctDay7": 45.6, "FunctDay14": 46.8, "FunctDay30": 48.6, "FunctDay90": 62.1, "EconLoss": 2274611.5, "Name": "BARRETT AVE; BARTD", "City": "null", "State": "null" }, "geometry": { "type": "Point", "coordinates": [ -122.354576, 37.938431 ] } },
{ "type": "Feature", "properties": { "FacilityType": "RailwayBridge", "FacilityId": "CA000321", "Anchor": "null", "FoundationType": "null", "eqBldgType": "null", "DesignLevel": "null", "SoilType": "D", "LqfSusCat": 0, "LndSusCat": 0, "WaterDepth": 5.0, "Distance": "null", "PGA": 0.74986439943313599, "PGV": 46.097896575927734, "Sa03": 1.8606994152069092, "Sa10": 1.3066445589065552, "LqfSettlPGD": 0.0, "LqfSprPGD": 0.0, "LqfProb": 0.0, "LndPGD": 0.0, "LndProb": 0.0, "SufFltRuptPGD": 29.523393630981445, "SurfFltRuptProb": 0.5, "PDsNone": 0.2067, "PDsSlight": 0.1211, "PDsModerate": 0.1156, "PDsExtensive": 0.2259, "PDsComplete": 0.3304, "PDsExceedSlight": 0.7932, "PDsExceedModerate": 0.6721, "PDsExceedExtensive": 0.5564, "FunctDay1": 34.5, "FunctDay3": 41.0, "FunctDay7": 45.6, "FunctDay14": 46.8, "FunctDay30": 48.6, "FunctDay90": 62.1, "EconLoss": 2274611.5, "Name": "BARTD (R3005); 23RD STREET", "City": "null", "State": "null" }, "geometry": { "type": "Point", "coordinates": [ -122.347371, 37.932043 ] } },
{ "type": "Feature", "properties": { "FacilityType": "RailwayBridge", "FacilityId": "CA000323", "Anchor": "null", "FoundationType": "null", "eqBldgType": "null", "DesignLevel": "null", "SoilType": "D", "LqfSusCat": 0, "LndSusCat": 0, "WaterDepth": 5.0, "Distance": "null", "PGA": 0.74986439943313599, "PGV": 46.097896575927734, "Sa03": 1.8606994152069092, "Sa10": 1.3066445589065552, "LqfSettlPGD": 0.0, "LqfSprPGD": 0.0, "LqfProb": 0.0, "LndPGD": 0.0, "LndProb": 0.0, "SufFltRuptPGD": 29.523393630981445, "SurfFltRuptProb": 0.5, "PDsNone": 0.2067, "PDsSlight": 0.1211, "PDsModerate": 0.1156, "PDsExtensive": 0.2259, "PDsComplete": 0.3304, "PDsExceedSlight": 0.7932, "PDsExceedModerate": 0.6721, "PDsExceedExtensive": 0.5564, "FunctDay1": 34.5, "FunctDay3": 41.0, "FunctDay7": 45.6, "FunctDay14": 46.8, "FunctDay30": 48.6, "FunctDay90": 62.1, "EconLoss": 2274611.5, "Name": "37TH ST; ABANDONED BNSF RY ROW", "City": "null", "State": "null" }, "geometry": { "type": "Point", "coordinates": [ -122.334731, 37.93131 ] } },
{ "type": "Feature", "properties": { "FacilityType": "RailwayBridge", "FacilityId": "CA000354", "Anchor": "null", "FoundationType": "null", "eqBldgType": "null", "DesignLevel": "null", "SoilType": "D", "LqfSusCat": 0, "LndSusCat": 0, "WaterDepth": 5.0, "Distance": "null", "PGA": 0.74986439943313599, "PGV": 46.097896575927734, "Sa03": 1.8606994152069092, "Sa10": 1.3066445589065552, "LqfSettlPGD": 0.0, "LqfSprPGD": 0.0, "LqfProb": 0.0, "LndPGD": 0.0, "LndProb": 0.0, "SufFltRuptPGD": 29.523393630981445, "SurfFltRuptProb": 0.5, "PDsNone": 0.2067, "PDsSlight": 0.1211, "PDsModerate": 0.1156, "PDsExtensive": 0.2259, "PDsComplete": 0.3304, "PDsExceedSlight": 0.7932, "PDsExceedModerate": 0.6721, "PDsExceedExtensive": 0.5564, "FunctDay1": 34.5, "FunctDay3": 41.0, "FunctDay7": 45.6, "FunctDay14": 46.8, "FunctDay30": 48.6, "FunctDay90": 62.1, "EconLoss": 2274611.5, "Name": "37TH ST; BARTD (R5001)", "City": "null", "State": "null" }, "geometry": { "type": "Point", "coordinates": [ -122.334719, 37.931411 ] } },
{ "type": "Feature", "properties": { "FacilityType": "RailwayBridge", "FacilityId": "CA000355", "Anchor": "null", "FoundationType": "null", "eqBldgType": "null", "DesignLevel": "null", "SoilType": "D", "LqfSusCat": 0, "LndSusCat": 0, "WaterDepth": 5.0, "Distance": "null", "PGA": 0.74986439943313599, "PGV": 46.097896575927734, "Sa03": 1.8606994152069092, "Sa10": 1.3066445589065552, "LqfSettlPGD": 0.0, "LqfSprPGD": 0.0, "LqfProb": 0.0, "LndPGD": 0.0, "LndProb": 0.0, "SufFltRuptPGD": 29.523393630981445, "SurfFltRuptProb": 0.5, "PDsNone": 0.2067, "PDsSlight": 0.1211, "PDsModerate": 0.1156, "PDsExtensive": 0.2259, "PDsComplete": 0.3304, "PDsExceedSlight": 0.7932, "PDsExceedModerate": 0.6721, "PDsExceedExtensive": 0.5564, "FunctDay1": 34.5, "FunctDay3": 41.0, "FunctDay7": 45.6, "FunctDay14": 46.8, "FunctDay30": 48.6, "FunctDay90": 62.1, "EconLoss": 2274611.5, "Name": "ATCHISON, TOPEKA & SANTA FE; SAN PABL...", "City": "null", "State": "null" }, "geometry": { "type": "Point", "coordinates": [ -122.356614, 37.966875 ] } },
{ "type": "Feature", "properties": { "FacilityType": "RailwayBridge", "FacilityId": "CA000356", "Anchor": "null", "FoundationType": "null", "eqBldgType": "null", "DesignLevel": "null", "SoilType": "D", "LqfSusCat": 0, "LndSusCat": 0, "WaterDepth": 5.0, "Distance": "null", "PGA": 0.87886911630630493, "PGV": 41.797092437744141, "Sa03": 2.1722316741943359, "Sa10": 1.1168960332870483, "LqfSettlPGD": 0.0, "LqfSprPGD": 0.0, "LqfProb": 0.0, "LndPGD": 0.0, "LndProb": 0.0, "SufFltRuptPGD": 29.523393630981445, "SurfFltRuptProb": 0.5, "PDsNone": 0.289, "PDsSlight": 0.1378, "PDsModerate": 0.1206, "PDsExtensive": 0.2104, "PDsComplete": 0.2419, "PDsExceedSlight": 0.7109, "PDsExceedModerate": 0.573, "PDsExceedExtensive": 0.4523, "FunctDay1": 43.9, "FunctDay3": 50.9, "FunctDay7": 55.7, "FunctDay14": 56.8, "FunctDay30": 58.5, "FunctDay90": 70.6, "EconLoss": 1754124.5, "Name": "SOUTHERN PACIFIC; STREAM\/RIVER", "City": "null", "State": "null" }, "geometry": { "type": "Point", "coordinates": [ -122.35792, 37.978805 ] } },
{ "type": "Feature", "properties": { "FacilityType": "RailwayBridge", "FacilityId": "CA000358", "Anchor": "null", "FoundationType": "null", "eqBldgType": "null", "DesignLevel": "null", "SoilType": "D", "LqfSusCat": 0, "LndSusCat": 0, "WaterDepth": 5.0, "Distance": "null", "PGA": 0.74986439943313599, "PGV": 46.097896575927734, "Sa03": 1.8606994152069092, "Sa10": 1.3066445589065552, "LqfSettlPGD": 0.0, "LqfSprPGD": 0.0, "LqfProb": 0.0, "LndPGD": 0.0, "LndProb": 0.0, "SufFltRuptPGD": 29.523393630981445, "SurfFltRuptProb": 0.5, "PDsNone": 0.2067, "PDsSlight": 0.1211, "PDsModerate": 0.1156, "PDsExtensive": 0.2259, "PDsComplete": 0.3304, "PDsExceedSlight": 0.7932, "PDsExceedModerate": 0.6721, "PDsExceedExtensive": 0.5564, "FunctDay1": 34.5, "FunctDay3": 41.0, "FunctDay7": 45.6, "FunctDay14": 46.8, "FunctDay30": 48.6, "FunctDay90": 62.1, "EconLoss": 2274611.5, "Name": "ATCHISON, TOPEKA & SANTA FE; WILDCAT ...", "City": "null", "State": "null" }, "geometry": { "type": "Point", "coordinates": [ -122.357657, 37.961031 ] } },
{ "type": "Feature", "properties": { "FacilityType": "RailwayBridge", "FacilityId": "CA000359", "Anchor": "null", "FoundationType": "null", "eqBldgType": "null", "DesignLevel": "null", "SoilType": "D", "LqfSusCat": 0, "LndSusCat": 0, "WaterDepth": 5.0, "Distance": "null", "PGA": 0.87886911630630493, "PGV": 41.797092437744141, "Sa03": 2.1722316741943359, "Sa10": 1.1168960332870483, "LqfSettlPGD": 0.0, "LqfSprPGD": 0.0, "LqfProb": 0.0, "LndPGD": 0.0, "LndProb": 0.0, "SufFltRuptPGD": 29.523393630981445, "SurfFltRuptProb": 0.5, "PDsNone": 0.289, "PDsSlight": 0.1378, "PDsModerate": 0.1206, "PDsExtensive": 0.2104, "PDsComplete": 0.2419, "PDsExceedSlight": 0.7109, "PDsExceedModerate": 0.573, "PDsExceedExtensive": 0.4523, "FunctDay1": 43.9, "FunctDay3": 50.9, "FunctDay7": 55.7, "FunctDay14": 56.8, "FunctDay30": 58.5, "FunctDay90": 70.6, "EconLoss": 1754124.5, "Name": "ATCHISON, TOPEKA & SANTA FE; STREAM\/R...", "City": "null", "State": "null" }, "geometry": { "type": "Point", "coordinates": [ -122.353816, 37.977233 ] } },
{ "type": "Feature", "properties": { "FacilityType": "RailwayBridge", "FacilityId": "CA000360", "Anchor": "null", "FoundationType": "null", "eqBldgType": "null", "DesignLevel": "null", "SoilType": "D", "LqfSusCat": 0, "LndSusCat": 0, "WaterDepth": 5.0, "Distance": "null", "PGA": 0.87886911630630493, "PGV": 41.797092437744141, "Sa03": 2.1722316741943359, "Sa10": 1.1168960332870483, "LqfSettlPGD": 0.0, "LqfSprPGD": 0.0, "LqfProb": 0.0, "LndPGD": 0.0, "LndProb": 0.0, "SufFltRuptPGD": 29.523393630981445, "SurfFltRuptProb": 0.5, "PDsNone": 0.289, "PDsSlight": 0.1378, "PDsModerate": 0.1206, "PDsExtensive": 0.2104, "PDsComplete": 0.2419, "PDsExceedSlight": 0.7109, "PDsExceedModerate": 0.573, "PDsExceedExtensive": 0.4523, "FunctDay1": 43.9, "FunctDay3": 50.9, "FunctDay7": 55.7, "FunctDay14": 56.8, "FunctDay30": 58.5, "FunctDay90": 70.6, "EconLoss": 1754124.5, "Name": "SOUTHERN PACIFIC; SWAMP\/MARSH", "City": "null", "State": "null" }, "geometry": { "type": "Point", "coordinates": [ -122.327911, 38.002726 ] } },
{ "type": "Feature", "properties": { "FacilityType": "RailwayBridge", "FacilityId": "CA000462", "Anchor": "null", "FoundationType": "null", "eqBldgType": "null", "DesignLevel": "null", "SoilType": "D", "LqfSusCat": 0, "LndSusCat": 0, "WaterDepth": 5.0, "Distance": "null", "PGA": 0.53909218311309814, "PGV": 33.995975494384766, "Sa03": 1.4119381904602051, "Sa10": 1.1746985912322998, "LqfSettlPGD": 0.0, "LqfSprPGD": 0.0, "LqfProb": 0.0, "LndPGD": 0.0, "LndProb": 0.0, "SufFltRuptPGD": 29.523393630981445, "SurfFltRuptProb": 0.5, "PDsNone": 0.261, "PDsSlight": 0.1332, "PDsModerate": 0.1199, "PDsExtensive": 0.2168, "PDsComplete": 0.2689, "PDsExceedSlight": 0.7389, "PDsExceedModerate": 0.6057, "PDsExceedExtensive": 0.4858, "FunctDay1": 40.8, "FunctDay3": 47.7, "FunctDay7": 52.5, "FunctDay14": 53.6, "FunctDay30": 55.4, "FunctDay90": 68.0, "EconLoss": 1915754.75, "Name": "ATCHISON, TOPEKA & SANTA FE; STREAM\/R...", "City": "null", "State": "null" }, "geometry": { "type": "Point", "coordinates": [ -121.914209, 38.02692 ] } },
{ "type": "Feature", "properties": { "FacilityType": "RailwayBridge", "FacilityId": "CA000464", "Anchor": "null", "FoundationType": "null", "eqBldgType": "null", "DesignLevel": "null", "SoilType": "D", "LqfSusCat": 0, "LndSusCat": 0, "WaterDepth": 5.0, "Distance": "null", "PGA": 0.54648643732070923, "PGV": 34.432701110839844, "Sa03": 1.442875862121582, "Sa10": 1.1938086748123169, "LqfSettlPGD": 0.0, "LqfSprPGD": 0.0, "LqfProb": 0.0, "LndPGD": 0.0, "LndProb": 0.0, "SufFltRuptPGD": 29.523393630981445, "SurfFltRuptProb": 0.5, "PDsNone": 0.2523, "PDsSlight": 0.1315, "PDsModerate": 0.1195, "PDsExtensive": 0.2186, "PDsComplete": 0.2778, "PDsExceedSlight": 0.7476, "PDsExceedModerate": 0.616, "PDsExceedExtensive": 0.4965, "FunctDay1": 39.8, "FunctDay3": 46.7, "FunctDay7": 51.5, "FunctDay14": 52.6, "FunctDay30": 54.3, "FunctDay90": 67.1, "EconLoss": 1968483.875, "Name": "RAILROAD; STREAM\/RIVER", "City": "null", "State": "null" }, "geometry": { "type": "Point", "coordinates": [ -121.929792, 38.030684 ] } },
{ "type": "Feature", "properties": { "FacilityType": "RailwayBridge", "FacilityId": "CA000466", "Anchor": "null", "FoundationType": "null", "eqBldgType": "null", "DesignLevel": "null", "SoilType": "D", "LqfSusCat": 0, "LndSusCat": 0, "WaterDepth": 5.0, "Distance": "null", "PGA": 0.53909218311309814, "PGV": 33.995975494384766, "Sa03": 1.4119381904602051, "Sa10": 1.1746985912322998, "LqfSettlPGD": 0.0, "LqfSprPGD": 0.0, "LqfProb": 0.0, "LndPGD": 0.0, "LndProb": 0.0, "SufFltRuptPGD": 29.523393630981445, "SurfFltRuptProb": 0.5, "PDsNone": 0.261, "PDsSlight": 0.1332, "PDsModerate": 0.1199, "PDsExtensive": 0.2168, "PDsComplete": 0.2689, "PDsExceedSlight": 0.7389, "PDsExceedModerate": 0.6057, "PDsExceedExtensive": 0.4858, "FunctDay1": 40.8, "FunctDay3": 47.7, "FunctDay7": 52.5, "FunctDay14": 53.6, "FunctDay30": 55.4, "FunctDay90": 68.0, "EconLoss": 1915754.75, "Name": "ATCHISON, TOPEKA & SANTA FE; STREAM\/R...", "City": "null", "State": "null" }, "geometry": { "type": "Point", "coordinates": [ -121.905851, 38.026464 ] } },
{ "type": "Feature", "properties": { "FacilityType": "RailwayBridge", "FacilityId": "CA000468", "Anchor": "null", "FoundationType": "null", "eqBldgType": "null", "DesignLevel": "null", "SoilType": "D", "LqfSusCat": 0, "LndSusCat": 0, "WaterDepth": 5.0, "Distance": "null", "PGA": 0.53909218311309814, "PGV": 33.995975494384766, "Sa03": 1.4119381904602051, "Sa10": 1.1746985912322998, "LqfSettlPGD": 0.0, "LqfSprPGD": 0.0, "LqfProb": 0.0, "LndPGD": 0.0, "LndProb": 0.0, "SufFltRuptPGD": 29.523393630981445, "SurfFltRuptProb": 0.5, "PDsNone": 0.261, "PDsSlight": 0.1332, "PDsModerate": 0.1199, "PDsExtensive": 0.2168, "PDsComplete": 0.2689, "PDsExceedSlight": 0.7389, "PDsExceedModerate": 0.6057, "PDsExceedExtensive": 0.4858, "FunctDay1": 40.8, "FunctDay3": 47.7, "FunctDay7": 52.5, "FunctDay14": 53.6, "FunctDay30": 55.4, "FunctDay90": 68.0, "EconLoss": 1915754.75, "Name": "RAILROAD AVE; BNSF RY & AMTRAK", "City": "null", "State": "null" }, "geometry": { "type": "Point", "coordinates": [ -121.885928, 38.026541 ] } },
{ "type": "Feature", "properties": { "FacilityType": "RailwayBridge", "FacilityId": "CA000470", "Anchor": "null", "FoundationType": "null", "eqBldgType": "null", "DesignLevel": "null", "SoilType": "D", "LqfSusCat": 0, "LndSusCat": 0, "WaterDepth": 5.0, "Distance": "null", "PGA": 0.62511557340621948, "PGV": 26.522377014160156, "Sa03": 1.5736724138259888, "Sa10": 0.79263198375701904, "LqfSettlPGD": 0.0, "LqfSprPGD": 0.0, "LqfProb": 0.0, "LndPGD": 0.0, "LndProb": 0.0, "SufFltRuptPGD": 29.523393630981445, "SurfFltRuptProb": 0.5, "PDsNone": 0.5061, "PDsSlight": 0.1445, "PDsModerate": 0.1045, "PDsExtensive": 0.1429, "PDsComplete": 0.1017, "PDsExceedSlight": 0.4938, "PDsExceedModerate": 0.3492, "PDsExceedExtensive": 0.2447, "FunctDay1": 65.1, "FunctDay3": 71.8, "FunctDay7": 75.9, "FunctDay14": 76.8, "FunctDay30": 77.8, "FunctDay90": 85.6, "EconLoss": 854182.8125, "Name": "SOUTHERN PACIFIC; CANAL\/DITCH", "City": "null", "State": "null" }, "geometry": { "type": "Point", "coordinates": [ -121.863646, 38.016072 ] } },
{ "type": "Feature", "properties": { "FacilityType": "RailwayBridge", "FacilityId": "CA000520", "Anchor": "null", "FoundationType": "null", "eqBldgType": "null", "DesignLevel": "null", "SoilType": "D", "LqfSusCat": 0, "LndSusCat": 0, "WaterDepth": 5.0, "Distance": "null", "PGA": 0.52618581056594849, "PGV": 21.990455627441406, "Sa03": 1.3398592472076416, "Sa10": 0.67062509059906006, "LqfSettlPGD": 0.0, "LqfSprPGD": 0.0, "LqfProb": 0.0, "LndPGD": 0.0, "LndProb": 0.0, "SufFltRuptPGD": 29.523393630981445, "SurfFltRuptProb": 0.5, "PDsNone": 0.6156, "PDsSlight": 0.1316, "PDsModerate": 0.0866, "PDsExtensive": 0.1055, "PDsComplete": 0.0605, "PDsExceedSlight": 0.3843, "PDsExceedModerate": 0.2527, "PDsExceedExtensive": 0.166, "FunctDay1": 74.4, "FunctDay3": 80.2, "FunctDay7": 83.6, "FunctDay14": 84.3, "FunctDay30": 85.0, "FunctDay90": 90.7, "EconLoss": 556203.1875, "Name": "BRIDGEHEAD ROAD; BNSF RY, UP RR, & AM...", "City": "null", "State": "null" }, "geometry": { "type": "Point", "coordinates": [ -121.750776, 38.009022 ] } },
{ "type": "Feature", "properties": { "FacilityType": "RailwayBridge", "FacilityId": "CA000560", "Anchor": "null", "FoundationType": "null", "eqBldgType": "null", "DesignLevel": "null", "SoilType": "D", "LqfSusCat": 0, "LndSusCat": 0, "WaterDepth": 5.0, "Distance": "null", "PGA": 0.62511557340621948, "PGV": 26.522377014160156, "Sa03": 1.5736724138259888, "Sa10": 0.79263198375701904, "LqfSettlPGD": 0.0, "LqfSprPGD": 0.0, "LqfProb": 0.0, "LndPGD": 0.0, "LndProb": 0.0, "SufFltRuptPGD": 29.523393630981445, "SurfFltRuptProb": 0.5, "PDsNone": 0.5061, "PDsSlight": 0.1445, "PDsModerate": 0.1045, "PDsExtensive": 0.1429, "PDsComplete": 0.1017, "PDsExceedSlight": 0.4938, "PDsExceedModerate": 0.3492, "PDsExceedExtensive": 0.2447, "FunctDay1": 65.1, "FunctDay3": 71.8, "FunctDay7": 75.9, "FunctDay14": 76.8, "FunctDay30": 77.8, "FunctDay90": 85.6, "EconLoss": 854182.8125, "Name": "ATCHISON, TOPEKA & SANTA FE; STREAM\/R...", "City": "null", "State": "null" }, "geometry": { "type": "Point", "coordinates": [ -121.838125, 38.019025 ] } },
{ "type": "Feature", "properties": { "FacilityType": "RailwayBridge", "FacilityId": "CA000565", "Anchor": "null", "FoundationType": "null", "eqBldgType": "null", "DesignLevel": "null", "SoilType": "D", "LqfSusCat": 0, "LndSusCat": 0, "WaterDepth": 5.0, "Distance": "null", "PGA": 0.76386553049087524, "PGV": 29.488838195800781, "Sa03": 1.8258516788482666, "Sa10": 0.83847570419311523, "LqfSettlPGD": 0.0, "LqfSprPGD": 0.0, "LqfProb": 0.0, "LndPGD": 0.0, "LndProb": 0.0, "SufFltRuptPGD": 29.523393630981445, "SurfFltRuptProb": 0.5, "PDsNone": 0.4687, "PDsSlight": 0.1466, "PDsModerate": 0.1094, "PDsExtensive": 0.1556, "PDsComplete": 0.1193, "PDsExceedSlight": 0.5312, "PDsExceedModerate": 0.3845, "PDsExceedExtensive": 0.275, "FunctDay1": 61.8, "FunctDay3": 68.7, "FunctDay7": 73.0, "FunctDay14": 73.9, "FunctDay30": 75.0, "FunctDay90": 83.6, "EconLoss": 974981.5, "Name": "RAILROAD; INTERSTATE ROUTE 680", "City": "null", "State": "null" }, "geometry": { "type": "Point", "coordinates": [ -122.082379, 38.005337 ] } },
{ "type": "Feature", "properties": { "FacilityType": "RailwayBridge", "FacilityId": "CA000568", "Anchor": "null", "FoundationType": "null", "eqBldgType": "null", "DesignLevel": "null", "SoilType": "D", "LqfSusCat": 0, "LndSusCat": 0, "WaterDepth": 5.0, "Distance": "null", "PGA": 0.77480834722518921, "PGV": 35.311855316162109, "Sa03": 1.9298560619354248, "Sa10": 1.0328832864761353, "LqfSettlPGD": 0.0, "LqfSprPGD": 0.0, "LqfProb": 0.0, "LndPGD": 0.0, "LndProb": 0.0, "SufFltRuptPGD": 29.523393630981445, "SurfFltRuptProb": 0.5, "PDsNone": 0.3351, "PDsSlight": 0.1433, "PDsModerate": 0.1201, "PDsExtensive": 0.1981, "PDsComplete": 0.2031, "PDsExceedSlight": 0.6648, "PDsExceedModerate": 0.5215, "PDsExceedExtensive": 0.4013, "FunctDay1": 48.8, "FunctDay3": 55.9, "FunctDay7": 60.7, "FunctDay14": 61.8, "FunctDay30": 63.3, "FunctDay90": 74.5, "EconLoss": 1516567.0, "Name": "ATCHISON, TOPEKA & SANTA FE; STREAM\/R...", "City": "null", "State": "null" }, "geometry": { "type": "Point", "coordinates": [ -122.069215, 38.016295 ] } },
{ "type": "Feature", "properties": { "FacilityType": "RailwayBridge", "FacilityId": "CA000652", "Anchor": "null", "FoundationType": "null", "eqBldgType": "null", "DesignLevel": "null", "SoilType": "D", "LqfSusCat": 0, "LndSusCat": 0, "WaterDepth": 5.0, "Distance": "null", "PGA": 0.62511557340621948, "PGV": 26.522377014160156, "Sa03": 1.5736724138259888, "Sa10": 0.79263198375701904, "LqfSettlPGD": 0.0, "LqfSprPGD": 0.0, "LqfProb": 0.0, "LndPGD": 0.0, "LndProb": 0.0, "SufFltRuptPGD": 29.523393630981445, "SurfFltRuptProb": 0.5, "PDsNone": 0.5061, "PDsSlight": 0.1445, "PDsModerate": 0.1045, "PDsExtensive": 0.1429, "PDsComplete": 0.1017, "PDsExceedSlight": 0.4938, "PDsExceedModerate": 0.3492, "PDsExceedExtensive": 0.2447, "FunctDay1": 65.1, "FunctDay3": 71.8, "FunctDay7": 75.9, "FunctDay14": 76.8, "FunctDay30": 77.8, "FunctDay90": 85.6, "EconLoss": 854182.8125, "Name": "ATCHISON, TOPEKA & SANTA FE; STREAM\/R...", "City": "null", "State": "null" }, "geometry": { "type": "Point", "coordinates": [ -121.82649, 38.018807 ] } },
{ "type": "Feature", "properties": { "FacilityType": "RailwayBridge", "FacilityId": "CA000781", "Anchor": "null", "FoundationType": "null", "eqBldgType": "null", "DesignLevel": "null", "SoilType": "D", "LqfSusCat": 0, "LndSusCat": 0, "WaterDepth": 5.0, "Distance": "null", "PGA": 0.6000664234161377, "PGV": 40.070621490478516, "Sa03": 1.5195895433425903, "Sa10": 1.3292993307113647, "LqfSettlPGD": 0.0, "LqfSprPGD": 0.0, "LqfProb": 0.0, "LndPGD": 0.0, "LndProb": 0.0, "SufFltRuptPGD": 29.523393630981445, "SurfFltRuptProb": 0.5, "PDsNone": 0.1986, "PDsSlight": 0.1189, "PDsModerate": 0.1146, "PDsExtensive": 0.2267, "PDsComplete": 0.3409, "PDsExceedSlight": 0.8013, "PDsExceedModerate": 0.6823, "PDsExceedExtensive": 0.5677, "FunctDay1": 33.5, "FunctDay3": 39.9, "FunctDay7": 44.5, "FunctDay14": 45.7, "FunctDay30": 47.6, "FunctDay90": 61.1, "EconLoss": 2334663.75, "Name": "SOUTHERN PACIFIC; STREAM\/RIVER", "City": "null", "State": "null" }, "geometry": { "type": "Point", "coordinates": [ -122.080275, 38.031359 ] } },
{ "type": "Feature", "properties": { "FacilityType": "RailwayBridge", "FacilityId": "CA000785", "Anchor": "null", "FoundationType": "null", "eqBldgType": "null", "DesignLevel": "null", "SoilType": "D", "LqfSusCat": 0, "LndSusCat": 0, "WaterDepth": 5.0, "Distance": "null", "PGA": 0.6000664234161377, "PGV": 40.070621490478516, "Sa03": 1.5195895433425903, "Sa10": 1.3292993307113647, "LqfSettlPGD": 0.0, "LqfSprPGD": 0.0, "LqfProb": 0.0, "LndPGD": 0.0, "LndProb": 0.0, "SufFltRuptPGD": 29.523393630981445, "SurfFltRuptProb": 0.5, "PDsNone": 0.1986, "PDsSlight": 0.1189, "PDsModerate": 0.1146, "PDsExtensive": 0.2267, "PDsComplete": 0.3409, "PDsExceedSlight": 0.8013, "PDsExceedModerate": 0.6823, "PDsExceedExtensive": 0.5677, "FunctDay1": 33.5, "FunctDay3": 39.9, "FunctDay7": 44.5, "FunctDay14": 45.7, "FunctDay30": 47.6, "FunctDay90": 61.1, "EconLoss": 2334663.75, "Name": "SOUTHERN PACIFIC; STREAM\/RIVER", "City": "null", "State": "null" }, "geometry": { "type": "Point", "coordinates": [ -122.105479, 38.026066 ] } },
{ "type": "Feature", "properties": { "FacilityType": "RailwayBridge", "FacilityId": "CA000786", "Anchor": "null", "FoundationType": "null", "eqBldgType": "null", "DesignLevel": "null", "SoilType": "D", "LqfSusCat": 0, "LndSusCat": 0, "WaterDepth": 5.0, "Distance": "null", "PGA": 0.52618581056594849, "PGV": 21.990455627441406, "Sa03": 1.3398592472076416, "Sa10": 0.67062509059906006, "LqfSettlPGD": 0.0, "LqfSprPGD": 0.0, "LqfProb": 0.0, "LndPGD": 0.0, "LndProb": 0.0, "SufFltRuptPGD": 29.523393630981445, "SurfFltRuptProb": 0.5, "PDsNone": 0.6156, "PDsSlight": 0.1316, "PDsModerate": 0.0866, "PDsExtensive": 0.1055, "PDsComplete": 0.0605, "PDsExceedSlight": 0.3843, "PDsExceedModerate": 0.2527, "PDsExceedExtensive": 0.166, "FunctDay1": 74.4, "FunctDay3": 80.2, "FunctDay7": 83.6, "FunctDay14": 84.3, "FunctDay30": 85.0, "FunctDay90": 90.7, "EconLoss": 556203.1875, "Name": "SOUTHERN PACIFIC; CANAL\/DITCH", "City": "null", "State": "null" }, "geometry": { "type": "Point", "coordinates": [ -121.743469, 37.983233 ] } },
{ "type": "Feature", "properties": { "FacilityType": "RailwayBridge", "FacilityId": "CA000789", "Anchor": "null", "FoundationType": "null", "eqBldgType": "null", "DesignLevel": "null", "SoilType": "D", "LqfSusCat": 0, "LndSusCat": 0, "WaterDepth": 5.0, "Distance": "null", "PGA": 0.76386553049087524, "PGV": 29.488838195800781, "Sa03": 1.8258516788482666, "Sa10": 0.83847570419311523, "LqfSettlPGD": 0.0, "LqfSprPGD": 0.0, "LqfProb": 0.0, "LndPGD": 0.0, "LndProb": 0.0, "SufFltRuptPGD": 29.523393630981445, "SurfFltRuptProb": 0.5, "PDsNone": 0.4687, "PDsSlight": 0.1466, "PDsModerate": 0.1094, "PDsExtensive": 0.1556, "PDsComplete": 0.1193, "PDsExceedSlight": 0.5312, "PDsExceedModerate": 0.3845, "PDsExceedExtensive": 0.275, "FunctDay1": 61.8, "FunctDay3": 68.7, "FunctDay7": 73.0, "FunctDay14": 73.9, "FunctDay30": 75.0, "FunctDay90": 83.6, "EconLoss": 974981.5, "Name": "PACHECO ROAD; BNSF RY", "City": "null", "State": "null" }, "geometry": { "type": "Point", "coordinates": [ -122.085909, 38.004494 ] } },
{ "type": "Feature", "properties": { "FacilityType": "RailwayBridge", "FacilityId": "CA000790", "Anchor": "null", "FoundationType": "null", "eqBldgType": "null", "DesignLevel": "null", "SoilType": "D", "LqfSusCat": 0, "LndSusCat": 0, "WaterDepth": 5.0, "Distance": "null", "PGA": 0.48198771476745605, "PGV": 22.136066436767578, "Sa03": 1.2626924514770508, "Sa10": 0.71629953384399414, "LqfSettlPGD": 0.0, "LqfSprPGD": 0.0, "LqfProb": 0.0, "LndPGD": 0.0, "LndProb": 0.0, "SufFltRuptPGD": 29.523393630981445, "SurfFltRuptProb": 0.5, "PDsNone": 0.573, "PDsSlight": 0.1378, "PDsModerate": 0.0941, "PDsExtensive": 0.12, "PDsComplete": 0.0748, "PDsExceedSlight": 0.4269, "PDsExceedModerate": 0.289, "PDsExceedExtensive": 0.1949, "FunctDay1": 70.9, "FunctDay3": 77.1, "FunctDay7": 80.8, "FunctDay14": 81.5, "FunctDay30": 82.4, "FunctDay90": 88.9, "EconLoss": 662668.75, "Name": "ATCHISON, TOPEKA & SANTA FE; CANAL\/DITCH", "City": "null", "State": "null" }, "geometry": { "type": "Point", "coordinates": [ -121.702936, 37.994853 ] } },
{ "type": "Feature", "properties": { "FacilityType": "RailwayBridge", "FacilityId": "CA000791", "Anchor": "null", "FoundationType": "null", "eqBldgType": "null", "DesignLevel": "null", "SoilType": "D", "LqfSusCat": 0, "LndSusCat": 0, "WaterDepth": 5.0, "Distance": "null", "PGA": 0.76386553049087524, "PGV": 29.488838195800781, "Sa03": 1.8258516788482666, "Sa10": 0.83847570419311523, "LqfSettlPGD": 0.0, "LqfSprPGD": 0.0, "LqfProb": 0.0, "LndPGD": 0.0, "LndProb": 0.0, "SufFltRuptPGD": 29.523393630981445, "SurfFltRuptProb": 0.5, "PDsNone": 0.4687, "PDsSlight": 0.1466, "PDsModerate": 0.1094, "PDsExtensive": 0.1556, "PDsComplete": 0.1193, "PDsExceedSlight": 0.5312, "PDsExceedModerate": 0.3845, "PDsExceedExtensive": 0.275, "FunctDay1": 61.8, "FunctDay3": 68.7, "FunctDay7": 73.0, "FunctDay14": 73.9, "FunctDay30": 75.0, "FunctDay90": 83.6, "EconLoss": 974981.5, "Name": "MORELLO AVE; BNSF RY", "City": "null", "State": "null" }, "geometry": { "type": "Point", "coordinates": [ -122.102043, 38.005241 ] } },
{ "type": "Feature", "properties": { "FacilityType": "RailwayBridge", "FacilityId": "CA000880", "Anchor": "null", "FoundationType": "null", "eqBldgType": "null", "DesignLevel": "null", "SoilType": "D", "LqfSusCat": 0, "LndSusCat": 0, "WaterDepth": 5.0, "Distance": "null", "PGA": 0.53909218311309814, "PGV": 33.995975494384766, "Sa03": 1.4119381904602051, "Sa10": 1.1746985912322998, "LqfSettlPGD": 0.0, "LqfSprPGD": 0.0, "LqfProb": 0.0, "LndPGD": 0.0, "LndProb": 0.0, "SufFltRuptPGD": 29.523393630981445, "SurfFltRuptProb": 0.5, "PDsNone": 0.261, "PDsSlight": 0.1332, "PDsModerate": 0.1199, "PDsExtensive": 0.2168, "PDsComplete": 0.2689, "PDsExceedSlight": 0.7389, "PDsExceedModerate": 0.6057, "PDsExceedExtensive": 0.4858, "FunctDay1": 40.8, "FunctDay3": 47.7, "FunctDay7": 52.5, "FunctDay14": 53.6, "FunctDay30": 55.4, "FunctDay90": 68.0, "EconLoss": 1915754.75, "Name": "RAILROAD; STREAM\/RIVER", "City": "null", "State": "null" }, "geometry": { "type": "Point", "coordinates": [ -121.921784, 38.028652 ] } },
{ "type": "Feature", "properties": { "FacilityType": "RailwayBridge", "FacilityId": "CA000883", "Anchor": "null", "FoundationType": "null", "eqBldgType": "null", "DesignLevel": "null", "SoilType": "D", "LqfSusCat": 0, "LndSusCat": 0, "WaterDepth": 5.0, "Distance": "null", "PGA": 0.53909218311309814, "PGV": 33.995975494384766, "Sa03": 1.4119381904602051, "Sa10": 1.1746985912322998, "LqfSettlPGD": 0.0, "LqfSprPGD": 0.0, "LqfProb": 0.0, "LndPGD": 0.0, "LndProb": 0.0, "SufFltRuptPGD": 29.523393630981445, "SurfFltRuptProb": 0.5, "PDsNone": 0.261, "PDsSlight": 0.1332, "PDsModerate": 0.1199, "PDsExtensive": 0.2168, "PDsComplete": 0.2689, "PDsExceedSlight": 0.7389, "PDsExceedModerate": 0.6057, "PDsExceedExtensive": 0.4858, "FunctDay1": 40.8, "FunctDay3": 47.7, "FunctDay7": 52.5, "FunctDay14": 53.6, "FunctDay30": 55.4, "FunctDay90": 68.0, "EconLoss": 1915754.75, "Name": "SOUTHERN PACIFIC; STREAM\/RIVER", "City": "null", "State": "null" }, "geometry": { "type": "Point", "coordinates": [ -121.905653, 38.025963 ] } },
{ "type": "Feature", "properties": { "FacilityType": "RailwayBridge", "FacilityId": "CA000912", "Anchor": "null", "FoundationType": "null", "eqBldgType": "null", "DesignLevel": "null", "SoilType": "D", "LqfSusCat": 0, "LndSusCat": 0, "WaterDepth": 5.0, "Distance": "null", "PGA": 0.80157685279846191, "PGV": 43.148735046386719, "Sa03": 1.9964525699615479, "Sa10": 1.3447792530059814, "LqfSettlPGD": 0.0, "LqfSprPGD": 0.0, "LqfProb": 0.0, "LndPGD": 0.0, "LndProb": 0.0, "SufFltRuptPGD": 29.523393630981445, "SurfFltRuptProb": 0.5, "PDsNone": 0.1933, "PDsSlight": 0.1174, "PDsModerate": 0.1139, "PDsExtensive": 0.2272, "PDsComplete": 0.348, "PDsExceedSlight": 0.8066, "PDsExceedModerate": 0.6892, "PDsExceedExtensive": 0.5752, "FunctDay1": 32.9, "FunctDay3": 39.2, "FunctDay7": 43.8, "FunctDay14": 44.9, "FunctDay30": 46.8, "FunctDay90": 60.5, "EconLoss": 2375199.5, "Name": "BARTD (C5022); BANCROFT ROAD", "City": "null", "State": "null" }, "geometry": { "type": "Point", "coordinates": [ -122.046844, 37.934035 ] } },
{ "type": "Feature", "properties": { "FacilityType": "RailwayBridge", "FacilityId": "CA000913", "Anchor": "null", "FoundationType": "null", "eqBldgType": "null", "DesignLevel": "null", "SoilType": "D", "LqfSusCat": 0, "LndSusCat": 0, "WaterDepth": 5.0, "Distance": "null", "PGA": 0.56093955039978027, "PGV": 35.603309631347656, "Sa03": 1.4739805459976196, "Sa10": 1.2252141237258911, "LqfSettlPGD": 0.0, "LqfSprPGD": 0.0, "LqfProb": 0.0, "LndPGD": 0.0, "LndProb": 0.0, "SufFltRuptPGD": 29.523393630981445, "SurfFltRuptProb": 0.5, "PDsNone": 0.2387, "PDsSlight": 0.1287, "PDsModerate": 0.1186, "PDsExtensive": 0.2212, "PDsComplete": 0.2925, "PDsExceedSlight": 0.7612, "PDsExceedModerate": 0.6325, "PDsExceedExtensive": 0.5138, "FunctDay1": 38.3, "FunctDay3": 45.0, "FunctDay7": 49.8, "FunctDay14": 50.9, "FunctDay30": 52.7, "FunctDay90": 65.7, "EconLoss": 2054937.75, "Name": "RAILROAD; STREAM\/RIVER", "City": "null", "State": "null" }, "geometry": { "type": "Point", "coordinates": [ -121.996904, 38.044763 ] } },
{ "type": "Feature", "properties": { "FacilityType": "RailwayBridge", "FacilityId": "CA000916", "Anchor": "null", "FoundationType": "null", "eqBldgType": "null", "DesignLevel": "null", "SoilType": "D", "LqfSusCat": 0, "LndSusCat": 0, "WaterDepth": 5.0, "Distance": "null", "PGA": 0.57965898513793945, "PGV": 37.648345947265625, "Sa03": 1.4969432353973389, "Sa10": 1.2751612663269043, "LqfSettlPGD": 0.0, "LqfSprPGD": 0.0, "LqfProb": 0.0, "LndPGD": 0.0, "LndProb": 0.0, "SufFltRuptPGD": 29.523393630981445, "SurfFltRuptProb": 0.5, "PDsNone": 0.2185, "PDsSlight": 0.1241, "PDsModerate": 0.1169, "PDsExtensive": 0.2244, "PDsComplete": 0.3158, "PDsExceedSlight": 0.7814, "PDsExceedModerate": 0.6573, "PDsExceedExtensive": 0.5403, "FunctDay1": 35.9, "FunctDay3": 42.5, "FunctDay7": 47.2, "FunctDay14": 48.3, "FunctDay30": 50.2, "FunctDay90": 63.5, "EconLoss": 2190507.75, "Name": "SOUTHERN PACIFIC; STREAM\/RIVER", "City": "null", "State": "null" }, "geometry": { "type": "Point", "coordinates": [ -122.070071, 38.034214 ] } },
{ "type": "Feature", "properties": { "FacilityType": "RailwayBridge", "FacilityId": "CA000918", "Anchor": "null", "FoundationType": "null", "eqBldgType": "null", "DesignLevel": "null", "SoilType": "D", "LqfSusCat": 0, "LndSusCat": 0, "WaterDepth": 5.0, "Distance": "null", "PGA": 0.53909218311309814, "PGV": 33.995975494384766, "Sa03": 1.4119381904602051, "Sa10": 1.1746985912322998, "LqfSettlPGD": 0.0, "LqfSprPGD": 0.0, "LqfProb": 0.0, "LndPGD": 0.0, "LndProb": 0.0, "SufFltRuptPGD": 29.523393630981445, "SurfFltRuptProb": 0.5, "PDsNone": 0.261, "PDsSlight": 0.1332, "PDsModerate": 0.1199, "PDsExtensive": 0.2168, "PDsComplete": 0.2689, "PDsExceedSlight": 0.7389, "PDsExceedModerate": 0.6057, "PDsExceedExtensive": 0.4858, "FunctDay1": 40.8, "FunctDay3": 47.7, "FunctDay7": 52.5, "FunctDay14": 53.6, "FunctDay30": 55.4, "FunctDay90": 68.0, "EconLoss": 1915754.75, "Name": "RAILROAD; STREAM\/RIVER", "City": "null", "State": "null" }, "geometry": { "type": "Point", "coordinates": [ -121.9012, 38.031935 ] } },
{ "type": "Feature", "properties": { "FacilityType": "RailwayBridge", "FacilityId": "CA000922", "Anchor": "null", "FoundationType": "null", "eqBldgType": "null", "DesignLevel": "null", "SoilType": "D", "LqfSusCat": 0, "LndSusCat": 0, "WaterDepth": 5.0, "Distance": "null", "PGA": 0.76386553049087524, "PGV": 29.488838195800781, "Sa03": 1.8258516788482666, "Sa10": 0.83847570419311523, "LqfSettlPGD": 0.0, "LqfSprPGD": 0.0, "LqfProb": 0.0, "LndPGD": 0.0, "LndProb": 0.0, "SufFltRuptPGD": 29.523393630981445, "SurfFltRuptProb": 0.5, "PDsNone": 0.4687, "PDsSlight": 0.1466, "PDsModerate": 0.1094, "PDsExtensive": 0.1556, "PDsComplete": 0.1193, "PDsExceedSlight": 0.5312, "PDsExceedModerate": 0.3845, "PDsExceedExtensive": 0.275, "FunctDay1": 61.8, "FunctDay3": 68.7, "FunctDay7": 73.0, "FunctDay14": 73.9, "FunctDay30": 75.0, "FunctDay90": 83.6, "EconLoss": 974981.5, "Name": "ATCHISON, TOPEKA & SANTA FE; STREAM\/R...", "City": "null", "State": "null" }, "geometry": { "type": "Point", "coordinates": [ -122.081361, 38.005965 ] } },
{ "type": "Feature", "properties": { "FacilityType": "RailwayBridge", "FacilityId": "CA000923", "Anchor": "null", "FoundationType": "null", "eqBldgType": "null", "DesignLevel": "null", "SoilType": "D", "LqfSusCat": 0, "LndSusCat": 0, "WaterDepth": 5.0, "Distance": "null", "PGA": 0.54648643732070923, "PGV": 34.432701110839844, "Sa03": 1.442875862121582, "Sa10": 1.1938086748123169, "LqfSettlPGD": 0.0, "LqfSprPGD": 0.0, "LqfProb": 0.0, "LndPGD": 0.0, "LndProb": 0.0, "SufFltRuptPGD": 29.523393630981445, "SurfFltRuptProb": 0.5, "PDsNone": 0.2523, "PDsSlight": 0.1315, "PDsModerate": 0.1195, "PDsExtensive": 0.2186, "PDsComplete": 0.2778, "PDsExceedSlight": 0.7476, "PDsExceedModerate": 0.616, "PDsExceedExtensive": 0.4965, "FunctDay1": 39.8, "FunctDay3": 46.7, "FunctDay7": 51.5, "FunctDay14": 52.6, "FunctDay30": 54.3, "FunctDay90": 67.1, "EconLoss": 1968483.875, "Name": "ATCHISON, TOPEKA & SANTA FE; UNREPRES...", "City": "null", "State": "null" }, "geometry": { "type": "Point", "coordinates": [ -121.944116, 38.034042 ] } },
{ "type": "Feature", "properties": { "FacilityType": "RailwayBridge", "FacilityId": "CA000929", "Anchor": "null", "FoundationType": "null", "eqBldgType": "null", "DesignLevel": "null", "SoilType": "D", "LqfSusCat": 0, "LndSusCat": 0, "WaterDepth": 5.0, "Distance": "null", "PGA": 0.56093955039978027, "PGV": 35.603309631347656, "Sa03": 1.4739805459976196, "Sa10": 1.2252141237258911, "LqfSettlPGD": 0.0, "LqfSprPGD": 0.0, "LqfProb": 0.0, "LndPGD": 0.0, "LndProb": 0.0, "SufFltRuptPGD": 29.523393630981445, "SurfFltRuptProb": 0.5, "PDsNone": 0.2387, "PDsSlight": 0.1287, "PDsModerate": 0.1186, "PDsExtensive": 0.2212, "PDsComplete": 0.2925, "PDsExceedSlight": 0.7612, "PDsExceedModerate": 0.6325, "PDsExceedExtensive": 0.5138, "FunctDay1": 38.3, "FunctDay3": 45.0, "FunctDay7": 49.8, "FunctDay14": 50.9, "FunctDay30": 52.7, "FunctDay90": 65.7, "EconLoss": 2054937.75, "Name": "ATCHISON, TOPEKA & SANTA FE; STREAM\/R...", "City": "null", "State": "null" }, "geometry": { "type": "Point", "coordinates": [ -121.990208, 38.043985 ] } },
{ "type": "Feature", "properties": { "FacilityType": "RailwayBridge", "FacilityId": "CA000932", "Anchor": "null", "FoundationType": "null", "eqBldgType": "null", "DesignLevel": "null", "SoilType": "D", "LqfSusCat": 0, "LndSusCat": 0, "WaterDepth": 5.0, "Distance": "null", "PGA": 0.53909218311309814, "PGV": 33.995975494384766, "Sa03": 1.4119381904602051, "Sa10": 1.1746985912322998, "LqfSettlPGD": 0.0, "LqfSprPGD": 0.0, "LqfProb": 0.0, "LndPGD": 0.0, "LndProb": 0.0, "SufFltRuptPGD": 29.523393630981445, "SurfFltRuptProb": 0.5, "PDsNone": 0.261, "PDsSlight": 0.1332, "PDsModerate": 0.1199, "PDsExtensive": 0.2168, "PDsComplete": 0.2689, "PDsExceedSlight": 0.7389, "PDsExceedModerate": 0.6057, "PDsExceedExtensive": 0.4858, "FunctDay1": 40.8, "FunctDay3": 47.7, "FunctDay7": 52.5, "FunctDay14": 53.6, "FunctDay30": 55.4, "FunctDay90": 68.0, "EconLoss": 1915754.75, "Name": "ATCHISON, TOPEKA & SANTA FE; STREAM\/R...", "City": "null", "State": "null" }, "geometry": { "type": "Point", "coordinates": [ -121.921825, 38.028391 ] } },
{ "type": "Feature", "properties": { "FacilityType": "RailwayBridge", "FacilityId": "CA000935", "Anchor": "null", "FoundationType": "null", "eqBldgType": "null", "DesignLevel": "null", "SoilType": "D", "LqfSusCat": 0, "LndSusCat": 0, "WaterDepth": 5.0, "Distance": "null", "PGA": 0.56093955039978027, "PGV": 35.603309631347656, "Sa03": 1.4739805459976196, "Sa10": 1.2252141237258911, "LqfSettlPGD": 0.0, "LqfSprPGD": 0.0, "LqfProb": 0.0, "LndPGD": 0.0, "LndProb": 0.0, "SufFltRuptPGD": 29.523393630981445, "SurfFltRuptProb": 0.5, "PDsNone": 0.2387, "PDsSlight": 0.1287, "PDsModerate": 0.1186, "PDsExtensive": 0.2212, "PDsComplete": 0.2925, "PDsExceedSlight": 0.7612, "PDsExceedModerate": 0.6325, "PDsExceedExtensive": 0.5138, "FunctDay1": 38.3, "FunctDay3": 45.0, "FunctDay7": 49.8, "FunctDay14": 50.9, "FunctDay30": 52.7, "FunctDay90": 65.7, "EconLoss": 2054937.75, "Name": "SOUTHERN PACIFIC; STREAM\/RIVER", "City": "null", "State": "null" }, "geometry": { "type": "Point", "coordinates": [ -121.997076, 38.047483 ] } },
{ "type": "Feature", "properties": { "FacilityType": "RailwayBridge", "FacilityId": "CA000944", "Anchor": "null", "FoundationType": "null", "eqBldgType": "null", "DesignLevel": "null", "SoilType": "D", "LqfSusCat": 0, "LndSusCat": 0, "WaterDepth": 5.0, "Distance": "null", "PGA": 0.4887014627456665, "PGV": 21.263872146606445, "Sa03": 1.2509886026382446, "Sa10": 0.6504894495010376, "LqfSettlPGD": 0.0, "LqfSprPGD": 0.0, "LqfProb": 0.0, "LndPGD": 0.0, "LndProb": 0.0, "SufFltRuptPGD": 29.523393630981445, "SurfFltRuptProb": 0.5, "PDsNone": 0.6348, "PDsSlight": 0.1283, "PDsModerate": 0.083, "PDsExtensive": 0.099, "PDsComplete": 0.0546, "PDsExceedSlight": 0.3651, "PDsExceedModerate": 0.2367, "PDsExceedExtensive": 0.1537, "FunctDay1": 75.9, "FunctDay3": 81.6, "FunctDay7": 84.8, "FunctDay14": 85.4, "FunctDay30": 86.2, "FunctDay90": 91.4, "EconLoss": 511183.90625, "Name": "SOUTHERN PACIFIC; STREAM\/RIVER", "City": "null", "State": "null" }, "geometry": { "type": "Point", "coordinates": [ -121.617868, 37.844244 ] } },
{ "type": "Feature", "properties": { "FacilityType": "RailwayBridge", "FacilityId": "CA000945", "Anchor": "null", "FoundationType": "null", "eqBldgType": "null", "DesignLevel": "null", "SoilType": "D", "LqfSusCat": 0, "LndSusCat": 0, "WaterDepth": 5.0, "Distance": "null", "PGA": 0.51411277055740356, "PGV": 22.598207473754883, "Sa03": 1.318814754486084, "Sa10": 0.69194120168685913, "LqfSettlPGD": 0.0, "LqfSprPGD": 0.0, "LqfProb": 0.0, "LndPGD": 0.0, "LndProb": 0.0, "SufFltRuptPGD": 29.523393630981445, "SurfFltRuptProb": 0.5, "PDsNone": 0.5955, "PDsSlight": 0.1347, "PDsModerate": 0.0902, "PDsExtensive": 0.1123, "PDsComplete": 0.067, "PDsExceedSlight": 0.4044, "PDsExceedModerate": 0.2696, "PDsExceedExtensive": 0.1794, "FunctDay1": 72.7, "FunctDay3": 78.8, "FunctDay7": 82.3, "FunctDay14": 83.0, "FunctDay30": 83.8, "FunctDay90": 89.9, "EconLoss": 605029.125, "Name": "SOUTHERN PACIFIC; CANAL\/DITCH", "City": "null", "State": "null" }, "geometry": { "type": "Point", "coordinates": [ -121.597098, 37.824068 ] } },
{ "type": "Feature", "properties": { "FacilityType": "RailwayBridge", "FacilityId": "CA001023", "Anchor": "null", "FoundationType": "null", "eqBldgType": "null", "DesignLevel": "null", "SoilType": "D", "LqfSusCat": 0, "LndSusCat": 0, "WaterDepth": 5.0, "Distance": "null", "PGA": 0.88981062173843384, "PGV": 37.460258483886719, "Sa03": 2.213346004486084, "Sa10": 1.0647217035293579, "LqfSettlPGD": 0.0, "LqfSprPGD": 0.0, "LqfProb": 0.0, "LndPGD": 0.0, "LndProb": 0.0, "SufFltRuptPGD": 29.523393630981445, "SurfFltRuptProb": 0.5, "PDsNone": 0.3168, "PDsSlight": 0.1414, "PDsModerate": 0.1206, "PDsExtensive": 0.2032, "PDsComplete": 0.2177, "PDsExceedSlight": 0.6831, "PDsExceedModerate": 0.5416, "PDsExceedExtensive": 0.4209, "FunctDay1": 46.9, "FunctDay3": 54.0, "FunctDay7": 58.8, "FunctDay14": 59.9, "FunctDay30": 61.5, "FunctDay90": 73.0, "EconLoss": 1606799.125, "Name": "BARTD (C3008); OAKLAND BLVD", "City": "null", "State": "null" }, "geometry": { "type": "Point", "coordinates": [ -122.069692, 37.901824 ] } },
{ "type": "Feature", "properties": { "FacilityType": "RailwayBridge", "FacilityId": "CA001025", "Anchor": "null", "FoundationType": "null", "eqBldgType": "null", "DesignLevel": "null", "SoilType": "D", "LqfSusCat": 0, "LndSusCat": 0, "WaterDepth": 5.0, "Distance": "null", "PGA": 0.88981062173843384, "PGV": 37.460258483886719, "Sa03": 2.213346004486084, "Sa10": 1.0647217035293579, "LqfSettlPGD": 0.0, "LqfSprPGD": 0.0, "LqfProb": 0.0, "LndPGD": 0.0, "LndProb": 0.0, "SufFltRuptPGD": 29.523393630981445, "SurfFltRuptProb": 0.5, "PDsNone": 0.3168, "PDsSlight": 0.1414, "PDsModerate": 0.1206, "PDsExtensive": 0.2032, "PDsComplete": 0.2177, "PDsExceedSlight": 0.6831, "PDsExceedModerate": 0.5416, "PDsExceedExtensive": 0.4209, "FunctDay1": 46.9, "FunctDay3": 54.0, "FunctDay7": 58.8, "FunctDay14": 59.9, "FunctDay30": 61.5, "FunctDay90": 73.0, "EconLoss": 1606799.125, "Name": "BARTD (C3010); N. CALIFORNIA BLVD", "City": "null", "State": "null" }, "geometry": { "type": "Point", "coordinates": [ -122.066516, 37.90711 ] } },
{ "type": "Feature", "properties": { "FacilityType": "RailwayBridge", "FacilityId": "CA001029", "Anchor": "null", "FoundationType": "null", "eqBldgType": "null", "DesignLevel": "null", "SoilType": "D", "LqfSusCat": 0, "LndSusCat": 0, "WaterDepth": 5.0, "Distance": "null", "PGA": 0.80157685279846191, "PGV": 43.148735046386719, "Sa03": 1.9964525699615479, "Sa10": 1.3447792530059814, "LqfSettlPGD": 0.0, "LqfSprPGD": 0.0, "LqfProb": 0.0, "LndPGD": 0.0, "LndProb": 0.0, "SufFltRuptPGD": 29.523393630981445, "SurfFltRuptProb": 0.5, "PDsNone": 0.1933, "PDsSlight": 0.1174, "PDsModerate": 0.1139, "PDsExtensive": 0.2272, "PDsComplete": 0.348, "PDsExceedSlight": 0.8066, "PDsExceedModerate": 0.6892, "PDsExceedExtensive": 0.5752, "FunctDay1": 32.9, "FunctDay3": 39.2, "FunctDay7": 43.8, "FunctDay14": 44.9, "FunctDay30": 46.8, "FunctDay90": 60.5, "EconLoss": 2375199.5, "Name": "COWELL ROAD; BARTD (C3013)", "City": "null", "State": "null" }, "geometry": { "type": "Point", "coordinates": [ -122.031226, 37.968443 ] } },
{ "type": "Feature", "properties": { "FacilityType": "RailwayBridge", "FacilityId": "CA001030", "Anchor": "null", "FoundationType": "null", "eqBldgType": "null", "DesignLevel": "null", "SoilType": "D", "LqfSusCat": 0, "LndSusCat": 0, "WaterDepth": 5.0, "Distance": "null", "PGA": 0.88981062173843384, "PGV": 37.460258483886719, "Sa03": 2.213346004486084, "Sa10": 1.0647217035293579, "LqfSettlPGD": 0.0, "LqfSprPGD": 0.0, "LqfProb": 0.0, "LndPGD": 0.0, "LndProb": 0.0, "SufFltRuptPGD": 29.523393630981445, "SurfFltRuptProb": 0.5, "PDsNone": 0.3168, "PDsSlight": 0.1414, "PDsModerate": 0.1206, "PDsExtensive": 0.2032, "PDsComplete": 0.2177, "PDsExceedSlight": 0.6831, "PDsExceedModerate": 0.5416, "PDsExceedExtensive": 0.4209, "FunctDay1": 46.9, "FunctDay3": 54.0, "FunctDay7": 58.8, "FunctDay14": 59.9, "FunctDay30": 61.5, "FunctDay90": 73.0, "EconLoss": 1606799.125, "Name": "BARTD (C3010); PARKSIDE ROAD", "City": "null", "State": "null" }, "geometry": { "type": "Point", "coordinates": [ -122.064049, 37.91183 ] } },
{ "type": "Feature", "properties": { "FacilityType": "RailwayBridge", "FacilityId": "CA001035", "Anchor": "null", "FoundationType": "null", "eqBldgType": "null", "DesignLevel": "null", "SoilType": "D", "LqfSusCat": 0, "LndSusCat": 0, "WaterDepth": 5.0, "Distance": "null", "PGA": 0.88981062173843384, "PGV": 37.460258483886719, "Sa03": 2.213346004486084, "Sa10": 1.0647217035293579, "LqfSettlPGD": 0.0, "LqfSprPGD": 0.0, "LqfProb": 0.0, "LndPGD": 0.0, "LndProb": 0.0, "SufFltRuptPGD": 29.523393630981445, "SurfFltRuptProb": 0.5, "PDsNone": 0.3168, "PDsSlight": 0.1414, "PDsModerate": 0.1206, "PDsExtensive": 0.2032, "PDsComplete": 0.2177, "PDsExceedSlight": 0.6831, "PDsExceedModerate": 0.5416, "PDsExceedExtensive": 0.4209, "FunctDay1": 46.9, "FunctDay3": 54.0, "FunctDay7": 58.8, "FunctDay14": 59.9, "FunctDay30": 61.5, "FunctDay90": 73.0, "EconLoss": 1606799.125, "Name": "BARTD (C3009); YGNACIO VALLEY RD", "City": "null", "State": "null" }, "geometry": { "type": "Point", "coordinates": [ -122.068085, 37.904503 ] } },
{ "type": "Feature", "properties": { "FacilityType": "RailwayBridge", "FacilityId": "CA001037", "Anchor": "null", "FoundationType": "null", "eqBldgType": "null", "DesignLevel": "null", "SoilType": "D", "LqfSusCat": 0, "LndSusCat": 0, "WaterDepth": 5.0, "Distance": "null", "PGA": 0.57965898513793945, "PGV": 37.648345947265625, "Sa03": 1.4969432353973389, "Sa10": 1.2751612663269043, "LqfSettlPGD": 0.0, "LqfSprPGD": 0.0, "LqfProb": 0.0, "LndPGD": 0.0, "LndProb": 0.0, "SufFltRuptPGD": 29.523393630981445, "SurfFltRuptProb": 0.5, "PDsNone": 0.2185, "PDsSlight": 0.1241, "PDsModerate": 0.1169, "PDsExtensive": 0.2244, "PDsComplete": 0.3158, "PDsExceedSlight": 0.7814, "PDsExceedModerate": 0.6573, "PDsExceedExtensive": 0.5403, "FunctDay1": 35.9, "FunctDay3": 42.5, "FunctDay7": 47.2, "FunctDay14": 48.3, "FunctDay30": 50.2, "FunctDay90": 63.5, "EconLoss": 2190507.75, "Name": "ATCHISON, TOPEKA & SANTA FE; SWAMP\/MARSH", "City": "null", "State": "null" }, "geometry": { "type": "Point", "coordinates": [ -122.04271, 38.035514 ] } },
{ "type": "Feature", "properties": { "FacilityType": "RailwayBridge", "FacilityId": "CA001045", "Anchor": "null", "FoundationType": "null", "eqBldgType": "null", "DesignLevel": "null", "SoilType": "D", "LqfSusCat": 0, "LndSusCat": 0, "WaterDepth": 5.0, "Distance": "null", "PGA": 0.77480834722518921, "PGV": 35.311855316162109, "Sa03": 1.9298560619354248, "Sa10": 1.0328832864761353, "LqfSettlPGD": 0.0, "LqfSprPGD": 0.0, "LqfProb": 0.0, "LndPGD": 0.0, "LndProb": 0.0, "SufFltRuptPGD": 29.523393630981445, "SurfFltRuptProb": 0.5, "PDsNone": 0.3351, "PDsSlight": 0.1433, "PDsModerate": 0.1201, "PDsExtensive": 0.1981, "PDsComplete": 0.2031, "PDsExceedSlight": 0.6648, "PDsExceedModerate": 0.5215, "PDsExceedExtensive": 0.4013, "FunctDay1": 48.8, "FunctDay3": 55.9, "FunctDay7": 60.7, "FunctDay14": 61.8, "FunctDay30": 63.3, "FunctDay90": 74.5, "EconLoss": 1516567.0, "Name": "ATCHISON, TOPEKA & SANTA FE; HASTINGS...", "City": "null", "State": "null" }, "geometry": { "type": "Point", "coordinates": [ -122.058159, 38.024862 ] } },
{ "type": "Feature", "properties": { "FacilityType": "RailwayBridge", "FacilityId": "CA001050", "Anchor": "null", "FoundationType": "null", "eqBldgType": "null", "DesignLevel": "null", "SoilType": "D", "LqfSusCat": 0, "LndSusCat": 0, "WaterDepth": 5.0, "Distance": "null", "PGA": 0.56093955039978027, "PGV": 35.603309631347656, "Sa03": 1.4739805459976196, "Sa10": 1.2252141237258911, "LqfSettlPGD": 0.0, "LqfSprPGD": 0.0, "LqfProb": 0.0, "LndPGD": 0.0, "LndProb": 0.0, "SufFltRuptPGD": 29.523393630981445, "SurfFltRuptProb": 0.5, "PDsNone": 0.2387, "PDsSlight": 0.1287, "PDsModerate": 0.1186, "PDsExtensive": 0.2212, "PDsComplete": 0.2925, "PDsExceedSlight": 0.7612, "PDsExceedModerate": 0.6325, "PDsExceedExtensive": 0.5138, "FunctDay1": 38.3, "FunctDay3": 45.0, "FunctDay7": 49.8, "FunctDay14": 50.9, "FunctDay30": 52.7, "FunctDay90": 65.7, "EconLoss": 2054937.75, "Name": "ATCHISON, TOPEKA & SANTA FE; STREAM\/R...", "City": "null", "State": "null" }, "geometry": { "type": "Point", "coordinates": [ -121.997258, 38.045113 ] } },
{ "type": "Feature", "properties": { "FacilityType": "RailwayBridge", "FacilityId": "CA001052", "Anchor": "null", "FoundationType": "null", "eqBldgType": "null", "DesignLevel": "null", "SoilType": "D", "LqfSusCat": 0, "LndSusCat": 0, "WaterDepth": 5.0, "Distance": "null", "PGA": 0.57965898513793945, "PGV": 37.648345947265625, "Sa03": 1.4969432353973389, "Sa10": 1.2751612663269043, "LqfSettlPGD": 0.0, "LqfSprPGD": 0.0, "LqfProb": 0.0, "LndPGD": 0.0, "LndProb": 0.0, "SufFltRuptPGD": 29.523393630981445, "SurfFltRuptProb": 0.5, "PDsNone": 0.2185, "PDsSlight": 0.1241, "PDsModerate": 0.1169, "PDsExtensive": 0.2244, "PDsComplete": 0.3158, "PDsExceedSlight": 0.7814, "PDsExceedModerate": 0.6573, "PDsExceedExtensive": 0.5403, "FunctDay1": 35.9, "FunctDay3": 42.5, "FunctDay7": 47.2, "FunctDay14": 48.3, "FunctDay30": 50.2, "FunctDay90": 63.5, "EconLoss": 2190507.75, "Name": "ATCHISON, TOPEKA & SANTA FE; SWAMP\/MARSH", "City": "null", "State": "null" }, "geometry": { "type": "Point", "coordinates": [ -122.038938, 38.038111 ] } },
{ "type": "Feature", "properties": { "FacilityType": "RailwayBridge", "FacilityId": "CA001056", "Anchor": "null", "FoundationType": "null", "eqBldgType": "null", "DesignLevel": "null", "SoilType": "D", "LqfSusCat": 0, "LndSusCat": 0, "WaterDepth": 5.0, "Distance": "null", "PGA": 0.54648643732070923, "PGV": 34.432701110839844, "Sa03": 1.442875862121582, "Sa10": 1.1938086748123169, "LqfSettlPGD": 0.0, "LqfSprPGD": 0.0, "LqfProb": 0.0, "LndPGD": 0.0, "LndProb": 0.0, "SufFltRuptPGD": 29.523393630981445, "SurfFltRuptProb": 0.5, "PDsNone": 0.2523, "PDsSlight": 0.1315, "PDsModerate": 0.1195, "PDsExtensive": 0.2186, "PDsComplete": 0.2778, "PDsExceedSlight": 0.7476, "PDsExceedModerate": 0.616, "PDsExceedExtensive": 0.4965, "FunctDay1": 39.8, "FunctDay3": 46.7, "FunctDay7": 51.5, "FunctDay14": 52.6, "FunctDay30": 54.3, "FunctDay90": 67.1, "EconLoss": 1968483.875, "Name": "RAILROAD; UNREPRESENTED WATERBODY", "City": "null", "State": "null" }, "geometry": { "type": "Point", "coordinates": [ -121.943921, 38.034275 ] } },
{ "type": "Feature", "properties": { "FacilityType": "RailwayBridge", "FacilityId": "CA001058", "Anchor": "null", "FoundationType": "null", "eqBldgType": "null", "DesignLevel": "null", "SoilType": "D", "LqfSusCat": 0, "LndSusCat": 0, "WaterDepth": 5.0, "Distance": "null", "PGA": 0.56093955039978027, "PGV": 35.603309631347656, "Sa03": 1.4739805459976196, "Sa10": 1.2252141237258911, "LqfSettlPGD": 0.0, "LqfSprPGD": 0.0, "LqfProb": 0.0, "LndPGD": 0.0, "LndProb": 0.0, "SufFltRuptPGD": 29.523393630981445, "SurfFltRuptProb": 0.5, "PDsNone": 0.2387, "PDsSlight": 0.1287, "PDsModerate": 0.1186, "PDsExtensive": 0.2212, "PDsComplete": 0.2925, "PDsExceedSlight": 0.7612, "PDsExceedModerate": 0.6325, "PDsExceedExtensive": 0.5138, "FunctDay1": 38.3, "FunctDay3": 45.0, "FunctDay7": 49.8, "FunctDay14": 50.9, "FunctDay30": 52.7, "FunctDay90": 65.7, "EconLoss": 2054937.75, "Name": "RAILROAD; SWAMP\/MARSH", "City": "null", "State": "null" }, "geometry": { "type": "Point", "coordinates": [ -122.019944, 38.056491 ] } },
{ "type": "Feature", "properties": { "FacilityType": "RailwayBridge", "FacilityId": "CA001061", "Anchor": "null", "FoundationType": "null", "eqBldgType": "null", "DesignLevel": "null", "SoilType": "D", "LqfSusCat": 0, "LndSusCat": 0, "WaterDepth": 5.0, "Distance": "null", "PGA": 0.54648643732070923, "PGV": 34.432701110839844, "Sa03": 1.442875862121582, "Sa10": 1.1938086748123169, "LqfSettlPGD": 0.0, "LqfSprPGD": 0.0, "LqfProb": 0.0, "LndPGD": 0.0, "LndProb": 0.0, "SufFltRuptPGD": 29.523393630981445, "SurfFltRuptProb": 0.5, "PDsNone": 0.2523, "PDsSlight": 0.1315, "PDsModerate": 0.1195, "PDsExtensive": 0.2186, "PDsComplete": 0.2778, "PDsExceedSlight": 0.7476, "PDsExceedModerate": 0.616, "PDsExceedExtensive": 0.4965, "FunctDay1": 39.8, "FunctDay3": 46.7, "FunctDay7": 51.5, "FunctDay14": 52.6, "FunctDay30": 54.3, "FunctDay90": 67.1, "EconLoss": 1968483.875, "Name": "RAILROAD; STREAM\/RIVER", "City": "null", "State": "null" }, "geometry": { "type": "Point", "coordinates": [ -121.953017, 38.036586 ] } },
{ "type": "Feature", "properties": { "FacilityType": "RailwayBridge", "FacilityId": "CA001063", "Anchor": "null", "FoundationType": "null", "eqBldgType": "null", "DesignLevel": "null", "SoilType": "D", "LqfSusCat": 0, "LndSusCat": 0, "WaterDepth": 5.0, "Distance": "null", "PGA": 0.56093955039978027, "PGV": 35.603309631347656, "Sa03": 1.4739805459976196, "Sa10": 1.2252141237258911, "LqfSettlPGD": 0.0, "LqfSprPGD": 0.0, "LqfProb": 0.0, "LndPGD": 0.0, "LndProb": 0.0, "SufFltRuptPGD": 29.523393630981445, "SurfFltRuptProb": 0.5, "PDsNone": 0.2387, "PDsSlight": 0.1287, "PDsModerate": 0.1186, "PDsExtensive": 0.2212, "PDsComplete": 0.2925, "PDsExceedSlight": 0.7612, "PDsExceedModerate": 0.6325, "PDsExceedExtensive": 0.5138, "FunctDay1": 38.3, "FunctDay3": 45.0, "FunctDay7": 49.8, "FunctDay14": 50.9, "FunctDay30": 52.7, "FunctDay90": 65.7, "EconLoss": 2054937.75, "Name": "RAILROAD; PACIFIC OCEAN", "City": "null", "State": "null" }, "geometry": { "type": "Point", "coordinates": [ -122.019693, 38.056909 ] } },
{ "type": "Feature", "properties": { "FacilityType": "RailwayBridge", "FacilityId": "CA001067", "Anchor": "null", "FoundationType": "null", "eqBldgType": "null", "DesignLevel": "null", "SoilType": "D", "LqfSusCat": 0, "LndSusCat": 0, "WaterDepth": 5.0, "Distance": "null", "PGA": 0.54648643732070923, "PGV": 34.432701110839844, "Sa03": 1.442875862121582, "Sa10": 1.1938086748123169, "LqfSettlPGD": 0.0, "LqfSprPGD": 0.0, "LqfProb": 0.0, "LndPGD": 0.0, "LndProb": 0.0, "SufFltRuptPGD": 29.523393630981445, "SurfFltRuptProb": 0.5, "PDsNone": 0.2523, "PDsSlight": 0.1315, "PDsModerate": 0.1195, "PDsExtensive": 0.2186, "PDsComplete": 0.2778, "PDsExceedSlight": 0.7476, "PDsExceedModerate": 0.616, "PDsExceedExtensive": 0.4965, "FunctDay1": 39.8, "FunctDay3": 46.7, "FunctDay7": 51.5, "FunctDay14": 52.6, "FunctDay30": 54.3, "FunctDay90": 67.1, "EconLoss": 1968483.875, "Name": "ATCHISON, TOPEKA & SANTA FE; STREAM\/R...", "City": "null", "State": "null" }, "geometry": { "type": "Point", "coordinates": [ -121.953226, 38.036356 ] } },
{ "type": "Feature", "properties": { "FacilityType": "RailwayBridge", "FacilityId": "CA001068", "Anchor": "null", "FoundationType": "null", "eqBldgType": "null", "DesignLevel": "null", "SoilType": "D", "LqfSusCat": 0, "LndSusCat": 0, "WaterDepth": 5.0, "Distance": "null", "PGA": 0.57965898513793945, "PGV": 37.648345947265625, "Sa03": 1.4969432353973389, "Sa10": 1.2751612663269043, "LqfSettlPGD": 0.0, "LqfSprPGD": 0.0, "LqfProb": 0.0, "LndPGD": 0.0, "LndProb": 0.0, "SufFltRuptPGD": 29.523393630981445, "SurfFltRuptProb": 0.5, "PDsNone": 0.2185, "PDsSlight": 0.1241, "PDsModerate": 0.1169, "PDsExtensive": 0.2244, "PDsComplete": 0.3158, "PDsExceedSlight": 0.7814, "PDsExceedModerate": 0.6573, "PDsExceedExtensive": 0.5403, "FunctDay1": 35.9, "FunctDay3": 42.5, "FunctDay7": 47.2, "FunctDay14": 48.3, "FunctDay30": 50.2, "FunctDay90": 63.5, "EconLoss": 2190507.75, "Name": "SOUTHERN PACIFIC; HASTINGS SLOUGH", "City": "null", "State": "null" }, "geometry": { "type": "Point", "coordinates": [ -122.053017, 38.039044 ] } },
{ "type": "Feature", "properties": { "FacilityType": "RailwayBridge", "FacilityId": "CA001072", "Anchor": "null", "FoundationType": "null", "eqBldgType": "null", "DesignLevel": "null", "SoilType": "D", "LqfSusCat": 0, "LndSusCat": 0, "WaterDepth": 5.0, "Distance": "null", "PGA": 0.54648643732070923, "PGV": 34.432701110839844, "Sa03": 1.442875862121582, "Sa10": 1.1938086748123169, "LqfSettlPGD": 0.0, "LqfSprPGD": 0.0, "LqfProb": 0.0, "LndPGD": 0.0, "LndProb": 0.0, "SufFltRuptPGD": 29.523393630981445, "SurfFltRuptProb": 0.5, "PDsNone": 0.2523, "PDsSlight": 0.1315, "PDsModerate": 0.1195, "PDsExtensive": 0.2186, "PDsComplete": 0.2778, "PDsExceedSlight": 0.7476, "PDsExceedModerate": 0.616, "PDsExceedExtensive": 0.4965, "FunctDay1": 39.8, "FunctDay3": 46.7, "FunctDay7": 51.5, "FunctDay14": 52.6, "FunctDay30": 54.3, "FunctDay90": 67.1, "EconLoss": 1968483.875, "Name": "ATCHISON, TOPEKA & SANTA FE; STREAM\/R...", "City": "null", "State": "null" }, "geometry": { "type": "Point", "coordinates": [ -121.953275, 38.036142 ] } },
{ "type": "Feature", "properties": { "FacilityType": "RailwayBridge", "FacilityId": "CA001093", "Anchor": "null", "FoundationType": "null", "eqBldgType": "null", "DesignLevel": "null", "SoilType": "D", "LqfSusCat": 0, "LndSusCat": 0, "WaterDepth": 5.0, "Distance": "null", "PGA": 0.48198771476745605, "PGV": 22.136066436767578, "Sa03": 1.2626924514770508, "Sa10": 0.71629953384399414, "LqfSettlPGD": 0.0, "LqfSprPGD": 0.0, "LqfProb": 0.0, "LndPGD": 0.0, "LndProb": 0.0, "SufFltRuptPGD": 29.523393630981445, "SurfFltRuptProb": 0.5, "PDsNone": 0.573, "PDsSlight": 0.1378, "PDsModerate": 0.0941, "PDsExtensive": 0.12, "PDsComplete": 0.0748, "PDsExceedSlight": 0.4269, "PDsExceedModerate": 0.289, "PDsExceedExtensive": 0.1949, "FunctDay1": 70.9, "FunctDay3": 77.1, "FunctDay7": 80.8, "FunctDay14": 81.5, "FunctDay30": 82.4, "FunctDay90": 88.9, "EconLoss": 662668.75, "Name": "ATCHISON, TOPEKA & SANTA FE; MARSH CREEK", "City": "null", "State": "null" }, "geometry": { "type": "Point", "coordinates": [ -121.696117, 37.991491 ] } },
{ "type": "Feature", "properties": { "FacilityType": "RailwayBridge", "FacilityId": "CA001130", "Anchor": "null", "FoundationType": "null", "eqBldgType": "null", "DesignLevel": "null", "SoilType": "D", "LqfSusCat": 0, "LndSusCat": 0, "WaterDepth": 5.0, "Distance": "null", "PGA": 0.54648643732070923, "PGV": 34.432701110839844, "Sa03": 1.442875862121582, "Sa10": 1.1938086748123169, "LqfSettlPGD": 0.0, "LqfSprPGD": 0.0, "LqfProb": 0.0, "LndPGD": 0.0, "LndProb": 0.0, "SufFltRuptPGD": 29.523393630981445, "SurfFltRuptProb": 0.5, "PDsNone": 0.2523, "PDsSlight": 0.1315, "PDsModerate": 0.1195, "PDsExtensive": 0.2186, "PDsComplete": 0.2778, "PDsExceedSlight": 0.7476, "PDsExceedModerate": 0.616, "PDsExceedExtensive": 0.4965, "FunctDay1": 39.8, "FunctDay3": 46.7, "FunctDay7": 51.5, "FunctDay14": 52.6, "FunctDay30": 54.3, "FunctDay90": 67.1, "EconLoss": 1968483.875, "Name": "UNREPRESENTED RAILROAD; UNREPRESENTED...", "City": "null", "State": "null" }, "geometry": { "type": "Point", "coordinates": [ -121.93734, 38.032601 ] } },
{ "type": "Feature", "properties": { "FacilityType": "RailwayBridge", "FacilityId": "CA001131", "Anchor": "null", "FoundationType": "null", "eqBldgType": "null", "DesignLevel": "null", "SoilType": "D", "LqfSusCat": 0, "LndSusCat": 0, "WaterDepth": 5.0, "Distance": "null", "PGA": 0.54648643732070923, "PGV": 34.432701110839844, "Sa03": 1.442875862121582, "Sa10": 1.1938086748123169, "LqfSettlPGD": 0.0, "LqfSprPGD": 0.0, "LqfProb": 0.0, "LndPGD": 0.0, "LndProb": 0.0, "SufFltRuptPGD": 29.523393630981445, "SurfFltRuptProb": 0.5, "PDsNone": 0.2523, "PDsSlight": 0.1315, "PDsModerate": 0.1195, "PDsExtensive": 0.2186, "PDsComplete": 0.2778, "PDsExceedSlight": 0.7476, "PDsExceedModerate": 0.616, "PDsExceedExtensive": 0.4965, "FunctDay1": 39.8, "FunctDay3": 46.7, "FunctDay7": 51.5, "FunctDay14": 52.6, "FunctDay30": 54.3, "FunctDay90": 67.1, "EconLoss": 1968483.875, "Name": "RAILROAD; STREAM\/RIVER", "City": "null", "State": "null" }, "geometry": { "type": "Point", "coordinates": [ -121.931717, 38.031171 ] } },
{ "type": "Feature", "properties": { "FacilityType": "RailwayBridge", "FacilityId": "CA001132", "Anchor": "null", "FoundationType": "null", "eqBldgType": "null", "DesignLevel": "null", "SoilType": "D", "LqfSusCat": 0, "LndSusCat": 0, "WaterDepth": 5.0, "Distance": "null", "PGA": 0.54648643732070923, "PGV": 34.432701110839844, "Sa03": 1.442875862121582, "Sa10": 1.1938086748123169, "LqfSettlPGD": 0.0, "LqfSprPGD": 0.0, "LqfProb": 0.0, "LndPGD": 0.0, "LndProb": 0.0, "SufFltRuptPGD": 29.523393630981445, "SurfFltRuptProb": 0.5, "PDsNone": 0.2523, "PDsSlight": 0.1315, "PDsModerate": 0.1195, "PDsExtensive": 0.2186, "PDsComplete": 0.2778, "PDsExceedSlight": 0.7476, "PDsExceedModerate": 0.616, "PDsExceedExtensive": 0.4965, "FunctDay1": 39.8, "FunctDay3": 46.7, "FunctDay7": 51.5, "FunctDay14": 52.6, "FunctDay30": 54.3, "FunctDay90": 67.1, "EconLoss": 1968483.875, "Name": "ATCHISON, TOPEKA & SANTA FE; UNREPRES...", "City": "null", "State": "null" }, "geometry": { "type": "Point", "coordinates": [ -121.937471, 38.032356 ] } },
{ "type": "Feature", "properties": { "FacilityType": "RailwayBridge", "FacilityId": "CA001133", "Anchor": "null", "FoundationType": "null", "eqBldgType": "null", "DesignLevel": "null", "SoilType": "D", "LqfSusCat": 0, "LndSusCat": 0, "WaterDepth": 5.0, "Distance": "null", "PGA": 0.54648643732070923, "PGV": 34.432701110839844, "Sa03": 1.442875862121582, "Sa10": 1.1938086748123169, "LqfSettlPGD": 0.0, "LqfSprPGD": 0.0, "LqfProb": 0.0, "LndPGD": 0.0, "LndProb": 0.0, "SufFltRuptPGD": 29.523393630981445, "SurfFltRuptProb": 0.5, "PDsNone": 0.2523, "PDsSlight": 0.1315, "PDsModerate": 0.1195, "PDsExtensive": 0.2186, "PDsComplete": 0.2778, "PDsExceedSlight": 0.7476, "PDsExceedModerate": 0.616, "PDsExceedExtensive": 0.4965, "FunctDay1": 39.8, "FunctDay3": 46.7, "FunctDay7": 51.5, "FunctDay14": 52.6, "FunctDay30": 54.3, "FunctDay90": 67.1, "EconLoss": 1968483.875, "Name": "ATCHISON, TOPEKA & SANTA FE; STREAM\/R...", "City": "null", "State": "null" }, "geometry": { "type": "Point", "coordinates": [ -121.931953, 38.030951 ] } },
{ "type": "Feature", "properties": { "FacilityType": "RailwayBridge", "FacilityId": "CA001139", "Anchor": "null", "FoundationType": "null", "eqBldgType": "null", "DesignLevel": "null", "SoilType": "D", "LqfSusCat": 0, "LndSusCat": 0, "WaterDepth": 5.0, "Distance": "null", "PGA": 0.56093955039978027, "PGV": 35.603309631347656, "Sa03": 1.4739805459976196, "Sa10": 1.2252141237258911, "LqfSettlPGD": 0.0, "LqfSprPGD": 0.0, "LqfProb": 0.0, "LndPGD": 0.0, "LndProb": 0.0, "SufFltRuptPGD": 29.523393630981445, "SurfFltRuptProb": 0.5, "PDsNone": 0.2387, "PDsSlight": 0.1287, "PDsModerate": 0.1186, "PDsExtensive": 0.2212, "PDsComplete": 0.2925, "PDsExceedSlight": 0.7612, "PDsExceedModerate": 0.6325, "PDsExceedExtensive": 0.5138, "FunctDay1": 38.3, "FunctDay3": 45.0, "FunctDay7": 49.8, "FunctDay14": 50.9, "FunctDay30": 52.7, "FunctDay90": 65.7, "EconLoss": 2054937.75, "Name": "ATCHISON, TOPEKA & SANTA FE; STREAM\/R...", "City": "null", "State": "null" }, "geometry": { "type": "Point", "coordinates": [ -121.990398, 38.044319 ] } },
{ "type": "Feature", "properties": { "FacilityType": "RailwayBridge", "FacilityId": "CA001140", "Anchor": "null", "FoundationType": "null", "eqBldgType": "null", "DesignLevel": "null", "SoilType": "D", "LqfSusCat": 0, "LndSusCat": 0, "WaterDepth": 5.0, "Distance": "null", "PGA": 0.53909218311309814, "PGV": 33.995975494384766, "Sa03": 1.4119381904602051, "Sa10": 1.1746985912322998, "LqfSettlPGD": 0.0, "LqfSprPGD": 0.0, "LqfProb": 0.0, "LndPGD": 0.0, "LndProb": 0.0, "SufFltRuptPGD": 29.523393630981445, "SurfFltRuptProb": 0.5, "PDsNone": 0.261, "PDsSlight": 0.1332, "PDsModerate": 0.1199, "PDsExtensive": 0.2168, "PDsComplete": 0.2689, "PDsExceedSlight": 0.7389, "PDsExceedModerate": 0.6057, "PDsExceedExtensive": 0.4858, "FunctDay1": 40.8, "FunctDay3": 47.7, "FunctDay7": 52.5, "FunctDay14": 53.6, "FunctDay30": 55.4, "FunctDay90": 68.0, "EconLoss": 1915754.75, "Name": "ATCHISON, TOPEKA & SANTA FE; STREAM\/R...", "City": "null", "State": "null" }, "geometry": { "type": "Point", "coordinates": [ -121.905825, 38.026379 ] } },
{ "type": "Feature", "properties": { "FacilityType": "RailwayBridge", "FacilityId": "CA001141", "Anchor": "null", "FoundationType": "null", "eqBldgType": "null", "DesignLevel": "null", "SoilType": "D", "LqfSusCat": 0, "LndSusCat": 0, "WaterDepth": 5.0, "Distance": "null", "PGA": 0.62511557340621948, "PGV": 26.522377014160156, "Sa03": 1.5736724138259888, "Sa10": 0.79263198375701904, "LqfSettlPGD": 0.0, "LqfSprPGD": 0.0, "LqfProb": 0.0, "LndPGD": 0.0, "LndProb": 0.0, "SufFltRuptPGD": 29.523393630981445, "SurfFltRuptProb": 0.5, "PDsNone": 0.5061, "PDsSlight": 0.1445, "PDsModerate": 0.1045, "PDsExtensive": 0.1429, "PDsComplete": 0.1017, "PDsExceedSlight": 0.4938, "PDsExceedModerate": 0.3492, "PDsExceedExtensive": 0.2447, "FunctDay1": 65.1, "FunctDay3": 71.8, "FunctDay7": 75.9, "FunctDay14": 76.8, "FunctDay30": 77.8, "FunctDay90": 85.6, "EconLoss": 854182.8125, "Name": "UPRR SPUR; STATE ROUTE 4", "City": "null", "State": "null" }, "geometry": { "type": "Point", "coordinates": [ -121.866732, 38.011735 ] } },
{ "type": "Feature", "properties": { "FacilityType": "RailwayBridge", "FacilityId": "CA001159", "Anchor": "null", "FoundationType": "null", "eqBldgType": "null", "DesignLevel": "null", "SoilType": "D", "LqfSusCat": 0, "LndSusCat": 0, "WaterDepth": 5.0, "Distance": "null", "PGA": 0.62511557340621948, "PGV": 26.522377014160156, "Sa03": 1.5736724138259888, "Sa10": 0.79263198375701904, "LqfSettlPGD": 0.0, "LqfSprPGD": 0.0, "LqfProb": 0.0, "LndPGD": 0.0, "LndProb": 0.0, "SufFltRuptPGD": 29.523393630981445, "SurfFltRuptProb": 0.5, "PDsNone": 0.5061, "PDsSlight": 0.1445, "PDsModerate": 0.1045, "PDsExtensive": 0.1429, "PDsComplete": 0.1017, "PDsExceedSlight": 0.4938, "PDsExceedModerate": 0.3492, "PDsExceedExtensive": 0.2447, "FunctDay1": 65.1, "FunctDay3": 71.8, "FunctDay7": 75.9, "FunctDay14": 76.8, "FunctDay30": 77.8, "FunctDay90": 85.6, "EconLoss": 854182.8125, "Name": "SOUTHERN PACIFIC; STREAM\/RIVER", "City": "null", "State": "null" }, "geometry": { "type": "Point", "coordinates": [ -121.84478, 38.009846 ] } },
{ "type": "Feature", "properties": { "FacilityType": "RailwayBridge", "FacilityId": "CA001185", "Anchor": "null", "FoundationType": "null", "eqBldgType": "null", "DesignLevel": "null", "SoilType": "D", "LqfSusCat": 0, "LndSusCat": 0, "WaterDepth": 5.0, "Distance": "null", "PGA": 0.80157685279846191, "PGV": 43.148735046386719, "Sa03": 1.9964525699615479, "Sa10": 1.3447792530059814, "LqfSettlPGD": 0.0, "LqfSprPGD": 0.0, "LqfProb": 0.0, "LndPGD": 0.0, "LndProb": 0.0, "SufFltRuptPGD": 29.523393630981445, "SurfFltRuptProb": 0.5, "PDsNone": 0.1933, "PDsSlight": 0.1174, "PDsModerate": 0.1139, "PDsExtensive": 0.2272, "PDsComplete": 0.348, "PDsExceedSlight": 0.8066, "PDsExceedModerate": 0.6892, "PDsExceedExtensive": 0.5752, "FunctDay1": 32.9, "FunctDay3": 39.2, "FunctDay7": 43.8, "FunctDay14": 44.9, "FunctDay30": 46.8, "FunctDay90": 60.5, "EconLoss": 2375199.5, "Name": "RAILROAD; WALNUT CREEK", "City": "null", "State": "null" }, "geometry": { "type": "Point", "coordinates": [ -122.047647, 37.933623 ] } },
{ "type": "Feature", "properties": { "FacilityType": "RailwayBridge", "FacilityId": "CA001192", "Anchor": "null", "FoundationType": "null", "eqBldgType": "null", "DesignLevel": "null", "SoilType": "D", "LqfSusCat": 0, "LndSusCat": 0, "WaterDepth": 5.0, "Distance": "null", "PGA": 0.80157685279846191, "PGV": 43.148735046386719, "Sa03": 1.9964525699615479, "Sa10": 1.3447792530059814, "LqfSettlPGD": 0.0, "LqfSprPGD": 0.0, "LqfProb": 0.0, "LndPGD": 0.0, "LndProb": 0.0, "SufFltRuptPGD": 29.523393630981445, "SurfFltRuptProb": 0.5, "PDsNone": 0.1933, "PDsSlight": 0.1174, "PDsModerate": 0.1139, "PDsExtensive": 0.2272, "PDsComplete": 0.348, "PDsExceedSlight": 0.8066, "PDsExceedModerate": 0.6892, "PDsExceedExtensive": 0.5752, "FunctDay1": 32.9, "FunctDay3": 39.2, "FunctDay7": 43.8, "FunctDay14": 44.9, "FunctDay30": 46.8, "FunctDay90": 60.5, "EconLoss": 2375199.5, "Name": "BARTD (C3011); TREAT BLVD", "City": "null", "State": "null" }, "geometry": { "type": "Point", "coordinates": [ -122.058325, 37.926498 ] } },
{ "type": "Feature", "properties": { "FacilityType": "RailwayBridge", "FacilityId": "CA001199", "Anchor": "null", "FoundationType": "null", "eqBldgType": "null", "DesignLevel": "null", "SoilType": "D", "LqfSusCat": 0, "LndSusCat": 0, "WaterDepth": 5.0, "Distance": "null", "PGA": 0.80157685279846191, "PGV": 43.148735046386719, "Sa03": 1.9964525699615479, "Sa10": 1.3447792530059814, "LqfSettlPGD": 0.0, "LqfSprPGD": 0.0, "LqfProb": 0.0, "LndPGD": 0.0, "LndProb": 0.0, "SufFltRuptPGD": 29.523393630981445, "SurfFltRuptProb": 0.5, "PDsNone": 0.1933, "PDsSlight": 0.1174, "PDsModerate": 0.1139, "PDsExtensive": 0.2272, "PDsComplete": 0.348, "PDsExceedSlight": 0.8066, "PDsExceedModerate": 0.6892, "PDsExceedExtensive": 0.5752, "FunctDay1": 32.9, "FunctDay3": 39.2, "FunctDay7": 43.8, "FunctDay14": 44.9, "FunctDay30": 46.8, "FunctDay90": 60.5, "EconLoss": 2375199.5, "Name": "OAK GROVE ROAD; BARTD (C5023)", "City": "null", "State": "null" }, "geometry": { "type": "Point", "coordinates": [ -122.029141, 37.943155 ] } },
{ "type": "Feature", "properties": { "FacilityType": "RailwayBridge", "FacilityId": "CA001244", "Anchor": "null", "FoundationType": "null", "eqBldgType": "null", "DesignLevel": "null", "SoilType": "D", "LqfSusCat": 0, "LndSusCat": 0, "WaterDepth": 5.0, "Distance": "null", "PGA": 0.53909218311309814, "PGV": 33.995975494384766, "Sa03": 1.4119381904602051, "Sa10": 1.1746985912322998, "LqfSettlPGD": 0.0, "LqfSprPGD": 0.0, "LqfProb": 0.0, "LndPGD": 0.0, "LndProb": 0.0, "SufFltRuptPGD": 29.523393630981445, "SurfFltRuptProb": 0.5, "PDsNone": 0.261, "PDsSlight": 0.1332, "PDsModerate": 0.1199, "PDsExtensive": 0.2168, "PDsComplete": 0.2689, "PDsExceedSlight": 0.7389, "PDsExceedModerate": 0.6057, "PDsExceedExtensive": 0.4858, "FunctDay1": 40.8, "FunctDay3": 47.7, "FunctDay7": 52.5, "FunctDay14": 53.6, "FunctDay30": 55.4, "FunctDay90": 68.0, "EconLoss": 1915754.75, "Name": "WILLOW PASS ROAD; UP RR", "City": "null", "State": "null" }, "geometry": { "type": "Point", "coordinates": [ -121.917929, 38.027515 ] } },
{ "type": "Feature", "properties": { "FacilityType": "RailwayBridge", "FacilityId": "CA001246", "Anchor": "null", "FoundationType": "null", "eqBldgType": "null", "DesignLevel": "null", "SoilType": "D", "LqfSusCat": 0, "LndSusCat": 0, "WaterDepth": 5.0, "Distance": "null", "PGA": 0.53909218311309814, "PGV": 33.995975494384766, "Sa03": 1.4119381904602051, "Sa10": 1.1746985912322998, "LqfSettlPGD": 0.0, "LqfSprPGD": 0.0, "LqfProb": 0.0, "LndPGD": 0.0, "LndProb": 0.0, "SufFltRuptPGD": 29.523393630981445, "SurfFltRuptProb": 0.5, "PDsNone": 0.261, "PDsSlight": 0.1332, "PDsModerate": 0.1199, "PDsExtensive": 0.2168, "PDsComplete": 0.2689, "PDsExceedSlight": 0.7389, "PDsExceedModerate": 0.6057, "PDsExceedExtensive": 0.4858, "FunctDay1": 40.8, "FunctDay3": 47.7, "FunctDay7": 52.5, "FunctDay14": 53.6, "FunctDay30": 55.4, "FunctDay90": 68.0, "EconLoss": 1915754.75, "Name": "WILLOW PASS RD; BNSF RY & AMTRAK, UP RR", "City": "null", "State": "null" }, "geometry": { "type": "Point", "coordinates": [ -121.917845, 38.02778 ] } },
{ "type": "Feature", "properties": { "FacilityType": "RailwayBridge", "FacilityId": "CA001259", "Anchor": "null", "FoundationType": "null", "eqBldgType": "null", "DesignLevel": "null", "SoilType": "D", "LqfSusCat": 0, "LndSusCat": 0, "WaterDepth": 5.0, "Distance": "null", "PGA": 0.62511557340621948, "PGV": 26.522377014160156, "Sa03": 1.5736724138259888, "Sa10": 0.79263198375701904, "LqfSettlPGD": 0.0, "LqfSprPGD": 0.0, "LqfProb": 0.0, "LndPGD": 0.0, "LndProb": 0.0, "SufFltRuptPGD": 29.523393630981445, "SurfFltRuptProb": 0.5, "PDsNone": 0.5061, "PDsSlight": 0.1445, "PDsModerate": 0.1045, "PDsExtensive": 0.1429, "PDsComplete": 0.1017, "PDsExceedSlight": 0.4938, "PDsExceedModerate": 0.3492, "PDsExceedExtensive": 0.2447, "FunctDay1": 65.1, "FunctDay3": 71.8, "FunctDay7": 75.9, "FunctDay14": 76.8, "FunctDay30": 77.8, "FunctDay90": 85.6, "EconLoss": 854182.8125, "Name": "SOUTHERN PACIFIC; KIRKER CREEK", "City": "null", "State": "null" }, "geometry": { "type": "Point", "coordinates": [ -121.869522, 38.018057 ] } },
{ "type": "Feature", "properties": { "FacilityType": "RailwayBridge", "FacilityId": "CA001262", "Anchor": "null", "FoundationType": "null", "eqBldgType": "null", "DesignLevel": "null", "SoilType": "D", "LqfSusCat": 0, "LndSusCat": 0, "WaterDepth": 5.0, "Distance": "null", "PGA": 0.53909218311309814, "PGV": 33.995975494384766, "Sa03": 1.4119381904602051, "Sa10": 1.1746985912322998, "LqfSettlPGD": 0.0, "LqfSprPGD": 0.0, "LqfProb": 0.0, "LndPGD": 0.0, "LndProb": 0.0, "SufFltRuptPGD": 29.523393630981445, "SurfFltRuptProb": 0.5, "PDsNone": 0.261, "PDsSlight": 0.1332, "PDsModerate": 0.1199, "PDsExtensive": 0.2168, "PDsComplete": 0.2689, "PDsExceedSlight": 0.7389, "PDsExceedModerate": 0.6057, "PDsExceedExtensive": 0.4858, "FunctDay1": 40.8, "FunctDay3": 47.7, "FunctDay7": 52.5, "FunctDay14": 53.6, "FunctDay30": 55.4, "FunctDay90": 68.0, "EconLoss": 1915754.75, "Name": "SOLARI ST; BNSF RY & AMTRAK", "City": "null", "State": "null" }, "geometry": { "type": "Point", "coordinates": [ -121.881212, 38.026267 ] } },
{ "type": "Feature", "properties": { "FacilityType": "RailwayBridge", "FacilityId": "CA001265", "Anchor": "null", "FoundationType": "null", "eqBldgType": "null", "DesignLevel": "null", "SoilType": "D", "LqfSusCat": 0, "LndSusCat": 0, "WaterDepth": 5.0, "Distance": "null", "PGA": 0.53909218311309814, "PGV": 33.995975494384766, "Sa03": 1.4119381904602051, "Sa10": 1.1746985912322998, "LqfSettlPGD": 0.0, "LqfSprPGD": 0.0, "LqfProb": 0.0, "LndPGD": 0.0, "LndProb": 0.0, "SufFltRuptPGD": 29.523393630981445, "SurfFltRuptProb": 0.5, "PDsNone": 0.261, "PDsSlight": 0.1332, "PDsModerate": 0.1199, "PDsExtensive": 0.2168, "PDsComplete": 0.2689, "PDsExceedSlight": 0.7389, "PDsExceedModerate": 0.6057, "PDsExceedExtensive": 0.4858, "FunctDay1": 40.8, "FunctDay3": 47.7, "FunctDay7": 52.5, "FunctDay14": 53.6, "FunctDay30": 55.4, "FunctDay90": 68.0, "EconLoss": 1915754.75, "Name": "HARBOR ST; BNSF RY, UP RR, & AMTRAK", "City": "null", "State": "null" }, "geometry": { "type": "Point", "coordinates": [ -121.878643, 38.025715 ] } },
{ "type": "Feature", "properties": { "FacilityType": "RailwayBridge", "FacilityId": "CA001268", "Anchor": "null", "FoundationType": "null", "eqBldgType": "null", "DesignLevel": "null", "SoilType": "D", "LqfSusCat": 0, "LndSusCat": 0, "WaterDepth": 5.0, "Distance": "null", "PGA": 0.53909218311309814, "PGV": 33.995975494384766, "Sa03": 1.4119381904602051, "Sa10": 1.1746985912322998, "LqfSettlPGD": 0.0, "LqfSprPGD": 0.0, "LqfProb": 0.0, "LndPGD": 0.0, "LndProb": 0.0, "SufFltRuptPGD": 29.523393630981445, "SurfFltRuptProb": 0.5, "PDsNone": 0.261, "PDsSlight": 0.1332, "PDsModerate": 0.1199, "PDsExtensive": 0.2168, "PDsComplete": 0.2689, "PDsExceedSlight": 0.7389, "PDsExceedModerate": 0.6057, "PDsExceedExtensive": 0.4858, "FunctDay1": 40.8, "FunctDay3": 47.7, "FunctDay7": 52.5, "FunctDay14": 53.6, "FunctDay30": 55.4, "FunctDay90": 68.0, "EconLoss": 1915754.75, "Name": "RAILROAD; STREAM\/RIVER", "City": "null", "State": "null" }, "geometry": { "type": "Point", "coordinates": [ -121.914174, 38.027182 ] } },
{ "type": "Feature", "properties": { "FacilityType": "RailwayBridge", "FacilityId": "CA001272", "Anchor": "null", "FoundationType": "null", "eqBldgType": "null", "DesignLevel": "null", "SoilType": "D", "LqfSusCat": 0, "LndSusCat": 0, "WaterDepth": 5.0, "Distance": "null", "PGA": 0.54648643732070923, "PGV": 34.432701110839844, "Sa03": 1.442875862121582, "Sa10": 1.1938086748123169, "LqfSettlPGD": 0.0, "LqfSprPGD": 0.0, "LqfProb": 0.0, "LndPGD": 0.0, "LndProb": 0.0, "SufFltRuptPGD": 29.523393630981445, "SurfFltRuptProb": 0.5, "PDsNone": 0.2523, "PDsSlight": 0.1315, "PDsModerate": 0.1195, "PDsExtensive": 0.2186, "PDsComplete": 0.2778, "PDsExceedSlight": 0.7476, "PDsExceedModerate": 0.616, "PDsExceedExtensive": 0.4965, "FunctDay1": 39.8, "FunctDay3": 46.7, "FunctDay7": 51.5, "FunctDay14": 52.6, "FunctDay30": 54.3, "FunctDay90": 67.1, "EconLoss": 1968483.875, "Name": "ATCHISON, TOPEKA & SANTA FE; STREAM\/R...", "City": "null", "State": "null" }, "geometry": { "type": "Point", "coordinates": [ -121.930053, 38.030472 ] } },
{ "type": "Feature", "properties": { "FacilityType": "RailwayBridge", "FacilityId": "CA001326", "Anchor": "null", "FoundationType": "null", "eqBldgType": "null", "DesignLevel": "null", "SoilType": "D", "LqfSusCat": 0, "LndSusCat": 0, "WaterDepth": 5.0, "Distance": "null", "PGA": 0.57236021757125854, "PGV": 23.94725227355957, "Sa03": 1.4608070850372314, "Sa10": 0.72987604141235352, "LqfSettlPGD": 0.0, "LqfSprPGD": 0.0, "LqfProb": 0.0, "LndPGD": 0.0, "LndProb": 0.0, "SufFltRuptPGD": 29.523393630981445, "SurfFltRuptProb": 0.5, "PDsNone": 0.5607, "PDsSlight": 0.1393, "PDsModerate": 0.0962, "PDsExtensive": 0.1242, "PDsComplete": 0.0793, "PDsExceedSlight": 0.4392, "PDsExceedModerate": 0.2998, "PDsExceedExtensive": 0.2036, "FunctDay1": 69.9, "FunctDay3": 76.2, "FunctDay7": 79.9, "FunctDay14": 80.7, "FunctDay30": 81.6, "FunctDay90": 88.3, "EconLoss": 695460.25, "Name": "CAVALLO ROAD; UP RR", "City": "null", "State": "null" }, "geometry": { "type": "Point", "coordinates": [ -121.797155, 37.999977 ] } },
{ "type": "Feature", "properties": { "FacilityType": "RailwayBridge", "FacilityId": "CA001330", "Anchor": "null", "FoundationType": "null", "eqBldgType": "null", "DesignLevel": "null", "SoilType": "D", "LqfSusCat": 0, "LndSusCat": 0, "WaterDepth": 5.0, "Distance": "null", "PGA": 0.57236021757125854, "PGV": 23.94725227355957, "Sa03": 1.4608070850372314, "Sa10": 0.72987604141235352, "LqfSettlPGD": 0.0, "LqfSprPGD": 0.0, "LqfProb": 0.0, "LndPGD": 0.0, "LndProb": 0.0, "SufFltRuptPGD": 29.523393630981445, "SurfFltRuptProb": 0.5, "PDsNone": 0.5607, "PDsSlight": 0.1393, "PDsModerate": 0.0962, "PDsExtensive": 0.1242, "PDsComplete": 0.0793, "PDsExceedSlight": 0.4392, "PDsExceedModerate": 0.2998, "PDsExceedExtensive": 0.2036, "FunctDay1": 69.9, "FunctDay3": 76.2, "FunctDay7": 79.9, "FunctDay14": 80.7, "FunctDay30": 81.6, "FunctDay90": 88.3, "EconLoss": 695460.25, "Name": "L ST; UP RR", "City": "null", "State": "null" }, "geometry": { "type": "Point", "coordinates": [ -121.819895, 38.004556 ] } },
{ "type": "Feature", "properties": { "FacilityType": "RailwayBridge", "FacilityId": "CA001334", "Anchor": "null", "FoundationType": "null", "eqBldgType": "null", "DesignLevel": "null", "SoilType": "D", "LqfSusCat": 0, "LndSusCat": 0, "WaterDepth": 5.0, "Distance": "null", "PGA": 0.57236021757125854, "PGV": 23.94725227355957, "Sa03": 1.4608070850372314, "Sa10": 0.72987604141235352, "LqfSettlPGD": 0.0, "LqfSprPGD": 0.0, "LqfProb": 0.0, "LndPGD": 0.0, "LndProb": 0.0, "SufFltRuptPGD": 29.523393630981445, "SurfFltRuptProb": 0.5, "PDsNone": 0.5607, "PDsSlight": 0.1393, "PDsModerate": 0.0962, "PDsExtensive": 0.1242, "PDsComplete": 0.0793, "PDsExceedSlight": 0.4392, "PDsExceedModerate": 0.2998, "PDsExceedExtensive": 0.2036, "FunctDay1": 69.9, "FunctDay3": 76.2, "FunctDay7": 79.9, "FunctDay14": 80.7, "FunctDay30": 81.6, "FunctDay90": 88.3, "EconLoss": 695460.25, "Name": "ATCHISON, TOPEKA & SANTA FE; STREAM\/R...", "City": "null", "State": "null" }, "geometry": { "type": "Point", "coordinates": [ -121.807498, 38.016455 ] } },
{ "type": "Feature", "properties": { "FacilityType": "RailwayBridge", "FacilityId": "CA001343", "Anchor": "null", "FoundationType": "null", "eqBldgType": "null", "DesignLevel": "null", "SoilType": "D", "LqfSusCat": 0, "LndSusCat": 0, "WaterDepth": 5.0, "Distance": "null", "PGA": 0.5400269627571106, "PGV": 23.361949920654297, "Sa03": 1.3766359090805054, "Sa10": 0.70610624551773071, "LqfSettlPGD": 0.0, "LqfSprPGD": 0.0, "LqfProb": 0.0, "LndPGD": 0.0, "LndProb": 0.0, "SufFltRuptPGD": 29.523393630981445, "SurfFltRuptProb": 0.5, "PDsNone": 0.5824, "PDsSlight": 0.1366, "PDsModerate": 0.0925, "PDsExtensive": 0.1168, "PDsComplete": 0.0715, "PDsExceedSlight": 0.4175, "PDsExceedModerate": 0.2809, "PDsExceedExtensive": 0.1883, "FunctDay1": 71.7, "FunctDay3": 77.8, "FunctDay7": 81.4, "FunctDay14": 82.1, "FunctDay30": 83.0, "FunctDay90": 89.3, "EconLoss": 638406.625, "Name": "SOUTHERN PACIFIC; CANAL\/DITCH", "City": "null", "State": "null" }, "geometry": { "type": "Point", "coordinates": [ -121.684176, 37.917982 ] } },
{ "type": "Feature", "properties": { "FacilityType": "RailwayBridge", "FacilityId": "CA001345", "Anchor": "null", "FoundationType": "null", "eqBldgType": "null", "DesignLevel": "null", "SoilType": "D", "LqfSusCat": 0, "LndSusCat": 0, "WaterDepth": 5.0, "Distance": "null", "PGA": 0.44523391127586365, "PGV": 20.587066650390625, "Sa03": 1.1699280738830566, "Sa10": 0.65869975090026855, "LqfSettlPGD": 0.0, "LqfSprPGD": 0.0, "LqfProb": 0.0, "LndPGD": 0.0, "LndProb": 0.0, "SufFltRuptPGD": 29.523393630981445, "SurfFltRuptProb": 0.5, "PDsNone": 0.6269, "PDsSlight": 0.1297, "PDsModerate": 0.0845, "PDsExtensive": 0.1017, "PDsComplete": 0.057, "PDsExceedSlight": 0.373, "PDsExceedModerate": 0.2432, "PDsExceedExtensive": 0.1587, "FunctDay1": 75.3, "FunctDay3": 81.0, "FunctDay7": 84.3, "FunctDay14": 84.9, "FunctDay30": 85.7, "FunctDay90": 91.1, "EconLoss": 529602.4375, "Name": "ATCHISON, TOPEKA & SANTA FE; CANAL\/DITCH", "City": "null", "State": "null" }, "geometry": { "type": "Point", "coordinates": [ -121.61236, 37.940001 ] } },
{ "type": "Feature", "properties": { "FacilityType": "RailwayBridge", "FacilityId": "CA001353", "Anchor": "null", "FoundationType": "null", "eqBldgType": "null", "DesignLevel": "null", "SoilType": "D", "LqfSusCat": 0, "LndSusCat": 0, "WaterDepth": 5.0, "Distance": "null", "PGA": 0.50870001316070557, "PGV": 21.449508666992188, "Sa03": 1.2920339107513428, "Sa10": 0.64752256870269775, "LqfSettlPGD": 0.0, "LqfSprPGD": 0.0, "LqfProb": 0.0, "LndPGD": 0.0, "LndProb": 0.0, "SufFltRuptPGD": 29.523393630981445, "SurfFltRuptProb": 0.5, "PDsNone": 0.6377, "PDsSlight": 0.1278, "PDsModerate": 0.0825, "PDsExtensive": 0.098, "PDsComplete": 0.0538, "PDsExceedSlight": 0.3622, "PDsExceedModerate": 0.2344, "PDsExceedExtensive": 0.1519, "FunctDay1": 76.1, "FunctDay3": 81.8, "FunctDay7": 85.0, "FunctDay14": 85.6, "FunctDay30": 86.3, "FunctDay90": 91.6, "EconLoss": 504896.46875, "Name": "SOUTHERN PACIFIC; PIPELINE", "City": "null", "State": "null" }, "geometry": { "type": "Point", "coordinates": [ -121.71671, 37.954105 ] } },
{ "type": "Feature", "properties": { "FacilityType": "RailwayBridge", "FacilityId": "CA001355", "Anchor": "null", "FoundationType": "null", "eqBldgType": "null", "DesignLevel": "null", "SoilType": "D", "LqfSusCat": 0, "LndSusCat": 0, "WaterDepth": 5.0, "Distance": "null", "PGA": 0.50870001316070557, "PGV": 21.449508666992188, "Sa03": 1.2920339107513428, "Sa10": 0.64752256870269775, "LqfSettlPGD": 0.0, "LqfSprPGD": 0.0, "LqfProb": 0.0, "LndPGD": 0.0, "LndProb": 0.0, "SufFltRuptPGD": 29.523393630981445, "SurfFltRuptProb": 0.5, "PDsNone": 0.6377, "PDsSlight": 0.1278, "PDsModerate": 0.0825, "PDsExtensive": 0.098, "PDsComplete": 0.0538, "PDsExceedSlight": 0.3622, "PDsExceedModerate": 0.2344, "PDsExceedExtensive": 0.1519, "FunctDay1": 76.1, "FunctDay3": 81.8, "FunctDay7": 85.0, "FunctDay14": 85.6, "FunctDay30": 86.3, "FunctDay90": 91.6, "EconLoss": 504896.46875, "Name": "SOUTHERN PACIFIC; MARSH CREEK", "City": "null", "State": "null" }, "geometry": { "type": "Point", "coordinates": [ -121.706394, 37.942663 ] } },
{ "type": "Feature", "properties": { "FacilityType": "RailwayBridge", "FacilityId": "CA001357", "Anchor": "null", "FoundationType": "null", "eqBldgType": "null", "DesignLevel": "null", "SoilType": "D", "LqfSusCat": 0, "LndSusCat": 0, "WaterDepth": 5.0, "Distance": "null", "PGA": 0.51867413520812988, "PGV": 20.313316345214844, "Sa03": 1.2736611366271973, "Sa10": 0.57016360759735107, "LqfSettlPGD": 0.0, "LqfSprPGD": 0.0, "LqfProb": 0.0, "LndPGD": 0.0, "LndProb": 0.0, "SufFltRuptPGD": 29.523393630981445, "SurfFltRuptProb": 0.5, "PDsNone": 0.7137, "PDsSlight": 0.1116, "PDsModerate": 0.067, "PDsExtensive": 0.0731, "PDsComplete": 0.0343, "PDsExceedSlight": 0.2862, "PDsExceedModerate": 0.1745, "PDsExceedExtensive": 0.1074, "FunctDay1": 82.0, "FunctDay3": 86.7, "FunctDay7": 89.3, "FunctDay14": 89.8, "FunctDay30": 90.3, "FunctDay90": 94.2, "EconLoss": 348700.25, "Name": "SOUTHERN PACIFIC; STREAM\/RIVER", "City": "null", "State": "null" }, "geometry": { "type": "Point", "coordinates": [ -121.633763, 37.861937 ] } },
{ "type": "Feature", "properties": { "FacilityType": "RailwayBridge", "FacilityId": "CA001360", "Anchor": "null", "FoundationType": "null", "eqBldgType": "null", "DesignLevel": "null", "SoilType": "D", "LqfSusCat": 0, "LndSusCat": 0, "WaterDepth": 5.0, "Distance": "null", "PGA": 0.50216132402420044, "PGV": 21.556356430053711, "Sa03": 1.2761011123657227, "Sa10": 0.64873725175857544, "LqfSettlPGD": 0.0, "LqfSprPGD": 0.0, "LqfProb": 0.0, "LndPGD": 0.0, "LndProb": 0.0, "SufFltRuptPGD": 29.523393630981445, "SurfFltRuptProb": 0.5, "PDsNone": 0.6365, "PDsSlight": 0.128, "PDsModerate": 0.0827, "PDsExtensive": 0.0984, "PDsComplete": 0.0541, "PDsExceedSlight": 0.3634, "PDsExceedModerate": 0.2353, "PDsExceedExtensive": 0.1526, "FunctDay1": 76.0, "FunctDay3": 81.7, "FunctDay7": 84.9, "FunctDay14": 85.5, "FunctDay30": 86.3, "FunctDay90": 91.5, "EconLoss": 507297.625, "Name": "SOUTHERN PACIFIC; CANAL\/DITCH", "City": "null", "State": "null" }, "geometry": { "type": "Point", "coordinates": [ -121.651736, 37.881917 ] } },
{ "type": "Feature", "properties": { "FacilityType": "RailwayBridge", "FacilityId": "CA001363", "Anchor": "null", "FoundationType": "null", "eqBldgType": "null", "DesignLevel": "null", "SoilType": "D", "LqfSusCat": 0, "LndSusCat": 0, "WaterDepth": 5.0, "Distance": "null", "PGA": 0.4887014627456665, "PGV": 21.263872146606445, "Sa03": 1.2509886026382446, "Sa10": 0.6504894495010376, "LqfSettlPGD": 0.0, "LqfSprPGD": 0.0, "LqfProb": 0.0, "LndPGD": 0.0, "LndProb": 0.0, "SufFltRuptPGD": 29.523393630981445, "SurfFltRuptProb": 0.5, "PDsNone": 0.6348, "PDsSlight": 0.1283, "PDsModerate": 0.083, "PDsExtensive": 0.099, "PDsComplete": 0.0546, "PDsExceedSlight": 0.3651, "PDsExceedModerate": 0.2367, "PDsExceedExtensive": 0.1537, "FunctDay1": 75.9, "FunctDay3": 81.6, "FunctDay7": 84.8, "FunctDay14": 85.4, "FunctDay30": 86.2, "FunctDay90": 91.4, "EconLoss": 511183.90625, "Name": "SOUTHERN PACIFIC; STREAM\/RIVER", "City": "null", "State": "null" }, "geometry": { "type": "Point", "coordinates": [ -121.609422, 37.834827 ] } },
{ "type": "Feature", "properties": { "FacilityType": "RailwayBridge", "FacilityId": "CA001366", "Anchor": "null", "FoundationType": "null", "eqBldgType": "null", "DesignLevel": "null", "SoilType": "D", "LqfSusCat": 0, "LndSusCat": 0, "WaterDepth": 5.0, "Distance": "null", "PGA": 0.4887014627456665, "PGV": 21.263872146606445, "Sa03": 1.2509886026382446, "Sa10": 0.6504894495010376, "LqfSettlPGD": 0.0, "LqfSprPGD": 0.0, "LqfProb": 0.0, "LndPGD": 0.0, "LndProb": 0.0, "SufFltRuptPGD": 29.523393630981445, "SurfFltRuptProb": 0.5, "PDsNone": 0.6348, "PDsSlight": 0.1283, "PDsModerate": 0.083, "PDsExtensive": 0.099, "PDsComplete": 0.0546, "PDsExceedSlight": 0.3651, "PDsExceedModerate": 0.2367, "PDsExceedExtensive": 0.1537, "FunctDay1": 75.9, "FunctDay3": 81.6, "FunctDay7": 84.8, "FunctDay14": 85.4, "FunctDay30": 86.2, "FunctDay90": 91.4, "EconLoss": 511183.90625, "Name": "SOUTHERN PACIFIC; BRUSHY CREEK", "City": "null", "State": "null" }, "geometry": { "type": "Point", "coordinates": [ -121.609985, 37.835455 ] } },
{ "type": "Feature", "properties": { "FacilityType": "RailwayBridge", "FacilityId": "CA001369", "Anchor": "null", "FoundationType": "null", "eqBldgType": "null", "DesignLevel": "null", "SoilType": "D", "LqfSusCat": 0, "LndSusCat": 0, "WaterDepth": 5.0, "Distance": "null", "PGA": 0.51411277055740356, "PGV": 22.598207473754883, "Sa03": 1.318814754486084, "Sa10": 0.69194120168685913, "LqfSettlPGD": 0.0, "LqfSprPGD": 0.0, "LqfProb": 0.0, "LndPGD": 0.0, "LndProb": 0.0, "SufFltRuptPGD": 29.523393630981445, "SurfFltRuptProb": 0.5, "PDsNone": 0.5955, "PDsSlight": 0.1347, "PDsModerate": 0.0902, "PDsExtensive": 0.1123, "PDsComplete": 0.067, "PDsExceedSlight": 0.4044, "PDsExceedModerate": 0.2696, "PDsExceedExtensive": 0.1794, "FunctDay1": 72.7, "FunctDay3": 78.8, "FunctDay7": 82.3, "FunctDay14": 83.0, "FunctDay30": 83.8, "FunctDay90": 89.9, "EconLoss": 605029.125, "Name": "SOUTHERN PACIFIC; CANAL\/DITCH", "City": "null", "State": "null" }, "geometry": { "type": "Point", "coordinates": [ -121.595368, 37.822987 ] } },
{ "type": "Feature", "properties": { "FacilityType": "RailwayBridge", "FacilityId": "CA001371", "Anchor": "null", "FoundationType": "null", "eqBldgType": "null", "DesignLevel": "null", "SoilType": "D", "LqfSusCat": 0, "LndSusCat": 0, "WaterDepth": 5.0, "Distance": "null", "PGA": 0.51411277055740356, "PGV": 22.598207473754883, "Sa03": 1.318814754486084, "Sa10": 0.69194120168685913, "LqfSettlPGD": 0.0, "LqfSprPGD": 0.0, "LqfProb": 0.0, "LndPGD": 0.0, "LndProb": 0.0, "SufFltRuptPGD": 29.523393630981445, "SurfFltRuptProb": 0.5, "PDsNone": 0.5955, "PDsSlight": 0.1347, "PDsModerate": 0.0902, "PDsExtensive": 0.1123, "PDsComplete": 0.067, "PDsExceedSlight": 0.4044, "PDsExceedModerate": 0.2696, "PDsExceedExtensive": 0.1794, "FunctDay1": 72.7, "FunctDay3": 78.8, "FunctDay7": 82.3, "FunctDay14": 83.0, "FunctDay30": 83.8, "FunctDay90": 89.9, "EconLoss": 605029.125, "Name": "SOUTHERN PACIFIC; CANAL\/DITCH", "City": "null", "State": "null" }, "geometry": { "type": "Point", "coordinates": [ -121.578365, 37.81243 ] } },
{ "type": "Feature", "properties": { "FacilityType": "RailwayBridge", "FacilityId": "CA001377", "Anchor": "null", "FoundationType": "null", "eqBldgType": "null", "DesignLevel": "null", "SoilType": "D", "LqfSusCat": 0, "LndSusCat": 0, "WaterDepth": 5.0, "Distance": "null", "PGA": 0.88981062173843384, "PGV": 37.460258483886719, "Sa03": 2.213346004486084, "Sa10": 1.0647217035293579, "LqfSettlPGD": 0.0, "LqfSprPGD": 0.0, "LqfProb": 0.0, "LndPGD": 0.0, "LndProb": 0.0, "SufFltRuptPGD": 29.523393630981445, "SurfFltRuptProb": 0.5, "PDsNone": 0.3168, "PDsSlight": 0.1414, "PDsModerate": 0.1206, "PDsExtensive": 0.2032, "PDsComplete": 0.2177, "PDsExceedSlight": 0.6831, "PDsExceedModerate": 0.5416, "PDsExceedExtensive": 0.4209, "FunctDay1": 46.9, "FunctDay3": 54.0, "FunctDay7": 58.8, "FunctDay14": 59.9, "FunctDay30": 61.5, "FunctDay90": 73.0, "EconLoss": 1606799.125, "Name": "INTERSTATE RTE 680; BARTD (C007)", "City": "null", "State": "null" }, "geometry": { "type": "Point", "coordinates": [ -122.069615, 37.90197 ] } },
{ "type": "Feature", "properties": { "FacilityType": "RailwayBridge", "FacilityId": "CA001378", "Anchor": "null", "FoundationType": "null", "eqBldgType": "null", "DesignLevel": "null", "SoilType": "D", "LqfSusCat": 0, "LndSusCat": 0, "WaterDepth": 5.0, "Distance": "null", "PGA": 0.88981062173843384, "PGV": 37.460258483886719, "Sa03": 2.213346004486084, "Sa10": 1.0647217035293579, "LqfSettlPGD": 0.0, "LqfSprPGD": 0.0, "LqfProb": 0.0, "LndPGD": 0.0, "LndProb": 0.0, "SufFltRuptPGD": 29.523393630981445, "SurfFltRuptProb": 0.5, "PDsNone": 0.3168, "PDsSlight": 0.1414, "PDsModerate": 0.1206, "PDsExtensive": 0.2032, "PDsComplete": 0.2177, "PDsExceedSlight": 0.6831, "PDsExceedModerate": 0.5416, "PDsExceedExtensive": 0.4209, "FunctDay1": 46.9, "FunctDay3": 54.0, "FunctDay7": 58.8, "FunctDay14": 59.9, "FunctDay30": 61.5, "FunctDay90": 73.0, "EconLoss": 1606799.125, "Name": "INTERSTATE RTE 680; BARTD (C007)", "City": "null", "State": "null" }, "geometry": { "type": "Point", "coordinates": [ -122.069615, 37.90197 ] } },
{ "type": "Feature", "properties": { "FacilityType": "RailwayBridge", "FacilityId": "CA001379", "Anchor": "null", "FoundationType": "null", "eqBldgType": "null", "DesignLevel": "null", "SoilType": "D", "LqfSusCat": 0, "LndSusCat": 0, "WaterDepth": 5.0, "Distance": "null", "PGA": 0.88981062173843384, "PGV": 37.460258483886719, "Sa03": 2.213346004486084, "Sa10": 1.0647217035293579, "LqfSettlPGD": 0.0, "LqfSprPGD": 0.0, "LqfProb": 0.0, "LndPGD": 0.0, "LndProb": 0.0, "SufFltRuptPGD": 29.523393630981445, "SurfFltRuptProb": 0.5, "PDsNone": 0.3168, "PDsSlight": 0.1414, "PDsModerate": 0.1206, "PDsExtensive": 0.2032, "PDsComplete": 0.2177, "PDsExceedSlight": 0.6831, "PDsExceedModerate": 0.5416, "PDsExceedExtensive": 0.4209, "FunctDay1": 46.9, "FunctDay3": 54.0, "FunctDay7": 58.8, "FunctDay14": 59.9, "FunctDay30": 61.5, "FunctDay90": 73.0, "EconLoss": 1606799.125, "Name": "INTERSTATE RTE 680; BARTD (C007)", "City": "null", "State": "null" }, "geometry": { "type": "Point", "coordinates": [ -122.069615, 37.90197 ] } },
{ "type": "Feature", "properties": { "FacilityType": "RailwayBridge", "FacilityId": "CA001385", "Anchor": "null", "FoundationType": "null", "eqBldgType": "null", "DesignLevel": "null", "SoilType": "D", "LqfSusCat": 0, "LndSusCat": 0, "WaterDepth": 5.0, "Distance": "null", "PGA": 0.88981062173843384, "PGV": 37.460258483886719, "Sa03": 2.213346004486084, "Sa10": 1.0647217035293579, "LqfSettlPGD": 0.0, "LqfSprPGD": 0.0, "LqfProb": 0.0, "LndPGD": 0.0, "LndProb": 0.0, "SufFltRuptPGD": 29.523393630981445, "SurfFltRuptProb": 0.5, "PDsNone": 0.3168, "PDsSlight": 0.1414, "PDsModerate": 0.1206, "PDsExtensive": 0.2032, "PDsComplete": 0.2177, "PDsExceedSlight": 0.6831, "PDsExceedModerate": 0.5416, "PDsExceedExtensive": 0.4209, "FunctDay1": 46.9, "FunctDay3": 54.0, "FunctDay7": 58.8, "FunctDay14": 59.9, "FunctDay30": 61.5, "FunctDay90": 73.0, "EconLoss": 1606799.125, "Name": "INTERSTATE RTE 680; BARTD (C007)", "City": "null", "State": "null" }, "geometry": { "type": "Point", "coordinates": [ -122.069615, 37.90197 ] } },
{ "type": "Feature", "properties": { "FacilityType": "RailwayBridge", "FacilityId": "CA001387", "Anchor": "null", "FoundationType": "null", "eqBldgType": "null", "DesignLevel": "null", "SoilType": "D", "LqfSusCat": 0, "LndSusCat": 0, "WaterDepth": 5.0, "Distance": "null", "PGA": 0.88981062173843384, "PGV": 37.460258483886719, "Sa03": 2.213346004486084, "Sa10": 1.0647217035293579, "LqfSettlPGD": 0.0, "LqfSprPGD": 0.0, "LqfProb": 0.0, "LndPGD": 0.0, "LndProb": 0.0, "SufFltRuptPGD": 29.523393630981445, "SurfFltRuptProb": 0.5, "PDsNone": 0.3168, "PDsSlight": 0.1414, "PDsModerate": 0.1206, "PDsExtensive": 0.2032, "PDsComplete": 0.2177, "PDsExceedSlight": 0.6831, "PDsExceedModerate": 0.5416, "PDsExceedExtensive": 0.4209, "FunctDay1": 46.9, "FunctDay3": 54.0, "FunctDay7": 58.8, "FunctDay14": 59.9, "FunctDay30": 61.5, "FunctDay90": 73.0, "EconLoss": 1606799.125, "Name": "INTERSTATE RTE 680; BARTD (C007)", "City": "null", "State": "null" }, "geometry": { "type": "Point", "coordinates": [ -122.069615, 37.90197 ] } },
{ "type": "Feature", "properties": { "FacilityType": "RailwayTunnel", "FacilityId": "CA000001", "Anchor": "null", "FoundationType": "null", "eqBldgType": "null", "DesignLevel": "null", "SoilType": "D", "LqfSusCat": 0, "LndSusCat": 0, "WaterDepth": 5.0, "Distance": "null", "PGA": 0.76386553049087524, "PGV": 29.488838195800781, "Sa03": 1.8258516788482666, "Sa10": 0.83847570419311523, "LqfSettlPGD": 0.0, "LqfSprPGD": 0.0, "LqfProb": 0.0, "LndPGD": 0.0, "LndProb": 0.0, "SufFltRuptPGD": 29.523393630981445, "SurfFltRuptProb": 0.5, "PDsNone": 0.2399, "PDsSlight": 0.2021, "PDsModerate": 0.5578, "PDsExtensive": 0.0, "PDsComplete": 0.0, "PDsExceedSlight": 0.76, "PDsExceedModerate": 0.5578, "PDsExceedExtensive": 0.0, "FunctDay1": 99.9, "FunctDay3": 99.9, "FunctDay7": 99.9, "FunctDay14": 99.9, "FunctDay30": 99.9, "FunctDay90": 99.9, "EconLoss": 13619.09765625, "Name": "BN&SF RR", "City": "null", "State": "null" }, "geometry": { "type": "Point", "coordinates": [ -122.12, 37.99333 ] } },
{ "type": "Feature", "properties": { "FacilityType": "RailwayTunnel", "FacilityId": "CA000002", "Anchor": "null", "FoundationType": "null", "eqBldgType": "null", "DesignLevel": "null", "SoilType": "D", "LqfSusCat": 0, "LndSusCat": 0, "WaterDepth": 5.0, "Distance": "null", "PGA": 0.83762073516845703, "PGV": 37.623123168945313, "Sa03": 2.1028585433959961, "Sa10": 1.1015702486038208, "LqfSettlPGD": 0.0, "LqfSprPGD": 0.0, "LqfProb": 0.0, "LndPGD": 0.0, "LndProb": 0.0, "SufFltRuptPGD": 29.523393630981445, "SurfFltRuptProb": 0.5, "PDsNone": 0.1949, "PDsSlight": 0.1875, "PDsModerate": 0.6175, "PDsExtensive": 0.0, "PDsComplete": 0.0, "PDsExceedSlight": 0.805, "PDsExceedModerate": 0.6175, "PDsExceedExtensive": 0.0, "FunctDay1": 99.9, "FunctDay3": 99.9, "FunctDay7": 99.9, "FunctDay14": 99.9, "FunctDay30": 99.9, "FunctDay90": 99.9, "EconLoss": 313491.5, "Name": "WALNUT CREEK UC (BARTD)", "City": "null", "State": "null" }, "geometry": { "type": "Point", "coordinates": [ -122.07667, 37.89167 ] } },
{ "type": "Feature", "properties": { "FacilityType": "WasteWaterFlty", "FacilityId": "CA000009", "Anchor": "FALSE", "FoundationType": "null", "eqBldgType": "DFLT", "DesignLevel": "LC", "SoilType": "D", "LqfSusCat": 0, "LndSusCat": 0, "WaterDepth": 5.0, "Distance": "null", "PGA": 0.48198771476745605, "PGV": 22.136066436767578, "Sa03": 1.2626924514770508, "Sa10": 0.71629953384399414, "LqfSettlPGD": 0.0, "LqfSprPGD": 0.0, "LqfProb": 0.0, "LndPGD": 0.0, "LndProb": 0.0, "SufFltRuptPGD": 29.523393630981445, "SurfFltRuptProb": 0.5, "PDsNone": 0.0258, "PDsSlight": 0.1888, "PDsModerate": 0.4277, "PDsExtensive": 0.2862, "PDsComplete": 0.0713, "PDsExceedSlight": 0.9741, "PDsExceedModerate": 0.7853, "PDsExceedExtensive": 0.3575, "FunctDay1": 15.2, "FunctDay3": 38.0, "FunctDay7": 61.3, "FunctDay14": 65.7, "FunctDay30": 68.8, "FunctDay90": 91.4, "EconLoss": 54442520.0, "Name": "IRONHOUSE SD WRF", "City": "OAKLEY", "State": "CA" }, "geometry": { "type": "Point", "coordinates": [ -121.707001, 37.997799 ] } },
{ "type": "Feature", "properties": { "FacilityType": "WasteWaterFlty", "FacilityId": "CA000072", "Anchor": "FALSE", "FoundationType": "null", "eqBldgType": "DFLT", "DesignLevel": "LC", "SoilType": "D", "LqfSusCat": 0, "LndSusCat": 0, "WaterDepth": 5.0, "Distance": "null", "PGA": 0.4619385302066803, "PGV": 21.552145004272461, "Sa03": 1.2130423784255981, "Sa10": 0.69543164968490601, "LqfSettlPGD": 0.0, "LqfSprPGD": 0.0, "LqfProb": 0.0, "LndPGD": 0.0, "LndProb": 0.0, "SufFltRuptPGD": 29.523393630981445, "SurfFltRuptProb": 0.5, "PDsNone": 0.0304, "PDsSlight": 0.2055, "PDsModerate": 0.4325, "PDsExtensive": 0.2686, "PDsComplete": 0.0628, "PDsExceedSlight": 0.9695, "PDsExceedModerate": 0.764, "PDsExceedExtensive": 0.3314, "FunctDay1": 16.2, "FunctDay3": 40.2, "FunctDay7": 63.8, "FunctDay14": 68.2, "FunctDay30": 71.1, "FunctDay90": 92.2, "EconLoss": 51432504.0, "Name": "DISCOVERY BAY WWTP", "City": "DISCOVERY BAY", "State": "CA" }, "geometry": { "type": "Point", "coordinates": [ -121.586998, 37.894699 ] } },
{ "type": "Feature", "properties": { "FacilityType": "WasteWaterFlty", "FacilityId": "CA000088", "Anchor": "FALSE", "FoundationType": "null", "eqBldgType": "DFLT", "DesignLevel": "LC", "SoilType": "D", "LqfSusCat": 0, "LndSusCat": 0, "WaterDepth": 5.0, "Distance": "null", "PGA": 0.74830800294876099, "PGV": 32.61968994140625, "Sa03": 1.848130464553833, "Sa10": 0.93514639139175415, "LqfSettlPGD": 0.0, "LqfSprPGD": 0.0, "LqfProb": 0.0, "LndPGD": 0.0, "LndProb": 0.0, "SufFltRuptPGD": 29.523393630981445, "SurfFltRuptProb": 0.5, "PDsNone": 0.0036, "PDsSlight": 0.0601, "PDsModerate": 0.2925, "PDsExtensive": 0.4286, "PDsComplete": 0.2149, "PDsExceedSlight": 0.9963, "PDsExceedModerate": 0.9361, "PDsExceedExtensive": 0.6436, "FunctDay1": 7.3, "FunctDay3": 18.7, "FunctDay7": 34.3, "FunctDay14": 37.9, "FunctDay30": 42.7, "FunctDay90": 77.6, "EconLoss": 89232672.0, "Name": "RODEO SD WPCF", "City": "RODEO", "State": "CA" }, "geometry": { "type": "Point", "coordinates": [ -122.264, 38.0401 ] } },
{ "type": "Feature", "properties": { "FacilityType": "WasteWaterFlty", "FacilityId": "CA000146", "Anchor": "FALSE", "FoundationType": "null", "eqBldgType": "DFLT", "DesignLevel": "LC", "SoilType": "D", "LqfSusCat": 0, "LndSusCat": 0, "WaterDepth": 5.0, "Distance": "null", "PGA": 0.77480834722518921, "PGV": 35.311855316162109, "Sa03": 1.9298560619354248, "Sa10": 1.0328832864761353, "LqfSettlPGD": 0.0, "LqfSprPGD": 0.0, "LqfProb": 0.0, "LndPGD": 0.0, "LndProb": 0.0, "SufFltRuptPGD": 29.523393630981445, "SurfFltRuptProb": 0.5, "PDsNone": 0.0031, "PDsSlight": 0.0537, "PDsModerate": 0.2781, "PDsExtensive": 0.434, "PDsComplete": 0.2309, "PDsExceedSlight": 0.9968, "PDsExceedModerate": 0.9431, "PDsExceedExtensive": 0.6649, "FunctDay1": 6.8, "FunctDay3": 17.5, "FunctDay7": 32.3, "FunctDay14": 35.8, "FunctDay30": 40.7, "FunctDay90": 76.1, "EconLoss": 92114576.0, "Name": "CENTRAL CONTRA COSTA SD WWTP", "City": "MARTINEZ", "State": "CA" }, "geometry": { "type": "Point", "coordinates": [ -122.069, 37.998501 ] } },
{ "type": "Feature", "properties": { "FacilityType": "WasteWaterFlty", "FacilityId": "CA000170", "Anchor": "FALSE", "FoundationType": "null", "eqBldgType": "DFLT", "DesignLevel": "LC", "SoilType": "D", "LqfSusCat": 0, "LndSusCat": 0, "WaterDepth": 5.0, "Distance": "null", "PGA": 0.81645458936691284, "PGV": 37.333194732666016, "Sa03": 2.0122029781341553, "Sa10": 1.001726508140564, "LqfSettlPGD": 0.0, "LqfSprPGD": 0.0, "LqfProb": 0.0, "LndPGD": 0.0, "LndProb": 0.0, "SufFltRuptPGD": 29.523393630981445, "SurfFltRuptProb": 0.5, "PDsNone": 0.0023, "PDsSlight": 0.0452, "PDsModerate": 0.2562, "PDsExtensive": 0.44, "PDsComplete": 0.2561, "PDsExceedSlight": 0.9976, "PDsExceedModerate": 0.9524, "PDsExceedExtensive": 0.6961, "FunctDay1": 6.2, "FunctDay3": 15.7, "FunctDay7": 29.4, "FunctDay14": 32.7, "FunctDay30": 37.7, "FunctDay90": 73.9, "EconLoss": 96428848.0, "Name": "HERCULES WWTP", "City": "HERCULES", "State": "CA" }, "geometry": { "type": "Point", "coordinates": [ -122.289002, 38.016701 ] } },
{ "type": "Feature", "properties": { "FacilityType": "WasteWaterFlty", "FacilityId": "CA000177", "Anchor": "FALSE", "FoundationType": "null", "eqBldgType": "DFLT", "DesignLevel": "LC", "SoilType": "D", "LqfSusCat": 0, "LndSusCat": 0, "WaterDepth": 5.0, "Distance": "null", "PGA": 0.71104931831359863, "PGV": 38.343650817871094, "Sa03": 1.7765729427337646, "Sa10": 1.066614031791687, "LqfSettlPGD": 0.0, "LqfSprPGD": 0.0, "LqfProb": 0.0, "LndPGD": 0.0, "LndProb": 0.0, "SufFltRuptPGD": 29.523393630981445, "SurfFltRuptProb": 0.5, "PDsNone": 0.0047, "PDsSlight": 0.0704, "PDsModerate": 0.3134, "PDsExtensive": 0.4187, "PDsComplete": 0.1927, "PDsExceedSlight": 0.9952, "PDsExceedModerate": 0.9248, "PDsExceedExtensive": 0.6114, "FunctDay1": 8.0, "FunctDay3": 20.6, "FunctDay7": 37.3, "FunctDay14": 41.1, "FunctDay30": 45.7, "FunctDay90": 79.6, "EconLoss": 85021568.0, "Name": "UNKNOWN", "City": " ", "State": "CA" }, "geometry": { "type": "Point", "coordinates": [ -122.376, 37.941601 ] } },
{ "type": "Feature", "properties": { "FacilityType": "WasteWaterFlty", "FacilityId": "CA000198", "Anchor": "FALSE", "FoundationType": "null", "eqBldgType": "DFLT", "DesignLevel": "LC", "SoilType": "D", "LqfSusCat": 0, "LndSusCat": 0, "WaterDepth": 5.0, "Distance": "null", "PGA": 0.62511557340621948, "PGV": 26.522377014160156, "Sa03": 1.5736724138259888, "Sa10": 0.79263198375701904, "LqfSettlPGD": 0.0, "LqfSprPGD": 0.0, "LqfProb": 0.0, "LndPGD": 0.0, "LndProb": 0.0, "SufFltRuptPGD": 29.523393630981445, "SurfFltRuptProb": 0.5, "PDsNone": 0.0086, "PDsSlight": 0.1018, "PDsModerate": 0.3622, "PDsExtensive": 0.384, "PDsComplete": 0.1431, "PDsExceedSlight": 0.9913, "PDsExceedModerate": 0.8894, "PDsExceedExtensive": 0.5272, "FunctDay1": 10.0, "FunctDay3": 25.8, "FunctDay7": 45.2, "FunctDay14": 49.3, "FunctDay30": 53.5, "FunctDay90": 84.2, "EconLoss": 74441376.0, "Name": "DELTA DIABLO SAN. DIST. WWTP", "City": "ANTIOCH", "State": "CA" }, "geometry": { "type": "Point", "coordinates": [ -121.842003, 38.012501 ] } },
{ "type": "Feature", "properties": { "FacilityType": "WasteWaterFlty", "FacilityId": "CA000238", "Anchor": "FALSE", "FoundationType": "null", "eqBldgType": "DFLT", "DesignLevel": "LC", "SoilType": "D", "LqfSusCat": 0, "LndSusCat": 0, "WaterDepth": 5.0, "Distance": "null", "PGA": 0.76533985137939453, "PGV": 31.779436111450195, "Sa03": 1.8757151365280151, "Sa10": 0.90218323469161987, "LqfSettlPGD": 0.0, "LqfSprPGD": 0.0, "LqfProb": 0.0, "LndPGD": 0.0, "LndProb": 0.0, "SufFltRuptPGD": 29.523393630981445, "SurfFltRuptProb": 0.5, "PDsNone": 0.0033, "PDsSlight": 0.0559, "PDsModerate": 0.2832, "PDsExtensive": 0.4322, "PDsComplete": 0.2252, "PDsExceedSlight": 0.9966, "PDsExceedModerate": 0.9407, "PDsExceedExtensive": 0.6575, "FunctDay1": 7.0, "FunctDay3": 17.9, "FunctDay7": 33.0, "FunctDay14": 36.5, "FunctDay30": 41.4, "FunctDay90": 76.7, "EconLoss": 91099200.0, "Name": "PORT COSTA WWTP", "City": "PORT COSTA", "State": "CA" }, "geometry": { "type": "Point", "coordinates": [ -122.183998, 38.048199 ] } },
{ "type": "Feature", "properties": { "FacilityType": "WasteWaterFlty", "FacilityId": "CA000262", "Anchor": "FALSE", "FoundationType": "null", "eqBldgType": "DFLT", "DesignLevel": "LC", "SoilType": "D", "LqfSusCat": 0, "LndSusCat": 0, "WaterDepth": 5.0, "Distance": "null", "PGA": 0.50870001316070557, "PGV": 21.449508666992188, "Sa03": 1.2920339107513428, "Sa10": 0.64752256870269775, "LqfSettlPGD": 0.0, "LqfSprPGD": 0.0, "LqfProb": 0.0, "LndPGD": 0.0, "LndProb": 0.0, "SufFltRuptPGD": 29.523393630981445, "SurfFltRuptProb": 0.5, "PDsNone": 0.0209, "PDsSlight": 0.1684, "PDsModerate": 0.4189, "PDsExtensive": 0.3083, "PDsComplete": 0.0833, "PDsExceedSlight": 0.979, "PDsExceedModerate": 0.8106, "PDsExceedExtensive": 0.3916, "FunctDay1": 14.0, "FunctDay3": 35.3, "FunctDay7": 58.0, "FunctDay14": 62.4, "FunctDay30": 65.8, "FunctDay90": 90.1, "EconLoss": 58383656.0, "Name": "BRENTWOOD WWTP", "City": "BRENTWOOD", "State": "CA" }, "geometry": { "type": "Point", "coordinates": [ -121.691002, 37.954601 ] } },
{ "type": "Feature", "properties": { "FacilityType": "WasteWaterFlty", "FacilityId": "CA000267", "Anchor": "FALSE", "FoundationType": "null", "eqBldgType": "DFLT", "DesignLevel": "LC", "SoilType": "D", "LqfSusCat": 0, "LndSusCat": 0, "WaterDepth": 5.0, "Distance": "null", "PGA": 0.78646308183670044, "PGV": 46.787063598632813, "Sa03": 1.958044171333313, "Sa10": 1.3109819889068604, "LqfSettlPGD": 0.0, "LqfSprPGD": 0.0, "LqfProb": 0.0, "LndPGD": 0.0, "LndProb": 0.0, "SufFltRuptPGD": 29.523393630981445, "SurfFltRuptProb": 0.5, "PDsNone": 0.0028, "PDsSlight": 0.0512, "PDsModerate": 0.2718, "PDsExtensive": 0.436, "PDsComplete": 0.2379, "PDsExceedSlight": 0.9971, "PDsExceedModerate": 0.9458, "PDsExceedExtensive": 0.674, "FunctDay1": 6.6, "FunctDay3": 17.0, "FunctDay7": 31.5, "FunctDay14": 34.9, "FunctDay30": 39.8, "FunctDay90": 75.5, "EconLoss": 93340600.0, "Name": "STEGE SD-WET WTHR SEWER BYPASS", "City": "EL CERRITO", "State": "CA" }, "geometry": { "type": "Point", "coordinates": [ -122.300003, 37.918201 ] } },
{ "type": "Feature", "properties": { "FacilityType": "WasteWaterFlty", "FacilityId": "CA000277", "Anchor": "FALSE", "FoundationType": "null", "eqBldgType": "DFLT", "DesignLevel": "LC", "SoilType": "D", "LqfSusCat": 0, "LndSusCat": 0, "WaterDepth": 5.0, "Distance": "null", "PGA": 0.71104931831359863, "PGV": 38.343650817871094, "Sa03": 1.7765729427337646, "Sa10": 1.066614031791687, "LqfSettlPGD": 0.0, "LqfSprPGD": 0.0, "LqfProb": 0.0, "LndPGD": 0.0, "LndProb": 0.0, "SufFltRuptPGD": 29.523393630981445, "SurfFltRuptProb": 0.5, "PDsNone": 0.0047, "PDsSlight": 0.0704, "PDsModerate": 0.3134, "PDsExtensive": 0.4187, "PDsComplete": 0.1927, "PDsExceedSlight": 0.9952, "PDsExceedModerate": 0.9248, "PDsExceedExtensive": 0.6114, "FunctDay1": 8.0, "FunctDay3": 20.6, "FunctDay7": 37.3, "FunctDay14": 41.1, "FunctDay30": 45.7, "FunctDay90": 79.6, "EconLoss": 85021568.0, "Name": "UNKNOWN", "City": " ", "State": "CA" }, "geometry": { "type": "Point", "coordinates": [ -122.376, 37.941601 ] } },
{ "type": "Feature", "properties": { "FacilityType": "WasteWaterFlty", "FacilityId": "CA000289", "Anchor": "FALSE", "FoundationType": "null", "eqBldgType": "DFLT", "DesignLevel": "LC", "SoilType": "D", "LqfSusCat": 0, "LndSusCat": 0, "WaterDepth": 5.0, "Distance": "null", "PGA": 0.76386553049087524, "PGV": 29.488838195800781, "Sa03": 1.8258516788482666, "Sa10": 0.83847570419311523, "LqfSettlPGD": 0.0, "LqfSprPGD": 0.0, "LqfProb": 0.0, "LndPGD": 0.0, "LndProb": 0.0, "SufFltRuptPGD": 29.523393630981445, "SurfFltRuptProb": 0.5, "PDsNone": 0.0033, "PDsSlight": 0.0563, "PDsModerate": 0.284, "PDsExtensive": 0.432, "PDsComplete": 0.2243, "PDsExceedSlight": 0.9966, "PDsExceedModerate": 0.9403, "PDsExceedExtensive": 0.6563, "FunctDay1": 7.0, "FunctDay3": 18.0, "FunctDay7": 33.2, "FunctDay14": 36.7, "FunctDay30": 41.5, "FunctDay90": 76.7, "EconLoss": 90947888.0, "Name": "MT VIEW SD WWTP", "City": "MARTINEZ", "State": "CA" }, "geometry": { "type": "Point", "coordinates": [ -122.099999, 38.0196 ] } },
{ "type": "Feature", "properties": { "FacilityType": "WasteWaterFlty", "FacilityId": "CA000326", "Anchor": "FALSE", "FoundationType": "null", "eqBldgType": "DFLT", "DesignLevel": "LC", "SoilType": "D", "LqfSusCat": 0, "LndSusCat": 0, "WaterDepth": 5.0, "Distance": "null", "PGA": 0.81645458936691284, "PGV": 37.333194732666016, "Sa03": 2.0122029781341553, "Sa10": 1.001726508140564, "LqfSettlPGD": 0.0, "LqfSprPGD": 0.0, "LqfProb": 0.0, "LndPGD": 0.0, "LndProb": 0.0, "SufFltRuptPGD": 29.523393630981445, "SurfFltRuptProb": 0.5, "PDsNone": 0.0023, "PDsSlight": 0.0452, "PDsModerate": 0.2562, "PDsExtensive": 0.44, "PDsComplete": 0.2561, "PDsExceedSlight": 0.9976, "PDsExceedModerate": 0.9524, "PDsExceedExtensive": 0.6961, "FunctDay1": 6.2, "FunctDay3": 15.7, "FunctDay7": 29.4, "FunctDay14": 32.7, "FunctDay30": 37.7, "FunctDay90": 73.9, "EconLoss": 96428848.0, "Name": "PINOLE-HERCULES WPCP", "City": "PINOLE", "State": "CA" }, "geometry": { "type": "Point", "coordinates": [ -122.295998, 38.012901 ] } },
{ "type": "Feature", "properties": { "FacilityType": "WasteWaterFlty", "FacilityId": "CA000341", "Anchor": "FALSE", "FoundationType": "null", "eqBldgType": "DFLT", "DesignLevel": "LC", "SoilType": "D", "LqfSusCat": 0, "LndSusCat": 0, "WaterDepth": 5.0, "Distance": "null", "PGA": 0.57921749353408813, "PGV": 20.722053527832031, "Sa03": 1.1552671194076538, "Sa10": 0.45690050721168518, "LqfSettlPGD": 0.0, "LqfSprPGD": 0.0, "LqfProb": 0.0, "LndPGD": 0.0, "LndProb": 0.0, "SufFltRuptPGD": 29.523393630981445, "SurfFltRuptProb": 0.5, "PDsNone": 0.0121, "PDsSlight": 0.1242, "PDsModerate": 0.3869, "PDsExtensive": 0.3582, "PDsComplete": 0.1183, "PDsExceedSlight": 0.9878, "PDsExceedModerate": 0.8635, "PDsExceedExtensive": 0.4765, "FunctDay1": 11.4, "FunctDay3": 29.2, "FunctDay7": 50.0, "FunctDay14": 54.2, "FunctDay30": 58.1, "FunctDay90": 86.6, "EconLoss": 68344832.0, "Name": "WEST COUNTY AGENCY COMMON OUTFALL", "City": "RICHMOND", "State": "CA" }, "geometry": { "type": "Point", "coordinates": [ -122.377998, 37.920898 ] } }
]
}
