FacilityType,FacilityId,Anchor,FoundationType,eqBldgType,DesignLevel,SoilType,LqfSusCat,LndSusCat,WaterDepth,Distance,PGA,PGV,Sa03,Sa10,LqfSettlPGD,LqfSprPGD,LqfProb,LndPGD,LndProb,SufFltRuptPGD,SurfFltRuptProb,PDsNone,PDsSlight,PDsModerate,PDsExtensive,PDsComplete,PDsExceedSlight,PDsExceedModerate,PDsExceedExtensive,FunctDay1,FunctDay3,FunctDay7,FunctDay14,FunctDay30,FunctDay90,EconLoss,Name,City,State,geometry
AirportFlty,CA000043,FALSE,null,DFLT,LC,D,0,0,5.0,null,0.5186741352081299,20.313316345214844,1.2736611366271973,0.5701636075973511,0.0,0.0,0.0,0.0,0.0,29.523393630981445,0.5,0.0093,0.3459,0.3105,0.2188,0.1154,0.9906,0.6447,0.3342,51.8,66.7,72.1,73.2,75.9,87.3,2380919.0,BYRON,CONCORD,CA,POINT (-121.625833 37.828444)
AirportFlty,CA000077,FALSE,null,DFLT,LC,D,0,0,5.0,null,0.7748083472251892,35.31185531616211,1.9298560619354248,1.0328832864761353,0.0,0.0,0.0,0.0,0.0,29.523393630981445,0.5,0.0017,0.1707,0.2698,0.2916,0.266,0.9982,0.8275,0.5576,34.8,47.9,53.0,54.5,58.4,75.4,8337750.0,BUCHANAN FIELD,CONCORD,CA,POINT (-122.056902 37.989657)
AirportFlty,CA000078,FALSE,null,DFLT,LC,D,0,0,5.0,null,0.5609395503997803,35.603309631347656,1.4739805459976196,1.2252141237258911,0.0,0.0,0.0,0.0,0.0,29.523393630981445,0.5,0.0068,0.3076,0.3096,0.2372,0.1386,0.9931,0.6854,0.3758,48.2,63.1,68.6,69.7,72.7,85.3,2559688.0,Q AREA,CONCORD,CA,POINT (-122.007289 38.045142)
CommunicationFlty,CA000043,FALSE,null,DFLT,LC,D,0,0,5.0,null,0.752072274684906,27.92319679260254,1.7639811038970947,0.7291656136512756,0.0,0.0,0.0,0.0,0.0,29.523393630981445,0.5,0.0007,0.0161,0.197,0.48,0.3059,0.9992,0.9831,0.786,25.9,39.9,51.6,69.6,81.6,96.7,85750.484375,KFTL  CH  64,STOCKTON,CA,POINT (-121.90051 37.89298)
CommunicationFlty,CA000044,FALSE,null,DFLT,LC,D,0,0,5.0,null,0.752072274684906,27.92319679260254,1.7639811038970947,0.7291656136512756,0.0,0.0,0.0,0.0,0.0,29.523393630981445,0.5,0.0007,0.0161,0.197,0.48,0.3059,0.9992,0.9831,0.786,25.9,39.9,51.6,69.6,81.6,96.7,85750.484375,KTNC-TV  CH  42,CONCORD,CA,POINT (-121.89912 37.8927)
CommunicationFlty,CA000197,FALSE,null,DFLT,LC,D,0,0,5.0,null,0.7781980633735657,35.52925491333008,1.9471142292022705,1.0302927494049072,0.0,0.0,0.0,0.0,0.0,29.523393630981445,0.5,0.0005,0.0135,0.184,0.4761,0.3255,0.9994,0.9858,0.8017,25.2,38.6,50.2,68.2,80.4,96.5,87162.828125,KCKC   1480,CONCORD,CA,POINT (-121.94635 37.96242)
CommunicationFlty,CA000394,FALSE,null,DFLT,LC,D,0,0,5.0,null,0.7087885737419128,28.83775520324707,1.5971506834030151,0.6852161288261414,0.0,0.0,0.0,0.0,0.0,29.523393630981445,0.5,0.001,0.0214,0.2203,0.4838,0.2733,0.9989,0.9775,0.7571,27.2,42.3,54.0,72.0,83.5,97.0,83249.5859375,KNEW   910,OAKLAND,CA,POINT (-122.3258 37.89492)
CommunicationFlty,CA000444,FALSE,null,DFLT,LC,D,0,0,5.0,null,0.8580118417739868,35.096527099609375,2.0487470626831055,0.9729273319244385,0.0,0.0,0.0,0.0,0.0,29.523393630981445,0.5,0.0003,0.0081,0.1488,0.4585,0.3841,0.9996,0.9915,0.8426,23.5,35.2,46.5,64.1,76.9,95.9,91050.453125,KSMC  CH 208,MORAGA,CA,POINT (-122.11108 37.8402)
CommunicationFlty,CA000562,FALSE,null,DFLT,LC,D,0,0,5.0,null,0.5609395503997803,35.603309631347656,1.4739805459976196,1.2252141237258911,0.0,0.0,0.0,0.0,0.0,29.523393630981445,0.5,0.0039,0.0581,0.3124,0.462,0.1635,0.996,0.9379,0.6255,33.5,52.7,63.8,80.5,90.1,98.2,72608.828125,KVHS  CH 213,CONCORD,CA,POINT (-122.00218 38.0302)
CommunicationFlty,CA000582,FALSE,null,DFLT,LC,D,0,0,5.0,null,0.7864630818367004,46.78706359863281,1.958044171333313,1.3109819889068604,0.0,0.0,0.0,0.0,0.0,29.523393630981445,0.5,0.0005,0.0128,0.18,0.4747,0.3317,0.9994,0.9865,0.8064,25.0,38.2,49.8,67.8,80.0,96.4,87601.1953125,KECG  CH 201,EL CERRITO,CA,POINT (-122.29525 37.90826)
CommunicationFlty,CA000679,FALSE,null,DFLT,LC,D,0,0,5.0,null,0.837620735168457,37.62312316894531,2.102858543395996,1.1015702486038208,0.0,0.0,0.0,0.0,0.0,29.523393630981445,0.5,0.0003,0.0092,0.1572,0.4637,0.3693,0.9996,0.9903,0.8331,23.9,36.0,47.4,65.2,77.8,96.0,90110.578125,KFJO  CH 211,WALNUT CREEK,CA,POINT (-122.09496 37.89965)
CommunicationFlty,CA000930,FALSE,null,DFLT,LC,D,0,0,5.0,null,0.7040774822235107,27.564533233642578,1.6943836212158203,0.7860524654388428,0.0,0.0,0.0,0.0,0.0,29.523393630981445,0.5,0.001,0.022,0.223,0.484,0.2697,0.9989,0.9768,0.7538,27.3,42.6,54.3,72.2,83.7,97.1,82959.8984375,KSTN-FM  CH 297,STOCKTON,CA,POINT (-121.78134 37.82131)
ElectricPowerFlty,CA000016,FALSE,null,DFLT,LC,D,0,0,5.0,null,0.6000664234161377,40.070621490478516,1.5195895433425903,1.3292993307113647,0.0,0.0,0.0,0.0,0.0,29.523393630981445,0.5,0.0001,0.0056,0.2319,0.2375,0.5246,0.9998,0.9941,0.7622,10.6,15.9,26.8,34.4,45.5,89.3,15631992.0,MARTINEZ SULFURIC ACID REGENERATION PLT,MARTINEZ,CA,POINT (-122.116022 38.033075)
ElectricPowerFlty,CA000022,FALSE,null,DFLT,LC,D,0,0,5.0,null,0.542044460773468,20.300628662109375,1.3045430183410645,0.5491734743118286,0.0,0.0,0.0,0.0,0.0,29.523393630981445,0.5,0.0003,0.0098,0.2947,0.244,0.451,0.9996,0.9898,0.695,12.5,19.1,32.3,41.0,51.7,90.8,58110476.0,BUENA VISTA ENERGY LLC,BYRON,CA,POINT (-121.6672 37.805)
ElectricPowerFlty,CA000029,FALSE,null,DFLT,LC,D,0,0,5.0,null,0.7645758986473083,33.19930648803711,1.8811763525009155,0.9333800673484802,0.0,0.0,0.0,0.0,0.0,29.523393630981445,0.5,0.0,0.0012,0.1141,0.1922,0.6922,0.9999,0.9986,0.8845,6.9,9.9,15.9,21.3,32.4,85.9,41107820.0,PHILLIPS 66 CARBON PLANT,RODEO,CA,POINT (-122.2344 38.018056)
ElectricPowerFlty,CA000141,FALSE,null,DFLT,LC,D,0,0,5.0,null,0.6251155734062195,26.522377014160156,1.5736724138259888,0.792631983757019,0.0,0.0,0.0,0.0,0.0,29.523393630981445,0.5,0.0001,0.0044,0.2085,0.2326,0.5541,0.9998,0.9953,0.7867,9.9,14.8,24.7,31.9,43.1,88.7,41242056.0,COLUMBIA 1,UNINCORPORATED,CA,POINT (-121.863859 38.0195)
ElectricPowerFlty,CA000235,FALSE,null,DFLT,LC,D,0,0,5.0,null,0.7653398513793945,31.779436111450195,1.8757151365280151,0.9021832346916199,0.0,0.0,0.0,0.0,0.0,29.523393630981445,0.5,0.0,0.0012,0.1137,0.192,0.6929,0.9999,0.9986,0.8849,6.9,9.9,15.9,21.3,32.3,85.9,35037884.0,C&H SUGAR PLANT,CROCKETT,CA,POINT (-122.218889 38.057222)
ElectricPowerFlty,CA000250,FALSE,null,DFLT,LC,D,0,0,5.0,null,0.7110493183135986,38.343650817871094,1.7765729427337646,1.066614031791687,0.0,0.0,0.0,0.0,0.0,29.523393630981445,0.5,0.0005,0.0159,0.2117,0.3551,0.4166,0.9994,0.9835,0.7717,12.9,18.1,28.7,37.1,50.9,91.5,188814848.0,RICHMOND COGEN,RICHMOND,CA,POINT (-122.390557 37.942586)
ElectricPowerFlty,CA000305,FALSE,null,DFLT,LC,D,0,0,5.0,null,0.5261858105659485,21.990455627441406,1.3398592472076416,0.6706250905990601,0.0,0.0,0.0,0.0,0.0,29.523393630981445,0.5,0.0028,0.0536,0.3869,0.3484,0.2081,0.9971,0.9435,0.5566,20.6,29.2,46.4,57.4,69.4,95.7,653237952.0,OAKLEY GENERATING STATION,OAKLEY,CA,POINT (-121.7475 38.01)
ElectricPowerFlty,CA000353,FALSE,null,DFLT,LC,D,0,0,5.0,null,0.5230224132537842,32.076263427734375,1.3694804906845093,1.1245031356811523,0.0,0.0,0.0,0.0,0.0,29.523393630981445,0.5,0.0029,0.0547,0.3904,0.3471,0.2047,0.997,0.9423,0.5518,20.7,29.4,46.8,57.8,69.7,95.8,655739776.0,LOS MEDANOS ENERGY CENTER,PITTSBURG,CA,POINT (-121.873004 38.030071)
ElectricPowerFlty,CA000383,FALSE,null,DFLT,LC,D,0,0,5.0,null,0.6251155734062195,26.522377014160156,1.5736724138259888,0.792631983757019,0.0,0.0,0.0,0.0,0.0,29.523393630981445,0.5,0.0011,0.0276,0.2843,0.367,0.3198,0.9988,0.9712,0.6868,15.9,22.5,35.9,45.5,58.9,93.4,1050132736.0,DELTA ENERGY CENTER,PITTSBURGH,CA,POINT (-121.845152 38.017125)
ElectricPowerFlty,CA000409,FALSE,null,DFLT,LC,D,0,0,5.0,null,0.7638655304908752,29.48883819580078,1.8258516788482666,0.8384757041931152,0.0,0.0,0.0,0.0,0.0,29.523393630981445,0.5,0.0003,0.0114,0.1754,0.3395,0.4731,0.9996,0.9881,0.8127,11.4,15.9,25.0,32.7,46.4,90.3,126573040.0,MARTINEZ REFINING,MARTINEZ,CA,POINT (-122.1117 38.0169)
ElectricPowerFlty,CA000411,FALSE,null,DFLT,LC,D,0,0,5.0,null,0.5261858105659485,21.990455627441406,1.3398592472076416,0.6706250905990601,0.0,0.0,0.0,0.0,0.0,29.523393630981445,0.5,0.0028,0.0536,0.3869,0.3484,0.2081,0.9971,0.9435,0.5566,20.6,29.2,46.4,57.4,69.4,95.7,804523328.0,MARSH LANDING GENERATING STATION,ANTIOCH,CA,POINT (-121.765 38.016944)
ElectricPowerFlty,CA000486,FALSE,null,DFLT,LC,D,0,0,5.0,null,0.5261858105659485,21.990455627441406,1.3398592472076416,0.6706250905990601,0.0,0.0,0.0,0.0,0.0,29.523393630981445,0.5,0.0028,0.0536,0.3869,0.3484,0.2081,0.9971,0.9435,0.5566,20.6,29.2,46.4,57.4,69.4,95.7,602129344.0,GATEWAY GENERATING STATION,ANTIOCH,CA,POINT (-121.7587 38.0175)
ElectricPowerFlty,CA000492,FALSE,null,DFLT,LC,D,0,0,5.0,null,0.748308002948761,32.61968994140625,1.848130464553833,0.9351463913917542,0.0,0.0,0.0,0.0,0.0,29.523393630981445,0.5,0.0,0.0014,0.1225,0.1975,0.6784,0.9999,0.9984,0.8759,7.2,10.3,16.7,22.3,33.4,86.2,76950776.0,PHILLIPS 66 RODEO REFINERY,RODEO,CA,POINT (-122.2583 38.0417)
ElectricPowerFlty,CA000554,FALSE,null,DFLT,LC,D,0,0,5.0,null,0.7748083472251892,35.31185531616211,1.9298560619354248,1.0328832864761353,0.0,0.0,0.0,0.0,0.0,29.523393630981445,0.5,0.0,0.0011,0.1091,0.1889,0.7007,0.9999,0.9987,0.8896,6.8,9.6,15.4,20.7,31.7,85.7,4970513.0,CCCSD WASTEWATER TREATMENT PLNT,MARTINEZ,CA,POINT (-122.0697 37.9978)
ElectricPowerFlty,CA000655,FALSE,null,DFLT,LC,D,0,0,5.0,null,0.7653398513793945,31.779436111450195,1.8757151365280151,0.9021832346916199,0.0,0.0,0.0,0.0,0.0,29.523393630981445,0.5,0.0003,0.0113,0.1745,0.339,0.4747,0.9996,0.9882,0.8137,11.4,15.8,24.9,32.6,46.3,90.3,313509920.0,CROCKETT COGEN PROJECT,CROCKETT,CA,POINT (-122.2161 38.0569)
ElectricPowerFlty,CA000659,FALSE,null,DFLT,LC,D,0,0,5.0,null,0.5390921831130981,33.995975494384766,1.411938190460205,1.1746985912322998,0.0,0.0,0.0,0.0,0.0,29.523393630981445,0.5,0.0024,0.0491,0.3726,0.3533,0.2223,0.9975,0.9484,0.5757,19.8,28.2,44.9,55.7,68.0,95.4,1392264960.0,PITTSBURG POWER,PITTSBURG,CA,POINT (-121.894469 38.039168)
ElectricPowerFlty,CA000723,FALSE,null,DFLT,LC,D,0,0,5.0,null,0.610461413860321,23.007492065429688,1.469553828239441,0.6146301031112671,0.0,0.0,0.0,0.0,0.0,29.523393630981445,0.5,0.0001,0.0051,0.2219,0.2356,0.537,0.9998,0.9947,0.7727,10.3,15.5,25.9,33.3,44.5,89.0,128439616.0,VASCO WINDS,LIVERMORE,CA,POINT (-121.718055 37.790833)
ElectricPowerFlty,CA000743,FALSE,null,DFLT,LC,D,0,0,5.0,null,0.7748083472251892,35.31185531616211,1.9298560619354248,1.0328832864761353,0.0,0.0,0.0,0.0,0.0,29.523393630981445,0.5,0.0003,0.0107,0.1686,0.3357,0.4845,0.9996,0.9889,0.8202,11.1,15.4,24.3,31.8,45.6,90.1,144807696.0,FOSTER WHEELER MARTINEZ,MARTINEZ,CA,POINT (-122.0589 38.0244)
ElectricPowerFlty,CA000747,FALSE,null,DFLT,LC,D,0,0,5.0,null,0.5723602175712585,23.94725227355957,1.4608070850372314,0.7298760414123535,0.0,0.0,0.0,0.0,0.0,29.523393630981445,0.5,0.0002,0.0073,0.2603,0.2416,0.4903,0.9997,0.9924,0.732,11.5,17.4,29.3,37.4,48.4,90.0,57666068.0,RIVERVIEW ENERGY CENTER,ANTIOCH,CA,POINT (-121.790679 38.014423)
ElectricPowerFlty,CA000879,FALSE,null,DFLT,LC,D,0,0,5.0,null,0.7110493183135986,38.343650817871094,1.7765729427337646,1.066614031791687,0.0,0.0,0.0,0.0,0.0,29.523393630981445,0.5,0.0,0.002,0.144,0.2093,0.6444,0.9999,0.9978,0.8538,7.9,11.5,18.8,24.8,36.0,86.9,11088479.0,NOVE POWER PLANT,RICHMOND,CA,POINT (-122.382 37.9676)
ElectricPowerFlty,CA000887,FALSE,null,DFLT,LC,D,0,0,5.0,null,0.7110493183135986,38.343650817871094,1.7765729427337646,1.066614031791687,0.0,0.0,0.0,0.0,0.0,29.523393630981445,0.5,0.0,0.002,0.144,0.2093,0.6444,0.9999,0.9978,0.8538,7.9,11.5,18.8,24.8,36.0,86.9,23994416.0,MARIN CLEAN ENERGY SOLAR ONE,RICHMOND,CA,POINT (-122.377202 37.945296)
ElectricPowerFlty,CA000975,FALSE,null,DFLT,LC,D,0,0,5.0,null,0.7064809203147888,26.04608726501465,1.6615453958511353,0.6866979598999023,0.0,0.0,0.0,0.0,0.0,29.523393630981445,0.5,0.0,0.0021,0.1469,0.2107,0.64,0.9999,0.9978,0.8508,8.0,11.6,19.0,25.1,36.3,87.0,14006061.0,AMERESCO KELLER CANYON,BAY POINT,CA,POINT (-121.934491 38.003928)
HighwayBridge,CA000019,null,null,null,null,D,0,0,5.0,null,0.5141127705574036,22.598207473754883,1.318814754486084,0.6919412016868591,0.0,0.0,0.0,0.0,0.0,29.523393630981445,0.5,0.5955,0.1347,0.0902,0.1123,0.067,0.4044,0.2696,0.1794,72.7,78.8,82.3,83.0,83.8,89.9,32705.486328125,'Delta-Mendota Canal',null,null,POINT (-121.5785 37.8124)
HighwayBridge,CA000076,null,null,null,null,D,0,0,5.0,null,0.8832333087921143,36.36628723144531,2.186204195022583,0.9769579768180847,0.0,0.0,0.0,0.0,0.0,29.523393630981445,0.5,0.3695,0.1459,0.1186,0.1879,0.1779,0.6304,0.4845,0.3659,52.3,59.5,64.2,65.2,66.6,77.2,56814.3125,'Galinda Creek',null,null,POINT (-122.022 37.965069)
HighwayBridge,CA005339,null,null,null,null,D,0,0,5.0,null,0.7653398513793945,31.779436111450195,1.8757151365280151,0.9021832346916199,0.0,0.0,0.0,0.0,0.0,29.523393630981445,0.5,0.0876,0.075,0.1735,0.1622,0.5016,0.9123,0.8373,0.6638,20.9,27.8,34.7,36.0,37.6,49.0,19186578.0,'CARQUINEZ STRAIT UP RR',null,null,POINT (-122.224908 38.054722)
HighwayBridge,CA006853,null,null,null,null,D,0,0,5.0,null,0.5261858105659485,21.990455627441406,1.3398592472076416,0.6706250905990601,0.0,0.0,0.0,0.0,0.0,29.523393630981445,0.5,0.688,0.0,0.1072,0.1149,0.0898,0.3119,0.3119,0.2047,72.5,75.6,79.8,80.5,81.4,87.7,12181056.0,'SAN JOAQUIN RIVR ANTIOCH',null,null,POINT (-121.751478 38.0168)
HighwayBridge,CA006854,null,null,null,null,D,0,0,5.0,null,0.5261858105659485,21.990455627441406,1.3398592472076416,0.6706250905990601,0.0,0.0,0.0,0.0,0.0,29.523393630981445,0.5,0.4264,0.2616,0.1072,0.1149,0.0898,0.5735,0.3119,0.2047,65.9,75.6,79.8,80.5,81.4,87.7,400292.90625,'BNSF RY  UP RR  & AMTRAK',null,null,POINT (-121.752933 38.009083)
HighwayBridge,CA006855,null,null,null,null,D,0,0,5.0,null,0.5261858105659485,21.990455627441406,1.3398592472076416,0.6706250905990601,0.0,0.0,0.0,0.0,0.0,29.523393630981445,0.5,0.4264,0.2616,0.1072,0.1149,0.0898,0.5735,0.3119,0.2047,65.9,75.6,79.8,80.5,81.4,87.7,376032.71875,'BNSF RY  UP RR  & AMTRAK',null,null,POINT (-121.752617 38.009033)
HighwayBridge,CA006856,null,null,null,null,D,0,0,5.0,null,0.5261858105659485,21.990455627441406,1.3398592472076416,0.6706250905990601,0.0,0.0,0.0,0.0,0.0,29.523393630981445,0.5,0.6156,0.1275,0.0875,0.1071,0.062,0.3843,0.2568,0.1692,74.1,79.9,83.3,83.9,84.7,90.5,273874.6875,'WILBUR AVENUE',null,null,POINT (-121.752239 38.012075)
HighwayBridge,CA006857,null,null,null,null,D,0,0,5.0,null,0.5261858105659485,21.990455627441406,1.3398592472076416,0.6706250905990601,0.0,0.0,0.0,0.0,0.0,29.523393630981445,0.5,0.6156,0.1275,0.0875,0.1071,0.062,0.3843,0.2568,0.1692,74.1,79.9,83.3,83.9,84.7,90.5,273874.6875,'WILBUR AVENUE',null,null,POINT (-121.75195 38.012058)
HighwayBridge,CA006858,null,null,null,null,D,0,0,5.0,null,0.4619385302066803,21.55214500427246,1.2130423784255981,0.695431649684906,0.0,0.0,0.0,0.0,0.0,29.523393630981445,0.5,0.6663,0.0,0.1113,0.1222,0.1,0.3336,0.3336,0.2223,70.5,73.7,78.0,78.9,79.8,86.5,143157.53125,'KELLOGG CREEK',null,null,POINT (-121.618575 37.889322)
HighwayBridge,CA006859,null,null,null,null,D,0,0,5.0,null,0.4619385302066803,21.55214500427246,1.2130423784255981,0.695431649684906,0.0,0.0,0.0,0.0,0.0,29.523393630981445,0.5,0.6663,0.0,0.1113,0.1222,0.1,0.3336,0.3336,0.2223,70.5,73.7,78.0,78.9,79.8,86.5,91297.390625,'KENDALL CREEK OVERFLOW',null,null,POINT (-121.613881 37.889289)
HighwayBridge,CA006860,null,null,null,null,D,0,0,5.0,null,0.7864630818367004,46.78706359863281,1.958044171333313,1.3109819889068604,0.0,0.0,0.0,0.0,0.0,29.523393630981445,0.5,0.2653,0.0,0.1196,0.2038,0.4111,0.7346,0.7346,0.615,31.5,35.0,39.8,41.0,42.8,55.7,3282724.5,'POTRERO AVE & S80 ON RMP',null,null,POINT (-122.317494 37.920642)
HighwayBridge,CA006861,null,null,null,null,D,0,0,5.0,null,0.7645758986473083,33.19930648803711,1.8811763525009155,0.9333800673484802,0.0,0.0,0.0,0.0,0.0,29.523393630981445,0.5,0.2616,0.0,0.1189,0.2037,0.4156,0.7383,0.7383,0.6193,31.1,34.6,39.4,40.5,42.3,55.3,570284.5,'RODEO CREEK',null,null,POINT (-122.23865 38.014158)
HighwayBridge,CA006862,null,null,null,null,D,0,0,5.0,null,0.7645758986473083,33.19930648803711,1.8811763525009155,0.9333800673484802,0.0,0.0,0.0,0.0,0.0,29.523393630981445,0.5,0.2307,0.2151,0.1327,0.1841,0.2372,0.7692,0.5541,0.4213,44.1,53.4,58.6,59.7,61.2,72.0,258106.6875,'RODEO CREEK',null,null,POINT (-122.23845 38.013889)
HighwayBridge,CA006863,null,null,null,null,D,0,0,5.0,null,0.8015768527984619,43.14873504638672,1.9964525699615479,1.3447792530059814,0.0,0.0,0.0,0.0,0.0,29.523393630981445,0.5,0.2516,0.0,0.1172,0.2033,0.4277,0.7483,0.7483,0.6311,30.1,33.6,38.3,39.4,41.2,54.2,3894258.5,'INTERSTATE 680',null,null,POINT (-122.052953 37.957658)
HighwayBridge,CA006864,null,null,null,null,D,0,0,5.0,null,0.8015768527984619,43.14873504638672,1.9964525699615479,1.3447792530059814,0.0,0.0,0.0,0.0,0.0,29.523393630981445,0.5,0.1373,0.0,0.0869,0.1805,0.5952,0.8626,0.8626,0.7757,18.0,20.6,24.2,25.2,27.0,40.0,2357746.0,'WALNUT CREEK',null,null,POINT (-122.051858 37.958678)
HighwayBridge,CA006865,null,null,null,null,D,0,0,5.0,null,0.5261858105659485,21.990455627441406,1.3398592472076416,0.6706250905990601,0.0,0.0,0.0,0.0,0.0,29.523393630981445,0.5,0.6156,0.1266,0.0877,0.1075,0.0624,0.3843,0.2576,0.1699,74.0,79.8,83.2,83.9,84.7,90.4,532550.5625,'E 18TH STREET',null,null,POINT (-121.753903 38.004908)
HighwayBridge,CA006866,null,null,null,null,D,0,0,5.0,null,0.5261858105659485,21.990455627441406,1.3398592472076416,0.6706250905990601,0.0,0.0,0.0,0.0,0.0,29.523393630981445,0.5,0.6156,0.1266,0.0877,0.1075,0.0624,0.3843,0.2576,0.1699,74.0,79.8,83.2,83.9,84.7,90.4,397156.3125,'E 18TH STREET',null,null,POINT (-121.753519 38.004911)
HighwayBridge,CA006867,null,null,null,null,D,0,0,5.0,null,0.837620735168457,37.62312316894531,2.102858543395996,1.1015702486038208,0.0,0.0,0.0,0.0,0.0,29.523393630981445,0.5,0.1556,0.2124,0.1309,0.1975,0.3034,0.8443,0.6318,0.5009,36.5,45.7,50.9,52.0,53.7,65.6,496362.15625,'MOUNT DIABLO BOULEVARD',null,null,POINT (-122.097431 37.896783)
HighwayBridge,CA006868,null,null,null,null,D,0,0,5.0,null,0.7110493183135986,38.343650817871094,1.7765729427337646,1.066614031791687,0.0,0.0,0.0,0.0,0.0,29.523393630981445,0.5,0.3885,0.0,0.1319,0.1945,0.2849,0.6114,0.6114,0.4795,43.9,47.8,53.0,54.1,55.7,67.3,962073.5,'BNSF RY & GARRARD BLVD',null,null,POINT (-122.381161 37.92725)
HighwayBridge,CA006869,null,null,null,null,D,0,0,5.0,null,0.7110493183135986,38.343650817871094,1.7765729427337646,1.066614031791687,0.0,0.0,0.0,0.0,0.0,29.523393630981445,0.5,0.3759,0.0,0.1313,0.1964,0.2961,0.624,0.624,0.4926,42.7,46.5,51.7,52.8,54.5,66.2,1461368.25,'BNSF RY & GARRARD BLVD',null,null,POINT (-122.381306 37.927183)
HighwayBridge,CA006870,null,null,null,null,D,0,0,5.0,null,0.7110493183135986,38.343650817871094,1.7765729427337646,1.066614031791687,0.0,0.0,0.0,0.0,0.0,29.523393630981445,0.5,0.3789,0.0,0.1315,0.196,0.2935,0.621,0.621,0.4895,43.0,46.8,52.0,53.2,54.8,66.5,2654986.75,'BNSF RY & GARRARD BLVD',null,null,POINT (-122.380953 37.927475)
HighwayBridge,CA006871,null,null,null,null,D,0,0,5.0,null,0.7110493183135986,38.343650817871094,1.7765729427337646,1.066614031791687,0.0,0.0,0.0,0.0,0.0,29.523393630981445,0.5,0.3789,0.0,0.1315,0.196,0.2935,0.621,0.621,0.4895,43.0,46.8,52.0,53.2,54.8,66.5,2786104.0,'BNSF RY & GARRARD BLVD',null,null,POINT (-122.3808 37.927658)
HighwayBridge,CA006872,null,null,null,null,D,0,0,5.0,null,0.7110493183135986,38.343650817871094,1.7765729427337646,1.066614031791687,0.0,0.0,0.0,0.0,0.0,29.523393630981445,0.5,0.3802,0.0,0.1315,0.1958,0.2923,0.6197,0.6197,0.4881,43.1,46.9,52.2,53.3,54.9,66.6,2004225.125,'BNSF RY & GARRARD BLVD',null,null,POINT (-122.380714 37.927869)
HighwayBridge,CA006873,null,null,null,null,D,0,0,5.0,null,0.8453102707862854,39.55109786987305,2.1369194984436035,1.1330232620239258,0.0,0.0,0.0,0.0,0.0,29.523393630981445,0.5,0.2809,0.0286,0.1138,0.2273,0.3492,0.719,0.6903,0.5765,35.0,39.1,43.7,44.8,46.7,60.4,102363.4609375,'SAN RAMON CREEK',null,null,POINT (-121.976989 37.781214)
HighwayBridge,CA006874,null,null,null,null,D,0,0,5.0,null,0.8898106217384338,37.46025848388672,2.213346004486084,1.064721703529358,0.0,0.0,0.0,0.0,0.0,29.523393630981445,0.5,0.3896,0.0,0.1319,0.1944,0.2839,0.6103,0.6103,0.4783,44.0,47.9,53.1,54.2,55.8,67.4,4196857.0,'RUDGEAR ROAD',null,null,POINT (-122.048786 37.879117)
HighwayBridge,CA006875,null,null,null,null,D,0,0,5.0,null,0.7638655304908752,29.48883819580078,1.8258516788482666,0.8384757041931152,0.0,0.0,0.0,0.0,0.0,29.523393630981445,0.5,0.4687,0.0547,0.1181,0.1855,0.1727,0.5312,0.4764,0.3583,55.4,60.2,64.9,65.9,67.3,77.7,1298187.0,'ABANDONED BNSF RY SPUR',null,null,POINT (-122.124956 37.992114)
HighwayBridge,CA006876,null,null,null,null,D,0,0,5.0,null,0.5261858105659485,21.990455627441406,1.3398592472076416,0.6706250905990601,0.0,0.0,0.0,0.0,0.0,29.523393630981445,0.5,0.4264,0.2367,0.1118,0.1233,0.1015,0.5735,0.3367,0.2249,64.2,73.4,77.8,78.6,79.5,86.4,355045.53125,'UP RR',null,null,POINT (-121.757931 37.992547)
HighwayBridge,CA006877,null,null,null,null,D,0,0,5.0,null,0.5261858105659485,21.990455627441406,1.3398592472076416,0.6706250905990601,0.0,0.0,0.0,0.0,0.0,29.523393630981445,0.5,0.4264,0.2599,0.1075,0.1154,0.0905,0.5735,0.3135,0.206,65.7,75.4,79.6,80.4,81.3,87.6,342842.5625,'UP RR',null,null,POINT (-121.756858 37.992122)
HighwayBridge,CA006878,null,null,null,null,D,0,0,5.0,null,0.9031084179878235,42.27840042114258,2.22752046585083,1.1406011581420898,0.0,0.0,0.0,0.0,0.0,29.523393630981445,0.5,0.0846,0.1427,0.1868,0.2803,0.3054,0.9153,0.7725,0.5857,26.2,35.2,42.6,44.2,46.4,62.4,2175557.5,'CUTTING BLVD',null,null,POINT (-122.320786 37.925183)
HighwayBridge,CA006879,null,null,null,null,D,0,0,5.0,null,0.9031084179878235,42.27840042114258,2.22752046585083,1.1406011581420898,0.0,0.0,0.0,0.0,0.0,29.523393630981445,0.5,0.0846,0.1427,0.1868,0.2803,0.3054,0.9153,0.7725,0.5857,26.2,35.2,42.6,44.2,46.4,62.4,2496135.25,'CUTTING BLVD',null,null,POINT (-122.320219 37.92515)
HighwayBridge,CA006880,null,null,null,null,D,0,0,5.0,null,0.9031084179878235,42.27840042114258,2.22752046585083,1.1406011581420898,0.0,0.0,0.0,0.0,0.0,29.523393630981445,0.5,0.2772,0.0931,0.1188,0.2208,0.2899,0.7227,0.6296,0.5107,39.5,45.3,50.1,51.2,53.0,65.9,1706215.125,'RICHMOND GREENWAY TRAIL',null,null,POINT (-122.324731 37.931372)
HighwayBridge,CA006881,null,null,null,null,D,0,0,5.0,null,0.749864399433136,46.097896575927734,1.8606994152069092,1.3066445589065552,0.0,0.0,0.0,0.0,0.0,29.523393630981445,0.5,0.2067,0.0491,0.1064,0.2279,0.4096,0.7932,0.744,0.6375,29.0,33.4,37.7,38.9,40.8,54.9,5797238.5,'MACDONALD AVE & E80 OFF',null,null,POINT (-122.325556 37.932489)
HighwayBridge,CA006882,null,null,null,null,D,0,0,5.0,null,0.749864399433136,46.097896575927734,1.8606994152069092,1.3066445589065552,0.0,0.0,0.0,0.0,0.0,29.523393630981445,0.5,0.2028,0.0,0.1067,0.1983,0.492,0.7971,0.7971,0.6904,25.0,28.2,32.5,33.6,35.4,48.6,1234435.0,'MACDONALD AVE & E80 OFF',null,null,POINT (-122.325283 37.932264)
HighwayBridge,CA006883,null,null,null,null,D,0,0,5.0,null,0.749864399433136,46.097896575927734,1.8606994152069092,1.3066445589065552,0.0,0.0,0.0,0.0,0.0,29.523393630981445,0.5,0.2668,0.0,0.1198,0.2038,0.4094,0.7331,0.7331,0.6133,31.7,35.2,40.0,41.1,42.9,55.8,2523957.25,'BARRETT AVENUE',null,null,POINT (-122.326625 37.935294)
HighwayBridge,CA006884,null,null,null,null,D,0,0,5.0,null,0.749864399433136,46.097896575927734,1.8606994152069092,1.3066445589065552,0.0,0.0,0.0,0.0,0.0,29.523393630981445,0.5,0.2067,0.121,0.1156,0.2259,0.3305,0.7932,0.6721,0.5564,34.5,41.0,45.6,46.8,48.6,62.1,631954.4375,'BARRETT AVENUE',null,null,POINT (-122.326439 37.935333)
HighwayBridge,CA006885,null,null,null,null,D,0,0,5.0,null,0.749864399433136,46.097896575927734,1.8606994152069092,1.3066445589065552,0.0,0.0,0.0,0.0,0.0,29.523393630981445,0.5,0.2067,0.0154,0.1002,0.2251,0.4523,0.7932,0.7777,0.6775,26.4,29.8,33.9,35.0,36.9,51.2,5416148.5,'SAN PABLO AVENUE',null,null,POINT (-122.326019 37.937008)
HighwayBridge,CA006886,null,null,null,null,D,0,0,5.0,null,0.749864399433136,46.097896575927734,1.8606994152069092,1.3066445589065552,0.0,0.0,0.0,0.0,0.0,29.523393630981445,0.5,0.2067,0.0634,0.1087,0.2283,0.3926,0.7932,0.7297,0.621,30.1,35.0,39.4,40.5,42.4,56.4,783117.4375,'SAN PABLO AVENUE',null,null,POINT (-122.326428 37.937647)
HighwayBridge,CA006887,null,null,null,null,D,0,0,5.0,null,0.9031084179878235,42.27840042114258,2.22752046585083,1.1406011581420898,0.0,0.0,0.0,0.0,0.0,29.523393630981445,0.5,0.3358,0.0,0.1285,0.2011,0.3344,0.6641,0.6641,0.5355,38.7,42.4,47.5,48.7,50.4,62.6,1785696.875,'INTERSTATE 80',null,null,POINT (-122.324083 37.943269)
HighwayBridge,CA006888,null,null,null,null,D,0,0,5.0,null,0.749864399433136,46.097896575927734,1.8606994152069092,1.3066445589065552,0.0,0.0,0.0,0.0,0.0,29.523393630981445,0.5,0.2671,0.0,0.1199,0.2038,0.409,0.7328,0.7328,0.6129,31.7,35.2,40.0,41.2,43.0,55.8,2895861.5,'INTERSTATE 80',null,null,POINT (-122.326322 37.948492)
HighwayBridge,CA006889,null,null,null,null,D,0,0,5.0,null,0.749864399433136,46.097896575927734,1.8606994152069092,1.3066445589065552,0.0,0.0,0.0,0.0,0.0,29.523393630981445,0.5,0.0972,0.1369,0.1138,0.2022,0.4497,0.9027,0.7658,0.6519,24.8,31.6,36.2,37.3,39.2,52.2,1201760.75,'INTERSTATE 80',null,null,POINT (-122.329981 37.955761)
HighwayBridge,CA006890,null,null,null,null,D,0,0,5.0,null,0.7864630818367004,46.78706359863281,1.958044171333313,1.3109819889068604,0.0,0.0,0.0,0.0,0.0,29.523393630981445,0.5,0.2653,0.0,0.1196,0.2038,0.4111,0.7346,0.7346,0.615,31.5,35.0,39.8,41.0,42.8,55.7,924757.9375,'RUST DRAIN',null,null,POINT (-122.318653 37.905978)
HighwayBridge,CA006891,null,null,null,null,D,0,0,5.0,null,0.7864630818367004,46.78706359863281,1.958044171333313,1.3109819889068604,0.0,0.0,0.0,0.0,0.0,29.523393630981445,0.5,0.2051,0.1206,0.1155,0.2261,0.3324,0.7948,0.6741,0.5586,34.3,40.8,45.4,46.6,48.4,61.9,864633.5,'STEGE DRAIN',null,null,POINT (-122.323397 37.91175)
HighwayBridge,CA006892,null,null,null,null,D,0,0,5.0,null,0.7064809203147888,26.04608726501465,1.6615453958511353,0.6866979598999023,0.0,0.0,0.0,0.0,0.0,29.523393630981445,0.5,0.6004,0.134,0.0894,0.1106,0.0654,0.3995,0.2655,0.1761,73.1,79.1,82.6,83.3,84.1,90.1,241784.109375,'CONTRA COSTA CANAL',null,null,POINT (-121.938289 38.019008)
HighwayBridge,CA006893,null,null,null,null,D,0,0,5.0,null,0.7064809203147888,26.04608726501465,1.6615453958511353,0.6866979598999023,0.0,0.0,0.0,0.0,0.0,29.523393630981445,0.5,0.6004,0.134,0.0894,0.1106,0.0654,0.3995,0.2655,0.1761,73.1,79.1,82.6,83.3,84.1,90.1,241784.109375,'CONTRA COSTA CANAL',null,null,POINT (-121.938311 38.018581)
HighwayBridge,CA006894,null,null,null,null,D,0,0,5.0,null,0.7110493183135986,38.343650817871094,1.7765729427337646,1.066614031791687,0.0,0.0,0.0,0.0,0.0,29.523393630981445,0.5,0.051,0.0522,0.138,0.1471,0.6114,0.9489,0.8966,0.7586,14.7,20.0,25.5,26.7,28.3,39.7,64776880.0,'SAN PABLO BAY',null,null,POINT (-122.405325 37.932625)
HighwayBridge,CA006895,null,null,null,null,D,0,0,5.0,null,0.8251066207885742,35.32096862792969,1.9869507551193237,0.9730531573295593,0.0,0.0,0.0,0.0,0.0,29.523393630981445,0.5,0.372,0.1419,0.1186,0.1883,0.1788,0.6279,0.4859,0.3672,52.3,59.3,64.0,65.0,66.5,77.1,432584.5,'CAMINO PABLO',null,null,POINT (-122.185011 37.879211)
HighwayBridge,CA006896,null,null,null,null,D,0,0,5.0,null,0.8251066207885742,35.32096862792969,1.9869507551193237,0.9730531573295593,0.0,0.0,0.0,0.0,0.0,29.523393630981445,0.5,0.372,0.1419,0.1186,0.1883,0.1788,0.6279,0.4859,0.3672,52.3,59.3,64.0,65.0,66.5,77.1,758357.0625,'CAMINO PABLO',null,null,POINT (-122.184797 37.879086)
HighwayBridge,CA006897,null,null,null,null,D,0,0,5.0,null,0.8251066207885742,35.32096862792969,1.9869507551193237,0.9730531573295593,0.0,0.0,0.0,0.0,0.0,29.523393630981445,0.5,0.372,0.1419,0.1186,0.1883,0.1788,0.6279,0.4859,0.3672,52.3,59.3,64.0,65.0,66.5,77.1,723996.125,'CAMINO PABLO',null,null,POINT (-122.183344 37.878236)
HighwayBridge,CA006898,null,null,null,null,D,0,0,5.0,null,0.8015768527984619,43.14873504638672,1.9964525699615479,1.3447792530059814,0.0,0.0,0.0,0.0,0.0,29.523393630981445,0.5,0.2516,0.0,0.1172,0.2033,0.4277,0.7483,0.7483,0.6311,30.1,33.6,38.3,39.4,41.2,54.2,13395248.0,'MONUMENT BOULEVARD',null,null,POINT (-122.058236 37.944556)
HighwayBridge,CA006899,null,null,null,null,D,0,0,5.0,null,0.6251155734062195,26.522377014160156,1.5736724138259888,0.792631983757019,0.0,0.0,0.0,0.0,0.0,29.523393630981445,0.5,0.5836,0.0,0.1237,0.1486,0.1439,0.4163,0.4163,0.2926,62.7,66.3,71.2,72.1,73.3,81.6,426587.03125,'MAINTENANCE ACCESS',null,null,POINT (-121.855889 38.008914)
HighwayBridge,CA006900,null,null,null,null,D,0,0,5.0,null,0.837620735168457,37.62312316894531,2.102858543395996,1.1015702486038208,0.0,0.0,0.0,0.0,0.0,29.523393630981445,0.5,0.1556,0.2066,0.1305,0.1982,0.3088,0.8443,0.6376,0.5071,36.1,45.1,50.3,51.4,53.1,65.0,737971.5625,'PLEASANT HILL ROAD',null,null,POINT (-122.096386 37.898008)
HighwayBridge,CA006901,null,null,null,null,D,0,0,5.0,null,0.837620735168457,37.62312316894531,2.102858543395996,1.1015702486038208,0.0,0.0,0.0,0.0,0.0,29.523393630981445,0.5,0.1556,0.2066,0.1305,0.1982,0.3088,0.8443,0.6376,0.5071,36.1,45.1,50.3,51.4,53.1,65.0,1316897.625,'PLEASANT HILL ROAD',null,null,POINT (-122.096322 37.897811)
HighwayBridge,CA006902,null,null,null,null,D,0,0,5.0,null,0.837620735168457,37.62312316894531,2.102858543395996,1.1015702486038208,0.0,0.0,0.0,0.0,0.0,29.523393630981445,0.5,0.1556,0.2107,0.1308,0.1977,0.305,0.8443,0.6336,0.5027,36.4,45.5,50.7,51.9,53.5,65.4,1310002.375,'PLEASANT HILL ROAD',null,null,POINT (-122.096256 37.897447)
HighwayBridge,CA006903,null,null,null,null,D,0,0,5.0,null,0.837620735168457,37.62312316894531,2.102858543395996,1.1015702486038208,0.0,0.0,0.0,0.0,0.0,29.523393630981445,0.5,0.1556,0.2107,0.1308,0.1977,0.305,0.8443,0.6336,0.5027,36.4,45.5,50.7,51.9,53.5,65.4,734107.5625,'PLEASANT HILL ROAD',null,null,POINT (-122.096222 37.897286)
HighwayBridge,CA006904,null,null,null,null,D,0,0,5.0,null,0.749864399433136,46.097896575927734,1.8606994152069092,1.3066445589065552,0.0,0.0,0.0,0.0,0.0,29.523393630981445,0.5,0.1705,0.0,0.0878,0.2145,0.527,0.8294,0.8294,0.7415,21.4,24.0,27.6,28.7,30.7,44.9,148875.984375,'SAN PABLO CREEK',null,null,POINT (-122.328639 37.962503)
HighwayBridge,CA006905,null,null,null,null,D,0,0,5.0,null,0.5261858105659485,21.990455627441406,1.3398592472076416,0.6706250905990601,0.0,0.0,0.0,0.0,0.0,29.523393630981445,0.5,0.4264,0.2561,0.1082,0.1167,0.0923,0.5735,0.3174,0.2091,65.5,75.1,79.3,80.1,81.0,87.4,606945.0625,'STATE ROUTE 160',null,null,POINT (-121.755861 37.997728)
HighwayBridge,CA006906,null,null,null,null,D,0,0,5.0,null,0.7979174852371216,33.43217468261719,1.9508605003356934,0.9461639523506165,0.0,0.0,0.0,0.0,0.0,29.523393630981445,0.5,0.3898,0.1217,0.1188,0.189,0.1804,0.6101,0.4883,0.3695,52.5,59.1,63.8,64.8,66.3,76.9,334010.625,'ACALANES ROAD',null,null,POINT (-122.154667 37.892397)
HighwayBridge,CA006907,null,null,null,null,D,0,0,5.0,null,0.7979174852371216,33.43217468261719,1.9508605003356934,0.9461639523506165,0.0,0.0,0.0,0.0,0.0,29.523393630981445,0.5,0.3898,0.1217,0.1188,0.189,0.1804,0.6101,0.4883,0.3695,52.5,59.1,63.8,64.8,66.3,76.9,702574.125,'ACALANES ROAD',null,null,POINT (-122.154597 37.892133)
HighwayBridge,CA006908,null,null,null,null,D,0,0,5.0,null,0.7979174852371216,33.43217468261719,1.9508605003356934,0.9461639523506165,0.0,0.0,0.0,0.0,0.0,29.523393630981445,0.5,0.3898,0.1217,0.1188,0.189,0.1804,0.6101,0.4883,0.3695,52.5,59.1,63.8,64.8,66.3,76.9,623335.5625,'ACALANES ROAD',null,null,POINT (-122.154511 37.891747)
HighwayBridge,CA006909,null,null,null,null,D,0,0,5.0,null,0.7979174852371216,33.43217468261719,1.9508605003356934,0.9461639523506165,0.0,0.0,0.0,0.0,0.0,29.523393630981445,0.5,0.3898,0.1262,0.1185,0.1877,0.1775,0.6101,0.4838,0.3653,52.9,59.5,64.2,65.2,66.7,77.2,309123.5625,'ACALANES ROAD',null,null,POINT (-122.154469 37.891581)
HighwayBridge,CA006910,null,null,null,null,D,0,0,5.0,null,0.7979174852371216,33.43217468261719,1.9508605003356934,0.9461639523506165,0.0,0.0,0.0,0.0,0.0,29.523393630981445,0.5,0.2238,0.2428,0.1323,0.1796,0.2212,0.7761,0.5332,0.4008,45.4,55.4,60.6,61.7,63.2,73.6,856106.5,'STATE ROUTE 24 & BARTD',null,null,POINT (-122.171486 37.891989)
HighwayBridge,CA006911,null,null,null,null,D,0,0,5.0,null,0.7864630818367004,46.78706359863281,1.958044171333313,1.3109819889068604,0.0,0.0,0.0,0.0,0.0,29.523393630981445,0.5,0.054,0.1406,0.176,0.283,0.3461,0.9459,0.8052,0.6291,22.7,31.4,38.4,39.9,42.2,58.6,4105961.5,'CENTRAL AVENUE',null,null,POINT (-122.310389 37.900708)
HighwayBridge,CA006912,null,null,null,null,D,0,0,5.0,null,0.8015768527984619,43.14873504638672,1.9964525699615479,1.3447792530059814,0.0,0.0,0.0,0.0,0.0,29.523393630981445,0.5,0.2467,0.0,0.1163,0.2031,0.4338,0.7532,0.7532,0.6369,29.6,33.0,37.7,38.8,40.6,53.6,4064884.25,'I 680  N MAIN STREET',null,null,POINT (-122.0609 37.93335)
HighwayBridge,CA006913,null,null,null,null,D,0,0,5.0,null,0.8898106217384338,37.46025848388672,2.213346004486084,1.064721703529358,0.0,0.0,0.0,0.0,0.0,29.523393630981445,0.5,0.3754,0.0,0.1313,0.1965,0.2966,0.6245,0.6245,0.4931,42.6,46.5,51.7,52.8,54.4,66.2,1867432.0,'INTERSTATE 680',null,null,POINT (-122.071286 37.901531)
HighwayBridge,CA006914,null,null,null,null,D,0,0,5.0,null,0.8898106217384338,37.46025848388672,2.213346004486084,1.064721703529358,0.0,0.0,0.0,0.0,0.0,29.523393630981445,0.5,0.2989,0.0,0.1245,0.2035,0.373,0.701,0.701,0.5765,34.9,38.6,43.6,44.7,46.5,59.1,2705044.25,'YGNACIO VALLEY ROAD',null,null,POINT (-122.069892 37.905481)
HighwayBridge,CA006915,null,null,null,null,D,0,0,5.0,null,0.8898106217384338,37.46025848388672,2.213346004486084,1.064721703529358,0.0,0.0,0.0,0.0,0.0,29.523393630981445,0.5,0.3077,0.0,0.1256,0.2031,0.3634,0.6922,0.6922,0.5666,35.8,39.5,44.5,45.7,47.4,60.0,3326236.25,'YGNACIO VALLEY ROAD',null,null,POINT (-122.069717 37.904731)
HighwayBridge,CA006916,null,null,null,null,D,0,0,5.0,null,0.8898106217384338,37.46025848388672,2.213346004486084,1.064721703529358,0.0,0.0,0.0,0.0,0.0,29.523393630981445,0.5,0.3168,0.0596,0.1191,0.2198,0.2844,0.6831,0.6234,0.5042,40.9,45.9,50.7,51.8,53.6,66.4,2470106.75,'YGNACIO VALLEY ROAD',null,null,POINT (-122.069336 37.90505)
HighwayBridge,CA006917,null,null,null,null,D,0,0,5.0,null,0.8898106217384338,37.46025848388672,2.213346004486084,1.064721703529358,0.0,0.0,0.0,0.0,0.0,29.523393630981445,0.5,0.3168,0.0975,0.1205,0.213,0.2519,0.6831,0.5855,0.465,43.7,49.7,54.5,55.6,57.3,69.6,2640046.75,'PARKSIDE DRIVE',null,null,POINT (-122.067433 37.910892)
HighwayBridge,CA006918,null,null,null,null,D,0,0,5.0,null,0.8898106217384338,37.46025848388672,2.213346004486084,1.064721703529358,0.0,0.0,0.0,0.0,0.0,29.523393630981445,0.5,0.2286,0.0,0.1126,0.2017,0.4569,0.7713,0.7713,0.6586,27.7,31.0,35.6,36.7,38.5,51.6,7072101.5,'INTERSTATE 680',null,null,POINT (-122.066022 37.916344)
HighwayBridge,CA006919,null,null,null,null,D,0,0,5.0,null,0.8015768527984619,43.14873504638672,1.9964525699615479,1.3447792530059814,0.0,0.0,0.0,0.0,0.0,29.523393630981445,0.5,0.2501,0.0,0.1169,0.2032,0.4295,0.7498,0.7498,0.6328,29.9,33.4,38.1,39.2,41.0,54.0,6142261.0,'INTERSTATE 680',null,null,POINT (-122.061025 37.926292)
HighwayBridge,CA006920,null,null,null,null,D,0,0,5.0,null,0.8164545893669128,37.333194732666016,2.0122029781341553,1.001726508140564,0.0,0.0,0.0,0.0,0.0,29.523393630981445,0.5,0.3539,0.1363,0.1197,0.195,0.1949,0.646,0.5097,0.3899,50.1,57.1,61.8,62.9,64.4,75.4,1877030.5,'PINOLE VALLEY ROAD',null,null,POINT (-122.286164 37.9969)
HighwayBridge,CA006921,null,null,null,null,D,0,0,5.0,null,0.9031084179878235,42.27840042114258,2.22752046585083,1.1406011581420898,0.0,0.0,0.0,0.0,0.0,29.523393630981445,0.5,0.3167,0.0,0.1266,0.2026,0.354,0.6832,0.6832,0.5566,36.7,40.5,45.5,46.6,48.4,60.8,1870419.0,'EL PORTAL DRIVE',null,null,POINT (-122.322414 37.966083)
HighwayBridge,CA006922,null,null,null,null,D,0,0,5.0,null,0.7864630818367004,46.78706359863281,1.958044171333313,1.3109819889068604,0.0,0.0,0.0,0.0,0.0,29.523393630981445,0.5,0.1799,0.0,0.1006,0.1938,0.5256,0.82,0.82,0.7194,22.6,25.6,29.7,30.7,32.6,45.7,3426439.5,'CARLSON BLVD',null,null,POINT (-122.316925 37.9106)
HighwayBridge,CA006923,null,null,null,null,D,0,0,5.0,null,0.837620735168457,37.62312316894531,2.102858543395996,1.1015702486038208,0.0,0.0,0.0,0.0,0.0,29.523393630981445,0.5,0.1556,0.2016,0.1302,0.1988,0.3136,0.8443,0.6427,0.5124,35.7,44.6,49.8,50.9,52.6,64.6,1973489.375,'STATE ROUTE 24 & BARTD',null,null,POINT (-122.085286 37.898519)
HighwayBridge,CA006924,null,null,null,null,D,0,0,5.0,null,0.837620735168457,37.62312316894531,2.102858543395996,1.1015702486038208,0.0,0.0,0.0,0.0,0.0,29.523393630981445,0.5,0.3681,0.0,0.1309,0.1975,0.3034,0.6318,0.6318,0.5009,41.9,45.7,50.9,52.1,53.7,65.6,3573852.0,'N680-W24  CAMINO DIABLO',null,null,POINT (-122.075775 37.896103)
HighwayBridge,CA006925,null,null,null,null,D,0,0,5.0,null,0.8898106217384338,37.46025848388672,2.213346004486084,1.064721703529358,0.0,0.0,0.0,0.0,0.0,29.523393630981445,0.5,0.3896,0.0,0.1319,0.1944,0.2839,0.6103,0.6103,0.4783,44.0,47.9,53.1,54.2,55.8,67.4,5700356.0,'N680/W24 CONN I-680 C.D.',null,null,POINT (-122.071986 37.896914)
HighwayBridge,CA006926,null,null,null,null,D,0,0,5.0,null,0.8898106217384338,37.46025848388672,2.213346004486084,1.064721703529358,0.0,0.0,0.0,0.0,0.0,29.523393630981445,0.5,0.3699,0.0,0.131,0.1972,0.3017,0.63,0.63,0.499,42.1,45.9,51.1,52.2,53.9,65.7,1678381.625,'BOULEVARD WAY',null,null,POINT (-122.072625 37.895278)
HighwayBridge,CA006927,null,null,null,null,D,0,0,5.0,null,0.8898106217384338,37.46025848388672,2.213346004486084,1.064721703529358,0.0,0.0,0.0,0.0,0.0,29.523393630981445,0.5,0.3896,0.0,0.1319,0.1944,0.2839,0.6103,0.6103,0.4783,44.0,47.9,53.1,54.2,55.8,67.4,2896943.0,'MT DIABLO BOULEVARD',null,null,POINT (-122.070672 37.896214)
HighwayBridge,CA006928,null,null,null,null,D,0,0,5.0,null,0.8898106217384338,37.46025848388672,2.213346004486084,1.064721703529358,0.0,0.0,0.0,0.0,0.0,29.523393630981445,0.5,0.3737,0.0,0.1312,0.1967,0.2982,0.6262,0.6262,0.495,42.4,46.3,51.5,52.6,54.3,66.0,2210521.0,'MT DIABLO BOULEVARD',null,null,POINT (-122.070308 37.896206)
HighwayBridge,CA006929,null,null,null,null,D,0,0,5.0,null,0.8898106217384338,37.46025848388672,2.213346004486084,1.064721703529358,0.0,0.0,0.0,0.0,0.0,29.523393630981445,0.5,0.3896,0.0,0.1319,0.1944,0.2839,0.6103,0.6103,0.4783,44.0,47.9,53.1,54.2,55.8,67.4,5073969.0,'OLYMPIC BLVD I-680',null,null,POINT (-122.073731 37.896353)
HighwayBridge,CA006930,null,null,null,null,D,0,0,5.0,null,0.837620735168457,37.62312316894531,2.102858543395996,1.1015702486038208,0.0,0.0,0.0,0.0,0.0,29.523393630981445,0.5,0.1556,0.2094,0.1307,0.1979,0.3062,0.8443,0.6349,0.5041,36.3,45.4,50.6,51.7,53.4,65.3,885300.5,'BROWN AVENUE',null,null,POINT (-122.110922 37.895297)
HighwayBridge,CA006931,null,null,null,null,D,0,0,5.0,null,0.7979174852371216,33.43217468261719,1.9508605003356934,0.9461639523506165,0.0,0.0,0.0,0.0,0.0,29.523393630981445,0.5,0.2238,0.2396,0.1324,0.1803,0.2236,0.7761,0.5364,0.404,45.2,55.1,60.3,61.4,62.9,73.3,693531.5,'HAPPY VALLEY ROAD',null,null,POINT (-122.126433 37.892869)
HighwayBridge,CA006932,null,null,null,null,D,0,0,5.0,null,0.7979174852371216,33.43217468261719,1.9508605003356934,0.9461639523506165,0.0,0.0,0.0,0.0,0.0,29.523393630981445,0.5,0.2238,0.2396,0.1324,0.1803,0.2236,0.7761,0.5364,0.404,45.2,55.1,60.3,61.4,62.9,73.3,693531.5,'HAPPY VALLEY ROAD',null,null,POINT (-122.126353 37.892453)
HighwayBridge,CA006933,null,null,null,null,D,0,0,5.0,null,0.837620735168457,37.62312316894531,2.102858543395996,1.1015702486038208,0.0,0.0,0.0,0.0,0.0,29.523393630981445,0.5,0.1556,0.1481,0.1251,0.2033,0.3677,0.8443,0.6961,0.571,31.7,39.1,44.1,45.2,47.0,59.6,1314102.0,'OAK HILL ROAD',null,null,POINT (-122.12165 37.893994)
HighwayBridge,CA006934,null,null,null,null,D,0,0,5.0,null,0.837620735168457,37.62312316894531,2.102858543395996,1.1015702486038208,0.0,0.0,0.0,0.0,0.0,29.523393630981445,0.5,0.1556,0.182,0.1287,0.2009,0.3326,0.8443,0.6623,0.5336,34.2,42.6,47.7,48.9,50.6,62.8,1055755.75,'OAK HILL ROAD',null,null,POINT (-122.121253 37.893639)
HighwayBridge,CA006935,null,null,null,null,D,0,0,5.0,null,0.7979174852371216,33.43217468261719,1.9508605003356934,0.9461639523506165,0.0,0.0,0.0,0.0,0.0,29.523393630981445,0.5,0.3898,0.0765,0.1204,0.2012,0.2118,0.6101,0.5336,0.4131,49.3,54.8,59.6,60.6,62.2,73.6,986334.4375,'DOLORES DRIVE',null,null,POINT (-122.128867 37.892275)
HighwayBridge,CA006936,null,null,null,null,D,0,0,5.0,null,0.7979174852371216,33.43217468261719,1.9508605003356934,0.9461639523506165,0.0,0.0,0.0,0.0,0.0,29.523393630981445,0.5,0.3898,0.1468,0.1172,0.1816,0.1643,0.6101,0.4632,0.346,54.3,61.4,66.1,67.1,68.5,78.6,418032.15625,'DOLORES DRIVE',null,null,POINT (-122.128669 37.891883)
HighwayBridge,CA006937,null,null,null,null,D,0,0,5.0,null,0.8898106217384338,37.46025848388672,2.213346004486084,1.064721703529358,0.0,0.0,0.0,0.0,0.0,29.523393630981445,0.5,0.3634,0.0,0.1306,0.1981,0.3077,0.6365,0.6365,0.5058,41.4,45.2,50.4,51.6,53.2,65.1,1713302.625,'CANAL & BIKE PATH',null,null,POINT (-122.061386 37.921714)
HighwayBridge,CA006939,null,null,null,null,D,0,0,5.0,null,0.7979174852371216,33.43217468261719,1.9508605003356934,0.9461639523506165,0.0,0.0,0.0,0.0,0.0,29.523393630981445,0.5,0.2238,0.2428,0.1323,0.1796,0.2212,0.7761,0.5332,0.4008,45.4,55.4,60.6,61.7,63.2,73.6,1261224.0,'EL NIDO RANCH RD AQUEDUC',null,null,POINT (-122.146083 37.891369)
HighwayBridge,CA006940,null,null,null,null,D,0,0,5.0,null,0.7979174852371216,33.43217468261719,1.9508605003356934,0.9461639523506165,0.0,0.0,0.0,0.0,0.0,29.523393630981445,0.5,0.2238,0.2428,0.1323,0.1796,0.2212,0.7761,0.5332,0.4008,45.4,55.4,60.6,61.7,63.2,73.6,1490989.625,'EL NIDO RANCH RD',null,null,POINT (-122.145339 37.890869)
HighwayBridge,CA006941,null,null,null,null,D,0,0,5.0,null,0.7110493183135986,38.343650817871094,1.7765729427337646,1.066614031791687,0.0,0.0,0.0,0.0,0.0,29.523393630981445,0.5,0.3885,0.0,0.1319,0.1945,0.2849,0.6114,0.6114,0.4795,43.9,47.8,53.0,54.1,55.7,67.3,2452385.75,'MARINE STREET',null,null,POINT (-122.391117 37.931156)
HighwayBridge,CA006942,null,null,null,null,D,0,0,5.0,null,0.7110493183135986,38.343650817871094,1.7765729427337646,1.066614031791687,0.0,0.0,0.0,0.0,0.0,29.523393630981445,0.5,0.3885,0.0,0.1319,0.1945,0.2849,0.6114,0.6114,0.4795,43.9,47.8,53.0,54.1,55.7,67.3,2693111.5,'SCOFIELD AVENUE',null,null,POINT (-122.397981 37.932344)
HighwayBridge,CA006943,null,null,null,null,D,0,0,5.0,null,0.7110493183135986,38.343650817871094,1.7765729427337646,1.066614031791687,0.0,0.0,0.0,0.0,0.0,29.523393630981445,0.5,0.3885,0.0,0.1319,0.1945,0.2849,0.6114,0.6114,0.4795,43.9,47.8,53.0,54.1,55.7,67.3,3217743.75,'SCOFIELD AVENUE',null,null,POINT (-122.397614 37.932642)
HighwayBridge,CA006944,null,null,null,null,D,0,0,5.0,null,0.7110493183135986,38.343650817871094,1.7765729427337646,1.066614031791687,0.0,0.0,0.0,0.0,0.0,29.523393630981445,0.5,0.2786,0.0,0.0,0.2418,0.4795,0.7213,0.7213,0.7213,29.7,29.8,30.1,30.8,32.9,48.1,1463417.125,'STENMARK DR SB ON-RAMP',null,null,POINT (-122.401203 37.932206)
HighwayBridge,CA006945,null,null,null,null,D,0,0,5.0,null,0.7645758986473083,33.19930648803711,1.8811763525009155,0.9333800673484802,0.0,0.0,0.0,0.0,0.0,29.523393630981445,0.5,0.4758,0.0,0.132,0.1775,0.2145,0.5241,0.5241,0.3921,52.4,56.3,61.5,62.6,64.0,74.3,5376475.0,'BNSF SYCAMORE WILLOW',null,null,POINT (-122.272983 38.010753)
HighwayBridge,CA006946,null,null,null,null,D,0,0,5.0,null,0.7645758986473083,33.19930648803711,1.8811763525009155,0.9333800673484802,0.0,0.0,0.0,0.0,0.0,29.523393630981445,0.5,0.4758,0.0,0.132,0.1775,0.2145,0.5241,0.5241,0.3921,52.4,56.3,61.5,62.6,64.0,74.3,1680805.25,'BNSF  WILLOW  SYCAMORE',null,null,POINT (-122.272144 38.012803)
HighwayBridge,CA006947,null,null,null,null,D,0,0,5.0,null,0.837620735168457,37.62312316894531,2.102858543395996,1.1015702486038208,0.0,0.0,0.0,0.0,0.0,29.523393630981445,0.5,0.1556,0.0111,0.0967,0.1904,0.546,0.8443,0.8332,0.7364,20.9,24.1,28.0,29.0,30.9,44.0,2621634.25,'EBMUD AQUEDUCT  BROWN AV',null,null,POINT (-122.112303 37.895503)
HighwayBridge,CA006948,null,null,null,null,D,0,0,5.0,null,0.837620735168457,37.62312316894531,2.102858543395996,1.1015702486038208,0.0,0.0,0.0,0.0,0.0,29.523393630981445,0.5,0.1556,0.0042,0.0945,0.1884,0.557,0.8443,0.8401,0.7455,20.3,23.3,27.1,28.1,30.0,43.1,3107807.25,'EBMUD AQUEDUCT',null,null,POINT (-122.113019 37.89495)
HighwayBridge,CA006949,null,null,null,null,D,0,0,5.0,null,0.8164545893669128,37.333194732666016,2.0122029781341553,1.001726508140564,0.0,0.0,0.0,0.0,0.0,29.523393630981445,0.5,0.1964,0.2228,0.1327,0.1893,0.2585,0.8035,0.5806,0.4479,41.3,50.8,56.1,57.2,58.7,69.9,484807.25,'INTERSTATE 80',null,null,POINT (-122.302236 37.993639)
HighwayBridge,CA006950,null,null,null,null,D,0,0,5.0,null,0.7748083472251892,35.31185531616211,1.9298560619354248,1.0328832864761353,0.0,0.0,0.0,0.0,0.0,29.523393630981445,0.5,0.3351,0.1318,0.1204,0.2011,0.2114,0.6648,0.533,0.4125,48.0,54.8,59.6,60.7,62.3,73.7,1344784.5,'HOLBROOK CHANNEL',null,null,POINT (-122.038742 37.995372)
HighwayBridge,CA006951,null,null,null,null,D,0,0,5.0,null,0.7645758986473083,33.19930648803711,1.8811763525009155,0.9333800673484802,0.0,0.0,0.0,0.0,0.0,29.523393630981445,0.5,0.2307,0.245,0.132,0.1775,0.2145,0.7692,0.5241,0.3921,46.2,56.3,61.5,62.6,64.0,74.3,2254469.75,'STATE ROUTE 4 & RAMPS',null,null,POINT (-122.269478 38.014667)
HighwayBridge,CA006952,null,null,null,null,D,0,0,5.0,null,0.748308002948761,32.61968994140625,1.848130464553833,0.9351463913917542,0.0,0.0,0.0,0.0,0.0,29.523393630981445,0.5,0.029,0.0715,0.0643,0.2177,0.6172,0.9709,0.8993,0.835,12.1,15.8,18.6,19.6,21.7,36.6,2308212.0,'INTERSTATE 80',null,null,POINT (-122.238644 38.045175)
HighwayBridge,CA006953,null,null,null,null,D,0,0,5.0,null,0.7645758986473083,33.19930648803711,1.8811763525009155,0.9333800673484802,0.0,0.0,0.0,0.0,0.0,29.523393630981445,0.5,0.149,0.2383,0.2092,0.2373,0.1659,0.8509,0.6125,0.4032,40.0,52.0,60.2,61.8,63.5,76.5,2805179.5,'WILLOW AVENUE',null,null,POINT (-122.262539 38.022411)
HighwayBridge,CA006954,null,null,null,null,D,0,0,5.0,null,0.7645758986473083,33.19930648803711,1.8811763525009155,0.9333800673484802,0.0,0.0,0.0,0.0,0.0,29.523393630981445,0.5,0.4643,0.0,0.1324,0.1801,0.223,0.5356,0.5356,0.4032,51.3,55.2,60.4,61.5,63.0,73.4,527366.25,'WILLOW AVENUE',null,null,POINT (-122.262389 38.022261)
HighwayBridge,CA006955,null,null,null,null,D,0,0,5.0,null,0.6000664234161377,40.070621490478516,1.5195895433425903,1.3292993307113647,0.0,0.0,0.0,0.0,0.0,29.523393630981445,0.5,0.0924,0.1653,0.1183,0.2829,0.3409,0.9075,0.7421,0.6238,26.7,34.4,39.2,40.5,42.7,59.1,34513984.0,'UP BNSF AMTRAK SUISUN BA',null,null,POINT (-122.117283 38.033219)
HighwayBridge,CA006956,null,null,null,null,D,0,0,5.0,null,0.6000664234161377,40.070621490478516,1.5195895433425903,1.3292993307113647,0.0,0.0,0.0,0.0,0.0,29.523393630981445,0.5,0.0924,0.1653,0.1183,0.2829,0.3409,0.9075,0.7421,0.6238,26.7,34.4,39.2,40.5,42.7,59.1,41450564.0,'UP BNSF AMTRAK SUISUN BA',null,null,POINT (-122.116639 38.031817)
HighwayBridge,CA006957,null,null,null,null,D,0,0,5.0,null,0.748308002948761,32.61968994140625,1.848130464553833,0.9351463913917542,0.0,0.0,0.0,0.0,0.0,29.523393630981445,0.5,0.029,0.1185,0.0811,0.2444,0.5267,0.9709,0.8523,0.7711,16.0,21.4,24.8,25.9,28.1,43.8,1375455.5,'REFINERY ACCESS RD',null,null,POINT (-122.246539 38.039028)
HighwayBridge,CA006958,null,null,null,null,D,0,0,5.0,null,0.748308002948761,32.61968994140625,1.848130464553833,0.9351463913917542,0.0,0.0,0.0,0.0,0.0,29.523393630981445,0.5,0.3973,0.1471,0.1166,0.1792,0.1595,0.6026,0.4555,0.3388,55.0,62.2,66.8,67.8,69.1,79.1,376969.8125,'REFINERY ACCESS RD',null,null,POINT (-122.251392 38.034117)
HighwayBridge,CA006959,null,null,null,null,D,0,0,5.0,null,0.8898106217384338,37.46025848388672,2.213346004486084,1.064721703529358,0.0,0.0,0.0,0.0,0.0,29.523393630981445,0.5,0.3894,0.0,0.1319,0.1944,0.284,0.6105,0.6105,0.4785,44.0,47.9,53.1,54.2,55.8,67.4,5301029.5,'NEWELL AVENUE',null,null,POINT (-122.062261 37.891997)
HighwayBridge,CA006960,null,null,null,null,D,0,0,5.0,null,0.8898106217384338,37.46025848388672,2.213346004486084,1.064721703529358,0.0,0.0,0.0,0.0,0.0,29.523393630981445,0.5,0.3873,0.0,0.1318,0.1947,0.286,0.6126,0.6126,0.4808,43.8,47.6,52.9,54.0,55.6,67.2,6372913.0,'OLYMPIC BOULEVARD',null,null,POINT (-122.066439 37.893825)
HighwayBridge,CA006961,null,null,null,null,D,0,0,5.0,null,0.8898106217384338,37.46025848388672,2.213346004486084,1.064721703529358,0.0,0.0,0.0,0.0,0.0,29.523393630981445,0.5,0.38,0.0,0.1315,0.1958,0.2924,0.6199,0.6199,0.4883,43.1,46.9,52.1,53.3,54.9,66.6,3035721.5,'LAS TRAMPAS CREEK',null,null,POINT (-122.063133 37.892344)
HighwayBridge,CA006962,null,null,null,null,D,0,0,5.0,null,0.8898106217384338,37.46025848388672,2.213346004486084,1.064721703529358,0.0,0.0,0.0,0.0,0.0,29.523393630981445,0.5,0.3168,0.1315,0.1207,0.2056,0.2252,0.6831,0.5515,0.4308,46.2,53.0,57.8,58.9,60.6,72.3,1192327.875,'LAS TRAMPAS CREEK',null,null,POINT (-122.063644 37.891897)
HighwayBridge,CA006963,null,null,null,null,D,0,0,5.0,null,0.8898106217384338,37.46025848388672,2.213346004486084,1.064721703529358,0.0,0.0,0.0,0.0,0.0,29.523393630981445,0.5,0.3168,0.1414,0.1206,0.2032,0.2177,0.6831,0.5416,0.4209,46.9,54.0,58.8,59.9,61.5,73.0,666712.1875,'LAS TRAMPAS CREEK',null,null,POINT (-122.063036 37.892428)
HighwayBridge,CA006964,null,null,null,null,D,0,0,5.0,null,0.8015768527984619,43.14873504638672,1.9964525699615479,1.3447792530059814,0.0,0.0,0.0,0.0,0.0,29.523393630981445,0.5,0.2516,0.0,0.1172,0.2033,0.4277,0.7483,0.7483,0.6311,30.1,33.6,38.3,39.4,41.2,54.2,3261139.5,'WILLOW PASS ROAD',null,null,POINT (-122.047697 37.970906)
HighwayBridge,CA006965,null,null,null,null,D,0,0,5.0,null,0.8015768527984619,43.14873504638672,1.9964525699615479,1.3447792530059814,0.0,0.0,0.0,0.0,0.0,29.523393630981445,0.5,0.0892,0.0833,0.0985,0.192,0.5368,0.9107,0.8273,0.7288,19.7,24.7,28.7,29.8,31.6,44.8,1099026.0,'PINE CREEK',null,null,POINT (-122.047528 37.970769)
HighwayBridge,CA006966,null,null,null,null,D,0,0,5.0,null,0.8015768527984619,43.14873504638672,1.9964525699615479,1.3447792530059814,0.0,0.0,0.0,0.0,0.0,29.523393630981445,0.5,0.1933,0.0579,0.1056,0.2277,0.4152,0.8066,0.7486,0.6429,28.3,32.9,37.2,38.3,40.3,54.4,489725.53125,'PINE CREEK',null,null,POINT (-122.047178 37.970619)
HighwayBridge,CA006967,null,null,null,null,D,0,0,5.0,null,0.8898106217384338,37.46025848388672,2.213346004486084,1.064721703529358,0.0,0.0,0.0,0.0,0.0,29.523393630981445,0.5,0.2222,0.0,0.1112,0.201,0.4653,0.7777,0.7777,0.6664,27.0,30.3,34.8,35.9,37.8,50.9,4854785.5,'LILAC DRIVE',null,null,POINT (-122.058678 37.890172)
HighwayBridge,CA006968,null,null,null,null,D,0,0,5.0,null,0.8898106217384338,37.46025848388672,2.213346004486084,1.064721703529358,0.0,0.0,0.0,0.0,0.0,29.523393630981445,0.5,0.3119,0.0,0.114,0.2271,0.3468,0.688,0.688,0.574,36.0,39.3,43.9,45.1,47.0,60.6,5410459.5,'SOUTH MAIN STREET',null,null,POINT (-122.055236 37.886006)
HighwayBridge,CA006969,null,null,null,null,D,0,0,5.0,null,0.7638655304908752,29.48883819580078,1.8258516788482666,0.8384757041931152,0.0,0.0,0.0,0.0,0.0,29.523393630981445,0.5,0.2885,0.2584,0.1275,0.1592,0.1661,0.7114,0.453,0.3254,52.7,63.0,68.0,69.0,70.2,79.3,481086.875,'INTERSTATE ROUTE 680',null,null,POINT (-122.085436 38.007881)
HighwayBridge,CA006970,null,null,null,null,D,0,0,5.0,null,0.7638655304908752,29.48883819580078,1.8258516788482666,0.8384757041931152,0.0,0.0,0.0,0.0,0.0,29.523393630981445,0.5,0.5469,0.0,0.1275,0.1592,0.1661,0.453,0.453,0.3254,59.3,63.0,68.0,69.0,70.2,79.3,1193454.25,'ARTHUR ROAD',null,null,POINT (-122.088114 38.010864)
HighwayBridge,CA006971,null,null,null,null,D,0,0,5.0,null,0.7638655304908752,29.48883819580078,1.8258516788482666,0.8384757041931152,0.0,0.0,0.0,0.0,0.0,29.523393630981445,0.5,0.1944,0.2743,0.2057,0.206,0.1193,0.8055,0.5312,0.3254,46.9,59.7,67.7,69.2,70.7,81.8,8268622.0,'UPRR MARINA VISTA MOCOCO',null,null,POINT (-122.109953 38.024678)
HighwayBridge,CA006972,null,null,null,null,D,0,0,5.0,null,0.7638655304908752,29.48883819580078,1.8258516788482666,0.8384757041931152,0.0,0.0,0.0,0.0,0.0,29.523393630981445,0.5,0.5469,0.0,0.1275,0.1592,0.1661,0.453,0.453,0.3254,59.3,63.0,68.0,69.0,70.2,79.3,571544.375,'MARSH WETLANDS',null,null,POINT (-122.112472 38.024306)
HighwayBridge,CA006973,null,null,null,null,D,0,0,5.0,null,0.7748083472251892,35.31185531616211,1.9298560619354248,1.0328832864761353,0.0,0.0,0.0,0.0,0.0,29.523393630981445,0.5,0.3021,0.0,0.1249,0.2033,0.3695,0.6978,0.6978,0.5729,35.3,38.9,43.9,45.1,46.8,59.4,2182084.0,'BLUM ROAD',null,null,POINT (-122.074044 37.99825)
HighwayBridge,CA006974,null,null,null,null,D,0,0,5.0,null,0.7748083472251892,35.31185531616211,1.9298560619354248,1.0328832864761353,0.0,0.0,0.0,0.0,0.0,29.523393630981445,0.5,0.3021,0.0,0.1249,0.2033,0.3695,0.6978,0.6978,0.5729,35.3,38.9,43.9,45.1,46.8,59.4,688415.5625,'BLUM ROAD',null,null,POINT (-122.074042 37.997708)
HighwayBridge,CA006975,null,null,null,null,D,0,0,5.0,null,0.749864399433136,46.097896575927734,1.8606994152069092,1.3066445589065552,0.0,0.0,0.0,0.0,0.0,29.523393630981445,0.5,0.2067,0.1211,0.1156,0.2259,0.3304,0.7932,0.6721,0.5564,34.5,41.0,45.6,46.8,48.6,62.1,83427.2421875,'WILDCAT CREEK',null,null,POINT (-122.327114 37.951239)
HighwayBridge,CA006976,null,null,null,null,D,0,0,5.0,null,0.8015768527984619,43.14873504638672,1.9964525699615479,1.3447792530059814,0.0,0.0,0.0,0.0,0.0,29.523393630981445,0.5,0.2475,0.0,0.1164,0.2031,0.4327,0.7524,0.7524,0.6359,29.7,33.1,37.8,38.9,40.7,53.7,2230101.0,'WILLOW PASS ROAD',null,null,POINT (-122.055172 37.966597)
HighwayBridge,CA006977,null,null,null,null,D,0,0,5.0,null,0.7748083472251892,35.31185531616211,1.9298560619354248,1.0328832864761353,0.0,0.0,0.0,0.0,0.0,29.523393630981445,0.5,0.1826,0.2138,0.1322,0.1933,0.2779,0.8173,0.6035,0.4712,39.3,48.6,53.8,54.9,56.5,68.0,603694.9375,'INTERSTATE 680',null,null,POINT (-122.070272 37.994469)
HighwayBridge,CA006978,null,null,null,null,D,0,0,5.0,null,0.7748083472251892,35.31185531616211,1.9298560619354248,1.0328832864761353,0.0,0.0,0.0,0.0,0.0,29.523393630981445,0.5,0.1826,0.2138,0.1322,0.1933,0.2779,0.8173,0.6035,0.4712,39.3,48.6,53.8,54.9,56.5,68.0,603694.9375,'INTERSTATE 680',null,null,POINT (-122.070072 37.994308)
HighwayBridge,CA006979,null,null,null,null,D,0,0,5.0,null,0.7748083472251892,35.31185531616211,1.9298560619354248,1.0328832864761353,0.0,0.0,0.0,0.0,0.0,29.523393630981445,0.5,0.2309,0.0,0.1131,0.2019,0.454,0.769,0.769,0.6559,28.0,31.3,35.8,37.0,38.8,51.9,3055552.25,'GRAYSON CREEK',null,null,POINT (-122.067394 37.991022)
HighwayBridge,CA006980,null,null,null,null,D,0,0,5.0,null,0.7748083472251892,35.31185531616211,1.9298560619354248,1.0328832864761353,0.0,0.0,0.0,0.0,0.0,29.523393630981445,0.5,0.2309,0.0,0.1131,0.2019,0.454,0.769,0.769,0.6559,28.0,31.3,35.8,37.0,38.8,51.9,558604.5,'GRAYSON CREEK',null,null,POINT (-122.067792 37.990239)
HighwayBridge,CA006981,null,null,null,null,D,0,0,5.0,null,0.7748083472251892,35.31185531616211,1.9298560619354248,1.0328832864761353,0.0,0.0,0.0,0.0,0.0,29.523393630981445,0.5,0.4092,0.0,0.1325,0.1911,0.267,0.5907,0.5907,0.4582,46.0,49.8,55.1,56.2,57.8,69.1,1204536.75,'CENTER AVE',null,null,POINT (-122.065947 37.983383)
HighwayBridge,CA006982,null,null,null,null,D,0,0,5.0,null,0.7748083472251892,35.31185531616211,1.9298560619354248,1.0328832864761353,0.0,0.0,0.0,0.0,0.0,29.523393630981445,0.5,0.1826,0.2194,0.1323,0.1924,0.2731,0.8173,0.5979,0.4655,39.7,49.1,54.3,55.5,57.1,68.5,611610.6875,'PACHECO BLVD',null,null,POINT (-122.074181 37.993142)
HighwayBridge,CA006983,null,null,null,null,D,0,0,5.0,null,0.7748083472251892,35.31185531616211,1.9298560619354248,1.0328832864761353,0.0,0.0,0.0,0.0,0.0,29.523393630981445,0.5,0.1826,0.2194,0.1323,0.1924,0.2731,0.8173,0.5979,0.4655,39.7,49.1,54.3,55.5,57.1,68.5,611610.6875,'PACHECO BLVD',null,null,POINT (-122.074133 37.992922)
HighwayBridge,CA006984,null,null,null,null,D,0,0,5.0,null,0.5723602175712585,23.94725227355957,1.4608070850372314,0.7298760414123535,0.0,0.0,0.0,0.0,0.0,29.523393630981445,0.5,0.5802,0.0,0.1241,0.1496,0.1459,0.4197,0.4197,0.2956,62.4,66.0,70.9,71.8,73.0,81.4,1597211.25,'STATE ROUTE 4',null,null,POINT (-121.785564 37.996547)
HighwayBridge,CA006985,null,null,null,null,D,0,0,5.0,null,0.5723602175712585,23.94725227355957,1.4608070850372314,0.7298760414123535,0.0,0.0,0.0,0.0,0.0,29.523393630981445,0.5,0.5802,0.0,0.1241,0.1496,0.1459,0.4197,0.4197,0.2956,62.4,66.0,70.9,71.8,73.0,81.4,1581549.375,'STATE ROUTE 4',null,null,POINT (-121.78575 37.996544)
HighwayBridge,CA006986,null,null,null,null,D,0,0,5.0,null,0.8164545893669128,37.333194732666016,2.0122029781341553,1.001726508140564,0.0,0.0,0.0,0.0,0.0,29.523393630981445,0.5,0.3539,0.1387,0.1196,0.1943,0.1932,0.646,0.5073,0.3876,50.3,57.3,62.0,63.1,64.6,75.6,65260.3984375,'PINOLE CREEK',null,null,POINT (-122.287189 37.996219)
HighwayBridge,CA006987,null,null,null,null,D,0,0,5.0,null,0.7748083472251892,35.31185531616211,1.9298560619354248,1.0328832864761353,0.0,0.0,0.0,0.0,0.0,29.523393630981445,0.5,0.4042,0.0,0.1324,0.192,0.2712,0.5957,0.5957,0.4632,45.5,49.3,54.6,55.7,57.3,68.6,1358663.5,'CONCORD AVENUE',null,null,POINT (-122.043269 37.978778)
HighwayBridge,CA006988,null,null,null,null,D,0,0,5.0,null,0.7748083472251892,35.31185531616211,1.9298560619354248,1.0328832864761353,0.0,0.0,0.0,0.0,0.0,29.523393630981445,0.5,0.4074,0.0,0.1325,0.1915,0.2685,0.5925,0.5925,0.46,45.8,49.6,54.9,56.0,57.6,68.9,731572.125,'CONCORD AVENUE',null,null,POINT (-122.043694 37.978836)
HighwayBridge,CA006989,null,null,null,null,D,0,0,5.0,null,0.7748083472251892,35.31185531616211,1.9298560619354248,1.0328832864761353,0.0,0.0,0.0,0.0,0.0,29.523393630981445,0.5,0.4074,0.0,0.1325,0.1915,0.2685,0.5925,0.5925,0.46,45.8,49.6,54.9,56.0,57.6,68.9,580380.5625,'CONCORD AVENUE',null,null,POINT (-122.043078 37.978697)
HighwayBridge,CA006990,null,null,null,null,D,0,0,5.0,null,0.7748083472251892,35.31185531616211,1.9298560619354248,1.0328832864761353,0.0,0.0,0.0,0.0,0.0,29.523393630981445,0.5,0.2862,0.0,0.1228,0.2038,0.387,0.7137,0.7137,0.5909,33.6,37.3,42.2,43.3,45.1,57.8,3849252.5,'RV STORAGE',null,null,POINT (-122.042336 37.980414)
HighwayBridge,CA006991,null,null,null,null,D,0,0,5.0,null,0.7748083472251892,35.31185531616211,1.9298560619354248,1.0328832864761353,0.0,0.0,0.0,0.0,0.0,29.523393630981445,0.5,0.3351,0.1227,0.1206,0.2033,0.2181,0.6648,0.5421,0.4214,47.3,54.0,58.8,59.8,61.4,73.0,893013.0625,'RV STORAGE',null,null,POINT (-122.042458 37.981219)
HighwayBridge,CA006992,null,null,null,null,D,0,0,5.0,null,0.9184597134590149,40.32273483276367,2.2173798084259033,1.0956919193267822,0.0,0.0,0.0,0.0,0.0,29.523393630981445,0.5,0.0154,0.0658,0.0559,0.2011,0.6615,0.9845,0.9187,0.8627,10.1,13.4,15.9,16.8,18.8,33.2,3292943.25,'STATE ROUTE 24',null,null,POINT (-122.198556 37.867797)
HighwayBridge,CA006993,null,null,null,null,D,0,0,5.0,null,0.7645758986473083,33.19930648803711,1.8811763525009155,0.9333800673484802,0.0,0.0,0.0,0.0,0.0,29.523393630981445,0.5,0.2307,0.245,0.132,0.1775,0.2145,0.7692,0.5241,0.3921,46.2,56.3,61.5,62.6,64.0,74.3,429968.6875,'STATE ROUTE 4',null,null,POINT (-122.269717 38.014858)
HighwayBridge,CA006994,null,null,null,null,D,0,0,5.0,null,0.7645758986473083,33.19930648803711,1.8811763525009155,0.9333800673484802,0.0,0.0,0.0,0.0,0.0,29.523393630981445,0.5,0.2307,0.245,0.132,0.1775,0.2145,0.7692,0.5241,0.3921,46.2,56.3,61.5,62.6,64.0,74.3,429968.6875,'STATE ROUTE 4',null,null,POINT (-122.270217 38.015089)
HighwayBridge,CA006995,null,null,null,null,D,0,0,5.0,null,0.7748083472251892,35.31185531616211,1.9298560619354248,1.0328832864761353,0.0,0.0,0.0,0.0,0.0,29.523393630981445,0.5,0.3911,0.0,0.132,0.1941,0.2825,0.6088,0.6088,0.4767,44.2,48.0,53.3,54.4,56.0,67.5,1727789.125,'CONCORD AVE',null,null,POINT (-122.063775 37.9761)
HighwayBridge,CA006996,null,null,null,null,D,0,0,5.0,null,0.8980977535247803,36.9058952331543,2.1609253883361816,1.0195722579956055,0.0,0.0,0.0,0.0,0.0,29.523393630981445,0.5,0.3995,0.0,0.1323,0.1928,0.2753,0.6004,0.6004,0.4681,45.0,48.9,54.1,55.2,56.8,68.3,1990423.25,'LIVORNA ROAD',null,null,POINT (-122.034964 37.863231)
HighwayBridge,CA006997,null,null,null,null,D,0,0,5.0,null,0.8647317886352539,34.96581268310547,2.0895538330078125,0.9767805337905884,0.0,0.0,0.0,0.0,0.0,29.523393630981445,0.5,0.4406,0.0,0.1327,0.1852,0.2412,0.5593,0.5593,0.4265,49.0,52.9,58.1,59.2,60.7,71.6,1377853.0,'LA GONDA WAY',null,null,POINT (-122.016022 37.839306)
HighwayBridge,CA006998,null,null,null,null,D,0,0,5.0,null,0.7645758986473083,33.19930648803711,1.8811763525009155,0.9333800673484802,0.0,0.0,0.0,0.0,0.0,29.523393630981445,0.5,0.3985,0.1469,0.1165,0.1789,0.1589,0.6014,0.4544,0.3378,55.1,62.3,66.9,67.8,69.2,79.2,47391.4296875,'RODEO CREEK',null,null,POINT (-122.260908 38.022097)
HighwayBridge,CA006999,null,null,null,null,D,0,0,5.0,null,0.7645758986473083,33.19930648803711,1.8811763525009155,0.9333800673484802,0.0,0.0,0.0,0.0,0.0,29.523393630981445,0.5,0.3985,0.1398,0.1171,0.1811,0.1633,0.6014,0.4615,0.3444,54.7,61.6,66.2,67.2,68.6,78.7,48434.75,'RODEO CREEK',null,null,POINT (-122.261733 38.023)
HighwayBridge,CA007000,null,null,null,null,D,0,0,5.0,null,0.8453102707862854,39.55109786987305,2.1369194984436035,1.1330232620239258,0.0,0.0,0.0,0.0,0.0,29.523393630981445,0.5,0.3399,0.0,0.1289,0.2007,0.3304,0.66,0.66,0.5311,39.1,42.8,48.0,49.1,50.8,63.0,2192379.5,'INTERSTATE 680',null,null,POINT (-121.993297 37.811244)
HighwayBridge,CA007001,null,null,null,null,D,0,0,5.0,null,0.8453102707862854,39.55109786987305,2.1369194984436035,1.1330232620239258,0.0,0.0,0.0,0.0,0.0,29.523393630981445,0.5,0.1806,0.0,0.1008,0.1939,0.5245,0.8193,0.8193,0.7185,22.7,25.7,29.8,30.8,32.7,45.8,5695551.0,'LAUREL DRIVE',null,null,POINT (-121.993072 37.814725)
HighwayBridge,CA007002,null,null,null,null,D,0,0,5.0,null,0.8453102707862854,39.55109786987305,2.1369194984436035,1.1330232620239258,0.0,0.0,0.0,0.0,0.0,29.523393630981445,0.5,0.3505,0.0,0.1297,0.1996,0.32,0.6494,0.6494,0.5196,40.1,43.9,49.1,50.2,51.9,64.0,2507650.0,'SAN RAMON CREEK',null,null,POINT (-121.992989 37.820906)
HighwayBridge,CA007003,null,null,null,null,D,0,0,5.0,null,0.8453102707862854,39.55109786987305,2.1369194984436035,1.1330232620239258,0.0,0.0,0.0,0.0,0.0,29.523393630981445,0.5,0.3505,0.0,0.1297,0.1996,0.32,0.6494,0.6494,0.5196,40.1,43.9,49.1,50.2,51.9,64.0,613597.875,'SAN RAMON CREEK',null,null,POINT (-121.993497 37.820975)
HighwayBridge,CA007004,null,null,null,null,D,0,0,5.0,null,0.8453102707862854,39.55109786987305,2.1369194984436035,1.1330232620239258,0.0,0.0,0.0,0.0,0.0,29.523393630981445,0.5,0.3505,0.0,0.1297,0.1996,0.32,0.6494,0.6494,0.5196,40.1,43.9,49.1,50.2,51.9,64.0,697793.3125,'SAN RAMON CREEK',null,null,POINT (-121.992953 37.819842)
HighwayBridge,CA007005,null,null,null,null,D,0,0,5.0,null,0.8453102707862854,39.55109786987305,2.1369194984436035,1.1330232620239258,0.0,0.0,0.0,0.0,0.0,29.523393630981445,0.5,0.3384,0.0,0.1287,0.2008,0.3318,0.6615,0.6615,0.5327,38.9,42.7,47.8,49.0,50.7,62.9,1961152.375,'DIABLO ROAD',null,null,POINT (-121.993342 37.822817)
HighwayBridge,CA007006,null,null,null,null,D,0,0,5.0,null,0.8647317886352539,34.96581268310547,2.0895538330078125,0.9767805337905884,0.0,0.0,0.0,0.0,0.0,29.523393630981445,0.5,0.4371,0.0,0.1328,0.1859,0.244,0.5628,0.5628,0.43,48.7,52.6,57.8,58.9,60.4,71.3,1634941.75,'EL CERRO BOULEVARD',null,null,POINT (-122.0005 37.82965)
HighwayBridge,CA007007,null,null,null,null,D,0,0,5.0,null,0.8647317886352539,34.96581268310547,2.0895538330078125,0.9767805337905884,0.0,0.0,0.0,0.0,0.0,29.523393630981445,0.5,0.4371,0.0,0.1328,0.1859,0.244,0.5628,0.5628,0.43,48.7,52.6,57.8,58.9,60.4,71.3,1333007.5,'EL PINTADO ROAD',null,null,POINT (-122.008783 37.834939)
HighwayBridge,CA007008,null,null,null,null,D,0,0,5.0,null,0.8980977535247803,36.9058952331543,2.1609253883361816,1.0195722579956055,0.0,0.0,0.0,0.0,0.0,29.523393630981445,0.5,0.4014,0.0,0.1323,0.1925,0.2737,0.5985,0.5985,0.4662,45.2,49.0,54.3,55.4,57.0,68.4,2059982.125,'STONE VALLEY ROAD',null,null,POINT (-122.028508 37.851369)
HighwayBridge,CA007009,null,null,null,null,D,0,0,5.0,null,0.7064809203147888,26.04608726501465,1.6615453958511353,0.6866979598999023,0.0,0.0,0.0,0.0,0.0,29.523393630981445,0.5,0.6004,0.134,0.0894,0.1106,0.0654,0.3995,0.2655,0.1761,73.1,79.1,82.6,83.3,84.1,90.1,578759.75,'BAILEY ROAD',null,null,POINT (-121.942289 38.019)
HighwayBridge,CA007010,null,null,null,null,D,0,0,5.0,null,0.7064809203147888,26.04608726501465,1.6615453958511353,0.6866979598999023,0.0,0.0,0.0,0.0,0.0,29.523393630981445,0.5,0.6004,0.134,0.0894,0.1106,0.0654,0.3995,0.2655,0.1761,73.1,79.1,82.6,83.3,84.1,90.1,578759.75,'BAILEY ROAD',null,null,POINT (-121.942286 38.018622)
HighwayBridge,CA007011,null,null,null,null,D,0,0,5.0,null,0.7898257374763489,39.4677848815918,1.9969159364700317,1.18094003200531,0.0,0.0,0.0,0.0,0.0,29.523393630981445,0.5,0.3246,0.0,0.1274,0.202,0.3458,0.6753,0.6753,0.5479,37.5,41.3,46.3,47.5,49.2,61.6,2154094.0,'INTERSTATE 680',null,null,POINT (-121.972625 37.771247)
HighwayBridge,CA007012,null,null,null,null,D,0,0,5.0,null,0.8453102707862854,39.55109786987305,2.1369194984436035,1.1330232620239258,0.0,0.0,0.0,0.0,0.0,29.523393630981445,0.5,0.1446,0.2047,0.1296,0.1997,0.3211,0.8553,0.6505,0.5209,34.8,43.8,49.0,50.1,51.8,63.9,2344375.75,'INTERSTATE 680',null,null,POINT (-121.975633 37.776797)
HighwayBridge,CA007013,null,null,null,null,D,0,0,5.0,null,0.7748083472251892,35.31185531616211,1.9298560619354248,1.0328832864761353,0.0,0.0,0.0,0.0,0.0,29.523393630981445,0.5,0.2862,0.0,0.1228,0.2038,0.387,0.7137,0.7137,0.5909,33.6,37.3,42.2,43.3,45.1,57.8,2526218.75,'SOLANO WAY',null,null,POINT (-122.040333 37.988064)
HighwayBridge,CA007015,null,null,null,null,D,0,0,5.0,null,0.7638655304908752,29.48883819580078,1.8258516788482666,0.8384757041931152,0.0,0.0,0.0,0.0,0.0,29.523393630981445,0.5,0.5419,0.0,0.128,0.1606,0.1693,0.458,0.458,0.33,58.8,62.5,67.5,68.5,69.8,78.9,2445924.5,'STATE ROUTE 4',null,null,POINT (-122.120528 37.9952)
HighwayBridge,CA007016,null,null,null,null,D,0,0,5.0,null,0.7761736512184143,33.03783416748047,1.911075472831726,0.9463039636611938,0.0,0.0,0.0,0.0,0.0,29.523393630981445,0.5,0.2238,0.2201,0.1327,0.1845,0.2387,0.7761,0.556,0.4232,43.8,53.2,58.5,59.6,61.1,71.8,446966.59375,'STATE ROUTE 4',null,null,POINT (-122.19045 38.015775)
HighwayBridge,CA007017,null,null,null,null,D,0,0,5.0,null,0.7730397582054138,31.891193389892578,1.8982447385787964,0.9033559560775757,0.0,0.0,0.0,0.0,0.0,29.523393630981445,0.5,0.4956,0.0,0.1312,0.1728,0.2002,0.5043,0.5043,0.373,54.4,58.2,63.3,64.4,65.8,75.7,530401.0625,'ALHAMBRA AVE',null,null,POINT (-122.130294 37.990622)
HighwayBridge,CA007018,null,null,null,null,D,0,0,5.0,null,0.7730397582054138,31.891193389892578,1.8982447385787964,0.9033559560775757,0.0,0.0,0.0,0.0,0.0,29.523393630981445,0.5,0.2476,0.248,0.1312,0.1728,0.2002,0.7523,0.5043,0.373,48.1,58.2,63.3,64.4,65.8,75.7,371783.90625,'ALHAMBRA AVE',null,null,POINT (-122.130211 37.990467)
HighwayBridge,CA007019,null,null,null,null,D,0,0,5.0,null,0.7761736512184143,33.03783416748047,1.911075472831726,0.9463039636611938,0.0,0.0,0.0,0.0,0.0,29.523393630981445,0.5,0.2238,0.2314,0.1326,0.1821,0.2299,0.7761,0.5447,0.4121,44.6,54.3,59.5,60.6,62.1,72.7,353369.1875,'MCEWEN ROAD',null,null,POINT (-122.177878 38.015144)
HighwayBridge,CA007020,null,null,null,null,D,0,0,5.0,null,0.7761736512184143,33.03783416748047,1.911075472831726,0.9463039636611938,0.0,0.0,0.0,0.0,0.0,29.523393630981445,0.5,0.2238,0.2314,0.1326,0.1821,0.2299,0.7761,0.5447,0.4121,44.6,54.3,59.5,60.6,62.1,72.7,365554.3125,'MCEWEN ROAD',null,null,POINT (-122.177944 38.014936)
HighwayBridge,CA007021,null,null,null,null,D,0,0,5.0,null,0.7730397582054138,31.891193389892578,1.8982447385787964,0.9033559560775757,0.0,0.0,0.0,0.0,0.0,29.523393630981445,0.5,0.4956,0.0,0.1312,0.1728,0.2002,0.5043,0.5043,0.373,54.4,58.2,63.3,64.4,65.8,75.7,682323.125,'ALHAMBRA WAY',null,null,POINT (-122.126764 37.991428)
HighwayBridge,CA007022,null,null,null,null,D,0,0,5.0,null,0.7730397582054138,31.891193389892578,1.8982447385787964,0.9033559560775757,0.0,0.0,0.0,0.0,0.0,29.523393630981445,0.5,0.4956,0.0,0.1312,0.1728,0.2002,0.5043,0.5043,0.373,54.4,58.2,63.3,64.4,65.8,75.7,600295.25,'ALHAMBRA WAY',null,null,POINT (-122.126639 37.991208)
HighwayBridge,CA007023,null,null,null,null,D,0,0,5.0,null,0.7638655304908752,29.48883819580078,1.8258516788482666,0.8384757041931152,0.0,0.0,0.0,0.0,0.0,29.523393630981445,0.5,0.5143,0.0,0.1301,0.168,0.1874,0.4856,0.4856,0.3555,56.2,59.9,65.1,66.1,67.4,77.0,1639323.25,'STATE ROUTE 4',null,null,POINT (-122.086633 37.991522)
HighwayBridge,CA007024,null,null,null,null,D,0,0,5.0,null,0.7638655304908752,29.48883819580078,1.8258516788482666,0.8384757041931152,0.0,0.0,0.0,0.0,0.0,29.523393630981445,0.5,0.4687,0.12,0.1125,0.1648,0.1337,0.5312,0.4111,0.2985,59.9,66.2,70.7,71.6,72.9,82.0,1079521.875,'MORELLO AVE',null,null,POINT (-122.101008 37.992036)
HighwayBridge,CA007025,null,null,null,null,D,0,0,5.0,null,0.7638655304908752,29.48883819580078,1.8258516788482666,0.8384757041931152,0.0,0.0,0.0,0.0,0.0,29.523393630981445,0.5,0.4687,0.12,0.1125,0.1648,0.1337,0.5312,0.4111,0.2985,59.9,66.2,70.7,71.6,72.9,82.0,883245.1875,'MORELLO AVE',null,null,POINT (-122.101036 37.991753)
HighwayBridge,CA007026,null,null,null,null,D,0,0,5.0,null,0.7638655304908752,29.48883819580078,1.8258516788482666,0.8384757041931152,0.0,0.0,0.0,0.0,0.0,29.523393630981445,0.5,0.4687,0.1175,0.1128,0.1656,0.135,0.5312,0.4136,0.3007,59.8,66.0,70.5,71.4,72.7,81.8,42964.09375,'E MARTINEZ DRAIN',null,null,POINT (-122.08155 38.006747)
HighwayBridge,CA007027,null,null,null,null,D,0,0,5.0,null,0.7638655304908752,29.48883819580078,1.8258516788482666,0.8384757041931152,0.0,0.0,0.0,0.0,0.0,29.523393630981445,0.5,0.4687,0.1466,0.1094,0.1556,0.1193,0.5312,0.3845,0.275,61.8,68.7,73.0,73.9,75.0,83.6,35759.95703125,'SOUTH MOCOCO DRAIN',null,null,POINT (-122.105217 38.023147)
HighwayBridge,CA007028,null,null,null,null,D,0,0,5.0,null,0.7898257374763489,39.4677848815918,1.9969159364700317,1.18094003200531,0.0,0.0,0.0,0.0,0.0,29.523393630981445,0.5,0.3251,0.0,0.1275,0.202,0.3452,0.6748,0.6748,0.5472,37.6,41.3,46.4,47.5,49.3,61.6,1641200.125,'PINE VALLEY ROAD',null,null,POINT (-121.950233 37.736964)
HighwayBridge,CA007029,null,null,null,null,D,0,0,5.0,null,0.7898257374763489,39.4677848815918,1.9969159364700317,1.18094003200531,0.0,0.0,0.0,0.0,0.0,29.523393630981445,0.5,0.3251,0.0,0.1275,0.202,0.3452,0.6748,0.6748,0.5472,37.6,41.3,46.4,47.5,49.3,61.6,1645052.625,'MONTEVIDEO DRIVE',null,null,POINT (-121.957036 37.747242)
HighwayBridge,CA007030,null,null,null,null,D,0,0,5.0,null,0.8453102707862854,39.55109786987305,2.1369194984436035,1.1330232620239258,0.0,0.0,0.0,0.0,0.0,29.523393630981445,0.5,0.1446,0.2059,0.1297,0.1996,0.32,0.8553,0.6494,0.5196,34.9,43.9,49.1,50.2,51.9,64.0,735667.0,'INTERSTATE 680',null,null,POINT (-121.983511 37.792356)
HighwayBridge,CA007031,null,null,null,null,D,0,0,5.0,null,0.7898257374763489,39.4677848815918,1.9969159364700317,1.18094003200531,0.0,0.0,0.0,0.0,0.0,29.523393630981445,0.5,0.3207,0.0,0.127,0.2023,0.3498,0.6792,0.6792,0.5521,37.1,40.9,45.9,47.1,48.8,61.2,1980265.625,'INTERSTATE 680',null,null,POINT (-121.965739 37.759803)
HighwayBridge,CA007032,null,null,null,null,D,0,0,5.0,null,0.9031084179878235,42.27840042114258,2.22752046585083,1.1406011581420898,0.0,0.0,0.0,0.0,0.0,29.523393630981445,0.5,0.2772,0.09,0.1186,0.2212,0.2927,0.7227,0.6327,0.514,39.2,45.0,49.8,50.9,52.7,65.7,691506.0625,'BARTD',null,null,POINT (-122.324514 37.931072)
HighwayBridge,CA007033,null,null,null,null,D,0,0,5.0,null,0.837620735168457,37.62312316894531,2.102858543395996,1.1015702486038208,0.0,0.0,0.0,0.0,0.0,29.523393630981445,0.5,0.2969,0.1349,0.1207,0.2093,0.2379,0.703,0.5681,0.4473,44.5,51.4,56.2,57.3,59.0,71.0,436130.4375,'FIRST STREET',null,null,POINT (-122.116878 37.895006)
HighwayBridge,CA007034,null,null,null,null,D,0,0,5.0,null,0.837620735168457,37.62312316894531,2.102858543395996,1.1015702486038208,0.0,0.0,0.0,0.0,0.0,29.523393630981445,0.5,0.2969,0.1357,0.1207,0.2092,0.2373,0.703,0.5672,0.4465,44.5,51.5,56.3,57.4,59.1,71.1,1184119.375,'FIRST STREET',null,null,POINT (-122.116856 37.894775)
HighwayBridge,CA007035,null,null,null,null,D,0,0,5.0,null,0.837620735168457,37.62312316894531,2.102858543395996,1.1015702486038208,0.0,0.0,0.0,0.0,0.0,29.523393630981445,0.5,0.2969,0.1357,0.1207,0.2092,0.2373,0.703,0.5672,0.4465,44.5,51.5,56.3,57.4,59.1,71.1,1134781.125,'FIRST STREET',null,null,POINT (-122.116814 37.894367)
HighwayBridge,CA007036,null,null,null,null,D,0,0,5.0,null,0.837620735168457,37.62312316894531,2.102858543395996,1.1015702486038208,0.0,0.0,0.0,0.0,0.0,29.523393630981445,0.5,0.2969,0.1276,0.1206,0.2109,0.2437,0.703,0.5753,0.4547,43.9,50.7,55.5,56.6,58.3,70.4,884170.0,'LAFAYETTE STA PUC(BARTD)',null,null,POINT (-122.1248 37.893264)
HighwayBridge,CA007037,null,null,null,null,D,0,0,5.0,null,0.837620735168457,37.62312316894531,2.102858543395996,1.1015702486038208,0.0,0.0,0.0,0.0,0.0,29.523393630981445,0.5,0.2969,0.1377,0.1207,0.2087,0.2357,0.703,0.5652,0.4445,44.7,51.7,56.5,57.6,59.3,71.2,279494.65625,'LAFAYETTE STA PUC(BARTD)',null,null,POINT (-122.124669 37.893103)
HighwayBridge,CA007038,null,null,null,null,D,0,0,5.0,null,0.7864630818367004,46.78706359863281,1.958044171333313,1.3109819889068604,0.0,0.0,0.0,0.0,0.0,29.523393630981445,0.5,0.2653,0.0,0.1196,0.2038,0.4111,0.7346,0.7346,0.615,31.5,35.0,39.8,41.0,42.8,55.7,3635805.25,'INTERSTATE 580',null,null,POINT (-122.314397 37.899875)
HighwayBridge,CA007039,null,null,null,null,D,0,0,5.0,null,0.7864630818367004,46.78706359863281,1.958044171333313,1.3109819889068604,0.0,0.0,0.0,0.0,0.0,29.523393630981445,0.5,0.2653,0.0,0.1196,0.2038,0.4111,0.7346,0.7346,0.615,31.5,35.0,39.8,41.0,42.8,55.7,421851.15625,'CENTRAL AVE',null,null,POINT (-122.312089 37.898028)
HighwayBridge,CA007040,null,null,null,null,D,0,0,5.0,null,0.7864630818367004,46.78706359863281,1.958044171333313,1.3109819889068604,0.0,0.0,0.0,0.0,0.0,29.523393630981445,0.5,0.2653,0.0,0.1196,0.2038,0.4111,0.7346,0.7346,0.615,31.5,35.0,39.8,41.0,42.8,55.7,749773.25,'CENTRAL AVE',null,null,POINT (-122.312833 37.899008)
HighwayBridge,CA007041,null,null,null,null,D,0,0,5.0,null,0.7864630818367004,46.78706359863281,1.958044171333313,1.3109819889068604,0.0,0.0,0.0,0.0,0.0,29.523393630981445,0.5,0.2653,0.0,0.1196,0.2038,0.4111,0.7346,0.7346,0.615,31.5,35.0,39.8,41.0,42.8,55.7,1038110.25,'CENTRAL AVE',null,null,POINT (-122.313836 37.900244)
HighwayBridge,CA007042,null,null,null,null,D,0,0,5.0,null,0.7864630818367004,46.78706359863281,1.958044171333313,1.3109819889068604,0.0,0.0,0.0,0.0,0.0,29.523393630981445,0.5,0.2653,0.0,0.1196,0.2038,0.4111,0.7346,0.7346,0.615,31.5,35.0,39.8,41.0,42.8,55.7,354673.59375,'CENTRAL AVE',null,null,POINT (-122.314508 37.901078)
HighwayBridge,CA007043,null,null,null,null,D,0,0,5.0,null,0.7730397582054138,31.891193389892578,1.8982447385787964,0.9033559560775757,0.0,0.0,0.0,0.0,0.0,29.523393630981445,0.5,0.4197,0.1474,0.1147,0.172,0.1459,0.5802,0.4327,0.318,57.2,64.3,68.8,69.8,71.1,80.6,52983.1953125,'FRANKLIN EQUIP & PIPE UC',null,null,POINT (-122.146647 37.998964)
HighwayBridge,CA007044,null,null,null,null,D,0,0,5.0,null,0.757707417011261,32.710296630859375,1.885928750038147,0.9279577136039734,0.0,0.0,0.0,0.0,0.0,29.523393630981445,0.5,0.3827,0.0,0.1316,0.1954,0.2901,0.6172,0.6172,0.4856,43.3,47.2,52.4,53.5,55.2,66.8,3821517.5,'USN RR & KINNE BLVD',null,null,POINT (-122.012931 38.011339)
HighwayBridge,CA007045,null,null,null,null,D,0,0,5.0,null,0.757707417011261,32.710296630859375,1.885928750038147,0.9279577136039734,0.0,0.0,0.0,0.0,0.0,29.523393630981445,0.5,0.3827,0.0,0.1316,0.1954,0.2901,0.6172,0.6172,0.4856,43.3,47.2,52.4,53.5,55.2,66.8,3821517.5,'USN RR & KINNE BLVD',null,null,POINT (-122.012331 38.010986)
HighwayBridge,CA007046,null,null,null,null,D,0,0,5.0,null,0.7748083472251892,35.31185531616211,1.9298560619354248,1.0328832864761353,0.0,0.0,0.0,0.0,0.0,29.523393630981445,0.5,0.4092,0.0,0.1325,0.1911,0.267,0.5907,0.5907,0.4582,46.0,49.8,55.1,56.2,57.8,69.1,932007.6875,'WALNUT CREEK',null,null,POINT (-122.057719 37.999806)
HighwayBridge,CA007047,null,null,null,null,D,0,0,5.0,null,0.7748083472251892,35.31185531616211,1.9298560619354248,1.0328832864761353,0.0,0.0,0.0,0.0,0.0,29.523393630981445,0.5,0.4092,0.0,0.1325,0.1911,0.267,0.5907,0.5907,0.4582,46.0,49.8,55.1,56.2,57.8,69.1,919083.0625,'WALNUT CREEK',null,null,POINT (-122.057539 37.999556)
HighwayBridge,CA007048,null,null,null,null,D,0,0,5.0,null,0.7748083472251892,35.31185531616211,1.9298560619354248,1.0328832864761353,0.0,0.0,0.0,0.0,0.0,29.523393630981445,0.5,0.4079,0.0,0.1325,0.1914,0.268,0.592,0.592,0.4594,45.8,49.7,54.9,56.1,57.6,69.0,1212786.125,'SOLANO WAY',null,null,POINT (-122.053472 38.001008)
HighwayBridge,CA007049,null,null,null,null,D,0,0,5.0,null,0.7748083472251892,35.31185531616211,1.9298560619354248,1.0328832864761353,0.0,0.0,0.0,0.0,0.0,29.523393630981445,0.5,0.4092,0.0,0.1325,0.1911,0.267,0.5907,0.5907,0.4582,46.0,49.8,55.1,56.2,57.8,69.1,1293824.875,'SOLANO WAY',null,null,POINT (-122.053378 38.000664)
HighwayBridge,CA007050,null,null,null,null,D,0,0,5.0,null,0.7748083472251892,35.31185531616211,1.9298560619354248,1.0328832864761353,0.0,0.0,0.0,0.0,0.0,29.523393630981445,0.5,0.3351,0.1433,0.1201,0.1981,0.2031,0.6648,0.5215,0.4013,48.8,55.9,60.7,61.8,63.3,74.5,1275779.625,'PERALTA ROAD',null,null,POINT (-122.047942 38.002381)
HighwayBridge,CA007051,null,null,null,null,D,0,0,5.0,null,0.7748083472251892,35.31185531616211,1.9298560619354248,1.0328832864761353,0.0,0.0,0.0,0.0,0.0,29.523393630981445,0.5,0.3351,0.1267,0.1205,0.2024,0.2151,0.6648,0.5381,0.4175,47.6,54.3,59.1,60.2,61.8,73.3,1691504.25,'PERALTA ROAD',null,null,POINT (-122.047936 38.002019)
HighwayBridge,CA007052,null,null,null,null,D,0,0,5.0,null,0.7748083472251892,35.31185531616211,1.9298560619354248,1.0328832864761353,0.0,0.0,0.0,0.0,0.0,29.523393630981445,0.5,0.1717,0.0,0.0982,0.1918,0.5381,0.8282,0.8282,0.7299,21.7,24.6,28.6,29.7,31.5,44.7,4238340.5,'W4-S242 CONNECTOR RAMP',null,null,POINT (-122.036561 38.005819)
HighwayBridge,CA007053,null,null,null,null,D,0,0,5.0,null,0.7748083472251892,35.31185531616211,1.9298560619354248,1.0328832864761353,0.0,0.0,0.0,0.0,0.0,29.523393630981445,0.5,0.1949,0.0,0.1047,0.1969,0.5033,0.805,0.805,0.7002,24.2,27.3,31.5,32.6,34.4,47.6,3501606.25,'W4-S242 CONNECTOR RAMP',null,null,POINT (-122.0369 38.005342)
HighwayBridge,CA007054,null,null,null,null,D,0,0,5.0,null,0.7748083472251892,35.31185531616211,1.9298560619354248,1.0328832864761353,0.0,0.0,0.0,0.0,0.0,29.523393630981445,0.5,0.3383,0.0,0.1287,0.2008,0.3319,0.6616,0.6616,0.5328,38.9,42.7,47.8,48.9,50.7,62.9,1764886.75,'W4-S242 & N242-E4 CONNS',null,null,POINT (-122.036956 38.005178)
HighwayBridge,CA007055,null,null,null,null,D,0,0,5.0,null,0.757707417011261,32.710296630859375,1.885928750038147,0.9279577136039734,0.0,0.0,0.0,0.0,0.0,29.523393630981445,0.5,0.1513,0.2507,0.2092,0.2319,0.1566,0.8486,0.5978,0.3886,41.1,53.5,61.6,63.2,64.9,77.5,1660507.125,'PORT CHICAGO HWY',null,null,POINT (-122.023183 38.009764)
HighwayBridge,CA007056,null,null,null,null,D,0,0,5.0,null,0.757707417011261,32.710296630859375,1.885928750038147,0.9279577136039734,0.0,0.0,0.0,0.0,0.0,29.523393630981445,0.5,0.4023,0.147,0.1162,0.1777,0.1566,0.5976,0.4506,0.3343,55.5,62.6,67.2,68.2,69.6,79.5,2636824.25,'PORT CHICAGO HWY',null,null,POINT (-122.022967 38.009189)
HighwayBridge,CA007057,null,null,null,null,D,0,0,5.0,null,0.757707417011261,32.710296630859375,1.885928750038147,0.9279577136039734,0.0,0.0,0.0,0.0,0.0,29.523393630981445,0.5,0.4023,0.1472,0.1162,0.1776,0.1564,0.5976,0.4504,0.3341,55.5,62.6,67.2,68.2,69.6,79.5,1230363.875,'WILLOW PASS ROAD',null,null,POINT (-121.997836 38.013761)
HighwayBridge,CA007058,null,null,null,null,D,0,0,5.0,null,0.757707417011261,32.710296630859375,1.885928750038147,0.9279577136039734,0.0,0.0,0.0,0.0,0.0,29.523393630981445,0.5,0.4023,0.1472,0.1162,0.1776,0.1564,0.5976,0.4504,0.3341,55.5,62.6,67.2,68.2,69.6,79.5,1328605.875,'WILLOW PASS ROAD',null,null,POINT (-121.997608 38.013369)
HighwayBridge,CA007059,null,null,null,null,D,0,0,5.0,null,0.7748083472251892,35.31185531616211,1.9298560619354248,1.0328832864761353,0.0,0.0,0.0,0.0,0.0,29.523393630981445,0.5,0.402,0.0,0.1323,0.1924,0.2731,0.5979,0.5979,0.4655,45.2,49.1,54.3,55.5,57.1,68.5,2467068.5,'STATE ROUTE 242',null,null,POINT (-122.039233 37.997564)
HighwayBridge,CA007060,null,null,null,null,D,0,0,5.0,null,0.7748083472251892,35.31185531616211,1.9298560619354248,1.0328832864761353,0.0,0.0,0.0,0.0,0.0,29.523393630981445,0.5,0.4092,0.0,0.1325,0.1911,0.267,0.5907,0.5907,0.4582,46.0,49.8,55.1,56.2,57.8,69.1,2091083.25,'STATE ROUTES 4 & 242',null,null,POINT (-122.036536 38.003903)
HighwayBridge,CA007061,null,null,null,null,D,0,0,5.0,null,0.7638655304908752,29.48883819580078,1.8258516788482666,0.8384757041931152,0.0,0.0,0.0,0.0,0.0,29.523393630981445,0.5,0.4687,0.0597,0.1178,0.1841,0.1695,0.5312,0.4714,0.3536,55.7,60.7,65.3,66.3,67.8,78.1,1736464.625,'BNSF RY',null,null,POINT (-122.120747 37.994514)
HighwayBridge,CA007062,null,null,null,null,D,0,0,5.0,null,0.7638655304908752,29.48883819580078,1.8258516788482666,0.8384757041931152,0.0,0.0,0.0,0.0,0.0,29.523393630981445,0.5,0.4687,0.0331,0.1192,0.1918,0.1869,0.5312,0.498,0.3787,53.8,58.2,62.9,63.9,65.4,76.2,86368.234375,'E MARTINEZ DRAIN',null,null,POINT (-122.089531 38.006797)
HighwayBridge,CA007063,null,null,null,null,D,0,0,5.0,null,0.7748083472251892,35.31185531616211,1.9298560619354248,1.0328832864761353,0.0,0.0,0.0,0.0,0.0,29.523393630981445,0.5,0.3351,0.1433,0.1201,0.1981,0.2031,0.6648,0.5215,0.4013,48.8,55.9,60.7,61.8,63.3,74.5,481323.6875,'EBMUD SERVICE ROAD',null,null,POINT (-122.039378 38.00425)
HighwayBridge,CA007064,null,null,null,null,D,0,0,5.0,null,0.7748083472251892,35.31185531616211,1.9298560619354248,1.0328832864761353,0.0,0.0,0.0,0.0,0.0,29.523393630981445,0.5,0.3351,0.1425,0.1202,0.1983,0.2037,0.6648,0.5223,0.4021,48.7,55.9,60.6,61.7,63.3,74.5,118617.03125,'EBMUD SERVICE ROAD',null,null,POINT (-122.039294 38.004011)
HighwayBridge,CA007065,null,null,null,null,D,0,0,5.0,null,0.7748083472251892,35.31185531616211,1.9298560619354248,1.0328832864761353,0.0,0.0,0.0,0.0,0.0,29.523393630981445,0.5,0.3351,0.1433,0.1201,0.1981,0.2031,0.6648,0.5215,0.4013,48.8,55.9,60.7,61.8,63.3,74.5,254383.78125,'EBMUD SERVICE ROAD',null,null,POINT (-122.040158 37.997758)
HighwayBridge,CA007066,null,null,null,null,D,0,0,5.0,null,0.7748083472251892,35.31185531616211,1.9298560619354248,1.0328832864761353,0.0,0.0,0.0,0.0,0.0,29.523393630981445,0.5,0.3351,0.1433,0.1201,0.1981,0.2031,0.6648,0.5215,0.4013,48.8,55.9,60.7,61.8,63.3,74.5,83387.2265625,'EBMUD SERVICE ROAD',null,null,POINT (-122.039347 37.997344)
HighwayBridge,CA007067,null,null,null,null,D,0,0,5.0,null,0.8453102707862854,39.55109786987305,2.1369194984436035,1.1330232620239258,0.0,0.0,0.0,0.0,0.0,29.523393630981445,0.5,0.2809,0.1364,0.1205,0.2124,0.2496,0.719,0.5826,0.462,43.0,50.0,54.8,55.9,57.6,69.8,99878.25,'GREEN VALLEY CREEK',null,null,POINT (-121.993839 37.823972)
HighwayBridge,CA007068,null,null,null,null,D,0,0,5.0,null,0.7087885737419128,28.83775520324707,1.5971506834030151,0.6852161288261414,0.0,0.0,0.0,0.0,0.0,29.523393630981445,0.5,0.6752,0.0,0.1096,0.1192,0.0958,0.3247,0.3247,0.215,71.3,74.5,78.7,79.5,80.5,87.0,2857449.5,'INTERSTATE 580',null,null,POINT (-122.32505 37.911189)
HighwayBridge,CA007069,null,null,null,null,D,0,0,5.0,null,0.7864630818367004,46.78706359863281,1.958044171333313,1.3109819889068604,0.0,0.0,0.0,0.0,0.0,29.523393630981445,0.5,0.2653,0.0,0.1196,0.2038,0.4111,0.7346,0.7346,0.615,31.5,35.0,39.8,41.0,42.8,55.7,1044746.1875,'NONE',null,null,POINT (-122.322231 37.910569)
HighwayBridge,CA007070,null,null,null,null,D,0,0,5.0,null,0.7864630818367004,46.78706359863281,1.958044171333313,1.3109819889068604,0.0,0.0,0.0,0.0,0.0,29.523393630981445,0.5,0.2653,0.0,0.1196,0.2038,0.4111,0.7346,0.7346,0.615,31.5,35.0,39.8,41.0,42.8,55.7,1432786.75,'NONE',null,null,POINT (-122.323844 37.91275)
HighwayBridge,CA007071,null,null,null,null,D,0,0,5.0,null,0.7087885737419128,28.83775520324707,1.5971506834030151,0.6852161288261414,0.0,0.0,0.0,0.0,0.0,29.523393630981445,0.5,0.6748,0.0,0.1097,0.1194,0.096,0.3251,0.3251,0.2154,71.3,74.4,78.7,79.5,80.4,87.0,1458187.75,'INTERSTATE 580',null,null,POINT (-122.347317 37.921544)
HighwayBridge,CA007072,null,null,null,null,D,0,0,5.0,null,0.7087885737419128,28.83775520324707,1.5971506834030151,0.6852161288261414,0.0,0.0,0.0,0.0,0.0,29.523393630981445,0.5,0.6563,0.0,0.113,0.1256,0.1049,0.3436,0.3436,0.2305,69.5,72.8,77.2,78.1,79.0,86.0,1140320.25,'INTERSTATE 580',null,null,POINT (-122.355772 37.921678)
HighwayBridge,CA007073,null,null,null,null,D,0,0,5.0,null,0.749864399433136,46.097896575927734,1.8606994152069092,1.3066445589065552,0.0,0.0,0.0,0.0,0.0,29.523393630981445,0.5,0.1525,0.0,0.0921,0.1861,0.5691,0.8474,0.8474,0.7552,19.7,22.4,26.2,27.2,29.0,42.1,7523302.5,'INTERSTATE 580',null,null,POINT (-122.363119 37.925133)
HighwayBridge,CA007074,null,null,null,null,D,0,0,5.0,null,0.749864399433136,46.097896575927734,1.8606994152069092,1.3066445589065552,0.0,0.0,0.0,0.0,0.0,29.523393630981445,0.5,0.2671,0.0,0.1199,0.2038,0.409,0.7328,0.7328,0.6129,31.7,35.2,40.0,41.2,43.0,55.8,6382708.5,'BNSF RY  SOUTH SECOND ST',null,null,POINT (-122.367744 37.927206)
HighwayBridge,CA007075,null,null,null,null,D,0,0,5.0,null,0.7110493183135986,38.343650817871094,1.7765729427337646,1.066614031791687,0.0,0.0,0.0,0.0,0.0,29.523393630981445,0.5,0.3885,0.0,0.1319,0.1946,0.2849,0.6114,0.6114,0.4795,43.9,47.8,53.0,54.1,55.7,67.3,4627756.0,'CANAL BOULEVARD',null,null,POINT (-122.377889 37.9273)
HighwayBridge,CA007076,null,null,null,null,D,0,0,5.0,null,0.8164545893669128,37.333194732666016,2.0122029781341553,1.001726508140564,0.0,0.0,0.0,0.0,0.0,29.523393630981445,0.5,0.4289,0.0,0.1327,0.1875,0.2506,0.571,0.571,0.4382,47.9,51.8,57.0,58.1,59.6,70.6,1642993.375,'INTERSTATE 80',null,null,POINT (-122.318872 37.976353)
HighwayBridge,CA007077,null,null,null,null,D,0,0,5.0,null,0.8164545893669128,37.333194732666016,2.0122029781341553,1.001726508140564,0.0,0.0,0.0,0.0,0.0,29.523393630981445,0.5,0.4287,0.0,0.1327,0.1876,0.2508,0.5712,0.5712,0.4384,47.9,51.7,57.0,58.1,59.6,70.6,1682453.0,'INTERSTATE 80',null,null,POINT (-122.318922 37.976228)
HighwayBridge,CA007078,null,null,null,null,D,0,0,5.0,null,0.9184597134590149,40.32273483276367,2.2173798084259033,1.0956919193267822,0.0,0.0,0.0,0.0,0.0,29.523393630981445,0.5,0.3,0.1394,0.1207,0.2077,0.232,0.6999,0.5605,0.4397,45.1,52.2,57.0,58.1,59.7,71.6,99815.515625,'STATE ROUTE 24',null,null,POINT (-122.209681 37.861122)
HighwayBridge,CA007079,null,null,null,null,D,0,0,5.0,null,0.7087885737419128,28.83775520324707,1.5971506834030151,0.6852161288261414,0.0,0.0,0.0,0.0,0.0,29.523393630981445,0.5,0.6752,0.0,0.1096,0.1192,0.0958,0.3247,0.3247,0.215,71.3,74.5,78.7,79.5,80.5,87.0,773176.375,'INTERSTATE ROUTE 580',null,null,POINT (-122.333178 37.919933)
HighwayBridge,CA007080,null,null,null,null,D,0,0,5.0,null,0.8164545893669128,37.333194732666016,2.0122029781341553,1.001726508140564,0.0,0.0,0.0,0.0,0.0,29.523393630981445,0.5,0.4219,0.0,0.1327,0.1888,0.2563,0.578,0.578,0.4452,47.2,51.1,56.3,57.4,59.0,70.1,1597566.25,'INTERSTATE 80',null,null,POINT (-122.301919 37.993744)
HighwayBridge,CA007081,null,null,null,null,D,0,0,5.0,null,0.8015768527984619,43.14873504638672,1.9964525699615479,1.3447792530059814,0.0,0.0,0.0,0.0,0.0,29.523393630981445,0.5,0.2197,0.0,0.1107,0.2007,0.4687,0.7802,0.7802,0.6695,26.8,30.1,34.5,35.6,37.5,50.6,4216719.5,'CLAYTON ROAD-S242 ON RMP',null,null,POINT (-122.047836 37.969531)
HighwayBridge,CA007082,null,null,null,null,D,0,0,5.0,null,0.7110493183135986,38.343650817871094,1.7765729427337646,1.066614031791687,0.0,0.0,0.0,0.0,0.0,29.523393630981445,0.5,0.3885,0.0,0.1319,0.1945,0.2849,0.6114,0.6114,0.4795,43.9,47.8,53.0,54.1,55.7,67.3,2582577.75,'CASTRO STREET',null,null,POINT (-122.386119 37.929025)
HighwayBridge,CA007083,null,null,null,null,D,0,0,5.0,null,0.7110493183135986,38.343650817871094,1.7765729427337646,1.066614031791687,0.0,0.0,0.0,0.0,0.0,29.523393630981445,0.5,0.3885,0.0,0.1319,0.1945,0.2849,0.6114,0.6114,0.4795,43.9,47.8,53.0,54.1,55.7,67.3,1318266.125,'CASTRO STREET',null,null,POINT (-122.385833 37.929147)
HighwayBridge,CA007084,null,null,null,null,D,0,0,5.0,null,0.7110493183135986,38.343650817871094,1.7765729427337646,1.066614031791687,0.0,0.0,0.0,0.0,0.0,29.523393630981445,0.5,0.3885,0.0,0.1319,0.1945,0.2849,0.6114,0.6114,0.4795,43.9,47.8,53.0,54.1,55.7,67.3,967723.5625,'CASTRO STREET',null,null,POINT (-122.385681 37.929267)
HighwayBridge,CA007085,null,null,null,null,D,0,0,5.0,null,0.7087885737419128,28.83775520324707,1.5971506834030151,0.6852161288261414,0.0,0.0,0.0,0.0,0.0,29.523393630981445,0.5,0.6752,0.0,0.1096,0.1192,0.0958,0.3247,0.3247,0.215,71.3,74.5,78.7,79.5,80.5,87.0,1676466.625,'INTERSTATE 580',null,null,POINT (-122.359919 37.923094)
HighwayBridge,CA007086,null,null,null,null,D,0,0,5.0,null,0.7110493183135986,38.343650817871094,1.7765729427337646,1.066614031791687,0.0,0.0,0.0,0.0,0.0,29.523393630981445,0.5,0.3885,0.0,0.1319,0.1945,0.2849,0.6114,0.6114,0.4795,43.9,47.8,53.0,54.1,55.7,67.3,79694.28125,'HILLSIDE',null,null,POINT (-122.393686 37.932328)
HighwayBridge,CA007087,null,null,null,null,D,0,0,5.0,null,0.8164545893669128,37.333194732666016,2.0122029781341553,1.001726508140564,0.0,0.0,0.0,0.0,0.0,29.523393630981445,0.5,0.4291,0.0,0.1327,0.1875,0.2505,0.5708,0.5708,0.438,47.9,51.8,57.0,58.1,59.7,70.7,6455913.5,'INTERSTATE 80',null,null,POINT (-122.315267 37.986683)
HighwayBridge,CA007088,null,null,null,null,D,0,0,5.0,null,0.8898106217384338,37.46025848388672,2.213346004486084,1.064721703529358,0.0,0.0,0.0,0.0,0.0,29.523393630981445,0.5,0.1038,0.213,0.2047,0.2605,0.2177,0.8961,0.6831,0.4783,33.6,44.9,53.0,54.6,56.6,71.0,2844900.0,'E24-S680 CONNECTOR RAMP',null,null,POINT (-122.069208 37.894297)
HighwayBridge,CA007089,null,null,null,null,D,0,0,5.0,null,0.7064809203147888,26.04608726501465,1.6615453958511353,0.6866979598999023,0.0,0.0,0.0,0.0,0.0,29.523393630981445,0.5,0.6716,0.0,0.1103,0.1204,0.0974,0.3283,0.3283,0.2179,71.0,74.1,78.5,79.3,80.2,86.8,975360.6875,'WILLOW PASS ROAD',null,null,POINT (-121.966017 38.023044)
HighwayBridge,CA007090,null,null,null,null,D,0,0,5.0,null,0.7064809203147888,26.04608726501465,1.6615453958511353,0.6866979598999023,0.0,0.0,0.0,0.0,0.0,29.523393630981445,0.5,0.6732,0.0,0.11,0.1199,0.0967,0.3267,0.3267,0.2167,71.1,74.3,78.6,79.4,80.3,86.9,893805.0625,'WILLOW PASS ROAD',null,null,POINT (-121.966144 38.022689)
HighwayBridge,CA007091,null,null,null,null,D,0,0,5.0,null,0.8898106217384338,37.46025848388672,2.213346004486084,1.064721703529358,0.0,0.0,0.0,0.0,0.0,29.523393630981445,0.5,0.3168,0.0682,0.1195,0.2184,0.2767,0.6831,0.6148,0.4952,41.6,46.8,51.6,52.7,54.5,67.2,667240.5625,'N680&E24-YGNACIO OFF RMP',null,null,POINT (-122.069442 37.901592)
HighwayBridge,CA007092,null,null,null,null,D,0,0,5.0,null,0.8453102707862854,39.55109786987305,2.1369194984436035,1.1330232620239258,0.0,0.0,0.0,0.0,0.0,29.523393630981445,0.5,0.3467,0.0,0.1294,0.2,0.3237,0.6532,0.6532,0.5237,39.8,43.5,48.7,49.8,51.5,63.6,5394070.0,'INTERSTATE 680',null,null,POINT (-121.977108 37.779697)
HighwayBridge,CA007093,null,null,null,null,D,0,0,5.0,null,0.7064809203147888,26.04608726501465,1.6615453958511353,0.6866979598999023,0.0,0.0,0.0,0.0,0.0,29.523393630981445,0.5,0.6004,0.1129,0.0936,0.119,0.0738,0.3995,0.2865,0.1928,71.7,77.3,81.0,81.7,82.6,89.0,164158.984375,'E4-BAILEY RD OFF RAMP',null,null,POINT (-121.944658 38.018244)
HighwayBridge,CA007094,null,null,null,null,D,0,0,5.0,null,0.7064809203147888,26.04608726501465,1.6615453958511353,0.6866979598999023,0.0,0.0,0.0,0.0,0.0,29.523393630981445,0.5,0.6739,0.0,0.1099,0.1197,0.0964,0.326,0.326,0.2161,71.2,74.3,78.6,79.4,80.4,87.0,634170.375,'CONTRA COSTA CANAL',null,null,POINT (-121.944431 38.019331)
HighwayBridge,CA007095,null,null,null,null,D,0,0,5.0,null,0.7064809203147888,26.04608726501465,1.6615453958511353,0.6866979598999023,0.0,0.0,0.0,0.0,0.0,29.523393630981445,0.5,0.6739,0.0,0.1099,0.1197,0.0964,0.326,0.326,0.2161,71.2,74.3,78.6,79.4,80.4,87.0,184853.5625,'CONTRA COSTA CANAL',null,null,POINT (-121.942942 38.019864)
HighwayBridge,CA007096,null,null,null,null,D,0,0,5.0,null,0.8015768527984619,43.14873504638672,1.9964525699615479,1.3447792530059814,0.0,0.0,0.0,0.0,0.0,29.523393630981445,0.5,0.2516,0.0,0.1172,0.2033,0.4277,0.7483,0.7483,0.6311,30.1,33.6,38.3,39.4,41.2,54.2,2787407.0,'CONTRA COSTA-S680 ON RMP',null,null,POINT (-122.060703 37.939444)
HighwayBridge,CA007097,null,null,null,null,D,0,0,5.0,null,0.8015768527984619,43.14873504638672,1.9964525699615479,1.3447792530059814,0.0,0.0,0.0,0.0,0.0,29.523393630981445,0.5,0.2516,0.0,0.1172,0.2033,0.4277,0.7483,0.7483,0.6311,30.1,33.6,38.3,39.4,41.2,54.2,2368326.0,'INTERSTATE 680',null,null,POINT (-122.059564 37.940703)
HighwayBridge,CA007098,null,null,null,null,D,0,0,5.0,null,0.7645758986473083,33.19930648803711,1.8811763525009155,0.9333800673484802,0.0,0.0,0.0,0.0,0.0,29.523393630981445,0.5,0.402,0.0,0.1323,0.1924,0.2731,0.5979,0.5979,0.4655,45.2,49.1,54.3,55.5,57.1,68.5,2214708.25,'STATE ROUTE 4',null,null,POINT (-122.256697 38.01395)
HighwayBridge,CA007099,null,null,null,null,D,0,0,5.0,null,0.748308002948761,32.61968994140625,1.848130464553833,0.9351463913917542,0.0,0.0,0.0,0.0,0.0,29.523393630981445,0.5,0.2297,0.2447,0.1321,0.2337,0.1595,0.7702,0.5254,0.3933,46.2,56.3,61.5,62.7,64.5,77.2,20871748.0,'CARQUINEZ STRAITS  RR',null,null,POINT (-122.225958 38.055956)
HighwayBridge,CA007100,null,null,null,null,D,0,0,5.0,null,0.7638655304908752,29.48883819580078,1.8258516788482666,0.8384757041931152,0.0,0.0,0.0,0.0,0.0,29.523393630981445,0.5,0.5469,0.0,0.1275,0.1592,0.1661,0.453,0.453,0.3254,59.3,63.0,68.0,69.0,70.2,79.3,3785959.5,'UPRR MARINA VISTA MOCOCO',null,null,POINT (-122.109703 38.024814)
HighwayBridge,CA007101,null,null,null,null,D,0,0,5.0,null,0.6000664234161377,40.070621490478516,1.5195895433425903,1.3292993307113647,0.0,0.0,0.0,0.0,0.0,29.523393630981445,0.5,0.2578,0.0,0.1183,0.2036,0.4202,0.7421,0.7421,0.6238,30.7,34.2,39.0,40.1,41.9,54.9,417775.125,'MARSH WETLANDS',null,null,POINT (-122.109114 38.025131)
HighwayBridge,CA007102,null,null,null,null,D,0,0,5.0,null,0.7645758986473083,33.19930648803711,1.8811763525009155,0.9333800673484802,0.0,0.0,0.0,0.0,0.0,29.523393630981445,0.5,0.4758,0.0,0.132,0.1775,0.2145,0.5241,0.5241,0.3921,52.4,56.3,61.5,62.6,64.0,74.3,769713.5625,'STATE ROUTE 4',null,null,POINT (-122.244883 38.015414)
HighwayBridge,CA007103,null,null,null,null,D,0,0,5.0,null,0.7761736512184143,33.03783416748047,1.911075472831726,0.9463039636611938,0.0,0.0,0.0,0.0,0.0,29.523393630981445,0.5,0.4666,0.0,0.1323,0.1796,0.2213,0.5333,0.5333,0.4009,51.6,55.4,60.6,61.7,63.2,73.6,3536025.25,'BNSF RY & AMTRAK',null,null,POINT (-122.212781 38.008164)
HighwayBridge,CA007104,null,null,null,null,D,0,0,5.0,null,0.7761736512184143,33.03783416748047,1.911075472831726,0.9463039636611938,0.0,0.0,0.0,0.0,0.0,29.523393630981445,0.5,0.3897,0.1456,0.1173,0.182,0.1652,0.6102,0.4646,0.3472,54.2,61.3,66.0,67.0,68.4,78.5,141954.046875,'PRIVATE ACCESS ROAD',null,null,POINT (-122.2063 38.009089)
HighwayBridge,CA007105,null,null,null,null,D,0,0,5.0,null,0.7110493183135986,38.343650817871094,1.7765729427337646,1.066614031791687,0.0,0.0,0.0,0.0,0.0,29.523393630981445,0.5,0.3885,0.0,0.1319,0.1945,0.2849,0.6114,0.6114,0.4795,43.9,47.8,53.0,54.1,55.7,67.3,59629.23046875,'HILLSIDE',null,null,POINT (-122.396642 37.932786)
HighwayBridge,CA007106,null,null,null,null,D,0,0,5.0,null,0.748308002948761,32.61968994140625,1.848130464553833,0.9351463913917542,0.0,0.0,0.0,0.0,0.0,29.523393630981445,0.5,0.4745,0.0,0.1321,0.1778,0.2154,0.5254,0.5254,0.3933,52.3,56.2,61.4,62.4,63.9,74.2,6426623.5,'SAN PABLO  ETC.  UP RR',null,null,POINT (-122.228114 38.052517)
HighwayBridge,CA007107,null,null,null,null,D,0,0,5.0,null,0.748308002948761,32.61968994140625,1.848130464553833,0.9351463913917542,0.0,0.0,0.0,0.0,0.0,29.523393630981445,0.5,0.4745,0.0,0.1321,0.1778,0.2154,0.5254,0.5254,0.3933,52.3,56.2,61.4,62.4,63.9,74.2,1470602.0,'WANDA  POMONA  VIRGINIA',null,null,POINT (-122.228322 38.052678)
HighwayBridge,CA007108,null,null,null,null,D,0,0,5.0,null,0.748308002948761,32.61968994140625,1.848130464553833,0.9351463913917542,0.0,0.0,0.0,0.0,0.0,29.523393630981445,0.5,0.4745,0.0,0.1321,0.1778,0.2154,0.5254,0.5254,0.3933,52.3,56.2,61.4,62.4,63.9,74.2,1787092.875,'POMONA ST  WANDA ST',null,null,POINT (-122.227917 38.052036)
HighwayBridge,CA007109,null,null,null,null,D,0,0,5.0,null,0.748308002948761,32.61968994140625,1.848130464553833,0.9351463913917542,0.0,0.0,0.0,0.0,0.0,29.523393630981445,0.5,0.4745,0.0,0.1321,0.1778,0.2154,0.5254,0.5254,0.3933,52.3,56.2,61.4,62.4,63.9,74.2,1233729.875,'DOWRELIO DR',null,null,POINT (-122.227803 38.054481)
HighwayBridge,CA007110,null,null,null,null,D,0,0,5.0,null,0.7645758986473083,33.19930648803711,1.8811763525009155,0.9333800673484802,0.0,0.0,0.0,0.0,0.0,29.523393630981445,0.5,0.3985,0.1471,0.1165,0.1788,0.1588,0.6014,0.4542,0.3376,55.2,62.3,66.9,67.9,69.2,79.2,501388.6875,'FRANKLIN CANYON RD',null,null,POINT (-122.228517 38.010167)
HighwayBridge,CA007111,null,null,null,null,D,0,0,5.0,null,0.5458889007568359,23.135929107666016,1.3937472105026245,0.7040293216705322,0.0,0.0,0.0,0.0,0.0,29.523393630981445,0.5,0.5843,0.1363,0.0922,0.1161,0.0708,0.4156,0.2793,0.187,71.8,77.9,81.6,82.3,83.1,89.4,335986.25,'SAN JOSE AVENUE',null,null,POINT (-121.739792 37.940011)
HighwayBridge,CA007112,null,null,null,null,D,0,0,5.0,null,0.5458889007568359,23.135929107666016,1.3937472105026245,0.7040293216705322,0.0,0.0,0.0,0.0,0.0,29.523393630981445,0.5,0.5843,0.1186,0.0956,0.1231,0.0781,0.4156,0.2969,0.2013,70.6,76.4,80.2,80.9,81.8,88.5,374317.46875,'SAN JOSE AVENUE',null,null,POINT (-121.740258 37.940003)
HighwayBridge,CA007113,null,null,null,null,D,0,0,5.0,null,0.5458889007568359,23.135929107666016,1.3937472105026245,0.7040293216705322,0.0,0.0,0.0,0.0,0.0,29.523393630981445,0.5,0.5843,0.1363,0.0922,0.1161,0.0708,0.4156,0.2793,0.187,71.8,77.9,81.6,82.3,83.1,89.4,276686.03125,'SAND CREEK',null,null,POINT (-121.743306 37.947403)
HighwayBridge,CA007114,null,null,null,null,D,0,0,5.0,null,0.5458889007568359,23.135929107666016,1.3937472105026245,0.7040293216705322,0.0,0.0,0.0,0.0,0.0,29.523393630981445,0.5,0.5843,0.132,0.0931,0.1178,0.0726,0.4156,0.2836,0.1905,71.5,77.6,81.2,81.9,82.8,89.2,356749.75,'SAND CREEK',null,null,POINT (-121.743778 37.947147)
HighwayBridge,CA007115,null,null,null,null,D,0,0,5.0,null,0.5458889007568359,23.135929107666016,1.3937472105026245,0.7040293216705322,0.0,0.0,0.0,0.0,0.0,29.523393630981445,0.5,0.6396,0.0,0.1158,0.1311,0.1133,0.3603,0.3603,0.2444,68.0,71.3,75.9,76.7,77.7,85.0,645421.625,'SAND CREEK ROAD',null,null,POINT (-121.741511 37.943853)
HighwayBridge,CA007116,null,null,null,null,D,0,0,5.0,null,0.5458889007568359,23.135929107666016,1.3937472105026245,0.7040293216705322,0.0,0.0,0.0,0.0,0.0,29.523393630981445,0.5,0.6375,0.0,0.1162,0.1317,0.1144,0.3624,0.3624,0.2462,67.8,71.2,75.7,76.6,77.6,84.9,761692.5625,'SAND CREEK ROAD',null,null,POINT (-121.742081 37.943769)
HighwayBridge,CA007117,null,null,null,null,D,0,0,5.0,null,0.6755908727645874,27.87514305114746,1.6690680980682373,0.8013433814048767,0.0,0.0,0.0,0.0,0.0,29.523393630981445,0.5,0.5682,0.0,0.1254,0.1532,0.153,0.4317,0.4317,0.3063,61.3,64.9,69.8,70.8,72.0,80.7,2131217.25,'STATE ROUTE 4',null,null,POINT (-121.882939 38.015744)
HighwayBridge,CA007118,null,null,null,null,D,0,0,5.0,null,0.6755908727645874,27.87514305114746,1.6690680980682373,0.8013433814048767,0.0,0.0,0.0,0.0,0.0,29.523393630981445,0.5,0.5766,0.0,0.1245,0.1507,0.148,0.4233,0.4233,0.2988,62.1,65.7,70.6,71.5,72.7,81.2,2787322.0,'STATE ROUTE 4',null,null,POINT (-121.889528 38.017358)
HighwayBridge,CA007119,null,null,null,null,D,0,0,5.0,null,0.748308002948761,32.61968994140625,1.848130464553833,0.9351463913917542,0.0,0.0,0.0,0.0,0.0,29.523393630981445,0.5,0.4517,0.0,0.1326,0.1829,0.2326,0.5482,0.5482,0.4155,50.1,54.0,59.2,60.3,61.8,72.4,948379.875,'INTERSTATE 80',null,null,POINT (-122.255675 38.030186)
HighwayBridge,CA007120,null,null,null,null,D,0,0,5.0,null,0.5261858105659485,21.990455627441406,1.3398592472076416,0.6706250905990601,0.0,0.0,0.0,0.0,0.0,29.523393630981445,0.5,0.6694,0.0,0.1107,0.1212,0.0985,0.3305,0.3305,0.2197,70.8,74.0,78.3,79.1,80.0,86.7,771010.25,'STATE ROUTE 4',null,null,POINT (-121.758681 37.990767)
HighwayBridge,CA007121,null,null,null,null,D,0,0,5.0,null,0.5261858105659485,21.990455627441406,1.3398592472076416,0.6706250905990601,0.0,0.0,0.0,0.0,0.0,29.523393630981445,0.5,0.6444,0.0,0.115,0.1295,0.1108,0.3555,0.3555,0.2404,68.4,71.8,76.3,77.1,78.1,85.3,1605216.125,'CONTRA COSTA CANAL',null,null,POINT (-121.747508 37.983636)
HighwayBridge,CA007122,null,null,null,null,D,0,0,5.0,null,0.5261858105659485,21.990455627441406,1.3398592472076416,0.6706250905990601,0.0,0.0,0.0,0.0,0.0,29.523393630981445,0.5,0.6532,0.0,0.1136,0.1266,0.1064,0.3467,0.3467,0.2331,69.3,72.5,77.0,77.8,78.8,85.8,1326976.25,'CONTRA COSTA CANAL',null,null,POINT (-121.747894 37.983633)
HighwayBridge,CA007123,null,null,null,null,D,0,0,5.0,null,0.5261858105659485,21.990455627441406,1.3398592472076416,0.6706250905990601,0.0,0.0,0.0,0.0,0.0,29.523393630981445,0.5,0.6843,0.0,0.1079,0.1161,0.0915,0.3156,0.3156,0.2076,72.1,75.3,79.5,80.2,81.1,87.5,1373038.25,'STATE ROUTE 4',null,null,POINT (-121.743867 37.979225)
HighwayBridge,CA007124,null,null,null,null,D,0,0,5.0,null,0.5458889007568359,23.135929107666016,1.3937472105026245,0.7040293216705322,0.0,0.0,0.0,0.0,0.0,29.523393630981445,0.5,0.62,0.0,0.1188,0.1374,0.1236,0.3799,0.3799,0.261,66.2,69.6,74.3,75.1,76.2,83.9,1166661.625,'LONE TREE WAY',null,null,POINT (-121.742664 37.961919)
HighwayBridge,CA007125,null,null,null,null,D,0,0,5.0,null,0.5458889007568359,23.135929107666016,1.3937472105026245,0.7040293216705322,0.0,0.0,0.0,0.0,0.0,29.523393630981445,0.5,0.6229,0.0,0.1184,0.1365,0.1221,0.377,0.377,0.2586,66.4,69.9,74.5,75.4,76.4,84.0,844550.4375,'LONE TREE WAY',null,null,POINT (-121.743183 37.961894)
HighwayBridge,CA007126,null,null,null,null,D,0,0,5.0,null,0.5400269627571106,23.361949920654297,1.3766359090805054,0.7061062455177307,0.0,0.0,0.0,0.0,0.0,29.523393630981445,0.5,0.5824,0.1366,0.0925,0.1168,0.0715,0.4175,0.2809,0.1883,71.7,77.8,81.4,82.1,83.0,89.3,376763.625,'STATE ROUTE 4',null,null,POINT (-121.724714 37.90655)
HighwayBridge,CA007127,null,null,null,null,D,0,0,5.0,null,0.5400269627571106,23.361949920654297,1.3766359090805054,0.7061062455177307,0.0,0.0,0.0,0.0,0.0,29.523393630981445,0.5,0.5824,0.1188,0.0959,0.1238,0.0788,0.4175,0.2986,0.2026,70.5,76.3,80.0,80.8,81.7,88.4,596726.9375,'MARSH CREEK',null,null,POINT (-121.717183 37.898522)
HighwayBridge,CA007128,null,null,null,null,D,0,0,5.0,null,0.6251155734062195,26.522377014160156,1.5736724138259888,0.792631983757019,0.0,0.0,0.0,0.0,0.0,29.523393630981445,0.5,0.4633,0.0,0.1324,0.1803,0.2237,0.5366,0.5366,0.4041,51.2,55.1,60.3,61.4,62.9,73.3,4967393.5,'STATE ROUTE 4',null,null,POINT (-121.867403 38.011806)
HighwayBridge,CA007129,null,null,null,null,D,0,0,5.0,null,0.6251155734062195,26.522377014160156,1.5736724138259888,0.792631983757019,0.0,0.0,0.0,0.0,0.0,29.523393630981445,0.5,0.5061,0.1445,0.1045,0.1429,0.1017,0.4938,0.3492,0.2447,65.1,71.8,75.9,76.8,77.8,85.6,575912.4375,'CENTURY BLVD',null,null,POINT (-121.855208 38.008939)
HighwayBridge,CA007130,null,null,null,null,D,0,0,5.0,null,0.6251155734062195,26.522377014160156,1.5736724138259888,0.792631983757019,0.0,0.0,0.0,0.0,0.0,29.523393630981445,0.5,0.5061,0.1445,0.1045,0.1429,0.1017,0.4938,0.3492,0.2447,65.1,71.8,75.9,76.8,77.8,85.6,575912.4375,'CENTURY BLVD',null,null,POINT (-121.855372 38.008556)
HighwayBridge,CA007131,null,null,null,null,D,0,0,5.0,null,0.6251155734062195,26.522377014160156,1.5736724138259888,0.792631983757019,0.0,0.0,0.0,0.0,0.0,29.523393630981445,0.5,0.5692,0.0,0.1253,0.1529,0.1524,0.4307,0.4307,0.3053,61.4,65.0,69.9,70.9,72.1,80.7,509866.125,'SOMERSVILLE ROAD',null,null,POINT (-121.837533 38.004181)
HighwayBridge,CA007132,null,null,null,null,D,0,0,5.0,null,0.6251155734062195,26.522377014160156,1.5736724138259888,0.792631983757019,0.0,0.0,0.0,0.0,0.0,29.523393630981445,0.5,0.5591,0.0,0.1264,0.1558,0.1586,0.4408,0.4408,0.3144,60.4,64.1,69.1,70.0,71.3,80.1,1432993.875,'SOMERSVILLE ROAD',null,null,POINT (-121.837814 38.003997)
HighwayBridge,CA007133,null,null,null,null,D,0,0,5.0,null,0.6251155734062195,26.522377014160156,1.5736724138259888,0.792631983757019,0.0,0.0,0.0,0.0,0.0,29.523393630981445,0.5,0.5591,0.0,0.1264,0.1558,0.1586,0.4408,0.4408,0.3144,60.4,64.1,69.1,70.0,71.3,80.1,1432993.875,'SOMERSVILLE ROAD',null,null,POINT (-121.837828 38.003767)
HighwayBridge,CA007134,null,null,null,null,D,0,0,5.0,null,0.5723602175712585,23.94725227355957,1.4608070850372314,0.7298760414123535,0.0,0.0,0.0,0.0,0.0,29.523393630981445,0.5,0.2642,0.2965,0.1921,0.1677,0.0793,0.7357,0.4392,0.247,54.9,67.9,75.4,76.7,77.9,86.8,831957.0625,'CONTRA LOMA BLVD',null,null,POINT (-121.821139 37.999583)
HighwayBridge,CA007135,null,null,null,null,D,0,0,5.0,null,0.5723602175712585,23.94725227355957,1.4608070850372314,0.7298760414123535,0.0,0.0,0.0,0.0,0.0,29.523393630981445,0.5,0.2642,0.2965,0.1921,0.1677,0.0793,0.7357,0.4392,0.247,54.9,67.9,75.4,76.7,77.9,86.8,831957.0625,'CONTRA LOMA BLVD',null,null,POINT (-121.821333 37.999139)
HighwayBridge,CA007136,null,null,null,null,D,0,0,5.0,null,0.5723602175712585,23.94725227355957,1.4608070850372314,0.7298760414123535,0.0,0.0,0.0,0.0,0.0,29.523393630981445,0.5,0.6169,0.0,0.1193,0.1384,0.1253,0.383,0.383,0.2637,65.9,69.3,74.0,74.9,76.0,83.7,1293431.5,'STATE ROUTE 4',null,null,POINT (-121.815281 37.998342)
HighwayBridge,CA007137,null,null,null,null,D,0,0,5.0,null,0.5723602175712585,23.94725227355957,1.4608070850372314,0.7298760414123535,0.0,0.0,0.0,0.0,0.0,29.523393630981445,0.5,0.6365,0.0,0.1163,0.1321,0.1149,0.3634,0.3634,0.247,67.7,71.1,75.6,76.5,77.5,84.8,945478.6875,'A STREET',null,null,POINT (-121.806319 37.998444)
HighwayBridge,CA007138,null,null,null,null,D,0,0,5.0,null,0.5723602175712585,23.94725227355957,1.4608070850372314,0.7298760414123535,0.0,0.0,0.0,0.0,0.0,29.523393630981445,0.5,0.6365,0.0,0.1163,0.1321,0.1149,0.3634,0.3634,0.247,67.7,71.1,75.6,76.5,77.5,84.8,945478.6875,'A STREET',null,null,POINT (-121.806289 37.998003)
HighwayBridge,CA007139,null,null,null,null,D,0,0,5.0,null,0.5723602175712585,23.94725227355957,1.4608070850372314,0.7298760414123535,0.0,0.0,0.0,0.0,0.0,29.523393630981445,0.5,0.5607,0.1386,0.0963,0.1245,0.0796,0.4392,0.3005,0.2042,69.8,76.1,79.9,80.6,81.6,88.3,666285.375,'CAVALLO ROAD',null,null,POINT (-121.798194 37.998481)
HighwayBridge,CA007140,null,null,null,null,D,0,0,5.0,null,0.5723602175712585,23.94725227355957,1.4608070850372314,0.7298760414123535,0.0,0.0,0.0,0.0,0.0,29.523393630981445,0.5,0.5607,0.1386,0.0963,0.1245,0.0796,0.4392,0.3005,0.2042,69.8,76.1,79.9,80.6,81.6,88.3,666285.375,'CAVALLO ROAD',null,null,POINT (-121.798194 37.997956)
HighwayBridge,CA007141,null,null,null,null,D,0,0,5.0,null,0.5261858105659485,21.990455627441406,1.3398592472076416,0.6706250905990601,0.0,0.0,0.0,0.0,0.0,29.523393630981445,0.5,0.6156,0.1316,0.0866,0.1055,0.0605,0.3843,0.2527,0.166,74.4,80.2,83.6,84.3,85.0,90.7,481607.59375,'BART TRACKS ACCESS ROAD',null,null,POINT (-121.772333 37.994167)
HighwayBridge,CA007142,null,null,null,null,D,0,0,5.0,null,0.5261858105659485,21.990455627441406,1.3398592472076416,0.6706250905990601,0.0,0.0,0.0,0.0,0.0,29.523393630981445,0.5,0.688,0.0,0.1072,0.1149,0.0898,0.3119,0.3119,0.2047,72.5,75.6,79.8,80.5,81.4,87.7,1717101.0,'E4-N160 CONNECT  UPRR',null,null,POINT (-121.756639 37.991611)
HighwayBridge,CA007143,null,null,null,null,D,0,0,5.0,null,0.5261858105659485,21.990455627441406,1.3398592472076416,0.6706250905990601,0.0,0.0,0.0,0.0,0.0,29.523393630981445,0.5,0.6444,0.0,0.115,0.1295,0.1108,0.3555,0.3555,0.2404,68.4,71.8,76.3,77.1,78.1,85.3,1142176.75,'ROUTE 4',null,null,POINT (-121.756142 37.990578)
HighwayBridge,CA007144,null,null,null,null,D,0,0,5.0,null,0.5458889007568359,23.135929107666016,1.3937472105026245,0.7040293216705322,0.0,0.0,0.0,0.0,0.0,29.523393630981445,0.5,0.2842,0.3001,0.1871,0.1576,0.0708,0.7157,0.4156,0.2285,57.0,69.9,77.2,78.4,79.6,87.9,1231293.75,'BALFOUR ROAD',null,null,POINT (-121.733472 37.925556)
HighwayBridge,CA007145,null,null,null,null,D,0,0,5.0,null,0.5458889007568359,23.135929107666016,1.3937472105026245,0.7040293216705322,0.0,0.0,0.0,0.0,0.0,29.523393630981445,0.5,0.5843,0.032,0.1093,0.1553,0.1189,0.4156,0.3835,0.2742,64.8,68.8,73.1,73.9,75.1,83.6,957424.3125,'DEER CREEK',null,null,POINT (-121.734028 37.926944)
HighwayBridge,CA007146,null,null,null,null,D,0,0,5.0,null,0.5458889007568359,23.135929107666016,1.3937472105026245,0.7040293216705322,0.0,0.0,0.0,0.0,0.0,29.523393630981445,0.5,0.5843,0.1363,0.0922,0.1161,0.0708,0.4156,0.2793,0.187,71.8,77.9,81.6,82.3,83.1,89.4,268849.375,'DEER CREEK',null,null,POINT (-121.734083 37.92625)
HighwayBridge,CA007147,null,null,null,null,D,0,0,5.0,null,0.5261858105659485,21.990455627441406,1.3398592472076416,0.6706250905990601,0.0,0.0,0.0,0.0,0.0,29.523393630981445,0.5,0.688,0.0,0.1072,0.1149,0.0898,0.3119,0.3119,0.2047,72.5,75.6,79.8,80.5,81.4,87.7,779474.75,'UPRR TRACKS',null,null,POINT (-121.756111 37.991583)
HighwayBridge,CA007148,null,null,null,null,D,0,0,5.0,null,0.7730397582054138,31.891193389892578,1.8982447385787964,0.9033559560775757,0.0,0.0,0.0,0.0,0.0,29.523393630981445,0.5,0.4197,0.0686,0.1198,0.1955,0.1962,0.5802,0.5116,0.3917,51.6,56.9,61.6,62.7,64.2,75.3,321767.375,'ARROYO DEL HAMBRE',null,null,POINT (-122.137611 38.017544)
HighwayBridge,CA007149,null,null,null,null,D,0,0,5.0,null,0.6000664234161377,40.070621490478516,1.5195895433425903,1.3292993307113647,0.0,0.0,0.0,0.0,0.0,29.523393630981445,0.5,0.1583,0.0,0.094,0.1879,0.5595,0.8416,0.8416,0.7475,20.3,23.1,26.9,27.9,29.8,42.9,1370099.5,'UP RR  BNSF RY  & AMTRAK',null,null,POINT (-122.098711 38.026325)
HighwayBridge,CA007150,null,null,null,null,D,0,0,5.0,null,0.6000664234161377,40.070621490478516,1.5195895433425903,1.3292993307113647,0.0,0.0,0.0,0.0,0.0,29.523393630981445,0.5,0.17,0.0,0.0,0.206,0.6238,0.8299,0.8299,0.8299,18.9,19.1,19.4,20.0,22.0,36.5,1809510.5,'PACHECO SLOUGH',null,null,POINT (-122.081722 38.031278)
HighwayBridge,CA007151,null,null,null,null,D,0,0,5.0,null,0.757707417011261,32.710296630859375,1.885928750038147,0.9279577136039734,0.0,0.0,0.0,0.0,0.0,29.523393630981445,0.5,0.2336,0.2459,0.1319,0.1766,0.2117,0.7663,0.5203,0.3884,46.6,56.6,61.8,62.9,64.3,74.5,754367.9375,'MT DIABLO CRK',null,null,POINT (-122.000167 38.001761)
HighwayBridge,CA007152,null,null,null,null,D,0,0,5.0,null,0.8898106217384338,37.46025848388672,2.213346004486084,1.064721703529358,0.0,0.0,0.0,0.0,0.0,29.523393630981445,0.5,0.0173,0.0664,0.0571,0.2035,0.6554,0.9826,0.9161,0.8589,10.3,13.8,16.2,17.2,19.2,33.7,1694030.625,'WALNUT CREEK',null,null,POINT (-122.059636 37.900592)
HighwayBridge,CA007153,null,null,null,null,D,0,0,5.0,null,0.8015768527984619,43.14873504638672,1.9964525699615479,1.3447792530059814,0.0,0.0,0.0,0.0,0.0,29.523393630981445,0.5,0.1933,0.0934,0.111,0.2282,0.3738,0.8066,0.7131,0.6021,31.1,36.7,41.2,42.3,44.3,58.1,972228.25,'PINE CREEK',null,null,POINT (-122.046469 37.969922)
HighwayBridge,CA007154,null,null,null,null,D,0,0,5.0,null,0.7653398513793945,31.779436111450195,1.8757151365280151,0.9021832346916199,0.0,0.0,0.0,0.0,0.0,29.523393630981445,0.5,0.2483,0.2488,0.1311,0.1724,0.1992,0.7516,0.5028,0.3717,48.2,58.3,63.5,64.5,65.9,75.8,54011.7109375,'ECKLEY SLIDE',null,null,POINT (-122.198575 38.049669)
HighwayBridge,CA007155,null,null,null,null,D,0,0,5.0,null,0.6755908727645874,27.87514305114746,1.6690680980682373,0.8013433814048767,0.0,0.0,0.0,0.0,0.0,29.523393630981445,0.5,0.4988,0.1443,0.1056,0.1457,0.1053,0.5011,0.3567,0.2511,64.4,71.2,75.3,76.1,77.3,85.2,247588.28125,'HARBOR STREET',null,null,POINT (-121.880467 38.021936)
HighwayBridge,CA007156,null,null,null,null,D,0,0,5.0,null,0.8898106217384338,37.46025848388672,2.213346004486084,1.064721703529358,0.0,0.0,0.0,0.0,0.0,29.523393630981445,0.5,0.3168,0.13,0.1207,0.2059,0.2263,0.6831,0.553,0.4323,46.1,52.9,57.7,58.8,60.4,72.2,501925.375,'SAN RAMON CREEK',null,null,POINT (-122.0556 37.887281)
HighwayBridge,CA007157,null,null,null,null,D,0,0,5.0,null,0.8898106217384338,37.46025848388672,2.213346004486084,1.064721703529358,0.0,0.0,0.0,0.0,0.0,29.523393630981445,0.5,0.3699,0.0,0.131,0.1972,0.3017,0.63,0.63,0.499,42.1,45.9,51.1,52.2,53.9,65.7,365450.59375,'SAN RAMON CREEK',null,null,POINT (-122.050767 37.884111)
HighwayBridge,CA007158,null,null,null,null,D,0,0,5.0,null,0.8015768527984619,43.14873504638672,1.9964525699615479,1.3447792530059814,0.0,0.0,0.0,0.0,0.0,29.523393630981445,0.5,0.1933,0.0993,0.1118,0.2281,0.3673,0.8066,0.7073,0.5954,31.5,37.3,41.8,43.0,44.9,58.7,724461.375,'WALNUT CREEK',null,null,POINT (-122.047828 37.935197)
HighwayBridge,CA007159,null,null,null,null,D,0,0,5.0,null,0.5723602175712585,23.94725227355957,1.4608070850372314,0.7298760414123535,0.0,0.0,0.0,0.0,0.0,29.523393630981445,0.5,0.6365,0.0,0.1163,0.1321,0.1149,0.3634,0.3634,0.247,67.7,71.1,75.6,76.5,77.5,84.8,2293236.0,'BNSF RY & AMTRAK  UP RR',null,null,POINT (-121.788764 38.012144)
HighwayBridge,CA007160,null,null,null,null,D,0,0,5.0,null,0.749864399433136,46.097896575927734,1.8606994152069092,1.3066445589065552,0.0,0.0,0.0,0.0,0.0,29.523393630981445,0.5,0.007,0.0475,0.0426,0.1698,0.7328,0.9929,0.9453,0.9027,7.5,10.0,11.9,12.7,14.6,28.0,1848965.625,'SAN PABLO CREEK',null,null,POINT (-122.345128 37.962622)
HighwayBridge,CA007161,null,null,null,null,D,0,0,5.0,null,0.8164545893669128,37.333194732666016,2.0122029781341553,1.001726508140564,0.0,0.0,0.0,0.0,0.0,29.523393630981445,0.5,0.3539,0.1449,0.1194,0.1926,0.189,0.646,0.5011,0.3817,50.7,57.9,62.6,63.7,65.2,76.0,318796.53125,'GARRITY CREEK',null,null,POINT (-122.321761 37.999767)
HighwayBridge,CA007162,null,null,null,null,D,0,0,5.0,null,0.8164545893669128,37.333194732666016,2.0122029781341553,1.001726508140564,0.0,0.0,0.0,0.0,0.0,29.523393630981445,0.5,0.3539,0.1449,0.1194,0.1926,0.189,0.646,0.5011,0.3817,50.7,57.9,62.6,63.7,65.2,76.0,157754.09375,'MCCARTHY CREEK',null,null,POINT (-122.320364 38.000656)
HighwayBridge,CA007163,null,null,null,null,D,0,0,5.0,null,0.8164545893669128,37.333194732666016,2.0122029781341553,1.001726508140564,0.0,0.0,0.0,0.0,0.0,29.523393630981445,0.5,0.3539,0.1242,0.1201,0.1982,0.2033,0.646,0.5218,0.4016,49.3,55.9,60.7,61.7,63.3,74.5,244728.609375,'PINOLE CREEK',null,null,POINT (-122.289442 38.006225)
HighwayBridge,CA007164,null,null,null,null,D,0,0,5.0,null,0.8164545893669128,37.333194732666016,2.0122029781341553,1.001726508140564,0.0,0.0,0.0,0.0,0.0,29.523393630981445,0.5,0.1964,0.2326,0.1327,0.1875,0.2505,0.8035,0.5708,0.438,42.0,51.8,57.0,58.1,59.7,70.7,784029.8125,'BNSF RY AND AMTRAK',null,null,POINT (-122.286797 38.008036)
HighwayBridge,CA007165,null,null,null,null,D,0,0,5.0,null,0.8898106217384338,37.46025848388672,2.213346004486084,1.064721703529358,0.0,0.0,0.0,0.0,0.0,29.523393630981445,0.5,0.3168,0.091,0.1203,0.2143,0.2573,0.6831,0.5921,0.4717,43.2,49.1,53.9,55.0,56.7,69.1,853823.5,'WALNUT CREEK',null,null,POINT (-122.056717 37.907386)
HighwayBridge,CA007166,null,null,null,null,D,0,0,5.0,null,0.8980977535247803,36.9058952331543,2.1609253883361816,1.0195722579956055,0.0,0.0,0.0,0.0,0.0,29.523393630981445,0.5,0.1884,0.2207,0.1325,0.1911,0.267,0.8115,0.5907,0.4582,40.4,49.8,55.1,56.2,57.7,69.0,870003.6875,'SAN RAMON CREEK',null,null,POINT (-122.031567 37.850486)
HighwayBridge,CA007167,null,null,null,null,D,0,0,5.0,null,0.8898106217384338,37.46025848388672,2.213346004486084,1.064721703529358,0.0,0.0,0.0,0.0,0.0,29.523393630981445,0.5,0.3168,0.1402,0.1206,0.2035,0.2186,0.6831,0.5428,0.4222,46.8,53.9,58.7,59.7,61.4,72.9,185402.3125,'SAN RAMON CREEK',null,null,POINT (-122.048308 37.880256)
HighwayBridge,CA007168,null,null,null,null,D,0,0,5.0,null,0.8898106217384338,37.46025848388672,2.213346004486084,1.064721703529358,0.0,0.0,0.0,0.0,0.0,29.523393630981445,0.5,0.3168,0.0943,0.1204,0.2136,0.2546,0.6831,0.5887,0.4683,43.5,49.4,54.2,55.3,57.0,69.3,698733.1875,'SAN RAMON CREEK',null,null,POINT (-122.049625 37.878611)
HighwayBridge,CA007169,null,null,null,null,D,0,0,5.0,null,0.8015768527984619,43.14873504638672,1.9964525699615479,1.3447792530059814,0.0,0.0,0.0,0.0,0.0,29.523393630981445,0.5,0.1933,0.1152,0.1137,0.2273,0.3503,0.8066,0.6914,0.5777,32.7,39.0,43.6,44.7,46.6,60.3,797709.625,'GRAYSON CREEK',null,null,POINT (-122.066339 37.961436)
HighwayBridge,CA007170,null,null,null,null,D,0,0,5.0,null,0.8079351782798767,31.58019256591797,1.929023265838623,0.8769479990005493,0.0,0.0,0.0,0.0,0.0,29.523393630981445,0.5,0.4391,0.131,0.1144,0.171,0.1442,0.5608,0.4297,0.3152,57.9,64.5,69.1,70.0,71.3,80.8,357702.1875,'CONTRA COSTA CANAL',null,null,POINT (-122.075656 37.961092)
HighwayBridge,CA007171,null,null,null,null,D,0,0,5.0,null,0.8898106217384338,37.46025848388672,2.213346004486084,1.064721703529358,0.0,0.0,0.0,0.0,0.0,29.523393630981445,0.5,0.1695,0.2003,0.131,0.1972,0.3017,0.8304,0.63,0.499,37.0,45.9,51.1,52.2,53.9,65.7,467694.25,'LAS TRAMPAS CREEK',null,null,POINT (-122.058914 37.894714)
HighwayBridge,CA007172,null,null,null,null,D,0,0,5.0,null,0.7645758986473083,33.19930648803711,1.8811763525009155,0.9333800673484802,0.0,0.0,0.0,0.0,0.0,29.523393630981445,0.5,0.3985,0.1356,0.1174,0.1823,0.1659,0.6014,0.4657,0.3483,54.4,61.2,65.9,66.8,68.3,78.4,245763.109375,'PINOLE CREEK',null,null,POINT (-122.270794 37.981019)
HighwayBridge,CA007173,null,null,null,null,D,0,0,5.0,null,0.7064809203147888,26.04608726501465,1.6615453958511353,0.6866979598999023,0.0,0.0,0.0,0.0,0.0,29.523393630981445,0.5,0.6004,0.134,0.0894,0.1106,0.0654,0.3995,0.2655,0.1761,73.1,79.1,82.6,83.3,84.1,90.1,260674.28125,'CONTRA COSTA CANAL',null,null,POINT (-121.941697 38.019494)
HighwayBridge,CA007174,null,null,null,null,D,0,0,5.0,null,0.7064809203147888,26.04608726501465,1.6615453958511353,0.6866979598999023,0.0,0.0,0.0,0.0,0.0,29.523393630981445,0.5,0.6004,0.134,0.0894,0.1106,0.0654,0.3995,0.2655,0.1761,73.1,79.1,82.6,83.3,84.1,90.1,68542.3359375,'CONTRA COSTA CANAL',null,null,POINT (-121.938261 38.019333)
HighwayBridge,CA007175,null,null,null,null,D,0,0,5.0,null,0.7064809203147888,26.04608726501465,1.6615453958511353,0.6866979598999023,0.0,0.0,0.0,0.0,0.0,29.523393630981445,0.5,0.5194,0.0,0.1183,0.1868,0.1753,0.4805,0.4805,0.3621,56.4,59.8,64.5,65.5,67.0,77.4,271235.375,'CONTRA COSTA CANAL',null,null,POINT (-121.940097 38.019647)
HighwayBridge,CA007176,null,null,null,null,D,0,0,5.0,null,0.7064809203147888,26.04608726501465,1.6615453958511353,0.6866979598999023,0.0,0.0,0.0,0.0,0.0,29.523393630981445,0.5,0.5194,0.0,0.1183,0.1868,0.1753,0.4805,0.4805,0.3621,56.4,59.8,64.5,65.5,67.0,77.4,261548.40625,'CONTRA COSTA CANAL',null,null,POINT (-121.944533 38.019517)
HighwayBridge,CA007177,null,null,null,null,D,0,0,5.0,null,0.4287605583667755,19.758352279663086,1.1305854320526123,0.6283884048461914,0.0,0.0,0.0,0.0,0.0,29.523393630981445,0.5,0.3516,0.3046,0.1683,0.1267,0.0485,0.6483,0.3436,0.1753,63.3,75.9,82.4,83.4,84.4,91.0,223278.21875,'ROCK SLOUGH',null,null,POINT (-121.620008 37.976522)
HighwayBridge,CA007178,null,null,null,null,D,0,0,5.0,null,0.7638655304908752,29.48883819580078,1.8258516788482666,0.8384757041931152,0.0,0.0,0.0,0.0,0.0,29.523393630981445,0.5,0.4687,0.1427,0.1099,0.157,0.1214,0.5312,0.3884,0.2785,61.5,68.3,72.6,73.5,74.7,83.4,431264.3125,'BNSF RY',null,null,POINT (-122.119614 37.996711)
HighwayBridge,CA007179,null,null,null,null,D,0,0,5.0,null,0.7748083472251892,35.31185531616211,1.9298560619354248,1.0328832864761353,0.0,0.0,0.0,0.0,0.0,29.523393630981445,0.5,0.375,0.0,0.1313,0.1965,0.297,0.6249,0.6249,0.4936,42.6,46.4,51.6,52.8,54.4,66.2,1505036.375,'GRAYSON CREEK',null,null,POINT (-122.069931 37.986803)
HighwayBridge,CA007180,null,null,null,null,D,0,0,5.0,null,0.8453102707862854,39.55109786987305,2.1369194984436035,1.1330232620239258,0.0,0.0,0.0,0.0,0.0,29.523393630981445,0.5,0.2809,0.0905,0.1189,0.2206,0.2889,0.719,0.6285,0.5096,39.7,45.4,50.2,51.3,53.1,66.0,1271785.5,'SAN RAMON CREEK',null,null,POINT (-121.984542 37.811236)
HighwayBridge,CA007181,null,null,null,null,D,0,0,5.0,null,0.8580118417739868,35.096527099609375,2.0487470626831055,0.9729273319244385,0.0,0.0,0.0,0.0,0.0,29.523393630981445,0.5,0.3721,0.146,0.1184,0.1871,0.1761,0.6278,0.4817,0.3633,52.6,59.7,64.4,65.4,66.9,77.4,146415.390625,'LAS TRAMPAS CREEK',null,null,POINT (-122.097067 37.871922)
HighwayBridge,CA007182,null,null,null,null,D,0,0,5.0,null,0.8453102707862854,39.55109786987305,2.1369194984436035,1.1330232620239258,0.0,0.0,0.0,0.0,0.0,29.523393630981445,0.5,0.2809,0.1366,0.1205,0.2124,0.2494,0.719,0.5824,0.4618,43.0,50.0,54.8,55.9,57.6,69.9,451514.65625,'SAN RAMON CREEK',null,null,POINT (-121.980581 37.790056)
HighwayBridge,CA007183,null,null,null,null,D,0,0,5.0,null,0.7748083472251892,35.31185531616211,1.9298560619354248,1.0328832864761353,0.0,0.0,0.0,0.0,0.0,29.523393630981445,0.5,0.1826,0.2263,0.1325,0.1912,0.2671,0.8173,0.5909,0.4584,40.2,49.8,55.0,56.2,57.7,69.0,1043037.625,'WALNUT CREEK',null,null,POINT (-122.052314 37.980719)
HighwayBridge,CA007184,null,null,null,null,D,0,0,5.0,null,0.7748083472251892,35.31185531616211,1.9298560619354248,1.0328832864761353,0.0,0.0,0.0,0.0,0.0,29.523393630981445,0.5,0.409,0.0,0.1325,0.1912,0.2671,0.5909,0.5909,0.4584,45.9,49.8,55.0,56.2,57.7,69.0,1144012.0,'WALNUT CREEK',null,null,POINT (-122.052344 37.980572)
HighwayBridge,CA007185,null,null,null,null,D,0,0,5.0,null,0.8647317886352539,34.96581268310547,2.0895538330078125,0.9767805337905884,0.0,0.0,0.0,0.0,0.0,29.523393630981445,0.5,0.4406,0.0,0.1327,0.1852,0.2412,0.5593,0.5593,0.4265,49.0,52.9,58.1,59.2,60.7,71.6,586680.5,'SAN RAMON CREEK',null,null,POINT (-122.015556 37.835081)
HighwayBridge,CA007186,null,null,null,null,D,0,0,5.0,null,0.6755908727645874,27.87514305114746,1.6690680980682373,0.8013433814048767,0.0,0.0,0.0,0.0,0.0,29.523393630981445,0.5,0.4988,0.1403,0.1062,0.1472,0.1073,0.5011,0.3607,0.2545,64.2,70.8,75.0,75.8,76.9,85.0,198425.875,'CONTRA COSTA CANAL',null,null,POINT (-121.885014 38.003619)
HighwayBridge,CA007187,null,null,null,null,D,0,0,5.0,null,0.8015768527984619,43.14873504638672,1.9964525699615479,1.3447792530059814,0.0,0.0,0.0,0.0,0.0,29.523393630981445,0.5,0.1933,0.1119,0.1133,0.2275,0.3537,0.8066,0.6946,0.5813,32.5,38.6,43.2,44.3,46.3,59.9,1406337.0,'WALNUT CREEK',null,null,POINT (-122.051706 37.947397)
HighwayBridge,CA007188,null,null,null,null,D,0,0,5.0,null,0.8015768527984619,43.14873504638672,1.9964525699615479,1.3447792530059814,0.0,0.0,0.0,0.0,0.0,29.523393630981445,0.5,0.0892,0.1608,0.1169,0.2032,0.4295,0.9107,0.7498,0.6328,25.9,33.4,38.1,39.2,41.0,54.0,407564.78125,'PINE CREEK',null,null,POINT (-122.035689 37.958494)
HighwayBridge,CA007189,null,null,null,null,D,0,0,5.0,null,0.837620735168457,37.62312316894531,2.102858543395996,1.1015702486038208,0.0,0.0,0.0,0.0,0.0,29.523393630981445,0.5,0.2969,0.1069,0.1202,0.2151,0.2607,0.703,0.596,0.4758,42.4,48.7,53.5,54.6,56.3,68.8,396501.84375,'RELIEZ CREEK',null,null,POINT (-122.09365 37.8956)
HighwayBridge,CA007190,null,null,null,null,D,0,0,5.0,null,0.749864399433136,46.097896575927734,1.8606994152069092,1.3066445589065552,0.0,0.0,0.0,0.0,0.0,29.523393630981445,0.5,0.007,0.0475,0.0426,0.1698,0.7328,0.9929,0.9453,0.9027,7.5,10.0,11.9,12.7,14.6,28.0,883474.5,'WILDCAT CREEK',null,null,POINT (-122.366831 37.960267)
HighwayBridge,CA007191,null,null,null,null,D,0,0,5.0,null,0.749864399433136,46.097896575927734,1.8606994152069092,1.3066445589065552,0.0,0.0,0.0,0.0,0.0,29.523393630981445,0.5,0.007,0.0475,0.0426,0.1698,0.7328,0.9929,0.9453,0.9027,7.5,10.0,11.9,12.7,14.6,28.0,922451.375,'SAN PABLO CREEK',null,null,POINT (-122.366703 37.967228)
HighwayBridge,CA007192,null,null,null,null,D,0,0,5.0,null,0.837620735168457,37.62312316894531,2.102858543395996,1.1015702486038208,0.0,0.0,0.0,0.0,0.0,29.523393630981445,0.5,0.2969,0.0491,0.1172,0.224,0.3125,0.703,0.6538,0.5366,38.2,42.9,47.6,48.7,50.5,63.8,1495365.75,'LAS TRAMPAS CREEK',null,null,POINT (-122.092831 37.886986)
HighwayBridge,CA007193,null,null,null,null,D,0,0,5.0,null,0.7781980633735657,35.52925491333008,1.9471142292022705,1.0302927494049072,0.0,0.0,0.0,0.0,0.0,29.523393630981445,0.5,0.3366,0.1435,0.1201,0.1977,0.2019,0.6633,0.5198,0.3996,49.0,56.1,60.9,61.9,63.5,74.7,222427.90625,'MOUNT DIABLO CREEK',null,null,POINT (-121.970019 37.971694)
HighwayBridge,CA007194,null,null,null,null,D,0,0,5.0,null,0.7748083472251892,35.31185531616211,1.9298560619354248,1.0328832864761353,0.0,0.0,0.0,0.0,0.0,29.523393630981445,0.5,0.3892,0.0,0.1319,0.1944,0.2843,0.6107,0.6107,0.4788,44.0,47.8,53.1,54.2,55.8,67.4,1214297.5,'WALNUT CREEK',null,null,POINT (-122.059228 38.001531)
HighwayBridge,CA007195,null,null,null,null,D,0,0,5.0,null,0.7748083472251892,35.31185531616211,1.9298560619354248,1.0328832864761353,0.0,0.0,0.0,0.0,0.0,29.523393630981445,0.5,0.4079,0.0,0.1325,0.1914,0.268,0.592,0.592,0.4594,45.8,49.7,54.9,56.1,57.6,69.0,651764.9375,'GRAYSON CREEK',null,null,POINT (-122.063197 38.001789)
HighwayBridge,CA007196,null,null,null,null,D,0,0,5.0,null,0.7781980633735657,35.52925491333008,1.9471142292022705,1.0302927494049072,0.0,0.0,0.0,0.0,0.0,29.523393630981445,0.5,0.3181,0.0,0.1147,0.2267,0.3403,0.6818,0.6818,0.5671,36.6,40.0,44.6,45.7,47.6,61.2,145486.765625,'GALINDO CREEK',null,null,POINT (-121.970128 37.946078)
HighwayBridge,CA007197,null,null,null,null,D,0,0,5.0,null,0.7781980633735657,35.52925491333008,1.9471142292022705,1.0302927494049072,0.0,0.0,0.0,0.0,0.0,29.523393630981445,0.5,0.3366,0.1435,0.1201,0.1977,0.2019,0.6633,0.5198,0.3996,49.0,56.1,60.9,61.9,63.5,74.7,70225.1796875,'MOUNT DIABLO CREEK',null,null,POINT (-121.954428 37.954092)
HighwayBridge,CA007198,null,null,null,null,D,0,0,5.0,null,0.5400269627571106,23.361949920654297,1.3766359090805054,0.7061062455177307,0.0,0.0,0.0,0.0,0.0,29.523393630981445,0.5,0.5824,0.1366,0.0925,0.1168,0.0715,0.4175,0.2809,0.1883,71.7,77.8,81.4,82.1,83.0,89.3,45604.046875,'E CONTRA COSTA ID CANAL',null,null,POINT (-121.696153 37.917958)
HighwayBridge,CA007199,null,null,null,null,D,0,0,5.0,null,0.5141127705574036,22.598207473754883,1.318814754486084,0.6919412016868591,0.0,0.0,0.0,0.0,0.0,29.523393630981445,0.5,0.406,0.2621,0.1109,0.1216,0.0991,0.5939,0.3317,0.2208,64.0,73.8,78.2,79.0,79.9,86.6,296412.65625,'CALIFORNIA AQUEDUCT',null,null,POINT (-121.596769 37.82365)
HighwayBridge,CA007200,null,null,null,null,D,0,0,5.0,null,0.5021613240242004,21.55635643005371,1.2761011123657227,0.6487372517585754,0.0,0.0,0.0,0.0,0.0,29.523393630981445,0.5,0.6365,0.128,0.0827,0.0984,0.0541,0.3634,0.2353,0.1526,76.0,81.7,84.9,85.5,86.3,91.5,34713.53125,'KELLOGG CREEK',null,null,POINT (-121.641417 37.881889)
HighwayBridge,CA007201,null,null,null,null,D,0,0,5.0,null,0.582425594329834,24.44741439819336,1.4658873081207275,0.7153601050376892,0.0,0.0,0.0,0.0,0.0,29.523393630981445,0.5,0.649,0.0,0.1143,0.128,0.1085,0.3509,0.3509,0.2366,68.9,72.2,76.6,77.5,78.5,85.6,144425.40625,'KELLOGG CREEK',null,null,POINT (-121.695111 37.874633)
HighwayBridge,CA007202,null,null,null,null,D,0,0,5.0,null,0.638185977935791,24.228071212768555,1.5519578456878662,0.6617599725723267,0.0,0.0,0.0,0.0,0.0,29.523393630981445,0.5,0.624,0.075,0.0964,0.1246,0.0798,0.3759,0.3008,0.2044,71.4,76.1,79.9,80.6,81.5,88.3,182458.59375,'MARSH CREEK',null,null,POINT (-121.775936 37.884667)
HighwayBridge,CA007203,null,null,null,null,D,0,0,5.0,null,0.5087000131607056,21.449508666992188,1.2920339107513428,0.6475225687026978,0.0,0.0,0.0,0.0,0.0,29.523393630981445,0.5,0.6984,0.0,0.1051,0.1113,0.0851,0.3015,0.3015,0.1964,73.4,76.5,80.6,81.3,82.2,88.3,99458.515625,'MARSH CREEK',null,null,POINT (-121.710342 37.925436)
HighwayBridge,CA007204,null,null,null,null,D,0,0,5.0,null,0.5087000131607056,21.449508666992188,1.2920339107513428,0.6475225687026978,0.0,0.0,0.0,0.0,0.0,29.523393630981445,0.5,0.6984,0.0,0.1051,0.1113,0.0851,0.3015,0.3015,0.1964,73.4,76.5,80.6,81.3,82.2,88.3,92728.2421875,'MARSH CREEK',null,null,POINT (-121.710386 37.925308)
HighwayBridge,CA007205,null,null,null,null,D,0,0,5.0,null,0.5021613240242004,21.55635643005371,1.2761011123657227,0.6487372517585754,0.0,0.0,0.0,0.0,0.0,29.523393630981445,0.5,0.6365,0.128,0.0827,0.0984,0.0541,0.3634,0.2353,0.1526,76.0,81.7,84.9,85.5,86.3,91.5,43684.62109375,'E CONTRA COSTA ID CANAL',null,null,POINT (-121.64115 37.917908)
HighwayBridge,CA007206,null,null,null,null,D,0,0,5.0,null,0.48198771476745605,22.136066436767578,1.2626924514770508,0.7162995338439941,0.0,0.0,0.0,0.0,0.0,29.523393630981445,0.5,0.573,0.0924,0.1022,0.1374,0.0947,0.4269,0.3344,0.2322,67.8,73.1,77.1,78.0,79.0,86.5,484433.0625,'MARSH CREEK',null,null,POINT (-121.696242 37.990581)
HighwayBridge,CA007207,null,null,null,null,D,0,0,5.0,null,0.8832333087921143,36.36628723144531,2.186204195022583,0.9769579768180847,0.0,0.0,0.0,0.0,0.0,29.523393630981445,0.5,0.3695,0.0577,0.1207,0.2103,0.2416,0.6304,0.5726,0.4519,46.0,51.0,55.8,56.9,58.6,70.6,407534.3125,'PINE CREEK',null,null,POINT (-122.010681 37.928408)
HighwayBridge,CA007208,null,null,null,null,D,0,0,5.0,null,0.6755908727645874,27.87514305114746,1.6690680980682373,0.8013433814048767,0.0,0.0,0.0,0.0,0.0,29.523393630981445,0.5,0.4988,0.145,0.1055,0.1454,0.105,0.5011,0.356,0.2504,64.5,71.2,75.4,76.2,77.3,85.2,174600.71875,'CONTRA COSTA CANAL',null,null,POINT (-121.892872 38.007325)
HighwayBridge,CA007209,null,null,null,null,D,0,0,5.0,null,0.8164545893669128,37.333194732666016,2.0122029781341553,1.001726508140564,0.0,0.0,0.0,0.0,0.0,29.523393630981445,0.5,0.3539,0.1318,0.1199,0.1962,0.198,0.646,0.5142,0.3943,49.8,56.6,61.4,62.4,64.0,75.1,185057.875,'PINOLE CREEK',null,null,POINT (-122.288467 38.002436)
HighwayBridge,CA007210,null,null,null,null,D,0,0,5.0,null,0.8164545893669128,37.333194732666016,2.0122029781341553,1.001726508140564,0.0,0.0,0.0,0.0,0.0,29.523393630981445,0.5,0.3147,0.0,0.0,0.2471,0.438,0.6852,0.6852,0.6852,33.2,33.4,33.7,34.3,36.4,51.7,1246515.0,'PINOLE CREEK',null,null,POINT (-122.285344 37.992681)
HighwayBridge,CA007211,null,null,null,null,D,0,0,5.0,null,0.4887014627456665,21.263872146606445,1.2509886026382446,0.6504894495010376,0.0,0.0,0.0,0.0,0.0,29.523393630981445,0.5,0.6348,0.1283,0.083,0.099,0.0546,0.3651,0.2367,0.1537,75.9,81.6,84.8,85.4,86.2,91.4,20259.208984375,'BRUSHY CREEK',null,null,POINT (-121.609681 37.835581)
HighwayBridge,CA007212,null,null,null,null,D,0,0,5.0,null,0.7645758986473083,33.19930648803711,1.8811763525009155,0.9333800673484802,0.0,0.0,0.0,0.0,0.0,29.523393630981445,0.5,0.3985,0.1171,0.1185,0.1878,0.1777,0.6014,0.4842,0.3656,53.0,59.5,64.2,65.2,66.6,77.2,806532.625,'PINOLE CREEK',null,null,POINT (-122.264378 37.979483)
HighwayBridge,CA007213,null,null,null,null,D,0,0,5.0,null,0.8580118417739868,35.096527099609375,2.0487470626831055,0.9729273319244385,0.0,0.0,0.0,0.0,0.0,29.523393630981445,0.5,0.3721,0.1254,0.1194,0.193,0.1898,0.6278,0.5024,0.3829,51.1,57.8,62.5,63.5,65.0,75.9,523096.5625,'LAS TRAMPAS CREEK',null,null,POINT (-122.101675 37.860997)
HighwayBridge,CA007214,null,null,null,null,D,0,0,5.0,null,0.7075842022895813,26.548734664916992,1.6766353845596313,0.7025194764137268,0.0,0.0,0.0,0.0,0.0,29.523393630981445,0.5,0.5857,0.0143,0.1112,0.161,0.1275,0.4142,0.3998,0.2885,63.7,67.3,71.7,72.6,73.8,82.7,68393.8515625,'MARSH CREEK',null,null,POINT (-121.831811 37.884714)
HighwayBridge,CA007215,null,null,null,null,D,0,0,5.0,null,0.638185977935791,24.228071212768555,1.5519578456878662,0.6617599725723267,0.0,0.0,0.0,0.0,0.0,29.523393630981445,0.5,0.624,0.075,0.0964,0.1246,0.0798,0.3759,0.3008,0.2044,71.4,76.1,79.9,80.6,81.5,88.3,44433.3125,'MARSH CREEK',null,null,POINT (-121.799025 37.892558)
HighwayBridge,CA007216,null,null,null,null,D,0,0,5.0,null,0.5703323483467102,20.944650650024414,1.3674514293670654,0.5682014226913452,0.0,0.0,0.0,0.0,0.0,29.523393630981445,0.5,0.741,0.0,0.0956,0.0962,0.067,0.2589,0.2589,0.1632,77.3,80.1,83.8,84.5,85.2,90.4,140107.09375,'MARSH CREEK',null,null,POINT (-121.772636 37.879658)
HighwayBridge,CA007217,null,null,null,null,D,0,0,5.0,null,0.6339541673660278,23.283342361450195,1.5014830827713013,0.6182879209518433,0.0,0.0,0.0,0.0,0.0,29.523393630981445,0.5,0.5397,0.0,0.0,0.23,0.2302,0.4602,0.4602,0.4602,55.3,55.4,55.6,56.2,58.0,71.0,251081.84375,'MARSH CREEK',null,null,POINT (-121.727333 37.872928)
HighwayBridge,CA007218,null,null,null,null,D,0,0,5.0,null,0.6000664234161377,40.070621490478516,1.5195895433425903,1.3292993307113647,0.0,0.0,0.0,0.0,0.0,29.523393630981445,0.5,0.0924,0.1653,0.1183,0.2036,0.4202,0.9075,0.7421,0.6238,26.6,34.2,39.0,40.1,41.9,54.8,138329.59375,'PEYTON SLOUGH',null,null,POINT (-122.105597 38.025811)
HighwayBridge,CA007219,null,null,null,null,D,0,0,5.0,null,0.5723602175712585,23.94725227355957,1.4608070850372314,0.7298760414123535,0.0,0.0,0.0,0.0,0.0,29.523393630981445,0.5,0.5607,0.1393,0.0962,0.1242,0.0793,0.4392,0.2998,0.2036,69.9,76.2,79.9,80.7,81.6,88.3,25507.794921875,'E ANTIOCH CREEK',null,null,POINT (-121.798281 38.012233)
HighwayBridge,CA007220,null,null,null,null,D,0,0,5.0,null,0.5723602175712585,23.94725227355957,1.4608070850372314,0.7298760414123535,0.0,0.0,0.0,0.0,0.0,29.523393630981445,0.5,0.5607,0.1393,0.0962,0.1242,0.0793,0.4392,0.2998,0.2036,69.9,76.2,79.9,80.7,81.6,88.3,86894.703125,'FAIR CREEK',null,null,POINT (-121.823631 38.011192)
HighwayBridge,CA007221,null,null,null,null,D,0,0,5.0,null,0.837620735168457,37.62312316894531,2.102858543395996,1.1015702486038208,0.0,0.0,0.0,0.0,0.0,29.523393630981445,0.5,0.015,0.0512,0.0487,0.1849,0.6999,0.9849,0.9336,0.8849,8.7,11.5,13.7,14.5,16.5,30.4,1172858.5,'TAYLOR BLVD',null,null,POINT (-122.097128 37.921458)
HighwayBridge,CA007222,null,null,null,null,D,0,0,5.0,null,0.7088074684143066,30.482419967651367,1.7533557415008545,0.8915101289749146,0.0,0.0,0.0,0.0,0.0,29.523393630981445,0.5,0.4283,0.1227,0.1161,0.1771,0.1555,0.5716,0.4489,0.3327,56.3,62.8,67.4,68.3,69.7,79.6,341636.1875,'TASSAJARA CREEK',null,null,POINT (-121.866583 37.764383)
HighwayBridge,CA007223,null,null,null,null,D,0,0,5.0,null,0.749864399433136,46.097896575927734,1.8606994152069092,1.3066445589065552,0.0,0.0,0.0,0.0,0.0,29.523393630981445,0.5,0.2067,0.079,0.1109,0.2282,0.3749,0.7932,0.7141,0.6032,31.3,36.6,41.1,42.2,44.1,58.0,266508.46875,'WILDCAT CREEK',null,null,POINT (-122.346192 37.960361)
HighwayBridge,CA007224,null,null,null,null,D,0,0,5.0,null,0.8251066207885742,35.32096862792969,1.9869507551193237,0.9730531573295593,0.0,0.0,0.0,0.0,0.0,29.523393630981445,0.5,0.2101,0.238,0.1327,0.1836,0.2353,0.7898,0.5517,0.419,43.7,53.6,58.9,60.0,61.5,72.2,384207.90625,'CAMINO PABLO ROAD',null,null,POINT (-122.184369 37.878708)
HighwayBridge,CA007225,null,null,null,null,D,0,0,5.0,null,0.8422075510025024,34.97383499145508,2.006373882293701,0.966799795627594,0.0,0.0,0.0,0.0,0.0,29.523393630981445,0.5,0.3761,0.0985,0.1202,0.1991,0.2058,0.6238,0.5253,0.405,49.6,55.6,60.3,61.4,63.0,74.3,124220.78125,'W BRANCH SAN LEANDRO CR',null,null,POINT (-122.131731 37.835756)
HighwayBridge,CA007226,null,null,null,null,D,0,0,5.0,null,0.5390921831130981,33.995975494384766,1.411938190460205,1.1746985912322998,0.0,0.0,0.0,0.0,0.0,29.523393630981445,0.5,0.0114,0.0658,0.0541,0.1971,0.6714,0.9885,0.9227,0.8685,9.6,12.9,15.3,16.2,18.2,32.5,1266139.875,'RANGE ROAD',null,null,POINT (-121.918272 38.026631)
HighwayBridge,CA007227,null,null,null,null,D,0,0,5.0,null,0.837620735168457,37.62312316894531,2.102858543395996,1.1015702486038208,0.0,0.0,0.0,0.0,0.0,29.523393630981445,0.5,0.2969,0.1186,0.1205,0.2128,0.251,0.703,0.5843,0.4638,43.3,49.8,54.6,55.7,57.4,69.7,554275.0,'LAS TRAMPAS CREEK',null,null,POINT (-122.101022 37.879806)
HighwayBridge,CA007228,null,null,null,null,D,0,0,5.0,null,0.837620735168457,37.62312316894531,2.102858543395996,1.1015702486038208,0.0,0.0,0.0,0.0,0.0,29.523393630981445,0.5,0.2969,0.1119,0.1203,0.2141,0.2565,0.703,0.591,0.4706,42.8,49.2,54.0,55.1,56.8,69.2,179611.71875,'LAFAYETTE CREEK',null,null,POINT (-122.121536 37.88835)
HighwayBridge,CA007229,null,null,null,null,D,0,0,5.0,null,0.748308002948761,32.61968994140625,1.848130464553833,0.9351463913917542,0.0,0.0,0.0,0.0,0.0,29.523393630981445,0.5,0.4745,0.0,0.1321,0.1778,0.2154,0.5254,0.5254,0.3933,52.3,56.2,61.4,62.4,63.9,74.2,263171.28125,'RODEO CREEK',null,null,POINT (-122.265797 38.033078)
HighwayBridge,CA007230,null,null,null,null,D,0,0,5.0,null,0.5609395503997803,35.603309631347656,1.4739805459976196,1.2252141237258911,0.0,0.0,0.0,0.0,0.0,29.523393630981445,0.5,0.2999,0.0,0.1246,0.2034,0.3718,0.7,0.7,0.5753,35.0,38.7,43.7,44.8,46.6,59.2,400325.75,'UP RR  BNSF RY  & AMTRAK',null,null,POINT (-121.987986 38.045083)
HighwayBridge,CA007231,null,null,null,null,D,0,0,5.0,null,0.5021613240242004,21.55635643005371,1.2761011123657227,0.6487372517585754,0.0,0.0,0.0,0.0,0.0,29.523393630981445,0.5,0.6365,0.128,0.0827,0.0984,0.0541,0.3634,0.2353,0.1526,76.0,81.7,84.9,85.5,86.3,91.5,19929.888671875,'KELLOGG CREEK',null,null,POINT (-121.671244 37.881917)
HighwayBridge,CA007232,null,null,null,null,D,0,0,5.0,null,0.7979174852371216,33.43217468261719,1.9508605003356934,0.9461639523506165,0.0,0.0,0.0,0.0,0.0,29.523393630981445,0.5,0.0277,0.1161,0.0799,0.2428,0.5332,0.9722,0.8561,0.7761,15.7,21.0,24.4,25.4,27.6,43.3,1927088.375,'LAFAYETTE AQUEDUCT',null,null,POINT (-122.144272 37.890958)
HighwayBridge,CA007233,null,null,null,null,D,0,0,5.0,null,0.7748083472251892,35.31185531616211,1.9298560619354248,1.0328832864761353,0.0,0.0,0.0,0.0,0.0,29.523393630981445,0.5,0.3351,0.0607,0.12,0.2165,0.2675,0.6648,0.6041,0.4841,42.8,47.9,52.7,53.8,55.5,68.1,915818.875,'CENTRAL SANITARY RD',null,null,POINT (-122.070036 37.999717)
HighwayBridge,CA007234,null,null,null,null,D,0,0,5.0,null,0.8015768527984619,43.14873504638672,1.9964525699615479,1.3447792530059814,0.0,0.0,0.0,0.0,0.0,29.523393630981445,0.5,0.0495,0.1105,0.1614,0.2818,0.3965,0.9504,0.8399,0.6784,19.7,27.2,33.7,35.1,37.5,54.1,3268557.5,'WALNUT CREEK',null,null,POINT (-122.055181 37.966631)
HighwayBridge,CA007235,null,null,null,null,D,0,0,5.0,null,0.7730397582054138,31.891193389892578,1.8982447385787964,0.9033559560775757,0.0,0.0,0.0,0.0,0.0,29.523393630981445,0.5,0.4197,0.0773,0.1195,0.1931,0.1901,0.5802,0.5028,0.3833,52.3,57.7,62.5,63.5,65.0,75.9,340493.4375,'ARROYO DEL HAMBRE',null,null,POINT (-122.138453 38.017947)
HighwayBridge,CA007236,null,null,null,null,D,0,0,5.0,null,0.8898106217384338,37.46025848388672,2.213346004486084,1.064721703529358,0.0,0.0,0.0,0.0,0.0,29.523393630981445,0.5,0.3168,0.0301,0.1173,0.2239,0.3116,0.6831,0.6529,0.5356,38.7,42.9,47.7,48.8,50.6,63.9,858398.0625,'WALNUT CREEK',null,null,POINT (-122.059822 37.899997)
HighwayBridge,CA007237,null,null,null,null,D,0,0,5.0,null,0.8898106217384338,37.46025848388672,2.213346004486084,1.064721703529358,0.0,0.0,0.0,0.0,0.0,29.523393630981445,0.5,0.2796,0.0,0.0,0.242,0.4783,0.7203,0.7203,0.7203,29.8,29.9,30.2,30.9,33.0,48.2,1985827.5,'LAS TRAMPAS CREEK',null,null,POINT (-122.061372 37.893644)
HighwayBridge,CA007238,null,null,null,null,D,0,0,5.0,null,0.8015768527984619,43.14873504638672,1.9964525699615479,1.3447792530059814,0.0,0.0,0.0,0.0,0.0,29.523393630981445,0.5,0.0062,0.0433,0.0397,0.1623,0.7483,0.9937,0.9504,0.9107,7.0,9.3,11.1,11.9,13.8,26.9,1406130.5,'WALNUT CREEK',null,null,POINT (-122.054186 37.969794)
HighwayBridge,CA007239,null,null,null,null,D,0,0,5.0,null,0.8015768527984619,43.14873504638672,1.9964525699615479,1.3447792530059814,0.0,0.0,0.0,0.0,0.0,29.523393630981445,0.5,0.0062,0.0433,0.0397,0.1623,0.7483,0.9937,0.9504,0.9107,7.0,9.3,11.1,11.9,13.8,26.9,1406130.5,'WALNUT CREEK',null,null,POINT (-122.054261 37.969708)
HighwayBridge,CA007240,null,null,null,null,D,0,0,5.0,null,0.7748083472251892,35.31185531616211,1.9298560619354248,1.0328832864761353,0.0,0.0,0.0,0.0,0.0,29.523393630981445,0.5,0.3351,0.0777,0.1204,0.2133,0.2532,0.6648,0.5871,0.4666,44.1,49.6,54.4,55.5,57.2,69.5,417056.1875,'MOUNT DIABLO CREEK',null,null,POINT (-122.026572 38.018667)
HighwayBridge,CA007241,null,null,null,null,D,0,0,5.0,null,0.837620735168457,37.62312316894531,2.102858543395996,1.1015702486038208,0.0,0.0,0.0,0.0,0.0,29.523393630981445,0.5,0.094,0.2029,0.202,0.2661,0.2347,0.9059,0.703,0.5009,31.8,42.8,50.8,52.4,54.4,69.2,577341.5,'LAS TRAMPAS CREEK',null,null,POINT (-122.078806 37.887569)
HighwayBridge,CA007242,null,null,null,null,D,0,0,5.0,null,0.8422075510025024,34.97383499145508,2.006373882293701,0.966799795627594,0.0,0.0,0.0,0.0,0.0,29.523393630981445,0.5,0.3761,0.1462,0.1181,0.1859,0.1734,0.6238,0.4775,0.3593,53.0,60.1,64.8,65.8,67.2,77.6,147073.21875,'SAN LEANDRO CREEK',null,null,POINT (-122.132756 37.834758)
HighwayBridge,CA007243,null,null,null,null,D,0,0,5.0,null,0.8015768527984619,43.14873504638672,1.9964525699615479,1.3447792530059814,0.0,0.0,0.0,0.0,0.0,29.523393630981445,0.5,0.1933,0.0676,0.1072,0.2281,0.4035,0.8066,0.739,0.6317,29.1,34.0,38.3,39.4,41.4,55.4,2040561.375,'PINE CREEK',null,null,POINT (-122.046058 37.969361)
HighwayBridge,CA007244,null,null,null,null,D,0,0,5.0,null,0.8453102707862854,39.55109786987305,2.1369194984436035,1.1330232620239258,0.0,0.0,0.0,0.0,0.0,29.523393630981445,0.5,0.2298,0.0,0.0,0.2299,0.5402,0.7701,0.7701,0.7701,24.8,25.0,25.3,26.0,28.1,43.1,2067160.875,'SAN RAMON CREEK',null,null,POINT (-121.998619 37.822936)
HighwayBridge,CA007245,null,null,null,null,D,0,0,5.0,null,0.7191201448440552,28.518218994140625,1.7460896968841553,0.8214924931526184,0.0,0.0,0.0,0.0,0.0,29.523393630981445,0.5,0.4823,0.1091,0.1122,0.1639,0.1322,0.5176,0.4084,0.2961,60.5,66.5,70.9,71.8,73.1,82.1,253433.0625,'TASSAJARA CREEK',null,null,POINT (-121.859425 37.786806)
HighwayBridge,CA007246,null,null,null,null,D,0,0,5.0,null,0.48198771476745605,22.136066436767578,1.2626924514770508,0.7162995338439941,0.0,0.0,0.0,0.0,0.0,29.523393630981445,0.5,0.573,0.0014,0.114,0.1696,0.1418,0.4269,0.4255,0.3114,61.6,64.9,69.4,70.4,71.7,81.1,96014.2109375,'CONTRA COSTA CANAL',null,null,POINT (-121.706181 37.990564)
HighwayBridge,CA007247,null,null,null,null,D,0,0,5.0,null,0.8164545893669128,37.333194732666016,2.0122029781341553,1.001726508140564,0.0,0.0,0.0,0.0,0.0,29.523393630981445,0.5,0.4241,0.0,0.1327,0.1884,0.2545,0.5758,0.5758,0.443,47.4,51.3,56.5,57.6,59.2,70.3,880572.625,'BNSF RY',null,null,POINT (-122.317414 38.003611)
HighwayBridge,CA007248,null,null,null,null,D,0,0,5.0,null,0.5261858105659485,21.990455627441406,1.3398592472076416,0.6706250905990601,0.0,0.0,0.0,0.0,0.0,29.523393630981445,0.5,0.6156,0.0825,0.0965,0.1249,0.0802,0.3843,0.3017,0.2052,71.1,76.0,79.8,80.5,81.5,88.2,466866.8125,'CONTRA COSTA CANAL',null,null,POINT (-121.766456 37.98175)
HighwayBridge,CA007249,null,null,null,null,D,0,0,5.0,null,0.5261858105659485,21.990455627441406,1.3398592472076416,0.6706250905990601,0.0,0.0,0.0,0.0,0.0,29.523393630981445,0.5,0.6156,0.1316,0.0866,0.1055,0.0605,0.3843,0.2527,0.166,74.4,80.2,83.6,84.3,85.0,90.7,229959.171875,'CONTRA COSTA CANAL',null,null,POINT (-121.732311 37.983333)
HighwayBridge,CA007250,null,null,null,null,D,0,0,5.0,null,0.5087000131607056,21.449508666992188,1.2920339107513428,0.6475225687026978,0.0,0.0,0.0,0.0,0.0,29.523393630981445,0.5,0.6628,0.0,0.1119,0.1234,0.1017,0.3371,0.3371,0.2251,70.1,73.4,77.8,78.6,79.5,86.3,176878.65625,'SAND CREEK',null,null,POINT (-121.71445 37.938717)
HighwayBridge,CA007251,null,null,null,null,D,0,0,5.0,null,0.5087000131607056,21.449508666992188,1.2920339107513428,0.6475225687026978,0.0,0.0,0.0,0.0,0.0,29.523393630981445,0.5,0.6377,0.1278,0.0825,0.098,0.0538,0.3622,0.2344,0.1519,76.1,81.8,85.0,85.6,86.3,91.6,113254.625,'MARSH CREEK',null,null,POINT (-121.682736 37.968808)
HighwayBridge,CA007252,null,null,null,null,D,0,0,5.0,null,0.5400269627571106,23.361949920654297,1.3766359090805054,0.7061062455177307,0.0,0.0,0.0,0.0,0.0,29.523393630981445,0.5,0.5824,0.1366,0.0925,0.1168,0.0715,0.4175,0.2809,0.1883,71.7,77.8,81.4,82.1,83.0,89.3,51226.45703125,'E CONTRA COSTA ID CANAL',null,null,POINT (-121.677914 37.917956)
HighwayBridge,CA007253,null,null,null,null,D,0,0,5.0,null,0.8898106217384338,37.46025848388672,2.213346004486084,1.064721703529358,0.0,0.0,0.0,0.0,0.0,29.523393630981445,0.5,0.1695,0.209,0.1314,0.196,0.2937,0.8304,0.6213,0.4898,37.6,46.8,52.0,53.1,54.7,66.5,106520.03125,'UNNAMED CREEK',null,null,POINT (-122.046525 37.883444)
HighwayBridge,CA007254,null,null,null,null,D,0,0,5.0,null,0.8832333087921143,36.36628723144531,2.186204195022583,0.9769579768180847,0.0,0.0,0.0,0.0,0.0,29.523393630981445,0.5,0.2082,0.2373,0.1327,0.1842,0.2374,0.7917,0.5543,0.4216,43.5,53.4,58.6,59.7,61.2,72.0,201797.0,'PINE CREEK',null,null,POINT (-122.008753 37.935706)
HighwayBridge,CA007255,null,null,null,null,D,0,0,5.0,null,0.8832333087921143,36.36628723144531,2.186204195022583,0.9769579768180847,0.0,0.0,0.0,0.0,0.0,29.523393630981445,0.5,0.2082,0.2373,0.1327,0.1842,0.2374,0.7917,0.5543,0.4216,43.5,53.4,58.6,59.7,61.2,72.0,114420.6328125,'PINE CREEK',null,null,POINT (-122.009981 37.930814)
HighwayBridge,CA007256,null,null,null,null,D,0,0,5.0,null,0.8832333087921143,36.36628723144531,2.186204195022583,0.9769579768180847,0.0,0.0,0.0,0.0,0.0,29.523393630981445,0.5,0.3695,0.1459,0.1186,0.1879,0.1779,0.6304,0.4845,0.3659,52.3,59.5,64.2,65.2,66.6,77.2,151040.84375,'PINE CREEK',null,null,POINT (-122.009603 37.925597)
HighwayBridge,CA007257,null,null,null,null,D,0,0,5.0,null,0.9165540337562561,40.85964584350586,2.2892262935638428,1.1638702154159546,0.0,0.0,0.0,0.0,0.0,29.523393630981445,0.5,0.266,0.1198,0.1196,0.2183,0.2761,0.7339,0.6141,0.4945,40.3,46.9,51.7,52.8,54.5,67.3,452410.59375,'PINE CREEK',null,null,POINT (-122.010139 37.923594)
HighwayBridge,CA007258,null,null,null,null,D,0,0,5.0,null,0.9165540337562561,40.85964584350586,2.2892262935638428,1.1638702154159546,0.0,0.0,0.0,0.0,0.0,29.523393630981445,0.5,0.266,0.1341,0.1201,0.2158,0.2638,0.7339,0.5998,0.4796,41.4,48.3,53.1,54.2,55.9,68.5,144827.859375,'PINE CREEK',null,null,POINT (-122.010331 37.921294)
HighwayBridge,CA007259,null,null,null,null,D,0,0,5.0,null,0.8015768527984619,43.14873504638672,1.9964525699615479,1.3447792530059814,0.0,0.0,0.0,0.0,0.0,29.523393630981445,0.5,0.1933,0.1162,0.1138,0.2273,0.3491,0.8066,0.6903,0.5765,32.8,39.1,43.7,44.8,46.7,60.4,414833.21875,'PINE CREEK',null,null,POINT (-122.041161 37.962236)
HighwayBridge,CA007260,null,null,null,null,D,0,0,5.0,null,0.8832333087921143,36.36628723144531,2.186204195022583,0.9769579768180847,0.0,0.0,0.0,0.0,0.0,29.523393630981445,0.5,0.3695,0.1459,0.1186,0.1879,0.1779,0.6304,0.4845,0.3659,52.3,59.5,64.2,65.2,66.6,77.2,84464.5390625,'GALINDO CREEK',null,null,POINT (-122.010439 37.961317)
HighwayBridge,CA007261,null,null,null,null,D,0,0,5.0,null,0.8832333087921143,36.36628723144531,2.186204195022583,0.9769579768180847,0.0,0.0,0.0,0.0,0.0,29.523393630981445,0.5,0.3695,0.1446,0.1186,0.1883,0.1787,0.6304,0.4857,0.367,52.2,59.3,64.0,65.0,66.5,77.1,110051.2109375,'GALINDO CREEK',null,null,POINT (-122.013561 37.961811)
HighwayBridge,CA007262,null,null,null,null,D,0,0,5.0,null,0.8015768527984619,43.14873504638672,1.9964525699615479,1.3447792530059814,0.0,0.0,0.0,0.0,0.0,29.523393630981445,0.5,0.1933,0.0236,0.0991,0.2244,0.4594,0.8066,0.783,0.6839,25.7,29.2,33.2,34.3,36.3,50.6,175654.296875,'SDM CHANNEL',null,null,POINT (-122.031181 37.950272)
HighwayBridge,CA007263,null,null,null,null,D,0,0,5.0,null,0.7979174852371216,33.43217468261719,1.9508605003356934,0.9461639523506165,0.0,0.0,0.0,0.0,0.0,29.523393630981445,0.5,0.0277,0.1161,0.0799,0.2428,0.5332,0.9722,0.8561,0.7761,15.7,21.0,24.4,25.4,27.6,43.3,804610.6875,'BEAR CREEK',null,null,POINT (-122.164386 37.921564)
HighwayBridge,CA007264,null,null,null,null,D,0,0,5.0,null,0.542044460773468,20.300628662109375,1.3045430183410645,0.5491734743118286,0.0,0.0,0.0,0.0,0.0,29.523393630981445,0.5,0.7346,0.0935,0.0663,0.0719,0.0335,0.2653,0.1718,0.1054,82.7,86.9,89.5,90.0,90.5,94.3,266627.4375,'BRUSHY CREEK',null,null,POINT (-121.669181 37.808031)
HighwayBridge,CA007265,null,null,null,null,D,0,0,5.0,null,0.542044460773468,20.300628662109375,1.3045430183410645,0.5491734743118286,0.0,0.0,0.0,0.0,0.0,29.523393630981445,0.5,0.7346,0.1062,0.0626,0.0665,0.0298,0.2653,0.159,0.0964,83.5,88.0,90.4,90.9,91.3,94.8,169526.921875,'BRUSHY CREEK',null,null,POINT (-121.655531 37.819703)
HighwayBridge,CA007266,null,null,null,null,D,0,0,5.0,null,0.5186741352081299,20.313316345214844,1.2736611366271973,0.5701636075973511,0.0,0.0,0.0,0.0,0.0,29.523393630981445,0.5,0.7766,0.0,0.0866,0.0832,0.0534,0.2233,0.2233,0.1367,80.5,83.0,86.4,87.0,87.6,92.1,291035.125,'UNIMAN/FRISK CREEK',null,null,POINT (-121.647953 37.851497)
HighwayBridge,CA007267,null,null,null,null,D,0,0,5.0,null,0.5400269627571106,23.361949920654297,1.3766359090805054,0.7061062455177307,0.0,0.0,0.0,0.0,0.0,29.523393630981445,0.5,0.5824,0.078,0.103,0.1393,0.0971,0.4175,0.3395,0.2364,67.7,72.7,76.7,77.6,78.6,86.2,38173.91015625,'KELLOGG CREEK',null,null,POINT (-121.695075 37.887203)
HighwayBridge,CA007268,null,null,null,null,D,0,0,5.0,null,0.7378730773925781,30.089466094970703,1.773664951324463,0.8500643372535706,0.0,0.0,0.0,0.0,0.0,29.523393630981445,0.5,0.4597,0.1469,0.1105,0.1587,0.124,0.5402,0.3932,0.2827,61.0,67.9,72.2,73.1,74.3,83.1,82974.953125,'EAST BRANCH ALAMO CREEK',null,null,POINT (-121.905364 37.758767)
HighwayBridge,CA007269,null,null,null,null,D,0,0,5.0,null,0.7378730773925781,30.089466094970703,1.773664951324463,0.8500643372535706,0.0,0.0,0.0,0.0,0.0,29.523393630981445,0.5,0.4597,0.1469,0.1105,0.1587,0.124,0.5402,0.3932,0.2827,61.0,67.9,72.2,73.1,74.3,83.1,79481.2734375,'EAST BRANCH ALAMO CREEK',null,null,POINT (-121.9081 37.759225)
HighwayBridge,CA007270,null,null,null,null,D,0,0,5.0,null,0.7378730773925781,30.089466094970703,1.773664951324463,0.8500643372535706,0.0,0.0,0.0,0.0,0.0,29.523393630981445,0.5,0.4597,0.143,0.1109,0.1601,0.1261,0.5402,0.3972,0.2862,60.7,67.5,71.9,72.8,74.0,82.8,53990.86328125,'EAST BRANCH ALAMO CREEK',null,null,POINT (-121.892442 37.762047)
HighwayBridge,CA007271,null,null,null,null,D,0,0,5.0,null,0.7378730773925781,30.089466094970703,1.773664951324463,0.8500643372535706,0.0,0.0,0.0,0.0,0.0,29.523393630981445,0.5,0.4597,0.1469,0.1105,0.1587,0.124,0.5402,0.3932,0.2827,61.0,67.9,72.2,73.1,74.3,83.1,69000.234375,'ALAMO CREEK SOUTH FORK',null,null,POINT (-121.888717 37.755358)
HighwayBridge,CA007272,null,null,null,null,D,0,0,5.0,null,0.7378730773925781,30.089466094970703,1.773664951324463,0.8500643372535706,0.0,0.0,0.0,0.0,0.0,29.523393630981445,0.5,0.4597,0.0933,0.1159,0.1765,0.1543,0.5402,0.4469,0.3309,57.2,63.0,67.5,68.5,69.9,79.7,822129.6875,'MAIN BRANCH ALAMO CREEK',null,null,POINT (-121.907989 37.769122)
HighwayBridge,CA007273,null,null,null,null,D,0,0,5.0,null,0.7378730773925781,30.089466094970703,1.773664951324463,0.8500643372535706,0.0,0.0,0.0,0.0,0.0,29.523393630981445,0.5,0.4597,0.0933,0.1159,0.1765,0.1543,0.5402,0.4469,0.3309,57.2,63.0,67.5,68.5,69.9,79.7,824059.5625,'MAIN BRANCH ALAMO CREEK',null,null,POINT (-121.908119 37.768764)
HighwayBridge,CA007274,null,null,null,null,D,0,0,5.0,null,0.7538220882415771,34.681095123291016,1.8925539255142212,1.0495595932006836,0.0,0.0,0.0,0.0,0.0,29.523393630981445,0.5,0.3254,0.1424,0.1204,0.2009,0.2107,0.6745,0.5321,0.4116,47.8,54.9,59.7,60.8,62.4,73.8,984384.125,'ALAMO CREEK',null,null,POINT (-121.903344 37.775806)
HighwayBridge,CA007275,null,null,null,null,D,0,0,5.0,null,0.7538220882415771,34.681095123291016,1.8925539255142212,1.0495595932006836,0.0,0.0,0.0,0.0,0.0,29.523393630981445,0.5,0.3254,0.1309,0.1206,0.2037,0.2192,0.6745,0.5436,0.4229,47.0,53.8,58.6,59.7,61.3,72.9,593343.875,'MAIN BRANCH ALAMO CREEK',null,null,POINT (-121.885219 37.796803)
HighwayBridge,CA007276,null,null,null,null,D,0,0,5.0,null,0.7898257374763489,39.4677848815918,1.9969159364700317,1.18094003200531,0.0,0.0,0.0,0.0,0.0,29.523393630981445,0.5,0.2581,0.0934,0.1176,0.2233,0.3073,0.7418,0.6483,0.5307,37.6,43.4,48.1,49.3,51.1,64.3,191261.203125,'WEST BRANCH ALAMO CREEK',null,null,POINT (-121.925958 37.773247)
HighwayBridge,CA007277,null,null,null,null,D,0,0,5.0,null,0.7538220882415771,34.681095123291016,1.8925539255142212,1.0495595932006836,0.0,0.0,0.0,0.0,0.0,29.523393630981445,0.5,0.3254,0.1424,0.1204,0.2009,0.2107,0.6745,0.5321,0.4116,47.8,54.9,59.7,60.8,62.4,73.8,206480.78125,'WEST BRANCH ALAMO CREEK',null,null,POINT (-121.924756 37.778039)
HighwayBridge,CA007278,null,null,null,null,D,0,0,5.0,null,0.7378730773925781,30.089466094970703,1.773664951324463,0.8500643372535706,0.0,0.0,0.0,0.0,0.0,29.523393630981445,0.5,0.4597,0.1469,0.1105,0.1587,0.124,0.5402,0.3932,0.2827,61.0,67.9,72.2,73.1,74.3,83.1,80354.6953125,'E BRANCH PKWY',null,null,POINT (-121.910117 37.751642)
HighwayBridge,CA007279,null,null,null,null,D,0,0,5.0,null,0.7378730773925781,30.089466094970703,1.773664951324463,0.8500643372535706,0.0,0.0,0.0,0.0,0.0,29.523393630981445,0.5,0.4597,0.1469,0.1105,0.1587,0.124,0.5402,0.3932,0.2827,61.0,67.9,72.2,73.1,74.3,83.1,87342.0546875,'CAMINO TASSAJARA',null,null,POINT (-121.878264 37.746867)
HighwayBridge,CA007280,null,null,null,null,D,0,0,5.0,null,0.7538220882415771,34.681095123291016,1.8925539255142212,1.0495595932006836,0.0,0.0,0.0,0.0,0.0,29.523393630981445,0.5,0.3254,0.077,0.1202,0.2153,0.2618,0.6745,0.5974,0.4772,43.1,48.5,53.3,54.4,56.2,68.6,856319.875,'SHADOW CREEK',null,null,POINT (-121.889642 37.797158)
HighwayBridge,CA007281,null,null,null,null,D,0,0,5.0,null,0.7378730773925781,30.089466094970703,1.773664951324463,0.8500643372535706,0.0,0.0,0.0,0.0,0.0,29.523393630981445,0.5,0.1882,0.2714,0.2065,0.2097,0.124,0.8117,0.5402,0.3337,46.1,58.9,66.9,68.4,70.0,81.2,1919090.125,'CAMINO TASSAJARA',null,null,POINT (-121.875744 37.749336)
HighwayBridge,CA007282,null,null,null,null,D,0,0,5.0,null,0.4619385302066803,21.55214500427246,1.2130423784255981,0.695431649684906,0.0,0.0,0.0,0.0,0.0,29.523393630981445,0.5,0.6663,0.0,0.1113,0.1222,0.1,0.3336,0.3336,0.2223,70.5,73.7,78.0,78.9,79.8,86.5,127134.90625,'FRISK CREEK',null,null,POINT (-121.6144 37.890508)
HighwayBridge,CA007283,null,null,null,null,D,0,0,5.0,null,0.4619385302066803,21.55214500427246,1.2130423784255981,0.695431649684906,0.0,0.0,0.0,0.0,0.0,29.523393630981445,0.5,0.6431,0.0,0.1153,0.1299,0.1115,0.3568,0.3568,0.2415,68.3,71.7,76.2,77.0,78.0,85.2,115556.4375,'KELLOGG CREEK',null,null,POINT (-121.617831 37.894381)
HighwayBridge,CA007284,null,null,null,null,D,0,0,5.0,null,0.6251155734062195,26.522377014160156,1.5736724138259888,0.792631983757019,0.0,0.0,0.0,0.0,0.0,29.523393630981445,0.5,0.5061,0.1445,0.1045,0.1429,0.1017,0.4938,0.3492,0.2447,65.1,71.8,75.9,76.8,77.8,85.6,349215.5,'CONTRA COSTA CANAL',null,null,POINT (-121.847497 37.994964)
HighwayBridge,CA007285,null,null,null,null,D,0,0,5.0,null,0.7898257374763489,39.4677848815918,1.9969159364700317,1.18094003200531,0.0,0.0,0.0,0.0,0.0,29.523393630981445,0.5,0.2744,0.0,0.121,0.2039,0.4005,0.7255,0.7255,0.6044,32.4,36.0,40.8,42.0,43.8,56.6,7505752.0,'WEST BRANCH ALAMO CREEK',null,null,POINT (-121.926367 37.770767)
HighwayBridge,CA007286,null,null,null,null,D,0,0,5.0,null,0.7378730773925781,30.089466094970703,1.773664951324463,0.8500643372535706,0.0,0.0,0.0,0.0,0.0,29.523393630981445,0.5,0.5317,0.0,0.1288,0.1634,0.1759,0.4682,0.4682,0.3393,57.8,61.6,66.6,67.6,68.9,78.2,2629488.5,'LOWER M. BRANCH ALAMO CR',null,null,POINT (-121.916611 37.748172)
HighwayBridge,CA007287,null,null,null,null,D,0,0,5.0,null,0.5458889007568359,23.135929107666016,1.3937472105026245,0.7040293216705322,0.0,0.0,0.0,0.0,0.0,29.523393630981445,0.5,0.5843,0.1186,0.0956,0.1231,0.0781,0.4156,0.2969,0.2013,70.6,76.4,80.2,80.9,81.8,88.5,386375.65625,'SAND CREEK',null,null,POINT (-121.735269 37.947422)
HighwayBridge,CA007288,null,null,null,null,D,0,0,5.0,null,0.5087000131607056,21.449508666992188,1.2920339107513428,0.6475225687026978,0.0,0.0,0.0,0.0,0.0,29.523393630981445,0.5,0.6377,0.0627,0.0961,0.1241,0.0792,0.3622,0.2995,0.2033,71.8,76.2,80.0,80.7,81.6,88.3,276226.3125,'MARSH CREEK',null,null,POINT (-121.694083 37.954342)
HighwayBridge,CA007289,null,null,null,null,D,0,0,5.0,null,0.5087000131607056,21.449508666992188,1.2920339107513428,0.6475225687026978,0.0,0.0,0.0,0.0,0.0,29.523393630981445,0.5,0.6377,0.1278,0.0825,0.098,0.0538,0.3622,0.2344,0.1519,76.1,81.8,85.0,85.6,86.3,91.6,513341.4375,'MARSH CREEK',null,null,POINT (-121.7049 37.944939)
HighwayBridge,CA007290,null,null,null,null,D,0,0,5.0,null,0.44523391127586365,20.587066650390625,1.1699280738830566,0.6586997509002686,0.0,0.0,0.0,0.0,0.0,29.523393630981445,0.5,0.6869,0.0,0.1074,0.1152,0.0903,0.313,0.313,0.2056,72.4,75.5,79.7,80.4,81.3,87.7,381008.09375,'WERNER DREDGER CUT',null,null,POINT (-121.610453 37.939117)
HighwayBridge,CA007291,null,null,null,null,D,0,0,5.0,null,0.8164545893669128,37.333194732666016,2.0122029781341553,1.001726508140564,0.0,0.0,0.0,0.0,0.0,29.523393630981445,0.5,0.4291,0.0,0.1327,0.1875,0.2505,0.5708,0.5708,0.438,47.9,51.8,57.0,58.1,59.7,70.7,435616.1875,'REFUGIO CREEK',null,null,POINT (-122.277122 38.017564)
HighwayBridge,CA007292,null,null,null,null,D,0,0,5.0,null,0.7730397582054138,31.891193389892578,1.8982447385787964,0.9033559560775757,0.0,0.0,0.0,0.0,0.0,29.523393630981445,0.5,0.3415,0.0,0.1168,0.2245,0.3169,0.6584,0.6584,0.5415,39.0,42.4,47.1,48.2,50.1,63.4,116720.4375,'ARROYO DEL HAMBRE',null,null,POINT (-122.135175 38.016372)
HighwayBridge,CA007293,null,null,null,null,D,0,0,5.0,null,0.8015768527984619,43.14873504638672,1.9964525699615479,1.3447792530059814,0.0,0.0,0.0,0.0,0.0,29.523393630981445,0.5,0.215,0.0,0.1096,0.2001,0.4752,0.7849,0.7849,0.6753,26.3,29.5,34.0,35.1,36.9,50.0,1265762.25,'GRAYSON CREEK',null,null,POINT (-122.066758 37.971525)
HighwayBridge,CA007294,null,null,null,null,D,0,0,5.0,null,0.48198771476745605,22.136066436767578,1.2626924514770508,0.7162995338439941,0.0,0.0,0.0,0.0,0.0,29.523393630981445,0.5,0.573,0.1315,0.0953,0.1225,0.0775,0.4269,0.2953,0.2,70.5,76.5,80.3,81.0,81.9,88.6,303683.625,'MARSH CREEK',null,null,POINT (-121.693944 37.986794)
HighwayBridge,CA007295,null,null,null,null,D,0,0,5.0,null,0.48198771476745605,22.136066436767578,1.2626924514770508,0.7162995338439941,0.0,0.0,0.0,0.0,0.0,29.523393630981445,0.5,0.573,0.1041,0.1002,0.133,0.0894,0.4269,0.3227,0.2224,68.6,74.2,78.1,78.9,79.9,87.1,210273.28125,'MARSH CREEK',null,null,POINT (-121.690133 37.983322)
HighwayBridge,CA007296,null,null,null,null,D,0,0,5.0,null,0.5261858105659485,21.990455627441406,1.3398592472076416,0.6706250905990601,0.0,0.0,0.0,0.0,0.0,29.523393630981445,0.5,0.688,0.0,0.1072,0.1149,0.0898,0.3119,0.3119,0.2047,72.5,75.6,79.8,80.5,81.4,87.7,2085197.25,'RR/NEROLY ROAD',null,null,POINT (-121.741233 37.9806)
HighwayBridge,CA007297,null,null,null,null,D,0,0,5.0,null,0.5087000131607056,21.449508666992188,1.2920339107513428,0.6475225687026978,0.0,0.0,0.0,0.0,0.0,29.523393630981445,0.5,0.3332,0.192,0.1985,0.1826,0.0934,0.6667,0.4746,0.2761,54.3,64.8,72.5,73.9,75.2,84.9,375095.0625,'MARSH CREEK',null,null,POINT (-121.696019 37.952678)
HighwayBridge,CA007298,null,null,null,null,D,0,0,5.0,null,0.48198771476745605,22.136066436767578,1.2626924514770508,0.7162995338439941,0.0,0.0,0.0,0.0,0.0,29.523393630981445,0.5,0.573,0.1362,0.0944,0.1206,0.0755,0.4269,0.2906,0.1961,70.8,77.0,80.7,81.4,82.3,88.8,117356.9609375,'CONTRA COSTA CANAL',null,null,POINT (-121.703431 37.994556)
HighwayBridge,CA007299,null,null,null,null,D,0,0,5.0,null,0.5400269627571106,23.361949920654297,1.3766359090805054,0.7061062455177307,0.0,0.0,0.0,0.0,0.0,29.523393630981445,0.5,0.5824,0.1366,0.0925,0.1168,0.0715,0.4175,0.2809,0.1883,71.7,77.8,81.4,82.1,83.0,89.3,310606.75,'MARSH CREEK',null,null,POINT (-121.721517 37.893506)
HighwayBridge,CA007300,null,null,null,null,D,0,0,5.0,null,0.5400269627571106,23.361949920654297,1.3766359090805054,0.7061062455177307,0.0,0.0,0.0,0.0,0.0,29.523393630981445,0.5,0.5824,0.1366,0.0925,0.1168,0.0715,0.4175,0.2809,0.1883,71.7,77.8,81.4,82.1,83.0,89.3,310606.75,'MARSH CREEK',null,null,POINT (-121.721542 37.893375)
HighwayBridge,CA007301,null,null,null,null,D,0,0,5.0,null,0.748308002948761,32.61968994140625,1.848130464553833,0.9351463913917542,0.0,0.0,0.0,0.0,0.0,29.523393630981445,0.5,0.3973,0.1471,0.1166,0.1792,0.1595,0.6026,0.4555,0.3388,55.0,62.2,66.8,67.8,69.1,79.1,440561.28125,'RODEO CREEK',null,null,POINT (-122.267269 38.038411)
HighwayBridge,CA007302,null,null,null,null,D,0,0,5.0,null,0.7075842022895813,26.548734664916992,1.6766353845596313,0.7025194764137268,0.0,0.0,0.0,0.0,0.0,29.523393630981445,0.5,0.5857,0.074,0.1031,0.1396,0.0974,0.4142,0.3402,0.237,67.8,72.6,76.7,77.5,78.6,86.1,320069.25,'MARSH CREEK',null,null,POINT (-121.8492 37.8917)
HighwayBridge,CA007303,null,null,null,null,D,0,0,5.0,null,0.7075842022895813,26.548734664916992,1.6766353845596313,0.7025194764137268,0.0,0.0,0.0,0.0,0.0,29.523393630981445,0.5,0.5857,0.1361,0.092,0.1157,0.0703,0.4142,0.2781,0.1861,71.9,78.0,81.7,82.4,83.2,89.4,60139.51171875,'MARSH CREEK',null,null,POINT (-121.860983 37.893017)
HighwayBridge,CA007304,null,null,null,null,D,0,0,5.0,null,0.7064809203147888,26.04608726501465,1.6615453958511353,0.6866979598999023,0.0,0.0,0.0,0.0,0.0,29.523393630981445,0.5,0.6004,0.1129,0.0936,0.119,0.0738,0.3995,0.2865,0.1928,71.7,77.3,81.0,81.7,82.6,89.0,115398.5859375,'CONTRA COSTA CANAL',null,null,POINT (-121.950978 38.020947)
HighwayBridge,CA007305,null,null,null,null,D,0,0,5.0,null,0.8015768527984619,43.14873504638672,1.9964525699615479,1.3447792530059814,0.0,0.0,0.0,0.0,0.0,29.523393630981445,0.5,0.1933,0.0579,0.1056,0.2277,0.4152,0.8066,0.7486,0.6429,28.3,32.9,37.2,38.3,40.3,54.4,268833.96875,'SDM CHANNEL',null,null,POINT (-122.033492 37.943114)
HighwayBridge,CA007306,null,null,null,null,D,0,0,5.0,null,0.7748083472251892,35.31185531616211,1.9298560619354248,1.0328832864761353,0.0,0.0,0.0,0.0,0.0,29.523393630981445,0.5,0.3351,0.1383,0.1203,0.1994,0.2067,0.6648,0.5265,0.4062,48.4,55.5,60.2,61.3,62.9,74.2,103632.9453125,'HOLBROOK CHANNEL',null,null,POINT (-122.031444 37.993231)
HighwayBridge,CA007307,null,null,null,null,D,0,0,5.0,null,0.6251155734062195,26.522377014160156,1.5736724138259888,0.792631983757019,0.0,0.0,0.0,0.0,0.0,29.523393630981445,0.5,0.5061,0.1187,0.1082,0.1523,0.1145,0.4938,0.3751,0.2669,63.4,69.5,73.8,74.7,75.8,84.2,242211.59375,'CONTRA COSTA CANAL',null,null,POINT (-121.8738 38.000172)
HighwayBridge,CA007308,null,null,null,null,D,0,0,5.0,null,0.6251155734062195,26.522377014160156,1.5736724138259888,0.792631983757019,0.0,0.0,0.0,0.0,0.0,29.523393630981445,0.5,0.5061,0.1323,0.1063,0.1474,0.1077,0.4938,0.3615,0.2551,64.3,70.7,74.9,75.8,76.9,84.9,134992.765625,'CONTRA COSTA CANAL',null,null,POINT (-121.850775 37.997944)
HighwayBridge,CA007309,null,null,null,null,D,0,0,5.0,null,0.5723602175712585,23.94725227355957,1.4608070850372314,0.7298760414123535,0.0,0.0,0.0,0.0,0.0,29.523393630981445,0.5,0.5607,0.1339,0.0972,0.1263,0.0816,0.4392,0.3052,0.208,69.5,75.7,79.5,80.3,81.2,88.0,54406.21875,'WEST ANTIOCH CREEK',null,null,POINT (-121.817944 37.994031)
HighwayBridge,CA007310,null,null,null,null,D,0,0,5.0,null,0.5723602175712585,23.94725227355957,1.4608070850372314,0.7298760414123535,0.0,0.0,0.0,0.0,0.0,29.523393630981445,0.5,0.3719,0.2536,0.118,0.1356,0.1206,0.628,0.3743,0.2563,60.3,70.1,74.7,75.6,76.6,84.2,432324.84375,'UP RR',null,null,POINT (-121.815064 38.003328)
HighwayBridge,CA007311,null,null,null,null,D,0,0,5.0,null,0.5723602175712585,23.94725227355957,1.4608070850372314,0.7298760414123535,0.0,0.0,0.0,0.0,0.0,29.523393630981445,0.5,0.5607,0.1393,0.0962,0.1242,0.0793,0.4392,0.2998,0.2036,69.9,76.2,79.9,80.7,81.6,88.3,83204.65625,'E ANTIOCH CR',null,null,POINT (-121.796522 38.010447)
HighwayBridge,CA007312,null,null,null,null,D,0,0,5.0,null,0.5723602175712585,23.94725227355957,1.4608070850372314,0.7298760414123535,0.0,0.0,0.0,0.0,0.0,29.523393630981445,0.5,0.5607,0.1393,0.0962,0.1242,0.0793,0.4392,0.2998,0.2036,69.9,76.2,79.9,80.7,81.6,88.3,39887.234375,'GILLIPPI GULCH',null,null,POINT (-121.7878 38.006386)
HighwayBridge,CA007313,null,null,null,null,D,0,0,5.0,null,0.749864399433136,46.097896575927734,1.8606994152069092,1.3066445589065552,0.0,0.0,0.0,0.0,0.0,29.523393630981445,0.5,0.007,0.0222,0.0269,0.1249,0.8186,0.9929,0.9706,0.9436,5.1,6.6,7.8,8.5,10.2,21.9,5495343.5,'UP RR BNSF AMTRAK BARTD',null,null,POINT (-122.358964 37.942908)
HighwayBridge,CA007314,null,null,null,null,D,0,0,5.0,null,0.749864399433136,46.097896575927734,1.8606994152069092,1.3066445589065552,0.0,0.0,0.0,0.0,0.0,29.523393630981445,0.5,0.2067,0.0818,0.1113,0.2282,0.3718,0.7932,0.7113,0.6,31.5,36.9,41.4,42.5,44.5,58.3,314920.53125,'WILDCAT CREEK',null,null,POINT (-122.338333 37.953186)
HighwayBridge,CA007315,null,null,null,null,D,0,0,5.0,null,0.749864399433136,46.097896575927734,1.8606994152069092,1.3066445589065552,0.0,0.0,0.0,0.0,0.0,29.523393630981445,0.5,0.2067,0.1026,0.1138,0.2273,0.3494,0.7932,0.6906,0.5768,33.1,39.1,43.7,44.8,46.7,60.3,328111.03125,'WILDCAT CREEK',null,null,POINT (-122.340767 37.95795)
HighwayBridge,CA007316,null,null,null,null,D,0,0,5.0,null,0.749864399433136,46.097896575927734,1.8606994152069092,1.3066445589065552,0.0,0.0,0.0,0.0,0.0,29.523393630981445,0.5,0.007,0.0475,0.0426,0.1698,0.7328,0.9929,0.9453,0.9027,7.5,10.0,11.9,12.7,14.6,28.0,1074634.875,'SAN PABLO CREEK',null,null,POINT (-122.336367 37.961986)
HighwayBridge,CA007317,null,null,null,null,D,0,0,5.0,null,0.749864399433136,46.097896575927734,1.8606994152069092,1.3066445589065552,0.0,0.0,0.0,0.0,0.0,29.523393630981445,0.5,0.2067,0.092,0.1125,0.2278,0.3606,0.7932,0.7011,0.5885,32.3,38.0,42.5,43.6,45.6,59.3,356087.75,'WILDCAT CREEK',null,null,POINT (-122.355767 37.961875)
HighwayBridge,CA007318,null,null,null,null,D,0,0,5.0,null,0.749864399433136,46.097896575927734,1.8606994152069092,1.3066445589065552,0.0,0.0,0.0,0.0,0.0,29.523393630981445,0.5,0.2067,0.1061,0.1141,0.2271,0.3457,0.7932,0.687,0.5728,33.4,39.4,44.0,45.2,47.1,60.7,962462.5,'SAN PABLO CREEK',null,null,POINT (-122.356342 37.966578)
HighwayBridge,CA007319,null,null,null,null,D,0,0,5.0,null,0.8788691163063049,41.79709243774414,2.172231674194336,1.1168960332870483,0.0,0.0,0.0,0.0,0.0,29.523393630981445,0.5,0.289,0.1085,0.12,0.2162,0.266,0.7109,0.6024,0.4823,41.8,48.0,52.8,53.9,55.7,68.2,139475.671875,'RHEAM CREEK',null,null,POINT (-122.353486 37.977175)
HighwayBridge,CA007320,null,null,null,null,D,0,0,5.0,null,0.9031084179878235,42.27840042114258,2.22752046585083,1.1406011581420898,0.0,0.0,0.0,0.0,0.0,29.523393630981445,0.5,0.2423,0.0,0.0,0.2335,0.524,0.7576,0.7576,0.7576,26.1,26.2,26.5,27.2,29.3,44.4,1854103.875,'SAN PABLO CREEK',null,null,POINT (-122.309289 37.966411)
HighwayBridge,CA007321,null,null,null,null,D,0,0,5.0,null,0.8251066207885742,35.32096862792969,1.9869507551193237,0.9730531573295593,0.0,0.0,0.0,0.0,0.0,29.523393630981445,0.5,0.0249,0.1086,0.0766,0.238,0.5517,0.975,0.8664,0.7898,14.7,19.8,23.0,24.1,26.3,41.8,455995.75,'SAN PABLO CREEK',null,null,POINT (-122.194311 37.889181)
HighwayBridge,CA007322,null,null,null,null,D,0,0,5.0,null,0.8251066207885742,35.32096862792969,1.9869507551193237,0.9730531573295593,0.0,0.0,0.0,0.0,0.0,29.523393630981445,0.5,0.0249,0.0977,0.0728,0.2322,0.5721,0.975,0.8772,0.8044,13.8,18.5,21.6,22.6,24.8,40.2,892227.1875,'SAN PABLO CREEK',null,null,POINT (-122.207086 37.901394)
HighwayBridge,CA007323,null,null,null,null,D,0,0,5.0,null,0.837620735168457,37.62312316894531,2.102858543395996,1.1015702486038208,0.0,0.0,0.0,0.0,0.0,29.523393630981445,0.5,0.2608,0.0,0.0,0.2381,0.5009,0.7391,0.7391,0.7391,27.9,28.0,28.4,29.0,31.1,46.3,510788.5625,'LAS TRAMPAS CREEK',null,null,POINT (-122.112286 37.890928)
HighwayBridge,CA007324,null,null,null,null,D,0,0,5.0,null,0.7898257374763489,39.4677848815918,1.9969159364700317,1.18094003200531,0.0,0.0,0.0,0.0,0.0,29.523393630981445,0.5,0.2581,0.1216,0.1193,0.2193,0.2815,0.7418,0.6202,0.5008,39.7,46.3,51.0,52.2,53.9,66.7,248727.53125,'SOUTH SAN RAMON CREEK',null,null,POINT (-121.928492 37.731267)
HighwayBridge,CA007325,null,null,null,null,D,0,0,5.0,null,0.8647317886352539,34.96581268310547,2.0895538330078125,0.9767805337905884,0.0,0.0,0.0,0.0,0.0,29.523393630981445,0.5,0.3696,0.1408,0.1188,0.1893,0.1812,0.6303,0.4894,0.3705,52.0,59.0,63.7,64.7,66.2,76.8,169723.25,'GREEN VALLEY CREEK',null,null,POINT (-121.987267 37.826783)
HighwayBridge,CA007326,null,null,null,null,D,0,0,5.0,null,0.8647317886352539,34.96581268310547,2.0895538330078125,0.9767805337905884,0.0,0.0,0.0,0.0,0.0,29.523393630981445,0.5,0.0245,0.1076,0.0761,0.2374,0.5542,0.9754,0.8678,0.7916,14.6,19.6,22.8,23.9,26.1,41.6,789913.375,'SAN RAMON CREEK',null,null,POINT (-122.003639 37.82555)
HighwayBridge,CA007327,null,null,null,null,D,0,0,5.0,null,0.8980977535247803,36.9058952331543,2.1609253883361816,1.0195722579956055,0.0,0.0,0.0,0.0,0.0,29.523393630981445,0.5,0.343,0.0565,0.1201,0.2159,0.2643,0.6569,0.6004,0.4802,43.3,48.2,53.0,54.1,55.9,68.4,1067832.375,'SAN RAMON CREEK',null,null,POINT (-122.036308 37.86285)
HighwayBridge,CA007328,null,null,null,null,D,0,0,5.0,null,0.8898106217384338,37.46025848388672,2.213346004486084,1.064721703529358,0.0,0.0,0.0,0.0,0.0,29.523393630981445,0.5,0.3896,0.0,0.1319,0.1944,0.2839,0.6103,0.6103,0.4783,44.0,47.9,53.1,54.2,55.8,67.4,990687.625,'SAN RAMON CREEK',null,null,POINT (-122.057203 37.893139)
HighwayBridge,CA007329,null,null,null,null,D,0,0,5.0,null,0.8898106217384338,37.46025848388672,2.213346004486084,1.064721703529358,0.0,0.0,0.0,0.0,0.0,29.523393630981445,0.5,0.2222,0.0,0.1112,0.201,0.4653,0.7777,0.7777,0.6664,27.0,30.3,34.8,35.9,37.8,50.9,905096.0,'LAS TRAMPAS CREEK',null,null,POINT (-122.068144 37.892214)
HighwayBridge,CA007330,null,null,null,null,D,0,0,5.0,null,0.8898106217384338,37.46025848388672,2.213346004486084,1.064721703529358,0.0,0.0,0.0,0.0,0.0,29.523393630981445,0.5,0.3168,0.1414,0.1206,0.2032,0.2177,0.6831,0.5416,0.4209,46.9,54.0,58.8,59.9,61.5,73.0,327406.21875,'WALNUT CREEK',null,null,POINT (-122.054608 37.917506)
HighwayBridge,CA007331,null,null,null,null,D,0,0,5.0,null,0.8015768527984619,43.14873504638672,1.9964525699615479,1.3447792530059814,0.0,0.0,0.0,0.0,0.0,29.523393630981445,0.5,0.1933,0.0763,0.1086,0.2283,0.3932,0.8066,0.7302,0.6216,29.8,34.9,39.3,40.4,42.4,56.4,1204962.125,'WALNUT CREEK',null,null,POINT (-122.048936 37.925933)
HighwayBridge,CA007332,null,null,null,null,D,0,0,5.0,null,0.8015768527984619,43.14873504638672,1.9964525699615479,1.3447792530059814,0.0,0.0,0.0,0.0,0.0,29.523393630981445,0.5,0.1933,0.1174,0.1139,0.2272,0.348,0.8066,0.6892,0.5752,32.9,39.2,43.8,44.9,46.8,60.5,526447.3125,'CONTRA COSTA CANAL',null,null,POINT (-122.040219 37.927067)
HighwayBridge,CA007333,null,null,null,null,D,0,0,5.0,null,0.8015768527984619,43.14873504638672,1.9964525699615479,1.3447792530059814,0.0,0.0,0.0,0.0,0.0,29.523393630981445,0.5,0.1933,0.0763,0.1086,0.2283,0.3932,0.8066,0.7302,0.6216,29.8,34.9,39.3,40.4,42.4,56.4,181249.53125,'E. FORK GRAYSON CREEK',null,null,POINT (-122.065675 37.943414)
HighwayBridge,CA007334,null,null,null,null,D,0,0,5.0,null,0.8079351782798767,31.58019256591797,1.929023265838623,0.8769479990005493,0.0,0.0,0.0,0.0,0.0,29.523393630981445,0.5,0.4391,0.1434,0.1132,0.1669,0.1372,0.5608,0.4174,0.3041,58.8,65.7,70.2,71.1,72.4,81.6,178167.6875,'CONTRA COSTA CANAL',null,null,POINT (-122.080511 37.9478)
HighwayBridge,CA007335,null,null,null,null,D,0,0,5.0,null,0.8015768527984619,43.14873504638672,1.9964525699615479,1.3447792530059814,0.0,0.0,0.0,0.0,0.0,29.523393630981445,0.5,0.1933,0.1145,0.1136,0.2274,0.351,0.8066,0.6921,0.5784,32.7,38.9,43.5,44.6,46.5,60.2,285363.28125,'GRAYSON CREEK',null,null,POINT (-122.067717 37.947869)
HighwayBridge,CA007336,null,null,null,null,D,0,0,5.0,null,0.8015768527984619,43.14873504638672,1.9964525699615479,1.3447792530059814,0.0,0.0,0.0,0.0,0.0,29.523393630981445,0.5,0.1933,0.1152,0.1137,0.2273,0.3503,0.8066,0.6914,0.5777,32.7,39.0,43.6,44.7,46.6,60.3,177573.15625,'GRAYSON CREEK',null,null,POINT (-122.067514 37.95395)
HighwayBridge,CA007337,null,null,null,null,D,0,0,5.0,null,0.9165540337562561,40.85964584350586,2.2892262935638428,1.1638702154159546,0.0,0.0,0.0,0.0,0.0,29.523393630981445,0.5,0.266,0.0469,0.1142,0.2271,0.3457,0.7339,0.687,0.5728,34.9,39.5,44.1,45.2,47.1,60.7,628712.9375,'PINE CREEK',null,null,POINT (-122.006519 37.913494)
HighwayBridge,CA007338,null,null,null,null,D,0,0,5.0,null,0.9165540337562561,40.85964584350586,2.2892262935638428,1.1638702154159546,0.0,0.0,0.0,0.0,0.0,29.523393630981445,0.5,0.1959,0.0,0.0944,0.2208,0.4887,0.804,0.804,0.7096,24.1,26.9,30.7,31.8,33.8,48.1,314092.6875,'PINE CREEK',null,null,POINT (-122.007703 37.914683)
HighwayBridge,CA007339,null,null,null,null,D,0,0,5.0,null,0.9165540337562561,40.85964584350586,2.2892262935638428,1.1638702154159546,0.0,0.0,0.0,0.0,0.0,29.523393630981445,0.5,0.266,0.0228,0.1113,0.2282,0.3715,0.7339,0.711,0.5997,33.1,36.9,41.4,42.6,44.5,58.3,214158.78125,'PINE CREEK',null,null,POINT (-122.010644 37.920867)
HighwayBridge,CA007340,null,null,null,null,D,0,0,5.0,null,0.8832333087921143,36.36628723144531,2.186204195022583,0.9769579768180847,0.0,0.0,0.0,0.0,0.0,29.523393630981445,0.5,0.3695,0.1231,0.1196,0.1943,0.1932,0.6304,0.5073,0.3876,50.7,57.3,62.0,63.1,64.6,75.6,300772.34375,'PINE CREEK',null,null,POINT (-122.014539 37.945511)
HighwayBridge,CA007341,null,null,null,null,D,0,0,5.0,null,0.8832333087921143,36.36628723144531,2.186204195022583,0.9769579768180847,0.0,0.0,0.0,0.0,0.0,29.523393630981445,0.5,0.3695,0.1459,0.1186,0.1879,0.1779,0.6304,0.4845,0.3659,52.3,59.5,64.2,65.2,66.6,77.2,417397.8125,'CONTRA COSTA CANAL',null,null,POINT (-122.013686 37.946072)
HighwayBridge,CA007342,null,null,null,null,D,0,0,5.0,null,0.8832333087921143,36.36628723144531,2.186204195022583,0.9769579768180847,0.0,0.0,0.0,0.0,0.0,29.523393630981445,0.5,0.3695,0.0317,0.1201,0.2156,0.2629,0.6304,0.5986,0.4785,44.1,48.4,53.2,54.3,56.1,68.5,395780.15625,'PINE CREEK',null,null,POINT (-122.016511 37.948375)
HighwayBridge,CA007343,null,null,null,null,D,0,0,5.0,null,0.8015768527984619,43.14873504638672,1.9964525699615479,1.3447792530059814,0.0,0.0,0.0,0.0,0.0,29.523393630981445,0.5,0.1933,0.1166,0.1138,0.2273,0.3487,0.8066,0.6899,0.576,32.8,39.1,43.7,44.9,46.8,60.4,290059.625,'PINE CREEK',null,null,POINT (-122.027997 37.952639)
HighwayBridge,CA007344,null,null,null,null,D,0,0,5.0,null,0.8832333087921143,36.36628723144531,2.186204195022583,0.9769579768180847,0.0,0.0,0.0,0.0,0.0,29.523393630981445,0.5,0.3695,0.1104,0.1201,0.1977,0.202,0.6304,0.5199,0.3998,49.8,56.1,60.9,61.9,63.5,74.6,62578.18359375,'GALINDO CREEK',null,null,POINT (-121.994531 37.961289)
HighwayBridge,CA007345,null,null,null,null,D,0,0,5.0,null,0.7781980633735657,35.52925491333008,1.9471142292022705,1.0302927494049072,0.0,0.0,0.0,0.0,0.0,29.523393630981445,0.5,0.1141,0.1881,0.2028,0.2647,0.2301,0.8858,0.6977,0.4948,32.8,43.4,51.4,53.0,55.0,69.7,897134.3125,'MOUNT DIABLO CREEK',null,null,POINT (-121.9693 37.966258)
HighwayBridge,CA007346,null,null,null,null,D,0,0,5.0,null,0.7781980633735657,35.52925491333008,1.9471142292022705,1.0302927494049072,0.0,0.0,0.0,0.0,0.0,29.523393630981445,0.5,0.3366,0.1304,0.1204,0.2011,0.2113,0.6633,0.5329,0.4124,48.0,54.8,59.6,60.7,62.3,73.7,450667.0625,'MOUNT DIABLO CREEK',null,null,POINT (-121.967028 37.959461)
HighwayBridge,CA007347,null,null,null,null,D,0,0,5.0,null,0.7748083472251892,35.31185531616211,1.9298560619354248,1.0328832864761353,0.0,0.0,0.0,0.0,0.0,29.523393630981445,0.5,0.3166,0.0,0.1145,0.2268,0.3418,0.6833,0.6833,0.5687,36.5,39.8,44.4,45.6,47.5,61.0,816387.1875,'GRAYSON CREEK',null,null,POINT (-122.066508 37.975083)
HighwayBridge,CA007348,null,null,null,null,D,0,0,5.0,null,0.7748083472251892,35.31185531616211,1.9298560619354248,1.0328832864761353,0.0,0.0,0.0,0.0,0.0,29.523393630981445,0.5,0.1826,0.2138,0.1322,0.1933,0.2779,0.8173,0.6035,0.4712,39.3,48.6,53.8,54.9,56.5,68.0,277363.40625,'GRAYSON CREEK',null,null,POINT (-122.068753 37.983367)
HighwayBridge,CA007349,null,null,null,null,D,0,0,5.0,null,0.7730397582054138,31.891193389892578,1.8982447385787964,0.9033559560775757,0.0,0.0,0.0,0.0,0.0,29.523393630981445,0.5,0.4197,0.1462,0.1148,0.1724,0.1467,0.5802,0.4339,0.3191,57.1,64.2,68.7,69.6,71.0,80.5,155132.5,'ARROYO DEL HAMBRE',null,null,POINT (-122.129808 38.003547)
HighwayBridge,CA007350,null,null,null,null,D,0,0,5.0,null,0.7730397582054138,31.891193389892578,1.8982447385787964,0.9033559560775757,0.0,0.0,0.0,0.0,0.0,29.523393630981445,0.5,0.4197,0.0999,0.1183,0.1867,0.1751,0.5802,0.4802,0.3618,53.9,59.8,64.5,65.5,67.0,77.5,100542.1015625,'ARROYO DEL HAMBRE',null,null,POINT (-122.129094 38.011328)
HighwayBridge,CA007351,null,null,null,null,D,0,0,5.0,null,0.7730397582054138,31.891193389892578,1.8982447385787964,0.9033559560775757,0.0,0.0,0.0,0.0,0.0,29.523393630981445,0.5,0.4197,0.1474,0.1147,0.172,0.1459,0.5802,0.4327,0.318,57.2,64.3,68.8,69.8,71.1,80.6,181239.234375,'ARROYO DEL HAMBRE',null,null,POINT (-122.133008 38.014206)
HighwayBridge,CA007352,null,null,null,null,D,0,0,5.0,null,0.7730397582054138,31.891193389892578,1.8982447385787964,0.9033559560775757,0.0,0.0,0.0,0.0,0.0,29.523393630981445,0.5,0.3844,0.0,0.1195,0.2185,0.2774,0.6155,0.6155,0.4959,43.2,46.7,51.5,52.6,54.4,67.1,257227.96875,'ARROYO DEL HAMBRE',null,null,POINT (-122.134581 38.016356)
HighwayBridge,CA007353,null,null,null,null,D,0,0,5.0,null,0.7638655304908752,29.48883819580078,1.8258516788482666,0.8384757041931152,0.0,0.0,0.0,0.0,0.0,29.523393630981445,0.5,0.0433,0.151,0.094,0.2584,0.453,0.9566,0.8055,0.7114,20.1,26.8,30.7,31.8,34.0,49.9,177892.546875,'SHELL OIL PIPE UC',null,null,POINT (-122.117886 38.016569)
HighwayBridge,CA007354,null,null,null,null,D,0,0,5.0,null,0.6755908727645874,27.87514305114746,1.6690680980682373,0.8013433814048767,0.0,0.0,0.0,0.0,0.0,29.523393630981445,0.5,0.4988,0.0595,0.1155,0.1748,0.1511,0.5011,0.4415,0.326,58.6,63.5,68.0,69.0,70.3,80.0,52571.46875,'KIRKER CREEK',null,null,POINT (-121.88485 38.004731)
HighwayBridge,CA007355,null,null,null,null,D,0,0,5.0,null,0.7645758986473083,33.19930648803711,1.8811763525009155,0.9333800673484802,0.0,0.0,0.0,0.0,0.0,29.523393630981445,0.5,0.2307,0.245,0.132,0.1775,0.2145,0.7692,0.5241,0.3921,46.2,56.3,61.5,62.6,64.0,74.3,186985.5625,'RODEO CREEK',null,null,POINT (-122.263156 38.024583)
HighwayBridge,CA007356,null,null,null,null,D,0,0,5.0,null,0.748308002948761,32.61968994140625,1.848130464553833,0.9351463913917542,0.0,0.0,0.0,0.0,0.0,29.523393630981445,0.5,0.3973,0.1356,0.1175,0.1827,0.1667,0.6026,0.4669,0.3494,54.2,61.1,65.7,66.7,68.2,78.4,133540.546875,'RODEO CREEK',null,null,POINT (-122.266281 38.035281)
HighwayBridge,CA007357,null,null,null,null,D,0,0,5.0,null,0.748308002948761,32.61968994140625,1.848130464553833,0.9351463913917542,0.0,0.0,0.0,0.0,0.0,29.523393630981445,0.5,0.1483,0.249,0.2092,0.2337,0.1595,0.8516,0.6026,0.3933,40.7,53.0,61.2,62.7,64.5,77.2,495387.375,'UP RR  BNSF RY  & AMTRAK',null,null,POINT (-122.271081 38.037639)
HighwayBridge,CA007358,null,null,null,null,D,0,0,5.0,null,0.748308002948761,32.61968994140625,1.848130464553833,0.9351463913917542,0.0,0.0,0.0,0.0,0.0,29.523393630981445,0.5,0.3973,0.1356,0.1175,0.1827,0.1667,0.6026,0.4669,0.3494,54.2,61.1,65.7,66.7,68.2,78.4,165585.71875,'RODEO CREEK',null,null,POINT (-122.266864 38.037614)
HighwayBridge,CA007359,null,null,null,null,D,0,0,5.0,null,0.9031084179878235,42.27840042114258,2.22752046585083,1.1406011581420898,0.0,0.0,0.0,0.0,0.0,29.523393630981445,0.5,0.2772,0.136,0.1204,0.2132,0.2529,0.7227,0.5867,0.4662,42.6,49.6,54.4,55.5,57.2,69.5,123391.609375,'SAN PABLO CREEK',null,null,POINT (-122.28715 37.963144)
HighwayBridge,CA007360,null,null,null,null,D,0,0,5.0,null,0.7748083472251892,35.31185531616211,1.9298560619354248,1.0328832864761353,0.0,0.0,0.0,0.0,0.0,29.523393630981445,0.5,0.1826,0.1896,0.1311,0.1969,0.2995,0.8173,0.6276,0.4965,37.5,46.1,51.3,52.5,54.1,65.9,187668.28125,'GRAYSON CREEK',null,null,POINT (-122.069244 37.981678)
HighwayBridge,CA007361,null,null,null,null,D,0,0,5.0,null,0.757707417011261,32.710296630859375,1.885928750038147,0.9279577136039734,0.0,0.0,0.0,0.0,0.0,29.523393630981445,0.5,0.4023,0.1472,0.1162,0.1776,0.1564,0.5976,0.4504,0.3341,55.5,62.6,67.2,68.2,69.6,79.5,145873.40625,'CONTRA COSTA CANAL',null,null,POINT (-122.017714 37.980403)
HighwayBridge,CA007362,null,null,null,null,D,0,0,5.0,null,0.7638655304908752,29.48883819580078,1.8258516788482666,0.8384757041931152,0.0,0.0,0.0,0.0,0.0,29.523393630981445,0.5,0.4559,0.0,0.1206,0.2038,0.2195,0.544,0.544,0.4233,50.2,53.8,58.6,59.6,61.3,72.9,254521.8125,'CONTRA COSTA CANAL',null,null,POINT (-122.076472 37.978697)
HighwayBridge,CA007363,null,null,null,null,D,0,0,5.0,null,0.8251066207885742,35.32096862792969,1.9869507551193237,0.9730531573295593,0.0,0.0,0.0,0.0,0.0,29.523393630981445,0.5,0.372,0.146,0.1184,0.1871,0.1762,0.6279,0.4818,0.3633,52.6,59.7,64.4,65.4,66.9,77.3,118764.1484375,'SAN PABLO CREEK',null,null,POINT (-122.193156 37.885944)
HighwayBridge,CA007364,null,null,null,null,D,0,0,5.0,null,0.8251066207885742,35.32096862792969,1.9869507551193237,0.9730531573295593,0.0,0.0,0.0,0.0,0.0,29.523393630981445,0.5,0.372,0.146,0.1184,0.1871,0.1762,0.6279,0.4818,0.3633,52.6,59.7,64.4,65.4,66.9,77.3,51637.76171875,'SAN PABLO CREEK',null,null,POINT (-122.191806 37.883758)
HighwayBridge,CA007365,null,null,null,null,D,0,0,5.0,null,0.837620735168457,37.62312316894531,2.102858543395996,1.1015702486038208,0.0,0.0,0.0,0.0,0.0,29.523393630981445,0.5,0.015,0.0789,0.0616,0.2124,0.6318,0.9849,0.9059,0.8443,11.1,15.0,17.7,18.6,20.7,35.5,804925.0625,'LAS TRAMPAS CREEK',null,null,POINT (-122.085922 37.885775)
HighwayBridge,CA007366,null,null,null,null,D,0,0,5.0,null,0.8453102707862854,39.55109786987305,2.1369194984436035,1.1330232620239258,0.0,0.0,0.0,0.0,0.0,29.523393630981445,0.5,0.0133,0.0729,0.0583,0.2059,0.6494,0.9866,0.9136,0.8553,10.4,14.1,16.6,17.5,19.6,34.2,869566.5,'SAN RAMON CREEK',null,null,POINT (-121.981103 37.806508)
HighwayBridge,CA007367,null,null,null,null,D,0,0,5.0,null,0.791519045829773,33.31901931762695,1.9485336542129517,0.9459035992622375,0.0,0.0,0.0,0.0,0.0,29.523393630981445,0.5,0.224,0.2378,0.1324,0.1807,0.2249,0.7759,0.5381,0.4056,45.1,54.9,60.2,61.3,62.7,73.2,130445.421875,'COW CREEK',null,null,POINT (-121.973997 37.796389)
HighwayBridge,CA007368,null,null,null,null,D,0,0,5.0,null,0.8453102707862854,39.55109786987305,2.1369194984436035,1.1330232620239258,0.0,0.0,0.0,0.0,0.0,29.523393630981445,0.5,0.2809,0.1366,0.1205,0.2124,0.2494,0.719,0.5824,0.4618,43.0,50.0,54.8,55.9,57.6,69.9,115577.59375,'GREEN VALLEY CREEK',null,null,POINT (-121.998222 37.823661)
HighwayBridge,CA007369,null,null,null,null,D,0,0,5.0,null,0.8453102707862854,39.55109786987305,2.1369194984436035,1.1330232620239258,0.0,0.0,0.0,0.0,0.0,29.523393630981445,0.5,0.1446,0.1625,0.1255,0.2031,0.364,0.8553,0.6927,0.5671,31.7,39.4,44.5,45.6,47.4,59.9,369508.0,'SAN RAMON CREEK',null,null,POINT (-121.977839 37.794964)
HighwayBridge,CA007370,null,null,null,null,D,0,0,5.0,null,0.8453102707862854,39.55109786987305,2.1369194984436035,1.1330232620239258,0.0,0.0,0.0,0.0,0.0,29.523393630981445,0.5,0.3458,0.0,0.1293,0.2001,0.3246,0.6541,0.6541,0.5247,39.7,43.4,48.6,49.7,51.4,63.6,407515.625,'SAN RAMON CREEK',null,null,POINT (-121.977003 37.800717)
HighwayBridge,CA007371,null,null,null,null,D,0,0,5.0,null,0.8015768527984619,43.14873504638672,1.9964525699615479,1.3447792530059814,0.0,0.0,0.0,0.0,0.0,29.523393630981445,0.5,0.1933,0.1174,0.1139,0.2272,0.348,0.8066,0.6892,0.5752,32.9,39.2,43.8,44.9,46.8,60.5,349171.1875,'CONTRA COSTA CANAL',null,null,POINT (-122.073856 37.971294)
HighwayBridge,CA007372,null,null,null,null,D,0,0,5.0,null,0.5400269627571106,23.361949920654297,1.3766359090805054,0.7061062455177307,0.0,0.0,0.0,0.0,0.0,29.523393630981445,0.5,0.5824,0.1149,0.0967,0.1253,0.0805,0.4175,0.3025,0.2058,70.2,75.9,79.7,80.5,81.4,88.2,34458.453125,'MARSH CREEK',null,null,POINT (-121.71635 37.903683)
HighwayBridge,CA007373,null,null,null,null,D,0,0,5.0,null,0.5087000131607056,21.449508666992188,1.2920339107513428,0.6475225687026978,0.0,0.0,0.0,0.0,0.0,29.523393630981445,0.5,0.6108,0.0,0.11,0.1573,0.1218,0.3891,0.3891,0.2791,65.1,68.3,72.6,73.5,74.7,83.3,466895.5625,'SAND CREEK',null,null,POINT (-121.723358 37.944128)
HighwayBridge,CA007374,null,null,null,null,D,0,0,5.0,null,0.5087000131607056,21.449508666992188,1.2920339107513428,0.6475225687026978,0.0,0.0,0.0,0.0,0.0,29.523393630981445,0.5,0.6377,0.1221,0.0838,0.1004,0.0558,0.3622,0.2401,0.1562,75.8,81.3,84.6,85.2,85.9,91.3,72651.6640625,'MARSH CREEK',null,null,POINT (-121.711289 37.932589)
HighwayBridge,CA007375,null,null,null,null,D,0,0,5.0,null,0.7191201448440552,28.518218994140625,1.7460896968841553,0.8214924931526184,0.0,0.0,0.0,0.0,0.0,29.523393630981445,0.5,0.4823,0.146,0.1077,0.151,0.1127,0.5176,0.3715,0.2638,63.0,69.8,74.1,74.9,76.1,84.4,273102.21875,'TASSAJARA CREEK',null,null,POINT (-121.860964 37.775792)
HighwayBridge,CA007376,null,null,null,null,D,0,0,5.0,null,0.48620402812957764,20.740076065063477,1.2363663911819458,0.6294199228286743,0.0,0.0,0.0,0.0,0.0,29.523393630981445,0.5,0.6553,0.1245,0.079,0.0922,0.0488,0.3446,0.2201,0.141,77.5,83.0,86.0,86.6,87.3,92.2,101025.9140625,'DELTA-MENDOTA CANAL',null,null,POINT (-121.561164 37.815689)
HighwayBridge,CA007377,null,null,null,null,D,0,0,5.0,null,0.4887014627456665,21.263872146606445,1.2509886026382446,0.6504894495010376,0.0,0.0,0.0,0.0,0.0,29.523393630981445,0.5,0.6348,0.1283,0.083,0.099,0.0546,0.3651,0.2367,0.1537,75.9,81.6,84.8,85.4,86.2,91.4,44297.79296875,'ITALIAN SLOUGH',null,null,POINT (-121.60335 37.837956)
HighwayBridge,CA007378,null,null,null,null,D,0,0,5.0,null,0.45473164319992065,21.265270233154297,1.1963077783584595,0.6883038878440857,0.0,0.0,0.0,0.0,0.0,29.523393630981445,0.5,0.5989,0.1342,0.0896,0.1112,0.0659,0.401,0.2667,0.1771,73.0,79.0,82.5,83.2,84.0,90.0,223836.453125,'DUTCH SLOUGH',null,null,POINT (-121.660614 38.011953)
HighwayBridge,CA007379,null,null,null,null,D,0,0,5.0,null,0.7730397582054138,31.891193389892578,1.8982447385787964,0.9033559560775757,0.0,0.0,0.0,0.0,0.0,29.523393630981445,0.5,0.4197,0.1064,0.1179,0.1848,0.171,0.5802,0.4738,0.3558,54.3,60.5,65.1,66.1,67.6,77.9,159263.8125,'ARROYO DEL HAMBRE',null,null,POINT (-122.135981 38.016747)
HighwayBridge,CA007380,null,null,null,null,D,0,0,5.0,null,0.7730397582054138,31.891193389892578,1.8982447385787964,0.9033559560775757,0.0,0.0,0.0,0.0,0.0,29.523393630981445,0.5,0.4197,0.0592,0.1201,0.198,0.2027,0.5802,0.521,0.4008,51.0,56.0,60.8,61.8,63.4,74.6,377924.84375,'ARROYO DEL HAMBRE',null,null,POINT (-122.136667 38.017128)
HighwayBridge,CA007381,null,null,null,null,D,0,0,5.0,null,0.8453102707862854,39.55109786987305,2.1369194984436035,1.1330232620239258,0.0,0.0,0.0,0.0,0.0,29.523393630981445,0.5,0.2809,0.1366,0.1205,0.2124,0.2494,0.719,0.5824,0.4618,43.0,50.0,54.8,55.9,57.6,69.9,129981.5078125,'SYCAMORE CREEK',null,null,POINT (-121.981314 37.811578)
HighwayBridge,CA007382,null,null,null,null,D,0,0,5.0,null,0.8079351782798767,31.58019256591797,1.929023265838623,0.8769479990005493,0.0,0.0,0.0,0.0,0.0,29.523393630981445,0.5,0.4391,0.1152,0.1158,0.1761,0.1535,0.5608,0.4455,0.3297,56.8,63.1,67.7,68.6,70.0,79.8,170912.515625,'CONTRA COSTA CANAL',null,null,POINT (-122.076772 37.967397)
HighwayBridge,CA007383,null,null,null,null,D,0,0,5.0,null,0.8015768527984619,43.14873504638672,1.9964525699615479,1.3447792530059814,0.0,0.0,0.0,0.0,0.0,29.523393630981445,0.5,0.1933,0.1174,0.1139,0.2272,0.348,0.8066,0.6892,0.5752,32.9,39.2,43.8,44.9,46.8,60.5,626785.875,'GRAYSON CREEK',null,null,POINT (-122.066783 37.966519)
HighwayBridge,CA007384,null,null,null,null,D,0,0,5.0,null,0.8015768527984619,43.14873504638672,1.9964525699615479,1.3447792530059814,0.0,0.0,0.0,0.0,0.0,29.523393630981445,0.5,0.1933,0.1162,0.1138,0.2273,0.3491,0.8066,0.6903,0.5765,32.8,39.1,43.7,44.8,46.7,60.4,304577.84375,'GRAYSON CREEK',null,null,POINT (-122.066283 37.959933)
HighwayBridge,CA007385,null,null,null,null,D,0,0,5.0,null,0.8015768527984619,43.14873504638672,1.9964525699615479,1.3447792530059814,0.0,0.0,0.0,0.0,0.0,29.523393630981445,0.5,0.1933,0.1027,0.1122,0.2279,0.3636,0.8066,0.7038,0.5916,31.8,37.7,42.2,43.3,45.3,59.0,318069.65625,'GRAYSON CREEK',null,null,POINT (-122.073397 37.956578)
HighwayBridge,CA007386,null,null,null,null,D,0,0,5.0,null,0.8015768527984619,43.14873504638672,1.9964525699615479,1.3447792530059814,0.0,0.0,0.0,0.0,0.0,29.523393630981445,0.5,0.1933,0.1174,0.1139,0.2272,0.348,0.8066,0.6892,0.5752,32.9,39.2,43.8,44.9,46.8,60.5,220232.375,'GRAYSON CREEK',null,null,POINT (-122.074556 37.955883)
HighwayBridge,CA007387,null,null,null,null,D,0,0,5.0,null,0.8164545893669128,37.333194732666016,2.0122029781341553,1.001726508140564,0.0,0.0,0.0,0.0,0.0,29.523393630981445,0.5,0.3539,0.1349,0.1198,0.1954,0.1958,0.646,0.5111,0.3913,50.0,56.9,61.7,62.7,64.3,75.3,182355.25,'PINOLE CREEK',null,null,POINT (-122.283836 37.990842)
HighwayBridge,CA007388,null,null,null,null,D,0,0,5.0,null,0.8164545893669128,37.333194732666016,2.0122029781341553,1.001726508140564,0.0,0.0,0.0,0.0,0.0,29.523393630981445,0.5,0.1964,0.1862,0.1316,0.1954,0.2901,0.8035,0.6172,0.4855,38.6,47.2,52.4,53.5,55.1,66.8,375217.3125,'PINOLE CREEK',null,null,POINT (-122.279764 37.985361)
HighwayBridge,CA007389,null,null,null,null,D,0,0,5.0,null,0.9031084179878235,42.27840042114258,2.22752046585083,1.1406011581420898,0.0,0.0,0.0,0.0,0.0,29.523393630981445,0.5,0.2772,0.131,0.1203,0.2142,0.257,0.7227,0.5917,0.4713,42.3,49.1,53.9,55.0,56.7,69.1,78743.953125,'SAN PABLO CREEK',null,null,POINT (-122.281008 37.961794)
HighwayBridge,CA007390,null,null,null,null,D,0,0,5.0,null,0.9031084179878235,42.27840042114258,2.22752046585083,1.1406011581420898,0.0,0.0,0.0,0.0,0.0,29.523393630981445,0.5,0.2772,0.131,0.1203,0.2142,0.257,0.7227,0.5917,0.4713,42.3,49.1,53.9,55.0,56.7,69.1,78743.953125,'SAN PABLO CREEK',null,null,POINT (-122.296678 37.964869)
HighwayBridge,CA007391,null,null,null,null,D,0,0,5.0,null,0.837620735168457,37.62312316894531,2.102858543395996,1.1015702486038208,0.0,0.0,0.0,0.0,0.0,29.523393630981445,0.5,0.2608,0.0,0.0,0.2381,0.5009,0.7391,0.7391,0.7391,27.9,28.0,28.4,29.0,31.1,46.3,534459.25,'LAS TRAMPAS CREEK',null,null,POINT (-122.097236 37.886878)
HighwayBridge,CA007392,null,null,null,null,D,0,0,5.0,null,0.9165540337562561,40.85964584350586,2.2892262935638428,1.1638702154159546,0.0,0.0,0.0,0.0,0.0,29.523393630981445,0.5,0.266,0.1341,0.1201,0.2158,0.2638,0.7339,0.5998,0.4796,41.4,48.3,53.1,54.2,55.9,68.5,266013.84375,'PINE CREEK',null,null,POINT (-122.010222 37.917822)
HighwayBridge,CA007393,null,null,null,null,D,0,0,5.0,null,0.837620735168457,37.62312316894531,2.102858543395996,1.1015702486038208,0.0,0.0,0.0,0.0,0.0,29.523393630981445,0.5,0.2567,0.0,0.0,0.2372,0.506,0.7432,0.7432,0.7432,27.5,27.6,28.0,28.6,30.7,45.9,1250729.75,'LAS TRAMPAS CREEK',null,null,POINT (-122.1027 37.889742)
HighwayBridge,CA007394,null,null,null,null,D,0,0,5.0,null,0.5723602175712585,23.94725227355957,1.4608070850372314,0.7298760414123535,0.0,0.0,0.0,0.0,0.0,29.523393630981445,0.5,0.5607,0.1393,0.0962,0.1242,0.0793,0.4392,0.2998,0.2036,69.9,76.2,79.9,80.7,81.6,88.3,38415.265625,'LAKE ALHAMBRA',null,null,POINT (-121.795794 38.0101)
HighwayBridge,CA007395,null,null,null,null,D,0,0,5.0,null,0.6251155734062195,26.522377014160156,1.5736724138259888,0.792631983757019,0.0,0.0,0.0,0.0,0.0,29.523393630981445,0.5,0.5061,0.0992,0.1106,0.1591,0.1246,0.4938,0.3945,0.2838,62.0,67.8,72.1,73.0,74.2,83.0,300070.03125,'CONTRA COSTA CANAL',null,null,POINT (-121.8295 37.982997)
HighwayBridge,CA007396,null,null,null,null,D,0,0,5.0,null,0.6251155734062195,26.522377014160156,1.5736724138259888,0.792631983757019,0.0,0.0,0.0,0.0,0.0,29.523393630981445,0.5,0.5061,0.1445,0.1045,0.1429,0.1017,0.4938,0.3492,0.2447,65.1,71.8,75.9,76.8,77.8,85.6,102399.78125,'CONTRA COSTA CANAL',null,null,POINT (-121.84015 37.989658)
HighwayBridge,CA007397,null,null,null,null,D,0,0,5.0,null,0.8832333087921143,36.36628723144531,2.186204195022583,0.9769579768180847,0.0,0.0,0.0,0.0,0.0,29.523393630981445,0.5,0.3695,0.0317,0.1201,0.2156,0.2629,0.6304,0.5986,0.4785,44.1,48.4,53.2,54.3,56.1,68.5,92790.5546875,'GALINDO CREEK',null,null,POINT (-122.007336 37.960919)
HighwayBridge,CA007398,null,null,null,null,D,0,0,5.0,null,0.7378730773925781,30.089466094970703,1.773664951324463,0.8500643372535706,0.0,0.0,0.0,0.0,0.0,29.523393630981445,0.5,0.4597,0.1269,0.1127,0.1656,0.1349,0.5402,0.4133,0.3005,59.6,66.1,70.5,71.4,72.7,81.8,109641.40625,'ALAMO CREEK',null,null,POINT (-121.916164 37.739067)
HighwayBridge,CA007399,null,null,null,null,D,0,0,5.0,null,0.7898257374763489,39.4677848815918,1.9969159364700317,1.18094003200531,0.0,0.0,0.0,0.0,0.0,29.523393630981445,0.5,0.2581,0.1326,0.1198,0.2174,0.2718,0.7418,0.6091,0.4893,40.5,47.4,52.2,53.3,55.0,67.7,154302.875,'SOUTH SAN RAMON CREEK',null,null,POINT (-121.937953 37.740764)
HighwayBridge,CA007400,null,null,null,null,D,0,0,5.0,null,0.7898257374763489,39.4677848815918,1.9969159364700317,1.18094003200531,0.0,0.0,0.0,0.0,0.0,29.523393630981445,0.5,0.2581,0.1326,0.1198,0.2174,0.2718,0.7418,0.6091,0.4893,40.5,47.4,52.2,53.3,55.0,67.7,133488.703125,'SOUTH SAN RAMON CREEK',null,null,POINT (-121.947211 37.753611)
HighwayBridge,CA007401,null,null,null,null,D,0,0,5.0,null,0.9031084179878235,42.27840042114258,2.22752046585083,1.1406011581420898,0.0,0.0,0.0,0.0,0.0,29.523393630981445,0.5,0.2772,0.0727,0.1175,0.2235,0.3089,0.7227,0.65,0.5325,38.0,43.3,48.0,49.1,50.9,64.1,106047.640625,'WILDCAT CREEK',null,null,POINT (-122.316342 37.950994)
HighwayBridge,CA007402,null,null,null,null,D,0,0,5.0,null,0.8832333087921143,36.36628723144531,2.186204195022583,0.9769579768180847,0.0,0.0,0.0,0.0,0.0,29.523393630981445,0.5,0.3695,0.1459,0.1186,0.1879,0.1779,0.6304,0.4845,0.3659,52.3,59.5,64.2,65.2,66.6,77.2,80585.640625,'CONTRA COSTA CANAL',null,null,POINT (-122.017378 37.974544)
HighwayBridge,CA007403,null,null,null,null,D,0,0,5.0,null,0.7645758986473083,33.19930648803711,1.8811763525009155,0.9333800673484802,0.0,0.0,0.0,0.0,0.0,29.523393630981445,0.5,0.3985,0.1265,0.118,0.1851,0.1717,0.6014,0.4748,0.3568,53.7,60.4,65.0,66.0,67.5,77.8,70098.1328125,'RODEO CREEK',null,null,POINT (-122.256619 38.018344)
HighwayBridge,CA007404,null,null,null,null,D,0,0,5.0,null,0.8647317886352539,34.96581268310547,2.0895538330078125,0.9767805337905884,0.0,0.0,0.0,0.0,0.0,29.523393630981445,0.5,0.3696,0.1446,0.1186,0.1882,0.1786,0.6303,0.4856,0.3669,52.2,59.3,64.0,65.1,66.5,77.1,139347.875,'GREEN VALLEY CREEK',null,null,POINT (-121.985325 37.830642)
HighwayBridge,CA007405,null,null,null,null,D,0,0,5.0,null,0.8453102707862854,39.55109786987305,2.1369194984436035,1.1330232620239258,0.0,0.0,0.0,0.0,0.0,29.523393630981445,0.5,0.2809,0.1366,0.1205,0.2124,0.2494,0.719,0.5824,0.4618,43.0,50.0,54.8,55.9,57.6,69.9,200958.21875,'SYCAMORE CREEK',null,null,POINT (-121.976781 37.812231)
HighwayBridge,CA007406,null,null,null,null,D,0,0,5.0,null,0.791519045829773,33.31901931762695,1.9485336542129517,0.9459035992622375,0.0,0.0,0.0,0.0,0.0,29.523393630981445,0.5,0.39,0.1468,0.1172,0.1815,0.1642,0.6099,0.463,0.3458,54.3,61.5,66.1,67.1,68.5,78.6,124159.0625,'SYCAMORE CREEK',null,null,POINT (-121.97375 37.813497)
HighwayBridge,CA007407,null,null,null,null,D,0,0,5.0,null,0.791519045829773,33.31901931762695,1.9485336542129517,0.9459035992622375,0.0,0.0,0.0,0.0,0.0,29.523393630981445,0.5,0.39,0.0991,0.1198,0.1953,0.1956,0.6099,0.5108,0.391,51.0,57.0,61.7,62.8,64.3,75.3,311036.78125,'SYCAMORE CREEK',null,null,POINT (-121.970669 37.814708)
HighwayBridge,CA007408,null,null,null,null,D,0,0,5.0,null,0.7748083472251892,35.31185531616211,1.9298560619354248,1.0328832864761353,0.0,0.0,0.0,0.0,0.0,29.523393630981445,0.5,0.1826,0.2253,0.1325,0.1914,0.268,0.8173,0.592,0.4594,40.1,49.7,54.9,56.1,57.6,69.0,395231.625,'WALNUT CREEK',null,null,POINT (-122.056881 37.998836)
HighwayBridge,CA007409,null,null,null,null,D,0,0,5.0,null,0.5261858105659485,21.990455627441406,1.3398592472076416,0.6706250905990601,0.0,0.0,0.0,0.0,0.0,29.523393630981445,0.5,0.6156,0.1316,0.0866,0.1055,0.0605,0.3843,0.2527,0.166,74.4,80.2,83.6,84.3,85.0,90.7,90999.4375,'CONTRA COSTA CANAL',null,null,POINT (-121.773181 37.982881)
HighwayBridge,CA007410,null,null,null,null,D,0,0,5.0,null,0.8164545893669128,37.333194732666016,2.0122029781341553,1.001726508140564,0.0,0.0,0.0,0.0,0.0,29.523393630981445,0.5,0.3539,0.1436,0.1194,0.193,0.1898,0.646,0.5024,0.3829,50.6,57.8,62.5,63.5,65.0,75.9,1240201.375,'BNSF RY',null,null,POINT (-122.282339 38.009664)
HighwayBridge,CA007411,null,null,null,null,D,0,0,5.0,null,0.8647317886352539,34.96581268310547,2.0895538330078125,0.9767805337905884,0.0,0.0,0.0,0.0,0.0,29.523393630981445,0.5,0.3696,0.1441,0.1186,0.1884,0.179,0.6303,0.4862,0.3675,52.2,59.3,64.0,65.0,66.5,77.0,640243.0625,'SAN RAMON CREEK',null,null,POINT (-122.005828 37.828467)
HighwayBridge,CA007412,null,null,null,null,D,0,0,5.0,null,0.6755908727645874,27.87514305114746,1.6690680980682373,0.8013433814048767,0.0,0.0,0.0,0.0,0.0,29.523393630981445,0.5,0.5765,0.0,0.1245,0.1507,0.1481,0.4234,0.4234,0.2989,62.1,65.7,70.6,71.5,72.7,81.2,1321910.625,'UP RR PARKSIDE RAILROAD',null,null,POINT (-121.887017 38.023483)
HighwayBridge,CA007413,null,null,null,null,D,0,0,5.0,null,0.7538220882415771,34.681095123291016,1.8925539255142212,1.0495595932006836,0.0,0.0,0.0,0.0,0.0,29.523393630981445,0.5,0.3254,0.1424,0.1204,0.2009,0.2107,0.6745,0.5321,0.4116,47.8,54.9,59.7,60.8,62.4,73.8,243499.421875,'WEST BRANCH ALAMO CREEK',null,null,POINT (-121.924011 37.787389)
HighwayBridge,CA007414,null,null,null,null,D,0,0,5.0,null,0.7378730773925781,30.089466094970703,1.773664951324463,0.8500643372535706,0.0,0.0,0.0,0.0,0.0,29.523393630981445,0.5,0.4597,0.1457,0.1106,0.1591,0.1246,0.5402,0.3945,0.2838,60.9,67.8,72.1,73.0,74.2,83.0,362555.3125,'ALAMO CREEK',null,null,POINT (-121.913656 37.734319)
HighwayBridge,CA007415,null,null,null,null,D,0,0,5.0,null,0.8015768527984619,43.14873504638672,1.9964525699615479,1.3447792530059814,0.0,0.0,0.0,0.0,0.0,29.523393630981445,0.5,0.1933,0.1174,0.1139,0.2272,0.348,0.8066,0.6892,0.5752,32.9,39.2,43.8,44.9,46.8,60.5,277591.3125,'GRAYSON CREEK',null,null,POINT (-122.065467 37.973578)
HighwayBridge,CA007416,null,null,null,null,D,0,0,5.0,null,0.7730397582054138,31.891193389892578,1.8982447385787964,0.9033559560775757,0.0,0.0,0.0,0.0,0.0,29.523393630981445,0.5,0.4197,0.0815,0.1193,0.192,0.1873,0.5802,0.4987,0.3794,52.6,58.1,62.8,63.9,65.4,76.2,103153.0234375,'SHELL OIL CO PIPE UC',null,null,POINT (-122.125092 38.022483)
HighwayBridge,CA007417,null,null,null,null,D,0,0,5.0,null,0.748308002948761,32.61968994140625,1.848130464553833,0.9351463913917542,0.0,0.0,0.0,0.0,0.0,29.523393630981445,0.5,0.3973,0.142,0.117,0.1808,0.1627,0.6026,0.4605,0.3435,54.7,61.7,66.3,67.3,68.7,78.8,117201.59375,'RODEO CREEK',null,null,POINT (-122.264631 38.028347)
HighwayBridge,CA007418,null,null,null,null,D,0,0,5.0,null,0.48198771476745605,22.136066436767578,1.2626924514770508,0.7162995338439941,0.0,0.0,0.0,0.0,0.0,29.523393630981445,0.5,0.6173,0.0,0.1192,0.1382,0.125,0.3826,0.3826,0.2633,65.9,69.4,74.0,74.9,76.0,83.7,466118.1875,'BNSF RY & AMTRAK',null,null,POINT (-121.719017 38.000039)
HighwayBridge,CA007419,null,null,null,null,D,0,0,5.0,null,0.749864399433136,46.097896575927734,1.8606994152069092,1.3066445589065552,0.0,0.0,0.0,0.0,0.0,29.523393630981445,0.5,0.2629,0.0,0.1192,0.2037,0.414,0.737,0.737,0.6177,31.3,34.8,39.6,40.7,42.5,55.4,1462195.0,'SAN PABLO CREEK',null,null,POINT (-122.373558 37.96655)
HighwayBridge,CA007420,null,null,null,null,D,0,0,5.0,null,0.749864399433136,46.097896575927734,1.8606994152069092,1.3066445589065552,0.0,0.0,0.0,0.0,0.0,29.523393630981445,0.5,0.2212,0.0,0.111,0.2009,0.4667,0.7787,0.7787,0.6676,26.9,30.2,34.7,35.8,37.6,50.8,567748.6875,'WILD CAT CREEK',null,null,POINT (-122.373631 37.958008)
HighwayBridge,CA007421,null,null,null,null,D,0,0,5.0,null,0.749864399433136,46.097896575927734,1.8606994152069092,1.3066445589065552,0.0,0.0,0.0,0.0,0.0,29.523393630981445,0.5,0.2212,0.0,0.111,0.2009,0.4667,0.7787,0.7787,0.6676,26.9,30.2,34.7,35.8,37.6,50.8,741621.75,'WILD CAT CREEK',null,null,POINT (-122.373372 37.958053)
HighwayBridge,CA007422,null,null,null,null,D,0,0,5.0,null,0.5087000131607056,21.449508666992188,1.2920339107513428,0.6475225687026978,0.0,0.0,0.0,0.0,0.0,29.523393630981445,0.5,0.3332,0.2482,0.1877,0.1588,0.0718,0.6667,0.4184,0.2306,58.0,69.7,77.0,78.2,79.4,87.7,260290.859375,'MARSH CREEK',null,null,POINT (-121.7095 37.934492)
HighwayBridge,CA007423,null,null,null,null,D,0,0,5.0,null,0.5464864373207092,34.432701110839844,1.442875862121582,1.193808674812317,0.0,0.0,0.0,0.0,0.0,29.523393630981445,0.5,0.1249,0.0,0.0736,0.1964,0.6048,0.875,0.875,0.8013,16.5,18.7,21.8,22.7,24.7,38.5,2573698.25,'CONTRA COSTA CANAL',null,null,POINT (-121.961558 38.025264)
HighwayBridge,CA007424,null,null,null,null,D,0,0,5.0,null,0.6755908727645874,27.87514305114746,1.6690680980682373,0.8013433814048767,0.0,0.0,0.0,0.0,0.0,29.523393630981445,0.5,0.4988,0.145,0.1055,0.1454,0.105,0.5011,0.356,0.2504,64.5,71.2,75.4,76.2,77.3,85.2,208968.96875,'CONTRA COSTA CANAL',null,null,POINT (-121.914519 38.012867)
HighwayBridge,CA007425,null,null,null,null,D,0,0,5.0,null,0.749864399433136,46.097896575927734,1.8606994152069092,1.3066445589065552,0.0,0.0,0.0,0.0,0.0,29.523393630981445,0.5,0.1994,0.0,0.1058,0.1977,0.4968,0.8005,0.8005,0.6946,24.7,27.8,32.1,33.2,35.0,48.2,3894191.75,'CASTRO ST',null,null,POINT (-122.368922 37.948533)
HighwayBridge,CA007426,null,null,null,null,D,0,0,5.0,null,0.8788691163063049,41.79709243774414,2.172231674194336,1.1168960332870483,0.0,0.0,0.0,0.0,0.0,29.523393630981445,0.5,0.289,0.1378,0.1206,0.2104,0.2419,0.7109,0.5731,0.4524,43.9,50.9,55.7,56.8,58.5,70.6,2774965.25,'GIANT HIGHWAY',null,null,POINT (-122.348889 37.981758)
HighwayBridge,CA007427,null,null,null,null,D,0,0,5.0,null,0.7110493183135986,38.343650817871094,1.7765729427337646,1.066614031791687,0.0,0.0,0.0,0.0,0.0,29.523393630981445,0.5,0.3403,0.0,0.1289,0.2006,0.33,0.6596,0.6596,0.5307,39.1,42.9,48.0,49.2,50.9,63.1,1977905.25,'CHEVRON RAILROAD TRACKS',null,null,POINT (-122.378558 37.937142)
HighwayBridge,CA007428,null,null,null,null,D,0,0,5.0,null,0.8788691163063049,41.79709243774414,2.172231674194336,1.1168960332870483,0.0,0.0,0.0,0.0,0.0,29.523393630981445,0.5,0.3594,0.0,0.1303,0.1986,0.3115,0.6405,0.6405,0.5101,41.0,44.8,50.0,51.2,52.8,64.8,3465167.5,'GIANT UP RR BNSF AMTRAK',null,null,POINT (-122.358803 37.976603)
HighwayBridge,CA007429,null,null,null,null,D,0,0,5.0,null,0.8788691163063049,41.79709243774414,2.172231674194336,1.1168960332870483,0.0,0.0,0.0,0.0,0.0,29.523393630981445,0.5,0.3594,0.0,0.1303,0.1986,0.3115,0.6405,0.6405,0.5101,41.0,44.8,50.0,51.2,52.8,64.8,3465167.5,'GIANT UP RR BNSF AMTRAK',null,null,POINT (-122.358831 37.976336)
HighwayBridge,CA007430,null,null,null,null,D,0,0,5.0,null,0.749864399433136,46.097896575927734,1.8606994152069092,1.3066445589065552,0.0,0.0,0.0,0.0,0.0,29.523393630981445,0.5,0.2067,0.02,0.1011,0.2257,0.4463,0.7932,0.7731,0.672,26.8,30.3,34.4,35.5,37.5,51.7,349118.28125,'PARKWAY WETLANDS',null,null,POINT (-122.369289 37.972606)
HighwayBridge,CA007431,null,null,null,null,D,0,0,5.0,null,0.6251155734062195,26.522377014160156,1.5736724138259888,0.792631983757019,0.0,0.0,0.0,0.0,0.0,29.523393630981445,0.5,0.5061,0.1352,0.1059,0.1464,0.1062,0.4938,0.3586,0.2526,64.5,71.0,75.2,76.0,77.1,85.1,194574.765625,'WEST ANTIOCH CREEK',null,null,POINT (-121.826017 38.015456)
HighwayBridge,CA007432,null,null,null,null,D,0,0,5.0,null,0.5609395503997803,35.603309631347656,1.4739805459976196,1.2252141237258911,0.0,0.0,0.0,0.0,0.0,29.523393630981445,0.5,0.2387,0.1287,0.1186,0.2212,0.2925,0.7612,0.6325,0.5138,38.3,45.0,49.8,50.9,52.7,65.7,418786.53125,'CONTRA COSTA CANAL',null,null,POINT (-121.978911 38.0334)
HighwayBridge,CA007433,null,null,null,null,D,0,0,5.0,null,0.5464864373207092,34.432701110839844,1.442875862121582,1.193808674812317,0.0,0.0,0.0,0.0,0.0,29.523393630981445,0.5,0.2523,0.1098,0.1183,0.2219,0.2974,0.7476,0.6377,0.5194,38.2,44.5,49.2,50.4,52.2,65.2,350415.90625,'CONTRA COSTA CANAL',null,null,POINT (-121.972531 38.029025)
HighwayBridge,CA007434,null,null,null,null,D,0,0,5.0,null,0.5464864373207092,34.432701110839844,1.442875862121582,1.193808674812317,0.0,0.0,0.0,0.0,0.0,29.523393630981445,0.5,0.2523,0.1315,0.1195,0.2186,0.2778,0.7476,0.616,0.4965,39.8,46.7,51.5,52.6,54.3,67.1,208363.1875,'CONTRA COSTA CANAL',null,null,POINT (-121.967439 38.027833)
HighwayBridge,CA007435,null,null,null,null,D,0,0,5.0,null,0.5186741352081299,20.313316345214844,1.2736611366271973,0.5701636075973511,0.0,0.0,0.0,0.0,0.0,29.523393630981445,0.5,0.7137,0.103,0.0694,0.0767,0.0369,0.2862,0.1831,0.1136,81.4,86.0,88.7,89.2,89.8,93.8,24071.9765625,'BRUSHY CREEK',null,null,POINT (-121.629353 37.838308)
HighwayBridge,CA007436,null,null,null,null,D,0,0,5.0,null,0.757707417011261,32.710296630859375,1.885928750038147,0.9279577136039734,0.0,0.0,0.0,0.0,0.0,29.523393630981445,0.5,0.4023,0.1472,0.1162,0.1776,0.1564,0.5976,0.4504,0.3341,55.5,62.6,67.2,68.2,69.6,79.5,98498.0078125,'CONTRA COSTA CANAL',null,null,POINT (-122.017836 37.978572)
HighwayBridge,CA007437,null,null,null,null,D,0,0,5.0,null,0.45473164319992065,21.265270233154297,1.1963077783584595,0.6883038878440857,0.0,0.0,0.0,0.0,0.0,29.523393630981445,0.5,0.6725,0.0,0.1101,0.1201,0.097,0.3274,0.3274,0.2172,71.0,74.2,78.5,79.3,80.3,86.9,1010601.0625,'DUTCH SLOUGH',null,null,POINT (-121.641094 38.010633)
HighwayBridge,CA007438,null,null,null,null,D,0,0,5.0,null,0.749864399433136,46.097896575927734,1.8606994152069092,1.3066445589065552,0.0,0.0,0.0,0.0,0.0,29.523393630981445,0.5,0.2067,0.121,0.1156,0.2259,0.3305,0.7932,0.6721,0.5564,34.5,41.0,45.6,46.8,48.6,62.1,1049548.125,'SAN PABLO CREEK',null,null,POINT (-122.354678 37.963919)
HighwayBridge,CA007439,null,null,null,null,D,0,0,5.0,null,0.9031084179878235,42.27840042114258,2.22752046585083,1.1406011581420898,0.0,0.0,0.0,0.0,0.0,29.523393630981445,0.5,0.2772,0.136,0.1204,0.2132,0.2529,0.7227,0.5867,0.4662,42.6,49.6,54.4,55.5,57.2,69.5,96338.9765625,'SAN PABLO CREEK',null,null,POINT (-122.320553 37.965742)
HighwayBridge,CA007440,null,null,null,null,D,0,0,5.0,null,0.749864399433136,46.097896575927734,1.8606994152069092,1.3066445589065552,0.0,0.0,0.0,0.0,0.0,29.523393630981445,0.5,0.2067,0.0845,0.1116,0.2281,0.3688,0.7932,0.7086,0.597,31.7,37.2,41.7,42.8,44.7,58.6,309339.09375,'WILDCAT CREEK',null,null,POINT (-122.343697 37.959197)
HighwayBridge,CA007441,null,null,null,null,D,0,0,5.0,null,0.5723602175712585,23.94725227355957,1.4608070850372314,0.7298760414123535,0.0,0.0,0.0,0.0,0.0,29.523393630981445,0.5,0.5607,0.1393,0.0962,0.1242,0.0793,0.4392,0.2998,0.2036,69.9,76.2,79.9,80.7,81.6,88.3,128622.5703125,'CONTRA COSTA CANAL',null,null,POINT (-121.798114 37.984117)
HighwayBridge,CA007442,null,null,null,null,D,0,0,5.0,null,0.9184597134590149,40.32273483276367,2.2173798084259033,1.0956919193267822,0.0,0.0,0.0,0.0,0.0,29.523393630981445,0.5,0.3,0.1389,0.1207,0.2078,0.2324,0.6999,0.5609,0.4402,45.1,52.1,56.9,58.0,59.7,71.6,184615.5625,'QUERCUS CREEK',null,null,POINT (-122.192856 37.865486)
HighwayBridge,CA007443,null,null,null,null,D,0,0,5.0,null,0.638185977935791,24.228071212768555,1.5519578456878662,0.6617599725723267,0.0,0.0,0.0,0.0,0.0,29.523393630981445,0.5,0.624,0.1302,0.085,0.1026,0.0579,0.3759,0.2456,0.1606,75.1,80.8,84.1,84.8,85.5,91.0,11550.841796875,'BRIONES VALLEY CREEK',null,null,POINT (-121.814733 37.909806)
HighwayBridge,CA007444,null,null,null,null,D,0,0,5.0,null,0.6251155734062195,26.522377014160156,1.5736724138259888,0.792631983757019,0.0,0.0,0.0,0.0,0.0,29.523393630981445,0.5,0.5061,0.1445,0.1045,0.1429,0.1017,0.4938,0.3492,0.2447,65.1,71.8,75.9,76.8,77.8,85.6,66389.265625,'KIRKER CREEK',null,null,POINT (-121.869567 38.018247)
HighwayBridge,CA007445,null,null,null,null,D,0,0,5.0,null,0.6251155734062195,26.522377014160156,1.5736724138259888,0.792631983757019,0.0,0.0,0.0,0.0,0.0,29.523393630981445,0.5,0.5061,0.1445,0.1045,0.1429,0.1017,0.4938,0.3492,0.2447,65.1,71.8,75.9,76.8,77.8,85.6,40513.5859375,'KIRKER CREEK',null,null,POINT (-121.868981 38.018125)
HighwayBridge,CA007446,null,null,null,null,D,0,0,5.0,null,0.8251066207885742,35.32096862792969,1.9869507551193237,0.9730531573295593,0.0,0.0,0.0,0.0,0.0,29.523393630981445,0.5,0.4482,0.0,0.1327,0.1836,0.2353,0.5517,0.5517,0.419,49.8,53.6,58.9,60.0,61.5,72.2,176228.9375,'SAN PABLO CREEK',null,null,POINT (-122.202217 37.893675)
HighwayBridge,CA007447,null,null,null,null,D,0,0,5.0,null,0.5723602175712585,23.94725227355957,1.4608070850372314,0.7298760414123535,0.0,0.0,0.0,0.0,0.0,29.523393630981445,0.5,0.5607,0.1393,0.0962,0.1242,0.0793,0.4392,0.2998,0.2036,69.9,76.2,79.9,80.7,81.6,88.3,302360.53125,'CONTRA COSTA CANAL',null,null,POINT (-121.785353 37.984719)
HighwayBridge,CA007448,null,null,null,null,D,0,0,5.0,null,0.5723602175712585,23.94725227355957,1.4608070850372314,0.7298760414123535,0.0,0.0,0.0,0.0,0.0,29.523393630981445,0.5,0.5607,0.1393,0.0962,0.1242,0.0793,0.4392,0.2998,0.2036,69.9,76.2,79.9,80.7,81.6,88.3,299628.65625,'CONTRA COSTA CANAL',null,null,POINT (-121.79025 37.984081)
HighwayBridge,CA007449,null,null,null,null,D,0,0,5.0,null,0.7898257374763489,39.4677848815918,1.9969159364700317,1.18094003200531,0.0,0.0,0.0,0.0,0.0,29.523393630981445,0.5,0.2032,0.0,0.0961,0.2222,0.4783,0.7967,0.7967,0.7006,24.8,27.7,31.6,32.7,34.7,49.0,310119.125,'SAN RAMON VALLEY BLVD',null,null,POINT (-121.95415 37.734644)
HighwayBridge,CA007450,null,null,null,null,D,0,0,5.0,null,0.5723602175712585,23.94725227355957,1.4608070850372314,0.7298760414123535,0.0,0.0,0.0,0.0,0.0,29.523393630981445,0.5,0.5607,0.1393,0.0962,0.1242,0.0793,0.4392,0.2998,0.2036,69.9,76.2,79.9,80.7,81.6,88.3,87366.2734375,'CONTRA COSTA CANAL',null,null,POINT (-121.820461 37.979819)
HighwayBridge,CA007451,null,null,null,null,D,0,0,5.0,null,0.7378730773925781,30.089466094970703,1.773664951324463,0.8500643372535706,0.0,0.0,0.0,0.0,0.0,29.523393630981445,0.5,0.4597,0.1469,0.1105,0.1587,0.124,0.5402,0.3932,0.2827,61.0,67.9,72.2,73.1,74.3,83.1,1446902.75,'WEST BRANCH ALAMO CREEK',null,null,POINT (-121.920167 37.7575)
HighwayBridge,CA007452,null,null,null,null,D,0,0,5.0,null,0.7378730773925781,30.089466094970703,1.773664951324463,0.8500643372535706,0.0,0.0,0.0,0.0,0.0,29.523393630981445,0.5,0.4597,0.1469,0.1105,0.1587,0.124,0.5402,0.3932,0.2827,61.0,67.9,72.2,73.1,74.3,83.1,1446902.75,'WEST BRANCH ALAMO CREEK',null,null,POINT (-121.920678 37.760058)
HighwayBridge,CA007453,null,null,null,null,D,0,0,5.0,null,0.6755908727645874,27.87514305114746,1.6690680980682373,0.8013433814048767,0.0,0.0,0.0,0.0,0.0,29.523393630981445,0.5,0.4988,0.145,0.1055,0.1454,0.105,0.5011,0.356,0.2504,64.5,71.2,75.4,76.2,77.3,85.2,373384.65625,'CONTRA COSTA CANAL',null,null,POINT (-121.901733 38.008031)
HighwayBridge,CA007454,null,null,null,null,D,0,0,5.0,null,0.8422075510025024,34.97383499145508,2.006373882293701,0.966799795627594,0.0,0.0,0.0,0.0,0.0,29.523393630981445,0.5,0.3761,0.1462,0.1181,0.1859,0.1734,0.6238,0.4775,0.3593,53.0,60.1,64.8,65.8,67.2,77.6,248997.5,'MORAGA CREEK',null,null,POINT (-122.132242 37.825708)
HighwayBridge,CA007455,null,null,null,null,D,0,0,5.0,null,0.8898106217384338,37.46025848388672,2.213346004486084,1.064721703529358,0.0,0.0,0.0,0.0,0.0,29.523393630981445,0.5,0.1695,0.2201,0.1319,0.1944,0.2839,0.8304,0.6103,0.4783,38.5,47.9,53.1,54.2,55.8,67.4,198359.109375,'WALNUT CREEK',null,null,POINT (-122.059358 37.898422)
HighwayBridge,CA007456,null,null,null,null,D,0,0,5.0,null,0.8898106217384338,37.46025848388672,2.213346004486084,1.064721703529358,0.0,0.0,0.0,0.0,0.0,29.523393630981445,0.5,0.3168,0.1414,0.1206,0.2032,0.2177,0.6831,0.5416,0.4209,46.9,54.0,58.8,59.9,61.5,73.0,205511.71875,'LAS TRAMPAS CREEK',null,null,POINT (-122.059492 37.897472)
HighwayBridge,CA007457,null,null,null,null,D,0,0,5.0,null,0.8898106217384338,37.46025848388672,2.213346004486084,1.064721703529358,0.0,0.0,0.0,0.0,0.0,29.523393630981445,0.5,0.3168,0.1414,0.1206,0.2032,0.2177,0.6831,0.5416,0.4209,46.9,54.0,58.8,59.9,61.5,73.0,214713.75,'SAN RAMON CREEK',null,null,POINT (-122.058683 37.897728)
HighwayBridge,CA007458,null,null,null,null,D,0,0,5.0,null,0.8164545893669128,37.333194732666016,2.0122029781341553,1.001726508140564,0.0,0.0,0.0,0.0,0.0,29.523393630981445,0.5,0.3539,0.1449,0.1194,0.1926,0.189,0.646,0.5011,0.3817,50.7,57.9,62.6,63.7,65.2,76.0,128894.1953125,'PINOLE CREEK',null,null,POINT (-122.288222 37.999089)
HighwayBridge,CA025691,null,null,null,null,D,0,0,5.0,null,0.5796589851379395,37.648345947265625,1.4969432353973389,1.2751612663269043,0.0,0.0,0.0,0.0,0.0,29.523393630981445,0.5,0.0079,0.0471,0.0428,0.1704,0.7316,0.992,0.9449,0.9021,7.5,10.1,12.0,12.8,14.7,28.1,2263667.25,'COUNTY RD & RR',null,null,POINT (-122.0313 38.044631)
HighwayBridge,CA025692,null,null,null,null,D,0,0,5.0,null,0.5609395503997803,35.603309631347656,1.4739805459976196,1.2252141237258911,0.0,0.0,0.0,0.0,0.0,29.523393630981445,0.5,0.2387,0.1287,0.1186,0.2212,0.2925,0.7612,0.6325,0.5138,38.3,45.0,49.8,50.9,52.7,65.7,114721.4140625,'BELLOMA SLOUGH',null,null,POINT (-122.0197 38.056981)
HighwayBridge,CA025693,null,null,null,null,D,0,0,5.0,null,0.5609395503997803,35.603309631347656,1.4739805459976196,1.2252141237258911,0.0,0.0,0.0,0.0,0.0,29.523393630981445,0.5,0.2387,0.1148,0.1177,0.2231,0.3055,0.7612,0.6464,0.5286,37.3,43.6,48.3,49.5,51.3,64.4,123301.34375,'CUNNINHAM SLOUGH',null,null,POINT (-122.016 38.05635)
HighwayBridge,CA025694,null,null,null,null,D,0,0,5.0,null,0.5609395503997803,35.603309631347656,1.4739805459976196,1.2252141237258911,0.0,0.0,0.0,0.0,0.0,29.523393630981445,0.5,0.2387,0.1287,0.1186,0.2212,0.2925,0.7612,0.6325,0.5138,38.3,45.0,49.8,50.9,52.7,65.7,163233.953125,'CUNNINGHAM SLOUGH',null,null,POINT (-122.0016 38.053119)
HighwayBridge,CA025695,null,null,null,null,D,0,0,5.0,null,0.5796589851379395,37.648345947265625,1.4969432353973389,1.2751612663269043,0.0,0.0,0.0,0.0,0.0,29.523393630981445,0.5,0.2185,0.1241,0.1169,0.2244,0.3158,0.7814,0.6573,0.5403,35.9,42.5,47.2,48.3,50.2,63.5,123340.328125,'SLOUGH',null,null,POINT (-122.049369 38.040611)
HighwayBridge,CA025696,null,null,null,null,D,0,0,5.0,null,0.5609395503997803,35.603309631347656,1.4739805459976196,1.2252141237258911,0.0,0.0,0.0,0.0,0.0,29.523393630981445,0.5,0.0676,0.1711,0.1899,0.2787,0.2925,0.9323,0.7612,0.5712,26.6,36.5,44.0,45.6,47.8,63.6,398501.6875,'CONTRA COSTA CANAL',null,null,POINT (-121.98785 38.036089)
HighwayTunnel,CA000012,null,null,null,null,D,0,0,5.0,null,0.9184597134590149,40.32273483276367,2.2173798084259033,1.0956919193267822,0.0,0.0,0.0,0.0,0.0,29.523393630981445,0.5,0.1554,0.1699,0.6745,0.0,0.0,0.8445,0.6746,0.0,99.9,99.9,99.9,99.9,99.9,99.9,6964301.0,CALDECOTT TUNNEL (BORE 1) EASTBOUND,null,null,POINT (-122.212658 37.85758)
HighwayTunnel,CA000013,null,null,null,null,D,0,0,5.0,null,0.9184597134590149,40.32273483276367,2.2173798084259033,1.0956919193267822,0.0,0.0,0.0,0.0,0.0,29.523393630981445,0.5,0.1554,0.1699,0.6745,0.0,0.0,0.8445,0.6746,0.0,99.9,99.9,99.9,99.9,99.9,99.9,6486729.5,CALDECOTT TUNNEL (BORE 2) EASTBOUND,null,null,POINT (-122.212774 37.857589)
HighwayTunnel,CA000054,null,null,null,null,D,0,0,5.0,null,0.5792174935340881,20.72205352783203,1.1552671194076538,0.4569005072116852,0.0,0.0,0.0,0.0,0.0,29.523393630981445,0.5,0.4031,0.2206,0.3761,0.0,0.0,0.5968,0.3761,0.0,99.9,99.9,99.9,99.9,99.9,99.9,1028199.0,DORNAN DRIVE TUNNEL,null,null,POINT (-122.38505 37.92219)
HighwayTunnel,CA000100,null,null,null,null,D,0,0,5.0,null,0.757707417011261,32.710296630859375,1.885928750038147,0.9279577136039734,0.0,0.0,0.0,0.0,0.0,29.523393630981445,0.5,0.2442,0.2032,0.5525,0.0,0.0,0.7557,0.5525,0.0,99.9,99.9,99.9,99.9,99.9,99.9,1459413.0,Bay Point L&R Tunnel,null,null,POINT (-122.006278 38.012935)
HighwayTunnel,CA000101,null,null,null,null,D,0,0,5.0,null,0.757707417011261,32.710296630859375,1.885928750038147,0.9279577136039734,0.0,0.0,0.0,0.0,0.0,29.523393630981445,0.5,0.2442,0.2032,0.5525,0.0,0.0,0.7557,0.5525,0.0,99.9,99.9,99.9,99.9,99.9,99.9,1427926.125,Bay Point L&R Tunnel,null,null,POINT (-122.00645 38.012876)
LightRailBridge,CA000001,null,null,null,null,D,0,0,5.0,null,0.8898106217384338,37.46025848388672,2.213346004486084,1.064721703529358,0.0,0.0,0.0,0.0,0.0,29.523393630981445,0.5,0.3168,0.1414,0.1206,0.2032,0.2177,0.6831,0.5416,0.4209,46.9,54.0,58.8,59.9,61.5,73.0,103964.703125,INTERSTATE 680,null,null,POINT (-122.07 37.9)
LightRailBridge,CA000002,null,null,null,null,D,0,0,5.0,null,0.8898106217384338,37.46025848388672,2.213346004486084,1.064721703529358,0.0,0.0,0.0,0.0,0.0,29.523393630981445,0.5,0.3168,0.1414,0.1206,0.2032,0.2177,0.6831,0.5416,0.4209,46.9,54.0,58.8,59.9,61.5,73.0,103964.703125,INTERSTATE 680,null,null,POINT (-122.07 37.9)
LightRailBridge,CA000003,null,null,null,null,D,0,0,5.0,null,0.9031084179878235,42.27840042114258,2.22752046585083,1.1406011581420898,0.0,0.0,0.0,0.0,0.0,29.523393630981445,0.5,0.2772,0.136,0.1204,0.2132,0.2529,0.7227,0.5867,0.4662,42.6,49.6,54.4,55.5,57.2,69.5,26047.236328125,SAN PABLO AVE,null,null,POINT (-122.32 37.93)
LightRailBridge,CA000004,null,null,null,null,D,0,0,5.0,null,0.749864399433136,46.097896575927734,1.8606994152069092,1.3066445589065552,0.0,0.0,0.0,0.0,0.0,29.523393630981445,0.5,0.2067,0.1211,0.1156,0.2259,0.3304,0.7932,0.6721,0.5564,34.5,41.0,45.6,46.8,48.6,62.1,87738.4453125,23RD ST,null,null,POINT (-122.34667 37.93167)
LightRailBridge,CA000005,null,null,null,null,D,0,0,5.0,null,0.8251066207885742,35.32096862792969,1.9869507551193237,0.9730531573295593,0.0,0.0,0.0,0.0,0.0,29.523393630981445,0.5,0.372,0.146,0.1184,0.1871,0.1762,0.6279,0.4818,0.3633,52.6,59.7,64.4,65.4,66.9,77.3,23474.29296875,ORINDA STA. - BART,null,null,POINT (-122.18389 37.87889)
LightRailBridge,CA000006,null,null,null,null,D,0,0,5.0,null,0.749864399433136,46.097896575927734,1.8606994152069092,1.3066445589065552,0.0,0.0,0.0,0.0,0.0,29.523393630981445,0.5,0.2067,0.1211,0.1156,0.2259,0.3304,0.7932,0.6721,0.5564,34.5,41.0,45.6,46.8,48.6,62.1,42454.0859375,BARRETT AVE,null,null,POINT (-122.35333 37.93833)
LightRailBridge,CA000007,null,null,null,null,D,0,0,5.0,null,0.749864399433136,46.097896575927734,1.8606994152069092,1.3066445589065552,0.0,0.0,0.0,0.0,0.0,29.523393630981445,0.5,0.2067,0.1211,0.1156,0.2259,0.3304,0.7932,0.6721,0.5564,34.5,41.0,45.6,46.8,48.6,62.1,42454.0859375,BARRETT AVE,null,null,POINT (-122.35333 37.93833)
LightRailBridge,CA000008,null,null,null,null,D,0,0,5.0,null,0.8898106217384338,37.46025848388672,2.213346004486084,1.064721703529358,0.0,0.0,0.0,0.0,0.0,29.523393630981445,0.5,0.3168,0.1414,0.1206,0.2032,0.2177,0.6831,0.5416,0.4209,46.9,54.0,58.8,59.9,61.5,73.0,36987.44140625,NORTH CALIFORNIA B,null,null,POINT (-122.065 37.91167)
LightRailBridge,CA000009,null,null,null,null,D,0,0,5.0,null,0.7864630818367004,46.78706359863281,1.958044171333313,1.3109819889068604,0.0,0.0,0.0,0.0,0.0,29.523393630981445,0.5,0.2051,0.1206,0.1155,0.2261,0.3324,0.7948,0.6741,0.5586,34.3,40.8,45.4,46.6,48.4,61.9,52625.5390625,BARTD,null,null,POINT (-122.29667 37.90167)
LightRailBridge,CA000010,null,null,null,null,D,0,0,5.0,null,0.7864630818367004,46.78706359863281,1.958044171333313,1.3109819889068604,0.0,0.0,0.0,0.0,0.0,29.523393630981445,0.5,0.2051,0.1206,0.1155,0.2261,0.3324,0.7948,0.6741,0.5586,34.3,40.8,45.4,46.6,48.4,61.9,35557.796875,CENTRAL AVE,null,null,POINT (-122.29833 37.90333)
LightRailBridge,CA000011,null,null,null,null,D,0,0,5.0,null,0.7864630818367004,46.78706359863281,1.958044171333313,1.3109819889068604,0.0,0.0,0.0,0.0,0.0,29.523393630981445,0.5,0.2051,0.1206,0.1155,0.2261,0.3324,0.7948,0.6741,0.5586,34.3,40.8,45.4,46.6,48.4,61.9,35557.796875,STOCKTON AVE,null,null,POINT (-122.30333 37.90833)
LightRailBridge,CA000012,null,null,null,null,D,0,0,5.0,null,0.7864630818367004,46.78706359863281,1.958044171333313,1.3109819889068604,0.0,0.0,0.0,0.0,0.0,29.523393630981445,0.5,0.2051,0.1206,0.1155,0.2261,0.3324,0.7948,0.6741,0.5586,34.3,40.8,45.4,46.6,48.4,61.9,35557.796875,MOESER LN,null,null,POINT (-122.305 37.91167)
LightRailBridge,CA000013,null,null,null,null,D,0,0,5.0,null,0.7864630818367004,46.78706359863281,1.958044171333313,1.3109819889068604,0.0,0.0,0.0,0.0,0.0,29.523393630981445,0.5,0.2051,0.1206,0.1155,0.2261,0.3324,0.7948,0.6741,0.5586,34.3,40.8,45.4,46.6,48.4,61.9,36980.10546875,MANILA AVE,null,null,POINT (-122.30833 37.91667)
LightRailBridge,CA000014,null,null,null,null,D,0,0,5.0,null,0.7864630818367004,46.78706359863281,1.958044171333313,1.3109819889068604,0.0,0.0,0.0,0.0,0.0,29.523393630981445,0.5,0.2051,0.1206,0.1155,0.2261,0.3324,0.7948,0.6741,0.5586,34.3,40.8,45.4,46.6,48.4,61.9,36980.10546875,POTRERO AVE,null,null,POINT (-122.31167 37.92167)
LightRailBridge,CA000015,null,null,null,null,D,0,0,5.0,null,0.7864630818367004,46.78706359863281,1.958044171333313,1.3109819889068604,0.0,0.0,0.0,0.0,0.0,29.523393630981445,0.5,0.2051,0.1206,0.1155,0.2261,0.3324,0.7948,0.6741,0.5586,34.3,40.8,45.4,46.6,48.4,61.9,35557.796875,HILL ST,null,null,POINT (-122.315 37.925)
LightRailBridge,CA000016,null,null,null,null,D,0,0,5.0,null,0.749864399433136,46.097896575927734,1.8606994152069092,1.3066445589065552,0.0,0.0,0.0,0.0,0.0,29.523393630981445,0.5,0.2067,0.1211,0.1156,0.2259,0.3304,0.7932,0.6721,0.5564,34.5,41.0,45.6,46.8,48.6,62.1,35378.40625,37TH ST,null,null,POINT (-122.335 37.93167)
LightRailBridge,CA000017,null,null,null,null,D,0,0,5.0,null,0.749864399433136,46.097896575927734,1.8606994152069092,1.3066445589065552,0.0,0.0,0.0,0.0,0.0,29.523393630981445,0.5,0.2067,0.1211,0.1156,0.2259,0.3304,0.7932,0.6721,0.5564,34.5,41.0,45.6,46.8,48.6,62.1,35378.40625,37TH ST,null,null,POINT (-122.335 37.93167)
LightRailBridge,CA000018,null,null,null,null,D,0,0,5.0,null,0.749864399433136,46.097896575927734,1.8606994152069092,1.3066445589065552,0.0,0.0,0.0,0.0,0.0,29.523393630981445,0.5,0.2067,0.1211,0.1156,0.2259,0.3304,0.7932,0.6721,0.5564,34.5,41.0,45.6,46.8,48.6,62.1,29717.859375,MACDONALD AVE,null,null,POINT (-122.35167 37.93667)
LightRailBridge,CA000019,null,null,null,null,D,0,0,5.0,null,0.749864399433136,46.097896575927734,1.8606994152069092,1.3066445589065552,0.0,0.0,0.0,0.0,0.0,29.523393630981445,0.5,0.2067,0.1211,0.1156,0.2259,0.3304,0.7932,0.6721,0.5564,34.5,41.0,45.6,46.8,48.6,62.1,45284.359375,MACDONALD AVE,null,null,POINT (-122.35167 37.93667)
LightRailBridge,CA000020,null,null,null,null,D,0,0,5.0,null,0.749864399433136,46.097896575927734,1.8606994152069092,1.3066445589065552,0.0,0.0,0.0,0.0,0.0,29.523393630981445,0.5,0.2067,0.1211,0.1156,0.2259,0.3304,0.7932,0.6721,0.5564,34.5,41.0,45.6,46.8,48.6,62.1,45284.359375,MACDONALD AVE,null,null,POINT (-122.35167 37.93667)
LightRailBridge,CA000021,null,null,null,null,D,0,0,5.0,null,0.8898106217384338,37.46025848388672,2.213346004486084,1.064721703529358,0.0,0.0,0.0,0.0,0.0,29.523393630981445,0.5,0.3168,0.1414,0.1206,0.2032,0.2177,0.6831,0.5416,0.4209,46.9,54.0,58.8,59.9,61.5,73.0,39986.421875,OAKLAND BLVD,null,null,POINT (-122.06833 37.90167)
LightRailBridge,CA000022,null,null,null,null,D,0,0,5.0,null,0.8898106217384338,37.46025848388672,2.213346004486084,1.064721703529358,0.0,0.0,0.0,0.0,0.0,29.523393630981445,0.5,0.3168,0.1414,0.1206,0.2032,0.2177,0.6831,0.5416,0.4209,46.9,54.0,58.8,59.9,61.5,73.0,28990.158203125,PARKSIDE ROAD,null,null,POINT (-122.065 37.91167)
LightRailBridge,CA000023,null,null,null,null,D,0,0,5.0,null,0.8015768527984619,43.14873504638672,1.9964525699615479,1.3447792530059814,0.0,0.0,0.0,0.0,0.0,29.523393630981445,0.5,0.1933,0.1174,0.1139,0.2272,0.348,0.8066,0.6892,0.5752,32.9,39.2,43.8,44.9,46.8,60.5,72408.09375,TREAT BLVD,null,null,POINT (-122.05833 37.92667)
LightRailBridge,CA000024,null,null,null,null,D,0,0,5.0,null,0.8015768527984619,43.14873504638672,1.9964525699615479,1.3447792530059814,0.0,0.0,0.0,0.0,0.0,29.523393630981445,0.5,0.1933,0.1174,0.1139,0.2272,0.348,0.8066,0.6892,0.5752,32.9,39.2,43.8,44.9,46.8,60.5,38420.625,BANCROFT ROAD,null,null,POINT (-122.04667 37.93333)
LightRailBridge,CA000029,null,null,null,null,D,0,0,5.0,null,0.8015768527984619,43.14873504638672,1.9964525699615479,1.3447792530059814,0.0,0.0,0.0,0.0,0.0,29.523393630981445,0.5,0.1933,0.1174,0.1139,0.2272,0.348,0.8066,0.6892,0.5752,32.9,39.2,43.8,44.9,46.8,60.5,38420.625,OAK GROVE ROAD,null,null,POINT (-122.02833 37.94167)
LightRailBridge,CA000030,null,null,null,null,D,0,0,5.0,null,0.8015768527984619,43.14873504638672,1.9964525699615479,1.3447792530059814,0.0,0.0,0.0,0.0,0.0,29.523393630981445,0.5,0.1933,0.1174,0.1139,0.2272,0.348,0.8066,0.6892,0.5752,32.9,39.2,43.8,44.9,46.8,60.5,39898.34375,COWELL ROAD,null,null,POINT (-122.03 37.96833)
LightRailFlty,CA000075,FALSE,0,DFLT,LC,D,0,0,5.0,null,0.7064809203147888,26.04608726501465,1.6615453958511353,0.6866979598999023,0.0,0.0,0.0,0.0,0.0,29.523393630981445,0.5,0.0026,0.2056,0.2865,0.2806,0.2245,0.9973,0.7917,0.5052,38.4,52.2,57.5,58.9,62.7,78.5,3335439.5,Pittsburg/Bay Point,PITTSBURG,CA,POINT (-121.944398 38.018917)
LightRailFlty,CA000402,FALSE,0,DFLT,LC,D,0,0,5.0,null,0.6251155734062195,26.522377014160156,1.5736724138259888,0.792631983757019,0.0,0.0,0.0,0.0,0.0,29.523393630981445,0.5,0.0044,0.2573,0.3024,0.26,0.1757,0.9955,0.7382,0.4357,43.4,58.0,63.5,64.8,68.1,82.3,3028526.75,Pittsburg Center,PITTSBURG,CA,POINT (-121.867902 38.01201)
LightRailFlty,CA000403,FALSE,0,DFLT,LC,D,0,0,5.0,null,0.5723602175712585,23.94725227355957,1.4608070850372314,0.7298760414123535,0.0,0.0,0.0,0.0,0.0,29.523393630981445,0.5,0.0063,0.298,0.3087,0.2417,0.1451,0.9936,0.6956,0.3868,47.3,62.1,67.6,68.8,71.9,84.8,2807835.5,Antioch,ANTIOCH,CA,POINT (-121.799797 37.998156)
OilFlty,CA000013,FALSE,null,DFLT,LC,D,0,0,5.0,null,0.7110493183135986,38.343650817871094,1.7765729427337646,1.066614031791687,0.0,0.0,0.0,0.0,0.0,29.523393630981445,0.5,0.0047,0.0704,0.3134,0.4187,0.1927,0.9952,0.9248,0.6114,18.9,25.6,34.3,49.2,65.5,92.7,58345.1015625,CHEVRON PRODUCTS COMPANY RICHMOND REFINE,RICHMOND,CA,POINT (-122.40825 37.95587)
OilFlty,CA000014,FALSE,null,DFLT,LC,D,0,0,5.0,null,0.7110493183135986,38.343650817871094,1.7765729427337646,1.066614031791687,0.0,0.0,0.0,0.0,0.0,29.523393630981445,0.5,0.0047,0.0704,0.3134,0.4187,0.1927,0.9952,0.9248,0.6114,18.9,25.6,34.3,49.2,65.5,92.7,58345.1015625,CHEVRON RESEARCH COMPANY A DIVISION OF C,RICHMOND,CA,POINT (-122.38526 37.93001)
OilFlty,CA000017,FALSE,null,DFLT,LC,D,0,0,5.0,null,0.5464864373207092,34.432701110839844,1.442875862121582,1.193808674812317,0.0,0.0,0.0,0.0,0.0,29.523393630981445,0.5,0.0155,0.1431,0.4031,0.3366,0.1015,0.9844,0.8412,0.4381,23.8,34.0,44.3,61.2,76.3,96.0,43787.44140625,CRITERION CATALYST COMPANY LIMITED PARTN,PITTSBURG,CA,POINT (-121.94337 38.02688)
OilFlty,CA000039,FALSE,null,DFLT,LC,D,0,0,5.0,null,0.748308002948761,32.61968994140625,1.848130464553833,0.9351463913917542,0.0,0.0,0.0,0.0,0.0,29.523393630981445,0.5,0.0036,0.0601,0.2925,0.4286,0.2149,0.9963,0.9361,0.6436,18.2,24.2,32.6,46.9,63.3,91.9,61234.921875,HERCULES L.L.C. DBA NEW PACIFIC PROPERTI,HERCULES,CA,POINT (-122.26693 38.02716)
OilFlty,CA000043,FALSE,null,DFLT,LC,D,0,0,5.0,null,0.7638655304908752,29.48883819580078,1.8258516788482666,0.8384757041931152,0.0,0.0,0.0,0.0,0.0,29.523393630981445,0.5,0.0033,0.0563,0.284,0.432,0.2243,0.9966,0.9403,0.6563,17.9,23.7,32.0,46.0,62.5,91.5,62411.97265625,IT CORP BAKER FAC,MARTINEZ,CA,POINT (-122.07917 38.02167)
OilFlty,CA000063,FALSE,null,DFLT,LC,D,0,0,5.0,null,0.7638655304908752,29.48883819580078,1.8258516788482666,0.8384757041931152,0.0,0.0,0.0,0.0,0.0,29.523393630981445,0.5,0.0033,0.0563,0.284,0.432,0.2243,0.9966,0.9403,0.6563,17.9,23.7,32.0,46.0,62.5,91.5,62411.97265625,SHELL MARTINEZ REFINING COMPANY,MARTINEZ,CA,POINT (-122.11639 38.01944)
OilFlty,CA000068,FALSE,null,DFLT,LC,D,0,0,5.0,null,0.7730397582054138,31.891193389892578,1.8982447385787964,0.9033559560775757,0.0,0.0,0.0,0.0,0.0,29.523393630981445,0.5,0.0031,0.0541,0.279,0.4337,0.2298,0.9968,0.9426,0.6636,17.8,23.5,31.6,45.5,61.9,91.3,63079.8515625,TOSCO CORP AMORCO WHARF,MARTINEZ,CA,POINT (-122.1723 37.9807)
OilFlty,CA000075,FALSE,null,DFLT,LC,D,0,0,5.0,null,0.748308002948761,32.61968994140625,1.848130464553833,0.9351463913917542,0.0,0.0,0.0,0.0,0.0,29.523393630981445,0.5,0.0036,0.0601,0.2925,0.4286,0.2149,0.9963,0.9361,0.6436,18.2,24.2,32.6,46.9,63.3,91.9,61234.921875,TOSCO SAN FRANCISCO AREA REFINERY AT ROD,RODEO,CA,POINT (-122.2471 38.04054)
OilFlty,CA000076,FALSE,null,DFLT,LC,D,0,0,5.0,null,0.7645758986473083,33.19930648803711,1.8811763525009155,0.9333800673484802,0.0,0.0,0.0,0.0,0.0,29.523393630981445,0.5,0.0033,0.0561,0.2836,0.4321,0.2247,0.9966,0.9405,0.6568,17.9,23.7,32.0,46.0,62.4,91.5,62457.98828125,TOSCO SFAR CARBON PLANT,RODEO,CA,POINT (-122.23426 38.01221)
OilFlty,CA000077,FALSE,null,DFLT,LC,D,0,0,5.0,null,0.7748083472251892,35.31185531616211,1.9298560619354248,1.0328832864761353,0.0,0.0,0.0,0.0,0.0,29.523393630981445,0.5,0.0031,0.0537,0.2781,0.434,0.2309,0.9968,0.9431,0.6649,17.7,23.4,31.5,45.4,61.8,91.3,63212.6015625,ULTRAMAR INCORPORATED,MARTINEZ,CA,POINT (-122.0599 38.02109)
OilFlty,CA000082,FALSE,null,DFLT,LC,D,0,0,5.0,null,0.6000664234161377,40.070621490478516,1.5195895433425903,1.3292993307113647,0.0,0.0,0.0,0.0,0.0,29.523393630981445,0.5,0.0104,0.1135,0.3759,0.3706,0.1294,0.9895,0.876,0.5,21.8,30.7,40.5,56.9,72.6,95.0,48830.76171875,WICKLAND OIL MARTINEZ,MARTINEZ,CA,POINT (-122.09754 38.0267)
PortFlty,CA000218,FALSE,0,DFLT,LC,D,0,0,5.0,null,0.6039915680885315,23.53302764892578,1.3045061826705933,0.5420651435852051,0.0,0.0,0.0,0.0,0.0,29.523393630981445,0.5,0.005,0.2729,0.3054,0.2531,0.1633,0.9949,0.7219,0.4165,44.9,59.6,65.1,66.3,69.6,83.3,1963976.75,CHEVRON PRODUCTS CO RICHMOND POINT OR...,Richmond,CA,POINT (-122.42833 37.955556)
PortFlty,CA000219,FALSE,0,DFLT,LC,D,0,0,5.0,null,0.6039915680885315,23.53302764892578,1.3045061826705933,0.5420651435852051,0.0,0.0,0.0,0.0,0.0,29.523393630981445,0.5,0.005,0.2729,0.3054,0.2531,0.1633,0.9949,0.7219,0.4165,44.9,59.6,65.1,66.3,69.6,83.3,1963976.75,"PAKTANK CORP., TERMINAL NO. 4 WHARF",Richmond,CA,POINT (-122.42944 37.963056)
PortFlty,CA000304,FALSE,0,DFLT,LC,D,0,0,5.0,null,0.5792174935340881,20.72205352783203,1.1552671194076538,0.4569005072116852,0.0,0.0,0.0,0.0,0.0,29.523393630981445,0.5,0.006,0.2923,0.3081,0.2443,0.149,0.9939,0.7015,0.3933,46.8,61.6,67.1,68.3,71.4,84.4,1894143.75,INDEPENDENT RENDERERS WHALING STATION...,RICHMOND,CA,POINT (-122.394341 37.907848)
PortFlty,CA000305,FALSE,0,DFLT,LC,D,0,0,5.0,null,0.5792174935340881,20.72205352783203,1.1552671194076538,0.4569005072116852,0.0,0.0,0.0,0.0,0.0,29.523393630981445,0.5,0.006,0.2923,0.3081,0.2443,0.149,0.9939,0.7015,0.3933,46.8,61.6,67.1,68.3,71.4,84.4,1894143.75,FISHERIES MOORING DOCK - ROH,RICHMOND,CA,POINT (-122.394341 37.907848)
PortFlty,CA000306,FALSE,0,DFLT,LC,D,0,0,5.0,null,0.5792174935340881,20.72205352783203,1.1552671194076538,0.4569005072116852,0.0,0.0,0.0,0.0,0.0,29.523393630981445,0.5,0.006,0.2923,0.3081,0.2443,0.149,0.9939,0.7015,0.3933,46.8,61.6,67.1,68.3,71.4,84.4,1894143.75,CHEVRON PRODUCTS CO RICHMOND LONG WHARF,RICHMOND,CA,POINT (-122.41083 37.92194)
PortFlty,CA000307,FALSE,0,DFLT,LC,D,0,0,5.0,null,0.5792174935340881,20.72205352783203,1.1552671194076538,0.4569005072116852,0.0,0.0,0.0,0.0,0.0,29.523393630981445,0.5,0.006,0.2923,0.3081,0.2443,0.149,0.9939,0.7015,0.3933,46.8,61.6,67.1,68.3,71.4,84.4,1894143.75,"CHEVRON PRODUCTS CO., RICHMOND LONG W...",Richmond,CA,POINT (-122.41083 37.921944)
PortFlty,CA000308,FALSE,0,DFLT,LC,D,0,0,5.0,null,0.5792174935340881,20.72205352783203,1.1552671194076538,0.4569005072116852,0.0,0.0,0.0,0.0,0.0,29.523393630981445,0.5,0.006,0.2923,0.3081,0.2443,0.149,0.9939,0.7015,0.3933,46.8,61.6,67.1,68.3,71.4,84.4,1894143.75,"Chevron Products Co., Richmond Long W...",Richmond,CA,POINT (-122.40833 37.921667)
PortFlty,CA000309,FALSE,0,DFLT,LC,D,0,0,5.0,null,0.5792174935340881,20.72205352783203,1.1552671194076538,0.4569005072116852,0.0,0.0,0.0,0.0,0.0,29.523393630981445,0.5,0.006,0.2923,0.3081,0.2443,0.149,0.9939,0.7015,0.3933,46.8,61.6,67.1,68.3,71.4,84.4,1894143.75,PORT OF RICHMOND TERMINAL NO 1 WHARF,Richmond,CA,POINT (-122.38694 37.908333)
PortFlty,CA000310,FALSE,0,DFLT,LC,D,0,0,5.0,null,0.7087885737419128,28.83775520324707,1.5971506834030151,0.6852161288261414,0.0,0.0,0.0,0.0,0.0,29.523393630981445,0.5,0.0025,0.2043,0.286,0.2811,0.2259,0.9974,0.7931,0.5071,38.2,52.1,57.3,58.8,62.5,78.4,2232254.5,PORT OF RICHMOND POINT POTRERO MARINE...,Richmond,CA,POINT (-122.37305 37.905556)
PortFlty,CA000311,FALSE,0,DFLT,LC,D,0,0,5.0,null,0.7087885737419128,28.83775520324707,1.5971506834030151,0.6852161288261414,0.0,0.0,0.0,0.0,0.0,29.523393630981445,0.5,0.0025,0.2043,0.286,0.2811,0.2259,0.9974,0.7931,0.5071,38.2,52.1,57.3,58.8,62.5,78.4,2232254.5,PORT OF RICHMOND POINT POTRERO MARINE...,Richmond,CA,POINT (-122.37166 37.905)
PortFlty,CA000312,FALSE,0,DFLT,LC,D,0,0,5.0,null,0.7087885737419128,28.83775520324707,1.5971506834030151,0.6852161288261414,0.0,0.0,0.0,0.0,0.0,29.523393630981445,0.5,0.0025,0.2043,0.286,0.2811,0.2259,0.9974,0.7931,0.5071,38.2,52.1,57.3,58.8,62.5,78.4,2232254.5,PORT OF RICHMOND POINT POTRERO MARINE...,Richmond,CA,POINT (-122.36638 37.904722)
PortFlty,CA000313,FALSE,0,DFLT,LC,D,0,0,5.0,null,0.7087885737419128,28.83775520324707,1.5971506834030151,0.6852161288261414,0.0,0.0,0.0,0.0,0.0,29.523393630981445,0.5,0.0025,0.2043,0.286,0.2811,0.2259,0.9974,0.7931,0.5071,38.2,52.1,57.3,58.8,62.5,78.4,2232254.5,PORT OF RICHMOND POINT POTRERO MARINE...,Richmond,CA,POINT (-122.36416 37.905)
PortFlty,CA000314,FALSE,0,DFLT,LC,D,0,0,5.0,null,0.7087885737419128,28.83775520324707,1.5971506834030151,0.6852161288261414,0.0,0.0,0.0,0.0,0.0,29.523393630981445,0.5,0.0025,0.2043,0.286,0.2811,0.2259,0.9974,0.7931,0.5071,38.2,52.1,57.3,58.8,62.5,78.4,2232254.5,BP PRODUCTS NORTH AMERICA INC. RICHMO...,Richmond,CA,POINT (-122.36472 37.911944)
PortFlty,CA000315,FALSE,0,DFLT,LC,D,0,0,5.0,null,0.7087885737419128,28.83775520324707,1.5971506834030151,0.6852161288261414,0.0,0.0,0.0,0.0,0.0,29.523393630981445,0.5,0.0025,0.2043,0.286,0.2811,0.2259,0.9974,0.7931,0.5071,38.2,52.1,57.3,58.8,62.5,78.4,2232254.5,PASHA SERVICES (AUTOS) TERMINAL NO. 7,Richmond,CA,POINT (-122.36388 37.9075)
PortFlty,CA000316,FALSE,0,DFLT,LC,D,0,0,5.0,null,0.7087885737419128,28.83775520324707,1.5971506834030151,0.6852161288261414,0.0,0.0,0.0,0.0,0.0,29.523393630981445,0.5,0.0025,0.2043,0.286,0.2811,0.2259,0.9974,0.7931,0.5071,38.2,52.1,57.3,58.8,62.5,78.4,2232254.5,RED AND WHITE FLEET RICHMOND FERRY DOCK,Richmond,CA,POINT (-122.36 37.909444)
PortFlty,CA000317,FALSE,0,DFLT,LC,D,0,0,5.0,null,0.5792174935340881,20.72205352783203,1.1552671194076538,0.4569005072116852,0.0,0.0,0.0,0.0,0.0,29.523393630981445,0.5,0.006,0.2923,0.3081,0.2443,0.149,0.9939,0.7015,0.3933,46.8,61.6,67.1,68.3,71.4,84.4,1894143.75,RICHMOND BOAT WORKS WHARF,Richmond,CA,POINT (-122.37555 37.924444)
PortFlty,CA000318,FALSE,0,DFLT,LC,D,0,0,5.0,null,0.7087885737419128,28.83775520324707,1.5971506834030151,0.6852161288261414,0.0,0.0,0.0,0.0,0.0,29.523393630981445,0.5,0.0025,0.2043,0.286,0.2811,0.2259,0.9974,0.7931,0.5071,38.2,52.1,57.3,58.8,62.5,78.4,2232254.5,CASTROL NORTH AMERICA RICHMOND WHARF,Richmond,CA,POINT (-122.37388 37.9225)
PortFlty,CA000319,FALSE,0,DFLT,LC,D,0,0,5.0,null,0.7087885737419128,28.83775520324707,1.5971506834030151,0.6852161288261414,0.0,0.0,0.0,0.0,0.0,29.523393630981445,0.5,0.0025,0.2043,0.286,0.2811,0.2259,0.9974,0.7931,0.5071,38.2,52.1,57.3,58.8,62.5,78.4,2232254.5,KEEFE KAPLAN MARITIME WHARF,Richmond,CA,POINT (-122.37388 37.923889)
PortFlty,CA000320,FALSE,0,DFLT,LC,D,0,0,5.0,null,0.7087885737419128,28.83775520324707,1.5971506834030151,0.6852161288261414,0.0,0.0,0.0,0.0,0.0,29.523393630981445,0.5,0.0025,0.2043,0.286,0.2811,0.2259,0.9974,0.7931,0.5071,38.2,52.1,57.3,58.8,62.5,78.4,2232254.5,RICHMOND CANAL INDUSTRIAL PARK (RCIP),RICHMOND,CA,POINT (-122.37152 37.91304)
PortFlty,CA000321,FALSE,0,DFLT,LC,D,0,0,5.0,null,0.7087885737419128,28.83775520324707,1.5971506834030151,0.6852161288261414,0.0,0.0,0.0,0.0,0.0,29.523393630981445,0.5,0.0025,0.2043,0.286,0.2811,0.2259,0.9974,0.7931,0.5071,38.2,52.1,57.3,58.8,62.5,78.4,2232254.5,PT. RICHMOND,RICHMOND,CA,POINT (-122.37152 37.91304)
PortFlty,CA000322,FALSE,0,DFLT,LC,D,0,0,5.0,null,0.7087885737419128,28.83775520324707,1.5971506834030151,0.6852161288261414,0.0,0.0,0.0,0.0,0.0,29.523393630981445,0.5,0.0025,0.2043,0.286,0.2811,0.2259,0.9974,0.7931,0.5071,38.2,52.1,57.3,58.8,62.5,78.4,2232254.5,QUARRY PRODUCTS - SAN RAFAEL,RICHMOND,CA,POINT (-122.37152 37.91304)
PortFlty,CA000323,FALSE,0,DFLT,LC,D,0,0,5.0,null,0.7087885737419128,28.83775520324707,1.5971506834030151,0.6852161288261414,0.0,0.0,0.0,0.0,0.0,29.523393630981445,0.5,0.0025,0.2043,0.286,0.2811,0.2259,0.9974,0.7931,0.5071,38.2,52.1,57.3,58.8,62.5,78.4,2232254.5,RICHMOND ANCHOR LIGHT,RICHMOND,CA,POINT (-122.37152 37.91304)
PortFlty,CA000324,FALSE,0,DFLT,LC,D,0,0,5.0,null,0.7087885737419128,28.83775520324707,1.5971506834030151,0.6852161288261414,0.0,0.0,0.0,0.0,0.0,29.523393630981445,0.5,0.0025,0.2043,0.286,0.2811,0.2259,0.9974,0.7931,0.5071,38.2,52.1,57.3,58.8,62.5,78.4,2232254.5,POINT SAN PABLO YACHT HARBOR - ROH,RICHMOND,CA,POINT (-122.37152 37.91304)
PortFlty,CA000325,FALSE,0,DFLT,LC,D,0,0,5.0,null,0.7087885737419128,28.83775520324707,1.5971506834030151,0.6852161288261414,0.0,0.0,0.0,0.0,0.0,29.523393630981445,0.5,0.0025,0.2043,0.286,0.2811,0.2259,0.9974,0.7931,0.5071,38.2,52.1,57.3,58.8,62.5,78.4,2232254.5,NATIONAL GYPSUM CO RICHMOND DOCK,Richmond,CA,POINT (-122.36833 37.919444)
PortFlty,CA000326,FALSE,0,DFLT,LC,D,0,0,5.0,null,0.7087885737419128,28.83775520324707,1.5971506834030151,0.6852161288261414,0.0,0.0,0.0,0.0,0.0,29.523393630981445,0.5,0.0025,0.2043,0.286,0.2811,0.2259,0.9974,0.7931,0.5071,38.2,52.1,57.3,58.8,62.5,78.4,2232254.5,CONOCO PHILLIPS RICHMOND TANKER WHARF,Richmond,CA,POINT (-122.36527 37.915)
PortFlty,CA000327,FALSE,0,DFLT,LC,D,0,0,5.0,null,0.7087885737419128,28.83775520324707,1.5971506834030151,0.6852161288261414,0.0,0.0,0.0,0.0,0.0,29.523393630981445,0.5,0.0025,0.2043,0.286,0.2811,0.2259,0.9974,0.7931,0.5071,38.2,52.1,57.3,58.8,62.5,78.4,2232254.5,CONOCO PHILLIPS RICHMOND BARGE WHARF,Richmond,CA,POINT (-122.36555 37.916111)
PortFlty,CA000328,FALSE,0,DFLT,LC,D,0,0,5.0,null,0.7087885737419128,28.83775520324707,1.5971506834030151,0.6852161288261414,0.0,0.0,0.0,0.0,0.0,29.523393630981445,0.5,0.0025,0.2043,0.286,0.2811,0.2259,0.9974,0.7931,0.5071,38.2,52.1,57.3,58.8,62.5,78.4,2232254.5,SHORE TERMINALS RICHMOND WHARF,Richmond,CA,POINT (-122.36416 37.918056)
PortFlty,CA000329,FALSE,0,DFLT,LC,D,0,0,5.0,null,0.7087885737419128,28.83775520324707,1.5971506834030151,0.6852161288261414,0.0,0.0,0.0,0.0,0.0,29.523393630981445,0.5,0.0025,0.2043,0.286,0.2811,0.2259,0.9974,0.7931,0.5071,38.2,52.1,57.3,58.8,62.5,78.4,2232254.5,BAY SHIP & YACHT CO WHARF,Richmond,CA,POINT (-122.37194 37.923056)
PortFlty,CA000330,FALSE,0,DFLT,LC,D,0,0,5.0,null,0.7087885737419128,28.83775520324707,1.5971506834030151,0.6852161288261414,0.0,0.0,0.0,0.0,0.0,29.523393630981445,0.5,0.0025,0.2043,0.286,0.2811,0.2259,0.9974,0.7931,0.5071,38.2,52.1,57.3,58.8,62.5,78.4,2232254.5,IMTT RICHMOND CA RICHMOND WHARF,Richmond,CA,POINT (-122.36916 37.921111)
PortFlty,CA000331,FALSE,0,DFLT,LC,D,0,0,5.0,null,0.7087885737419128,28.83775520324707,1.5971506834030151,0.6852161288261414,0.0,0.0,0.0,0.0,0.0,29.523393630981445,0.5,0.0025,0.2043,0.286,0.2811,0.2259,0.9974,0.7931,0.5071,38.2,52.1,57.3,58.8,62.5,78.4,2232254.5,"Manson Construction Co., Richmond Wharf.",Richmond,CA,POINT (-122.3675 37.922778)
PortFlty,CA000332,FALSE,0,DFLT,LC,D,0,0,5.0,null,0.7087885737419128,28.83775520324707,1.5971506834030151,0.6852161288261414,0.0,0.0,0.0,0.0,0.0,29.523393630981445,0.5,0.0025,0.2043,0.286,0.2811,0.2259,0.9974,0.7931,0.5071,38.2,52.1,57.3,58.8,62.5,78.4,2232254.5,LEVIN RICHMOND TERMINAL CORP RICHMOND...,Richmond,CA,POINT (-122.36694 37.921111)
PortFlty,CA000333,FALSE,0,DFLT,LC,D,0,0,5.0,null,0.7087885737419128,28.83775520324707,1.5971506834030151,0.6852161288261414,0.0,0.0,0.0,0.0,0.0,29.523393630981445,0.5,0.0025,0.2043,0.286,0.2811,0.2259,0.9974,0.7931,0.5071,38.2,52.1,57.3,58.8,62.5,78.4,2232254.5,"Manson Construction Co., Richmond Moo...",Richmond,CA,POINT (-122.36722 37.924167)
PortFlty,CA000334,FALSE,0,DFLT,LC,D,0,0,5.0,null,0.7087885737419128,28.83775520324707,1.5971506834030151,0.6852161288261414,0.0,0.0,0.0,0.0,0.0,29.523393630981445,0.5,0.0025,0.2043,0.286,0.2811,0.2259,0.9974,0.7931,0.5071,38.2,52.1,57.3,58.8,62.5,78.4,2232254.5,MANSON CONSTRUCTION CO RICHMOND WHARF,RICHMOND,CA,POINT (-122.36722 37.92417)
PortFlty,CA000335,FALSE,0,DFLT,LC,D,0,0,5.0,null,0.7087885737419128,28.83775520324707,1.5971506834030151,0.6852161288261414,0.0,0.0,0.0,0.0,0.0,29.523393630981445,0.5,0.0025,0.2043,0.286,0.2811,0.2259,0.9974,0.7931,0.5071,38.2,52.1,57.3,58.8,62.5,78.4,2232254.5,"City of Richmond, Port of Richmond Te...",Richmond,CA,POINT (-122.36222 37.915278)
PortFlty,CA000336,FALSE,0,DFLT,LC,D,0,0,5.0,null,0.7087885737419128,28.83775520324707,1.5971506834030151,0.6852161288261414,0.0,0.0,0.0,0.0,0.0,29.523393630981445,0.5,0.0025,0.2043,0.286,0.2811,0.2259,0.9974,0.7931,0.5071,38.2,52.1,57.3,58.8,62.5,78.4,2232254.5,"California Oils Corp., Port of Richmo...",Richmond,CA,POINT (-122.36222 37.916389)
PortFlty,CA000337,FALSE,0,DFLT,LC,D,0,0,5.0,null,0.7087885737419128,28.83775520324707,1.5971506834030151,0.6852161288261414,0.0,0.0,0.0,0.0,0.0,29.523393630981445,0.5,0.0025,0.2043,0.286,0.2811,0.2259,0.9974,0.7931,0.5071,38.2,52.1,57.3,58.8,62.5,78.4,2232254.5,PORT OF RICHMOND TERMINAL NO 2,RICHMOND,CA,POINT (-122.36222 37.91639)
PortFlty,CA000338,FALSE,0,DFLT,LC,D,0,0,5.0,null,0.7087885737419128,28.83775520324707,1.5971506834030151,0.6852161288261414,0.0,0.0,0.0,0.0,0.0,29.523393630981445,0.5,0.0025,0.2043,0.286,0.2811,0.2259,0.9974,0.7931,0.5071,38.2,52.1,57.3,58.8,62.5,78.4,2232254.5,STEVEDORING SERVICES OF AMERICA AT PO...,Richmond,CA,POINT (-122.36166 37.913056)
PortFlty,CA000357,FALSE,0,DFLT,LC,D,0,0,5.0,null,0.7051454186439514,26.361499786376953,1.5342886447906494,0.7015623450279236,0.0,0.0,0.0,0.0,0.0,29.523393630981445,0.5,0.0026,0.2063,0.2868,0.2804,0.2237,0.9973,0.791,0.5041,38.4,52.3,57.6,59.0,62.7,78.5,2223716.0,RODEO  SAN PABLO BAY,RODEO,CA,POINT (-122.2998 38.04927)
PortFlty,CA000359,FALSE,0,DFLT,LC,D,0,0,5.0,null,0.748308002948761,32.61968994140625,1.848130464553833,0.9351463913917542,0.0,0.0,0.0,0.0,0.0,29.523393630981445,0.5,0.002,0.1834,0.2765,0.288,0.2499,0.9979,0.8145,0.5379,36.1,49.5,54.7,56.1,60.0,76.5,2322328.25,CONOCO PHILLIPS - RODEO OIL REFINERY,Oleum,CA,POINT (-122.26166 38.056667)
PortFlty,CA000360,FALSE,0,DFLT,LC,D,0,0,5.0,null,0.748308002948761,32.61968994140625,1.848130464553833,0.9351463913917542,0.0,0.0,0.0,0.0,0.0,29.523393630981445,0.5,0.002,0.1834,0.2765,0.288,0.2499,0.9979,0.8145,0.5379,36.1,49.5,54.7,56.1,60.0,76.5,2322328.25,"SHORE TERMINALS, SELBY MARINE TERMINA...",Selby,CA,POINT (-122.245 38.058056)
PortFlty,CA000361,FALSE,0,DFLT,LC,D,0,0,5.0,null,0.748308002948761,32.61968994140625,1.848130464553833,0.9351463913917542,0.0,0.0,0.0,0.0,0.0,29.523393630981445,0.5,0.002,0.1834,0.2765,0.288,0.2499,0.9979,0.8145,0.5379,36.1,49.5,54.7,56.1,60.0,76.5,2322328.25,"Shore Terminals, Selby Marine Termina...",Selby,CA,POINT (-122.24111 38.059167)
PortFlty,CA000362,FALSE,0,DFLT,LC,D,0,0,5.0,null,0.748308002948761,32.61968994140625,1.848130464553833,0.9351463913917542,0.0,0.0,0.0,0.0,0.0,29.523393630981445,0.5,0.002,0.1834,0.2765,0.288,0.2499,0.9979,0.8145,0.5379,36.1,49.5,54.7,56.1,60.0,76.5,2322328.25,"NUSTAR ENERGY, CROCKETT TERMINAL",RODEO,CA,POINT (-122.24111 38.05917)
PortFlty,CA000369,FALSE,0,DFLT,LC,D,0,0,5.0,null,0.7653398513793945,31.779436111450195,1.8757151365280151,0.9021832346916199,0.0,0.0,0.0,0.0,0.0,29.523393630981445,0.5,0.0018,0.1751,0.2722,0.2904,0.2602,0.9981,0.823,0.5507,35.2,48.5,53.6,55.1,59.0,75.8,2359188.75,CALIFORNIA AND HAWAIIAN SUGAR CO BERT...,Crockett,CA,POINT (-122.22027 38.057222)
PortFlty,CA000370,FALSE,0,DFLT,LC,D,0,0,5.0,null,0.698003888130188,38.230918884277344,1.7444822788238525,1.1856904029846191,0.0,0.0,0.0,0.0,0.0,29.523393630981445,0.5,0.0027,0.2104,0.2884,0.2789,0.2194,0.9972,0.7868,0.4983,38.8,52.8,58.1,59.5,63.2,78.8,2206753.25,BENICIA JENSEN & REYNOLDS CONST DOCK,MARTINEZ,CA,POINT (-122.164478 38.033281)
PortFlty,CA000371,FALSE,0,DFLT,LC,D,0,0,5.0,null,0.698003888130188,38.230918884277344,1.7444822788238525,1.1856904029846191,0.0,0.0,0.0,0.0,0.0,29.523393630981445,0.5,0.0027,0.2104,0.2884,0.2789,0.2194,0.9972,0.7868,0.4983,38.8,52.8,58.1,59.5,63.2,78.8,2206753.25,DEFENSE FUEL SUPPLY CENTER OZOL WHARF,Ozol,CA,POINT (-122.16111 38.028611)
PortFlty,CA000377,FALSE,0,DFLT,LC,D,0,0,5.0,null,0.698003888130188,38.230918884277344,1.7444822788238525,1.1856904029846191,0.0,0.0,0.0,0.0,0.0,29.523393630981445,0.5,0.0027,0.2104,0.2884,0.2789,0.2194,0.9972,0.7868,0.4983,38.8,52.8,58.1,59.5,63.2,78.8,2206753.25,MARTINEZ MARINA MUNICIPAL PIER,Martinez,CA,POINT (-122.13944 38.0275)
PortFlty,CA000379,FALSE,0,DFLT,LC,D,0,0,5.0,null,0.698003888130188,38.230918884277344,1.7444822788238525,1.1856904029846191,0.0,0.0,0.0,0.0,0.0,29.523393630981445,0.5,0.0027,0.2104,0.2884,0.2789,0.2194,0.9972,0.7868,0.4983,38.8,52.8,58.1,59.5,63.2,78.8,2206753.25,MARTINEZ REFINING CO MARTINEZ REFINER...,Martinez,CA,POINT (-122.13166 38.031389)
PortFlty,CA000381,FALSE,0,DFLT,LC,D,0,0,5.0,null,0.6000664234161377,40.070621490478516,1.5195895433425903,1.3292993307113647,0.0,0.0,0.0,0.0,0.0,29.523393630981445,0.5,0.0052,0.2759,0.3059,0.2518,0.161,0.9947,0.7188,0.4129,45.2,59.9,65.4,66.7,69.9,83.5,1953151.25,"Tosco Refining Co., San Francisco Are...",Martinez,CA,POINT (-122.12388 38.035)
PortFlty,CA000382,FALSE,0,DFLT,LC,D,0,0,5.0,null,0.6000664234161377,40.070621490478516,1.5195895433425903,1.3292993307113647,0.0,0.0,0.0,0.0,0.0,29.523393630981445,0.5,0.0052,0.2759,0.3059,0.2518,0.161,0.9947,0.7188,0.4129,45.2,59.9,65.4,66.7,69.9,83.5,1953151.25,"TOSCO REFINING CO., SAN FRANCISCO ARE...",Martinez,CA,POINT (-122.12333 38.035556)
PortFlty,CA000383,FALSE,0,DFLT,LC,D,0,0,5.0,null,0.6000664234161377,40.070621490478516,1.5195895433425903,1.3292993307113647,0.0,0.0,0.0,0.0,0.0,29.523393630981445,0.5,0.0052,0.2759,0.3059,0.2518,0.161,0.9947,0.7188,0.4129,45.2,59.9,65.4,66.7,69.9,83.5,1953151.25,TOSCO REFINING CO SAN FRANCISCO AREA ...,MARTINEZ,CA,POINT (-122.12333 38.03556)
PortFlty,CA000384,FALSE,0,DFLT,LC,D,0,0,5.0,null,0.6000664234161377,40.070621490478516,1.5195895433425903,1.3292993307113647,0.0,0.0,0.0,0.0,0.0,29.523393630981445,0.5,0.0052,0.2759,0.3059,0.2518,0.161,0.9947,0.7188,0.4129,45.2,59.9,65.4,66.7,69.9,83.5,1953151.25,PACIFIC ATLANTIC TERMINALS,Martinez,CA,POINT (-122.10111 38.045556)
PortFlty,CA000387,FALSE,0,DFLT,LC,D,0,0,5.0,null,0.6000664234161377,40.070621490478516,1.5195895433425903,1.3292993307113647,0.0,0.0,0.0,0.0,0.0,29.523393630981445,0.5,0.0052,0.2759,0.3059,0.2518,0.161,0.9947,0.7188,0.4129,45.2,59.9,65.4,66.7,69.9,83.5,1953151.25,TESORO REFINING AT AVON,MARTINEZ,CA,POINT (-122.09222 38.04833)
PortFlty,CA000388,FALSE,0,DFLT,LC,D,0,0,5.0,null,0.6000664234161377,40.070621490478516,1.5195895433425903,1.3292993307113647,0.0,0.0,0.0,0.0,0.0,29.523393630981445,0.5,0.0052,0.2759,0.3059,0.2518,0.161,0.9947,0.7188,0.4129,45.2,59.9,65.4,66.7,69.9,83.5,1953151.25,"Tosco Refining Co., San Francisco Are...",Avon,CA,POINT (-122.09222 38.048333)
PortFlty,CA000389,FALSE,0,DFLT,LC,D,0,0,5.0,null,0.6000664234161377,40.070621490478516,1.5195895433425903,1.3292993307113647,0.0,0.0,0.0,0.0,0.0,29.523393630981445,0.5,0.0052,0.2759,0.3059,0.2518,0.161,0.9947,0.7188,0.4129,45.2,59.9,65.4,66.7,69.9,83.5,1953151.25,"Tosco Refining Co., San Francisco Are...",Avon,CA,POINT (-122.09222 38.048611)
PortFlty,CA000395,FALSE,0,DFLT,LC,D,0,0,5.0,null,0.5609395503997803,35.603309631347656,1.4739805459976196,1.2252141237258911,0.0,0.0,0.0,0.0,0.0,29.523393630981445,0.5,0.0068,0.3076,0.3096,0.2372,0.1386,0.9931,0.6854,0.3758,48.2,63.1,68.6,69.7,72.7,85.3,1840968.625,SAND ROSE (FOSS MARITIME),CONCORD,CA,POINT (-121.99909 38.06009)
PortFlty,CA000396,FALSE,0,DFLT,LC,D,0,0,5.0,null,0.5464864373207092,34.432701110839844,1.442875862121582,1.193808674812317,0.0,0.0,0.0,0.0,0.0,29.523393630981445,0.5,0.0076,0.3202,0.3103,0.2312,0.1305,0.9923,0.6721,0.3617,49.4,64.3,69.8,70.9,73.8,86.0,1797666.0,CHIPPS ISLAND,PITTSBURG,CA,POINT (-121.967676 38.058459)
PortFlty,CA000398,FALSE,0,DFLT,LC,D,0,0,5.0,null,0.5390921831130981,33.995975494384766,1.411938190460205,1.1746985912322998,0.0,0.0,0.0,0.0,0.0,29.523393630981445,0.5,0.008,0.3268,0.3105,0.228,0.1264,0.9919,0.665,0.3545,50.0,64.9,70.4,71.5,74.3,86.3,1775099.875,PACIFIC GAS & ELECTRIC CO DELTA POWER...,Pittsburg,CA,POINT (-121.88666 38.041389)
PortFlty,CA000399,FALSE,0,DFLT,LC,D,0,0,5.0,null,0.5230224132537842,32.076263427734375,1.3694804906845093,1.1245031356811523,0.0,0.0,0.0,0.0,0.0,29.523393630981445,0.5,0.009,0.3417,0.3106,0.2208,0.1177,0.9909,0.6491,0.3385,51.4,66.3,71.8,72.8,75.6,87.1,1725812.75,"BAY AREA BULK TERMINAL, PITTSBURG",Pittsburg,CA,POINT (-121.87399 38.031303)
PortFlty,CA000400,FALSE,0,DFLT,LC,D,0,0,5.0,null,0.5390921831130981,33.995975494384766,1.411938190460205,1.1746985912322998,0.0,0.0,0.0,0.0,0.0,29.523393630981445,0.5,0.008,0.3268,0.3105,0.228,0.1264,0.9919,0.665,0.3545,50.0,64.9,70.4,71.5,74.3,86.3,1775099.875,DIABLO SERVICE CORP PITTSBURG WHARF,Pittsburg,CA,POINT (-121.87638 38.034444)
PortFlty,CA000401,FALSE,0,DFLT,LC,D,0,0,5.0,null,0.5390921831130981,33.995975494384766,1.411938190460205,1.1746985912322998,0.0,0.0,0.0,0.0,0.0,29.523393630981445,0.5,0.008,0.3268,0.3105,0.228,0.1264,0.9919,0.665,0.3545,50.0,64.9,70.4,71.5,74.3,86.3,1775099.875,PITTSBURGH CALIF,PITTSBURG,CA,POINT (-121.880549 38.037877)
PortFlty,CA000403,FALSE,0,DFLT,LC,D,0,0,5.0,null,0.5230224132537842,32.076263427734375,1.3694804906845093,1.1245031356811523,0.0,0.0,0.0,0.0,0.0,29.523393630981445,0.5,0.009,0.3417,0.3106,0.2208,0.1177,0.9909,0.6491,0.3385,51.4,66.3,71.8,72.8,75.6,87.1,1725812.75,USS - POSCO INDUSTRIES PITTSBURG WHARF,PITTSBURG,CA,POINT (-121.86056 38.03083)
PortFlty,CA000404,FALSE,0,DFLT,LC,D,0,0,5.0,null,0.5230224132537842,32.076263427734375,1.3694804906845093,1.1245031356811523,0.0,0.0,0.0,0.0,0.0,29.523393630981445,0.5,0.009,0.3417,0.3106,0.2208,0.1177,0.9909,0.6491,0.3385,51.4,66.3,71.8,72.8,75.6,87.1,1725812.75,"USS-POSCO INDUSTRIES, PITTSBURG WHARF",Pittsburg,CA,POINT (-121.86055 38.030833)
PortFlty,CA000405,FALSE,0,DFLT,LC,D,0,0,5.0,null,0.5230224132537842,32.076263427734375,1.3694804906845093,1.1245031356811523,0.0,0.0,0.0,0.0,0.0,29.523393630981445,0.5,0.009,0.3417,0.3106,0.2208,0.1177,0.9909,0.6491,0.3385,51.4,66.3,71.8,72.8,75.6,87.1,1725812.75,"USS-Posco Industries, Pittsburg Dock.",Pittsburg,CA,POINT (-121.85916 38.030278)
PortFlty,CA000406,FALSE,0,DFLT,LC,D,0,0,5.0,null,0.5230224132537842,32.076263427734375,1.3694804906845093,1.1245031356811523,0.0,0.0,0.0,0.0,0.0,29.523393630981445,0.5,0.009,0.3417,0.3106,0.2208,0.1177,0.9909,0.6491,0.3385,51.4,66.3,71.8,72.8,75.6,87.1,1725812.75,DOW CHEMICAL CO PITTSBURG PLANT WHARF,Pittsburg,CA,POINT (-121.849292 38.028526)
PortFlty,CA000407,FALSE,0,DFLT,LC,D,0,0,5.0,null,0.5230224132537842,32.076263427734375,1.3694804906845093,1.1245031356811523,0.0,0.0,0.0,0.0,0.0,29.523393630981445,0.5,0.009,0.3417,0.3106,0.2208,0.1177,0.9909,0.6491,0.3385,51.4,66.3,71.8,72.8,75.6,87.1,1725812.75,BROAD SLOUGH,PITTSBURG,CA,POINT (-121.848179 38.029666)
PortFlty,CA000411,FALSE,0,DFLT,LC,D,0,0,5.0,null,0.5723602175712585,23.94725227355957,1.4608070850372314,0.7298760414123535,0.0,0.0,0.0,0.0,0.0,29.523393630981445,0.5,0.0063,0.298,0.3087,0.2417,0.1451,0.9936,0.6956,0.3868,47.3,62.1,67.6,68.8,71.9,84.8,1874436.5,ANTIOCH HARBOR,ANTIOCH,CA,POINT (-121.816998 38.021349)
PortFlty,CA000412,FALSE,0,DFLT,LC,D,0,0,5.0,null,0.5723602175712585,23.94725227355957,1.4608070850372314,0.7298760414123535,0.0,0.0,0.0,0.0,0.0,29.523393630981445,0.5,0.0063,0.298,0.3087,0.2417,0.1451,0.9936,0.6956,0.3868,47.3,62.1,67.6,68.8,71.9,84.8,1874436.5,FULTON SHIPYARD PIER,Antioch,CA,POINT (-121.80083 38.0175)
PortFlty,CA000421,FALSE,0,DFLT,LC,D,0,0,5.0,null,0.5723602175712585,23.94725227355957,1.4608070850372314,0.7298760414123535,0.0,0.0,0.0,0.0,0.0,29.523393630981445,0.5,0.0063,0.298,0.3087,0.2417,0.1451,0.9936,0.6956,0.3868,47.3,62.1,67.6,68.8,71.9,84.8,1874436.5,GEORGIA-PACIFIC CORP ANTIOCH PLANT WHARF,Antioch,CA,POINT (-121.78583 38.015833)
PortFlty,CA000425,FALSE,0,DFLT,LC,D,0,0,5.0,null,0.5261858105659485,21.990455627441406,1.3398592472076416,0.6706250905990601,0.0,0.0,0.0,0.0,0.0,29.523393630981445,0.5,0.0088,0.3387,0.3106,0.2222,0.1194,0.9911,0.6523,0.3417,51.1,66.0,71.5,72.5,75.3,87.0,1735418.625,KIE-CON INC,ANTIOCH,CA,POINT (-121.76492 38.02276)
PortFlty,CA000426,FALSE,0,DFLT,LC,D,0,0,5.0,null,0.5261858105659485,21.990455627441406,1.3398592472076416,0.6706250905990601,0.0,0.0,0.0,0.0,0.0,29.523393630981445,0.5,0.0088,0.3387,0.3106,0.2222,0.1194,0.9911,0.6523,0.3417,51.1,66.0,71.5,72.5,75.3,87.0,1735418.625,BIG BREAK HARBOR,ANTIOCH,CA,POINT (-121.76492 38.02276)
PortFlty,CA000427,FALSE,0,DFLT,LC,D,0,0,5.0,null,0.5261858105659485,21.990455627441406,1.3398592472076416,0.6706250905990601,0.0,0.0,0.0,0.0,0.0,29.523393630981445,0.5,0.0088,0.3387,0.3106,0.2222,0.1194,0.9911,0.6523,0.3417,51.1,66.0,71.5,72.5,75.3,87.0,1735418.625,PACIFIC GAS & ELECTRIC CO CONTRA COST...,Antioch,CA,POINT (-121.76333 38.02)
PortFlty,CA000429,FALSE,0,DFLT,LC,D,0,0,5.0,null,0.4456586539745331,26.141666412353516,1.2136890888214111,0.9229223728179932,0.0,0.0,0.0,0.0,0.0,29.523393630981445,0.5,0.0163,0.4222,0.3019,0.1809,0.0785,0.9836,0.5613,0.2594,58.8,73.2,78.4,79.3,81.5,90.7,1472134.5,JERSEY ISLAND,BETHEL ISLAND,CA,POINT (-121.71654 38.03724)
PortFlty,CA000436,FALSE,0,DFLT,LC,D,0,0,5.0,null,0.4456586539745331,26.141666412353516,1.2136890888214111,0.9229223728179932,0.0,0.0,0.0,0.0,0.0,29.523393630981445,0.5,0.0163,0.4222,0.3019,0.1809,0.0785,0.9836,0.5613,0.2594,58.8,73.2,78.4,79.3,81.5,90.7,1472134.5,BRADFORD 4 LDG,BETHEL ISLAND,CA,POINT (-121.68963 38.05464)
PortFlty,CA000437,FALSE,0,DFLT,LC,D,0,0,5.0,null,0.4456586539745331,26.141666412353516,1.2136890888214111,0.9229223728179932,0.0,0.0,0.0,0.0,0.0,29.523393630981445,0.5,0.0163,0.4222,0.3019,0.1809,0.0785,0.9836,0.5613,0.2594,58.8,73.2,78.4,79.3,81.5,90.7,1472134.5,SHERMAN ISLAND LANDING,BETHEL ISLAND,CA,POINT (-121.6784 38.06516)
PortFlty,CA000676,FALSE,0,DFLT,LC,D,0,0,5.0,null,0.4287605583667755,19.758352279663086,1.1305854320526123,0.6283884048461914,0.0,0.0,0.0,0.0,0.0,29.523393630981445,0.5,0.0187,0.4417,0.2976,0.1711,0.0707,0.9812,0.5395,0.2418,60.5,74.8,79.9,80.7,82.8,91.4,1413394.0,HOLLAND CUT,BRENTWOOD,CA,POINT (-121.580448 37.991772)
PortFlty,CA000677,FALSE,0,DFLT,LC,D,0,0,5.0,null,0.40812379121780396,23.565614700317383,1.1434811353683472,0.8323557376861572,0.0,0.0,0.0,0.0,0.0,29.523393630981445,0.5,0.0222,0.4662,0.291,0.1587,0.0616,0.9777,0.5114,0.2204,62.8,76.7,81.7,82.4,84.3,92.3,1340168.5,ORWOOD TRACT,BRENTWOOD,CA,POINT (-121.563975 37.943362)
PortFlty,CA000690,FALSE,0,DFLT,LC,D,0,0,5.0,null,0.4101807773113251,24.113630294799805,1.14423406124115,0.8517493009567261,0.0,0.0,0.0,0.0,0.0,29.523393630981445,0.5,0.0218,0.4637,0.2917,0.1599,0.0625,0.9781,0.5143,0.2225,62.6,76.5,81.5,82.2,84.2,92.2,1347372.75,BRANNAN ISLAND,BETHEL ISLAND,CA,POINT (-121.629626 38.08996)
PotableWaterFlty,CA000009,FALSE,null,DFLT,LC,D,0,0,5.0,null,0.7748083472251892,35.31185531616211,1.9298560619354248,1.0328832864761353,0.0,0.0,0.0,0.0,0.0,29.523393630981445,0.5,0.0031,0.0537,0.2781,0.434,0.2309,0.9968,0.9431,0.6649,18.6,37.8,44.6,48.1,57.7,86.3,21049796.0,CONTRA COSTA COUNTY WATER DIST,MARTINEZ,CA,POINT (-122.07169 38.01139)
PotableWaterFlty,CA000019,FALSE,null,DFLT,LC,D,0,0,5.0,null,0.8251066207885742,35.32096862792969,1.9869507551193237,0.9730531573295593,0.0,0.0,0.0,0.0,0.0,29.523393630981445,0.5,0.0022,0.0436,0.2518,0.4408,0.2613,0.9977,0.9541,0.7022,17.6,34.9,41.3,44.9,54.8,84.7,22229794.0,E B M U D ORINDA WATER TRTMNT PLANT,ORINDA,CA,POINT (-122.19917 37.89092)
PotableWaterFlty,CA000023,FALSE,null,DFLT,LC,D,0,0,5.0,null,0.8226391077041626,36.64460754394531,2.0103280544281006,1.0120582580566406,0.0,0.0,0.0,0.0,0.0,29.523393630981445,0.5,0.0022,0.044,0.253,0.4406,0.2598,0.9977,0.9536,0.7005,17.6,35.1,41.4,45.0,54.9,84.8,22173998.0,EAST BAY MUNICIPAL UTILITY DIS,EL SOBRANTE,CA,POINT (-122.27469 37.96647)
PotableWaterFlty,CA000024,FALSE,null,DFLT,LC,D,0,0,5.0,null,0.7979174852371216,33.43217468261719,1.9508605003356934,0.9461639523506165,0.0,0.0,0.0,0.0,0.0,29.523393630981445,0.5,0.0026,0.0488,0.2658,0.4377,0.2449,0.9973,0.9484,0.6826,18.1,36.5,43.0,46.6,56.3,85.6,21605020.0,EAST BAY MUNICIPAL UTILITY DIS,LAFAYETTE,CA,POINT (-122.14075 37.88928)
PotableWaterFlty,CA000025,FALSE,null,DFLT,LC,D,0,0,5.0,null,0.837620735168457,37.62312316894531,2.102858543395996,1.1015702486038208,0.0,0.0,0.0,0.0,0.0,29.523393630981445,0.5,0.002,0.0414,0.2455,0.4419,0.2689,0.9979,0.9564,0.7109,17.3,34.3,40.5,44.1,54.1,84.3,22512910.0,EAST BAY MUNICIPAL UTILITY DIS,WALNUT CREEK,CA,POINT (-122.08147 37.91223)
PotableWaterFlty,CA000052,FALSE,null,DFLT,LC,D,0,0,5.0,null,0.8251066207885742,35.32096862792969,1.9869507551193237,0.9730531573295593,0.0,0.0,0.0,0.0,0.0,29.523393630981445,0.5,0.0022,0.0436,0.2518,0.4408,0.2613,0.9977,0.9541,0.7022,17.6,34.9,41.3,44.9,54.8,84.7,22229794.0,ORINDA WATERSHED HDQUARTERS,ORINDA,CA,POINT (-122.20458 37.89289)
RailFlty,CA000003,FALSE,0,DFLT,LC,D,0,0,5.0,null,0.7730397582054138,31.891193389892578,1.8982447385787964,0.9033559560775757,0.0,0.0,0.0,0.0,0.0,29.523393630981445,0.5,0.0017,0.1715,0.2703,0.2914,0.2649,0.9982,0.8267,0.5563,34.9,48.0,53.1,54.6,58.5,75.4,1659821.25,"Martinez, California",Martinez,CA,POINT (-122.136353 38.019733)
RailFlty,CA000046,FALSE,0,DFLT,LC,D,0,0,5.0,null,0.5723602175712585,23.94725227355957,1.4608070850372314,0.7298760414123535,0.0,0.0,0.0,0.0,0.0,29.523393630981445,0.5,0.0063,0.298,0.3087,0.2417,0.1451,0.9936,0.6956,0.3868,47.3,62.1,67.6,68.8,71.9,84.8,1309503.625,"Antioch-Pittsburg, California",Antioch,CA,POINT (-121.815132 38.018085)
RailFlty,CA000069,FALSE,0,DFLT,LC,D,0,0,5.0,null,0.749864399433136,46.097896575927734,1.8606994152069092,1.3066445589065552,0.0,0.0,0.0,0.0,0.0,29.523393630981445,0.5,0.0019,0.1826,0.2761,0.2882,0.2508,0.998,0.8153,0.5391,36.0,49.4,54.6,56.0,59.9,76.5,1624589.875,"Richmond, California",Richmond,CA,POINT (-122.35305 37.936085)
RailFlty,CA000088,FALSE,0,DFLT,LC,D,0,0,5.0,null,0.5792174935340881,20.72205352783203,1.1552671194076538,0.4569005072116852,0.0,0.0,0.0,0.0,0.0,29.523393630981445,0.5,0.006,0.2923,0.3081,0.2443,0.149,0.9939,0.7015,0.3933,46.8,61.6,67.1,68.3,71.4,84.4,1323271.375,BNSF-RICHMOND-CA,RICHMOND,CA,POINT (-122.38609 37.92024)
RailFlty,CA000128,FALSE,0,DFLT,LC,D,0,0,5.0,null,0.7087885737419128,28.83775520324707,1.5971506834030151,0.6852161288261414,0.0,0.0,0.0,0.0,0.0,29.523393630981445,0.5,0.0025,0.2043,0.286,0.2811,0.2259,0.9974,0.7931,0.5071,38.2,52.1,57.3,58.8,62.5,78.4,1559479.5,"KINDER MORGAN ENERGY PARTNERS, L.P.-RICH",RICHMOND,CA,POINT (-122.36675 37.91135)
RailFlty,CA000150,FALSE,0,DFLT,LC,D,0,0,5.0,null,0.7110493183135986,38.343650817871094,1.7765729427337646,1.066614031791687,0.0,0.0,0.0,0.0,0.0,29.523393630981445,0.5,0.0025,0.203,0.2854,0.2815,0.2273,0.9974,0.7944,0.5089,38.1,51.9,57.2,58.6,62.3,78.2,1563074.5,PAKTANK - RICHMOND TERMINAL-RICHMOND-CA,RICHMOND,CA,POINT (-122.41675 37.95074)
RailFlty,CA000151,FALSE,0,DFLT,LC,D,0,0,5.0,null,0.7087885737419128,28.83775520324707,1.5971506834030151,0.6852161288261414,0.0,0.0,0.0,0.0,0.0,29.523393630981445,0.5,0.0025,0.2043,0.286,0.2811,0.2259,0.9974,0.7931,0.5071,38.2,52.1,57.3,58.8,62.5,78.4,1559479.5,LEVIN RICHMOND TERMINAL CORPORATION-RICH,RICHMOND,CA,POINT (-122.36599 37.92124)
RailFlty,CA000152,FALSE,0,DFLT,LC,D,0,0,5.0,null,0.5723602175712585,23.94725227355957,1.4608070850372314,0.7298760414123535,0.0,0.0,0.0,0.0,0.0,29.523393630981445,0.5,0.0063,0.298,0.3087,0.2417,0.1451,0.9936,0.6956,0.3868,47.3,62.1,67.6,68.8,71.9,84.8,1309503.625,ANTIOCH RAIL AND TRANSLOADING-ANTIOCH-CA,ANTIOCH,CA,POINT (-121.81385 38.01689)
RailFlty,CA000198,FALSE,0,DFLT,LC,D,0,0,5.0,null,0.749864399433136,46.097896575927734,1.8606994152069092,1.3066445589065552,0.0,0.0,0.0,0.0,0.0,29.523393630981445,0.5,0.0019,0.1826,0.2761,0.2882,0.2508,0.998,0.8153,0.5391,36.0,49.4,54.6,56.0,59.9,76.5,1624589.875,"BUDWAY ENTERPRISES, INC.-RICHMOND-CA",RICHMOND,CA,POINT (-122.35952 37.95477)
RailFlty,CA000199,FALSE,0,DFLT,LC,D,0,0,5.0,null,0.749864399433136,46.097896575927734,1.8606994152069092,1.3066445589065552,0.0,0.0,0.0,0.0,0.0,29.523393630981445,0.5,0.0019,0.1826,0.2761,0.2882,0.2508,0.998,0.8153,0.5391,36.0,49.4,54.6,56.0,59.9,76.5,1624589.875,"WESTERN INTERMODAL SERVICES, LTD.-RICHMO",RICHMOND,CA,POINT (-122.35534 37.97193)
RailwayBridge,CA000042,null,null,null,null,D,0,0,5.0,null,0.7864630818367004,46.78706359863281,1.958044171333313,1.3109819889068604,0.0,0.0,0.0,0.0,0.0,29.523393630981445,0.5,0.2051,0.1206,0.1155,0.2261,0.3324,0.7948,0.6741,0.5586,34.3,40.8,45.4,46.6,48.4,61.9,2286145.25,POTRERO AVE; BARTD (R3003),null,null,POINT (-122.313635 37.921043)
RailwayBridge,CA000045,null,null,null,null,D,0,0,5.0,null,0.7864630818367004,46.78706359863281,1.958044171333313,1.3109819889068604,0.0,0.0,0.0,0.0,0.0,29.523393630981445,0.5,0.2051,0.1206,0.1155,0.2261,0.3324,0.7948,0.6741,0.5586,34.3,40.8,45.4,46.6,48.4,61.9,2286145.25,MANILA AVE; BARTD (R3003),null,null,POINT (-122.310026 37.916411)
RailwayBridge,CA000047,null,null,null,null,D,0,0,5.0,null,0.9031084179878235,42.27840042114258,2.22752046585083,1.1406011581420898,0.0,0.0,0.0,0.0,0.0,29.523393630981445,0.5,0.2772,0.136,0.1204,0.2132,0.2529,0.7227,0.5867,0.4662,42.6,49.6,54.4,55.5,57.2,69.5,1820299.375,CUTTING BLVD; BARTD,null,null,POINT (-122.317424 37.925909)
RailwayBridge,CA000049,null,null,null,null,D,0,0,5.0,null,0.7730397582054138,31.891193389892578,1.8982447385787964,0.9033559560775757,0.0,0.0,0.0,0.0,0.0,29.523393630981445,0.5,0.4197,0.1474,0.1147,0.172,0.1459,0.5802,0.4327,0.318,57.2,64.3,68.8,69.8,71.1,80.6,1152213.625,SOUTHERN PACIFIC; STREAM/RIVER,null,null,POINT (-122.140623 38.019114)
RailwayBridge,CA000085,null,null,null,null,D,0,0,5.0,null,0.7730397582054138,31.891193389892578,1.8982447385787964,0.9033559560775757,0.0,0.0,0.0,0.0,0.0,29.523393630981445,0.5,0.4197,0.1474,0.1147,0.172,0.1459,0.5802,0.4327,0.318,57.2,64.3,68.8,69.8,71.1,80.6,1152213.625,SOUTHERN PACIFIC; STREAM/RIVER,null,null,POINT (-122.140633 38.019227)
RailwayBridge,CA000090,null,null,null,null,D,0,0,5.0,null,0.7645758986473083,33.19930648803711,1.8811763525009155,0.9333800673484802,0.0,0.0,0.0,0.0,0.0,29.523393630981445,0.5,0.3985,0.1471,0.1165,0.1788,0.1588,0.6014,0.4542,0.3376,55.2,62.3,66.9,67.9,69.2,79.2,1236055.75,SYCAMORE ST; BNSF RY,null,null,POINT (-122.272672 38.011836)
RailwayBridge,CA000091,null,null,null,null,D,0,0,5.0,null,0.8164545893669128,37.333194732666016,2.0122029781341553,1.001726508140564,0.0,0.0,0.0,0.0,0.0,29.523393630981445,0.5,0.3539,0.1449,0.1194,0.1926,0.189,0.646,0.5011,0.3817,50.7,57.9,62.6,63.7,65.2,76.0,1428468.75,"ATCHISON, TOPEKA & SANTA FE; STREAM/R...",null,null,POINT (-122.275966 38.011956)
RailwayBridge,CA000092,null,null,null,null,D,0,0,5.0,null,0.7645758986473083,33.19930648803711,1.8811763525009155,0.9333800673484802,0.0,0.0,0.0,0.0,0.0,29.523393630981445,0.5,0.3985,0.1471,0.1165,0.1788,0.1588,0.6014,0.4542,0.3376,55.2,62.3,66.9,67.9,69.2,79.2,1236055.75,PALM AVE; BNSF RY,null,null,POINT (-122.259124 38.011152)
RailwayBridge,CA000093,null,null,null,null,D,0,0,5.0,null,0.8164545893669128,37.333194732666016,2.0122029781341553,1.001726508140564,0.0,0.0,0.0,0.0,0.0,29.523393630981445,0.5,0.3539,0.1449,0.1194,0.1926,0.189,0.646,0.5011,0.3817,50.7,57.9,62.6,63.7,65.2,76.0,1428468.75,SOUTHERN PACIFIC; REFUGIO CREEK,null,null,POINT (-122.285276 38.021161)
RailwayBridge,CA000094,null,null,null,null,D,0,0,5.0,null,0.7761736512184143,33.03783416748047,1.911075472831726,0.9463039636611938,0.0,0.0,0.0,0.0,0.0,29.523393630981445,0.5,0.3897,0.1468,0.1172,0.1816,0.1644,0.6102,0.4633,0.3461,54.3,61.4,66.1,67.1,68.5,78.6,1272170.125,ROUTE 4 EB; BNSF RY,null,null,POINT (-122.209652 38.007911)
RailwayBridge,CA000095,null,null,null,null,D,0,0,5.0,null,0.748308002948761,32.61968994140625,1.848130464553833,0.9351463913917542,0.0,0.0,0.0,0.0,0.0,29.523393630981445,0.5,0.3973,0.1471,0.1166,0.1792,0.1595,0.6026,0.4555,0.3388,55.0,62.2,66.8,67.8,69.1,79.1,1240653.375,SOUTHERN PACIFIC; RODEO CREEK,null,null,POINT (-122.267415 38.038859)
RailwayBridge,CA000096,null,null,null,null,D,0,0,5.0,null,0.7645758986473083,33.19930648803711,1.8811763525009155,0.9333800673484802,0.0,0.0,0.0,0.0,0.0,29.523393630981445,0.5,0.3985,0.1471,0.1165,0.1788,0.1588,0.6014,0.4542,0.3376,55.2,62.3,66.9,67.9,69.2,79.2,1236055.75,"ATCHISON, TOPEKA & SANTA FE; STREAM/R...",null,null,POINT (-122.226856 38.011869)
RailwayBridge,CA000097,null,null,null,null,D,0,0,5.0,null,0.7645758986473083,33.19930648803711,1.8811763525009155,0.9333800673484802,0.0,0.0,0.0,0.0,0.0,29.523393630981445,0.5,0.3985,0.1471,0.1165,0.1788,0.1588,0.6014,0.4542,0.3376,55.2,62.3,66.9,67.9,69.2,79.2,1236055.75,SR 4; BNSF RY,null,null,POINT (-122.251463 38.014471)
RailwayBridge,CA000098,null,null,null,null,D,0,0,5.0,null,0.7645758986473083,33.19930648803711,1.8811763525009155,0.9333800673484802,0.0,0.0,0.0,0.0,0.0,29.523393630981445,0.5,0.3985,0.1471,0.1165,0.1788,0.1588,0.6014,0.4542,0.3376,55.2,62.3,66.9,67.9,69.2,79.2,1236055.75,"ATCHISON, TOPEKA & SANTA FE; RODEO CREEK",null,null,POINT (-122.251036 38.015297)
RailwayBridge,CA000112,null,null,null,null,D,0,0,5.0,null,0.7864630818367004,46.78706359863281,1.958044171333313,1.3109819889068604,0.0,0.0,0.0,0.0,0.0,29.523393630981445,0.5,0.2051,0.1206,0.1155,0.2261,0.3324,0.7948,0.6741,0.5586,34.3,40.8,45.4,46.6,48.4,61.9,2286145.25,BARTD; CENTRAL AVE,null,null,POINT (-122.299455 37.903343)
RailwayBridge,CA000114,null,null,null,null,D,0,0,5.0,null,0.7864630818367004,46.78706359863281,1.958044171333313,1.3109819889068604,0.0,0.0,0.0,0.0,0.0,29.523393630981445,0.5,0.2051,0.1206,0.1155,0.2261,0.3324,0.7948,0.6741,0.5586,34.3,40.8,45.4,46.6,48.4,61.9,2286145.25,BARTD (R3003); STOCKTON AVE,null,null,POINT (-122.303828 37.908704)
RailwayBridge,CA000116,null,null,null,null,D,0,0,5.0,null,0.9031084179878235,42.27840042114258,2.22752046585083,1.1406011581420898,0.0,0.0,0.0,0.0,0.0,29.523393630981445,0.5,0.2772,0.136,0.1204,0.2132,0.2529,0.7227,0.5867,0.4662,42.6,49.6,54.4,55.5,57.2,69.5,1820299.375,BARTD; SAN PABLO AVE,null,null,POINT (-122.321973 37.930356)
RailwayBridge,CA000119,null,null,null,null,D,0,0,5.0,null,0.7864630818367004,46.78706359863281,1.958044171333313,1.3109819889068604,0.0,0.0,0.0,0.0,0.0,29.523393630981445,0.5,0.2051,0.1206,0.1155,0.2261,0.3324,0.7948,0.6741,0.5586,34.3,40.8,45.4,46.6,48.4,61.9,2286145.25,BARTD; FAIRMOUNT AVE,null,null,POINT (-122.298346 37.901945)
RailwayBridge,CA000121,null,null,null,null,D,0,0,5.0,null,0.7864630818367004,46.78706359863281,1.958044171333313,1.3109819889068604,0.0,0.0,0.0,0.0,0.0,29.523393630981445,0.5,0.2051,0.1206,0.1155,0.2261,0.3324,0.7948,0.6741,0.5586,34.3,40.8,45.4,46.6,48.4,61.9,2286145.25,HILL ST; BARTD (R3003),null,null,POINT (-122.316043 37.924132)
RailwayBridge,CA000151,null,null,null,null,D,0,0,5.0,null,0.7864630818367004,46.78706359863281,1.958044171333313,1.3109819889068604,0.0,0.0,0.0,0.0,0.0,29.523393630981445,0.5,0.2051,0.1206,0.1155,0.2261,0.3324,0.7948,0.6741,0.5586,34.3,40.8,45.4,46.6,48.4,61.9,2286145.25,MOESER LANE; MOESER LANE,null,null,POINT (-122.306599 37.912115)
RailwayBridge,CA000190,null,null,null,null,D,0,0,5.0,null,0.8164545893669128,37.333194732666016,2.0122029781341553,1.001726508140564,0.0,0.0,0.0,0.0,0.0,29.523393630981445,0.5,0.3539,0.1449,0.1194,0.1926,0.189,0.646,0.5011,0.3817,50.7,57.9,62.6,63.7,65.2,76.0,1428468.75,"ATCHISON, TOPEKA & SANTA FE; PINOLE C...",null,null,POINT (-122.290531 38.00795)
RailwayBridge,CA000191,null,null,null,null,D,0,0,5.0,null,0.8164545893669128,37.333194732666016,2.0122029781341553,1.001726508140564,0.0,0.0,0.0,0.0,0.0,29.523393630981445,0.5,0.3539,0.1449,0.1194,0.1926,0.189,0.646,0.5011,0.3817,50.7,57.9,62.6,63.7,65.2,76.0,1428468.75,TENNENT AVE; BNSF RY,null,null,POINT (-122.292755 38.008185)
RailwayBridge,CA000193,null,null,null,null,D,0,0,5.0,null,0.8164545893669128,37.333194732666016,2.0122029781341553,1.001726508140564,0.0,0.0,0.0,0.0,0.0,29.523393630981445,0.5,0.3539,0.1449,0.1194,0.1926,0.189,0.646,0.5011,0.3817,50.7,57.9,62.6,63.7,65.2,76.0,1428468.75,SOUTHERN PACIFIC; PINOLE CREEK,null,null,POINT (-122.295098 38.01281)
RailwayBridge,CA000226,null,null,null,null,D,0,0,5.0,null,0.8251066207885742,35.32096862792969,1.9869507551193237,0.9730531573295593,0.0,0.0,0.0,0.0,0.0,29.523393630981445,0.5,0.372,0.146,0.1184,0.1871,0.1762,0.6279,0.4818,0.3633,52.6,59.7,64.4,65.4,66.9,77.3,1347545.625,ORINDA STA. - BART; CAMINO PABLO RD,null,null,POINT (-122.183603 37.878546)
RailwayBridge,CA000247,null,null,null,null,D,0,0,5.0,null,0.749864399433136,46.097896575927734,1.8606994152069092,1.3066445589065552,0.0,0.0,0.0,0.0,0.0,29.523393630981445,0.5,0.2067,0.1211,0.1156,0.2259,0.3304,0.7932,0.6721,0.5564,34.5,41.0,45.6,46.8,48.6,62.1,2274611.5,MACDONALD AVE; BARTD,null,null,POINT (-122.352157 37.9357)
RailwayBridge,CA000265,null,null,null,null,D,0,0,5.0,null,0.7087885737419128,28.83775520324707,1.5971506834030151,0.6852161288261414,0.0,0.0,0.0,0.0,0.0,29.523393630981445,0.5,0.6018,0.1338,0.0891,0.1102,0.0649,0.3981,0.2643,0.1751,73.3,79.2,82.7,83.4,84.2,90.1,589438.5,INTERSTATE 580; BNSF RY,null,null,POINT (-122.331848 37.919542)
RailwayBridge,CA000266,null,null,null,null,D,0,0,5.0,null,0.7087885737419128,28.83775520324707,1.5971506834030151,0.6852161288261414,0.0,0.0,0.0,0.0,0.0,29.523393630981445,0.5,0.6018,0.1338,0.0891,0.1102,0.0649,0.3981,0.2643,0.1751,73.3,79.2,82.7,83.4,84.2,90.1,589438.5,I 580; BNSF RY,null,null,POINT (-122.332729 37.920058)
RailwayBridge,CA000277,null,null,null,null,D,0,0,5.0,null,0.7730397582054138,31.891193389892578,1.8982447385787964,0.9033559560775757,0.0,0.0,0.0,0.0,0.0,29.523393630981445,0.5,0.4197,0.1474,0.1147,0.172,0.1459,0.5802,0.4327,0.318,57.2,64.3,68.8,69.8,71.1,80.6,1152213.625,ALHAMBRA AVE; BNSF RY,null,null,POINT (-122.127813 37.990315)
RailwayBridge,CA000296,null,null,null,null,D,0,0,5.0,null,0.749864399433136,46.097896575927734,1.8606994152069092,1.3066445589065552,0.0,0.0,0.0,0.0,0.0,29.523393630981445,0.5,0.2067,0.1211,0.1156,0.2259,0.3304,0.7932,0.6721,0.5564,34.5,41.0,45.6,46.8,48.6,62.1,2274611.5,MACDONALD AVE; BARTD (R5002 A&B),null,null,POINT (-122.351945 37.9357)
RailwayBridge,CA000299,null,null,null,null,D,0,0,5.0,null,0.749864399433136,46.097896575927734,1.8606994152069092,1.3066445589065552,0.0,0.0,0.0,0.0,0.0,29.523393630981445,0.5,0.2067,0.1211,0.1156,0.2259,0.3304,0.7932,0.6721,0.5564,34.5,41.0,45.6,46.8,48.6,62.1,2274611.5,SOUTHERN PACIFIC; SAN PABLO CREEK,null,null,POINT (-122.358964 37.966837)
RailwayBridge,CA000302,null,null,null,null,D,0,0,5.0,null,0.749864399433136,46.097896575927734,1.8606994152069092,1.3066445589065552,0.0,0.0,0.0,0.0,0.0,29.523393630981445,0.5,0.2067,0.1211,0.1156,0.2259,0.3304,0.7932,0.6721,0.5564,34.5,41.0,45.6,46.8,48.6,62.1,2274611.5,"BARRETT AVE; UP RR, BNSF RY, & AMTRAK",null,null,POINT (-122.354969 37.938424)
RailwayBridge,CA000307,null,null,null,null,D,0,0,5.0,null,0.749864399433136,46.097896575927734,1.8606994152069092,1.3066445589065552,0.0,0.0,0.0,0.0,0.0,29.523393630981445,0.5,0.2067,0.1211,0.1156,0.2259,0.3304,0.7932,0.6721,0.5564,34.5,41.0,45.6,46.8,48.6,62.1,2274611.5,"MACDONALD AVE; UP RR, BNSF RY, & AMTRAK",null,null,POINT (-122.352474 37.935703)
RailwayBridge,CA000311,null,null,null,null,D,0,0,5.0,null,0.749864399433136,46.097896575927734,1.8606994152069092,1.3066445589065552,0.0,0.0,0.0,0.0,0.0,29.523393630981445,0.5,0.2067,0.1211,0.1156,0.2259,0.3304,0.7932,0.6721,0.5564,34.5,41.0,45.6,46.8,48.6,62.1,2274611.5,BARRETT AVE; BARTD,null,null,POINT (-122.354576 37.938431)
RailwayBridge,CA000321,null,null,null,null,D,0,0,5.0,null,0.749864399433136,46.097896575927734,1.8606994152069092,1.3066445589065552,0.0,0.0,0.0,0.0,0.0,29.523393630981445,0.5,0.2067,0.1211,0.1156,0.2259,0.3304,0.7932,0.6721,0.5564,34.5,41.0,45.6,46.8,48.6,62.1,2274611.5,BARTD (R3005); 23RD STREET,null,null,POINT (-122.347371 37.932043)
RailwayBridge,CA000323,null,null,null,null,D,0,0,5.0,null,0.749864399433136,46.097896575927734,1.8606994152069092,1.3066445589065552,0.0,0.0,0.0,0.0,0.0,29.523393630981445,0.5,0.2067,0.1211,0.1156,0.2259,0.3304,0.7932,0.6721,0.5564,34.5,41.0,45.6,46.8,48.6,62.1,2274611.5,37TH ST; ABANDONED BNSF RY ROW,null,null,POINT (-122.334731 37.93131)
RailwayBridge,CA000354,null,null,null,null,D,0,0,5.0,null,0.749864399433136,46.097896575927734,1.8606994152069092,1.3066445589065552,0.0,0.0,0.0,0.0,0.0,29.523393630981445,0.5,0.2067,0.1211,0.1156,0.2259,0.3304,0.7932,0.6721,0.5564,34.5,41.0,45.6,46.8,48.6,62.1,2274611.5,37TH ST; BARTD (R5001),null,null,POINT (-122.334719 37.931411)
RailwayBridge,CA000355,null,null,null,null,D,0,0,5.0,null,0.749864399433136,46.097896575927734,1.8606994152069092,1.3066445589065552,0.0,0.0,0.0,0.0,0.0,29.523393630981445,0.5,0.2067,0.1211,0.1156,0.2259,0.3304,0.7932,0.6721,0.5564,34.5,41.0,45.6,46.8,48.6,62.1,2274611.5,"ATCHISON, TOPEKA & SANTA FE; SAN PABL...",null,null,POINT (-122.356614 37.966875)
RailwayBridge,CA000356,null,null,null,null,D,0,0,5.0,null,0.8788691163063049,41.79709243774414,2.172231674194336,1.1168960332870483,0.0,0.0,0.0,0.0,0.0,29.523393630981445,0.5,0.289,0.1378,0.1206,0.2104,0.2419,0.7109,0.573,0.4523,43.9,50.9,55.7,56.8,58.5,70.6,1754124.5,SOUTHERN PACIFIC; STREAM/RIVER,null,null,POINT (-122.35791999999999 37.978805)
RailwayBridge,CA000358,null,null,null,null,D,0,0,5.0,null,0.749864399433136,46.097896575927734,1.8606994152069092,1.3066445589065552,0.0,0.0,0.0,0.0,0.0,29.523393630981445,0.5,0.2067,0.1211,0.1156,0.2259,0.3304,0.7932,0.6721,0.5564,34.5,41.0,45.6,46.8,48.6,62.1,2274611.5,"ATCHISON, TOPEKA & SANTA FE; WILDCAT ...",null,null,POINT (-122.357657 37.961031)
RailwayBridge,CA000359,null,null,null,null,D,0,0,5.0,null,0.8788691163063049,41.79709243774414,2.172231674194336,1.1168960332870483,0.0,0.0,0.0,0.0,0.0,29.523393630981445,0.5,0.289,0.1378,0.1206,0.2104,0.2419,0.7109,0.573,0.4523,43.9,50.9,55.7,56.8,58.5,70.6,1754124.5,"ATCHISON, TOPEKA & SANTA FE; STREAM/R...",null,null,POINT (-122.353816 37.977233)
RailwayBridge,CA000360,null,null,null,null,D,0,0,5.0,null,0.8788691163063049,41.79709243774414,2.172231674194336,1.1168960332870483,0.0,0.0,0.0,0.0,0.0,29.523393630981445,0.5,0.289,0.1378,0.1206,0.2104,0.2419,0.7109,0.573,0.4523,43.9,50.9,55.7,56.8,58.5,70.6,1754124.5,SOUTHERN PACIFIC; SWAMP/MARSH,null,null,POINT (-122.327911 38.002726)
RailwayBridge,CA000462,null,null,null,null,D,0,0,5.0,null,0.5390921831130981,33.995975494384766,1.411938190460205,1.1746985912322998,0.0,0.0,0.0,0.0,0.0,29.523393630981445,0.5,0.261,0.1332,0.1199,0.2168,0.2689,0.7389,0.6057,0.4858,40.8,47.7,52.5,53.6,55.4,68.0,1915754.75,"ATCHISON, TOPEKA & SANTA FE; STREAM/R...",null,null,POINT (-121.914209 38.02692)
RailwayBridge,CA000464,null,null,null,null,D,0,0,5.0,null,0.5464864373207092,34.432701110839844,1.442875862121582,1.193808674812317,0.0,0.0,0.0,0.0,0.0,29.523393630981445,0.5,0.2523,0.1315,0.1195,0.2186,0.2778,0.7476,0.616,0.4965,39.8,46.7,51.5,52.6,54.3,67.1,1968483.875,RAILROAD; STREAM/RIVER,null,null,POINT (-121.929792 38.030684)
RailwayBridge,CA000466,null,null,null,null,D,0,0,5.0,null,0.5390921831130981,33.995975494384766,1.411938190460205,1.1746985912322998,0.0,0.0,0.0,0.0,0.0,29.523393630981445,0.5,0.261,0.1332,0.1199,0.2168,0.2689,0.7389,0.6057,0.4858,40.8,47.7,52.5,53.6,55.4,68.0,1915754.75,"ATCHISON, TOPEKA & SANTA FE; STREAM/R...",null,null,POINT (-121.905851 38.026464)
RailwayBridge,CA000468,null,null,null,null,D,0,0,5.0,null,0.5390921831130981,33.995975494384766,1.411938190460205,1.1746985912322998,0.0,0.0,0.0,0.0,0.0,29.523393630981445,0.5,0.261,0.1332,0.1199,0.2168,0.2689,0.7389,0.6057,0.4858,40.8,47.7,52.5,53.6,55.4,68.0,1915754.75,RAILROAD AVE; BNSF RY & AMTRAK,null,null,POINT (-121.885928 38.026541)
RailwayBridge,CA000470,null,null,null,null,D,0,0,5.0,null,0.6251155734062195,26.522377014160156,1.5736724138259888,0.792631983757019,0.0,0.0,0.0,0.0,0.0,29.523393630981445,0.5,0.5061,0.1445,0.1045,0.1429,0.1017,0.4938,0.3492,0.2447,65.1,71.8,75.9,76.8,77.8,85.6,854182.8125,SOUTHERN PACIFIC; CANAL/DITCH,null,null,POINT (-121.863646 38.016072)
RailwayBridge,CA000520,null,null,null,null,D,0,0,5.0,null,0.5261858105659485,21.990455627441406,1.3398592472076416,0.6706250905990601,0.0,0.0,0.0,0.0,0.0,29.523393630981445,0.5,0.6156,0.1316,0.0866,0.1055,0.0605,0.3843,0.2527,0.166,74.4,80.2,83.6,84.3,85.0,90.7,556203.1875,"BRIDGEHEAD ROAD; BNSF RY, UP RR, & AM...",null,null,POINT (-121.750776 38.009022)
RailwayBridge,CA000560,null,null,null,null,D,0,0,5.0,null,0.6251155734062195,26.522377014160156,1.5736724138259888,0.792631983757019,0.0,0.0,0.0,0.0,0.0,29.523393630981445,0.5,0.5061,0.1445,0.1045,0.1429,0.1017,0.4938,0.3492,0.2447,65.1,71.8,75.9,76.8,77.8,85.6,854182.8125,"ATCHISON, TOPEKA & SANTA FE; STREAM/R...",null,null,POINT (-121.838125 38.019025)
RailwayBridge,CA000565,null,null,null,null,D,0,0,5.0,null,0.7638655304908752,29.48883819580078,1.8258516788482666,0.8384757041931152,0.0,0.0,0.0,0.0,0.0,29.523393630981445,0.5,0.4687,0.1466,0.1094,0.1556,0.1193,0.5312,0.3845,0.275,61.8,68.7,73.0,73.9,75.0,83.6,974981.5,RAILROAD; INTERSTATE ROUTE 680,null,null,POINT (-122.082379 38.005337)
RailwayBridge,CA000568,null,null,null,null,D,0,0,5.0,null,0.7748083472251892,35.31185531616211,1.9298560619354248,1.0328832864761353,0.0,0.0,0.0,0.0,0.0,29.523393630981445,0.5,0.3351,0.1433,0.1201,0.1981,0.2031,0.6648,0.5215,0.4013,48.8,55.9,60.7,61.8,63.3,74.5,1516567.0,"ATCHISON, TOPEKA & SANTA FE; STREAM/R...",null,null,POINT (-122.069215 38.016295)
RailwayBridge,CA000652,null,null,null,null,D,0,0,5.0,null,0.6251155734062195,26.522377014160156,1.5736724138259888,0.792631983757019,0.0,0.0,0.0,0.0,0.0,29.523393630981445,0.5,0.5061,0.1445,0.1045,0.1429,0.1017,0.4938,0.3492,0.2447,65.1,71.8,75.9,76.8,77.8,85.6,854182.8125,"ATCHISON, TOPEKA & SANTA FE; STREAM/R...",null,null,POINT (-121.82649 38.018807)
RailwayBridge,CA000781,null,null,null,null,D,0,0,5.0,null,0.6000664234161377,40.070621490478516,1.5195895433425903,1.3292993307113647,0.0,0.0,0.0,0.0,0.0,29.523393630981445,0.5,0.1986,0.1189,0.1146,0.2267,0.3409,0.8013,0.6823,0.5677,33.5,39.9,44.5,45.7,47.6,61.1,2334663.75,SOUTHERN PACIFIC; STREAM/RIVER,null,null,POINT (-122.080275 38.031359)
RailwayBridge,CA000785,null,null,null,null,D,0,0,5.0,null,0.6000664234161377,40.070621490478516,1.5195895433425903,1.3292993307113647,0.0,0.0,0.0,0.0,0.0,29.523393630981445,0.5,0.1986,0.1189,0.1146,0.2267,0.3409,0.8013,0.6823,0.5677,33.5,39.9,44.5,45.7,47.6,61.1,2334663.75,SOUTHERN PACIFIC; STREAM/RIVER,null,null,POINT (-122.105479 38.026066)
RailwayBridge,CA000786,null,null,null,null,D,0,0,5.0,null,0.5261858105659485,21.990455627441406,1.3398592472076416,0.6706250905990601,0.0,0.0,0.0,0.0,0.0,29.523393630981445,0.5,0.6156,0.1316,0.0866,0.1055,0.0605,0.3843,0.2527,0.166,74.4,80.2,83.6,84.3,85.0,90.7,556203.1875,SOUTHERN PACIFIC; CANAL/DITCH,null,null,POINT (-121.743469 37.983233)
RailwayBridge,CA000789,null,null,null,null,D,0,0,5.0,null,0.7638655304908752,29.48883819580078,1.8258516788482666,0.8384757041931152,0.0,0.0,0.0,0.0,0.0,29.523393630981445,0.5,0.4687,0.1466,0.1094,0.1556,0.1193,0.5312,0.3845,0.275,61.8,68.7,73.0,73.9,75.0,83.6,974981.5,PACHECO ROAD; BNSF RY,null,null,POINT (-122.085909 38.004494)
RailwayBridge,CA000790,null,null,null,null,D,0,0,5.0,null,0.48198771476745605,22.136066436767578,1.2626924514770508,0.7162995338439941,0.0,0.0,0.0,0.0,0.0,29.523393630981445,0.5,0.573,0.1378,0.0941,0.12,0.0748,0.4269,0.289,0.1949,70.9,77.1,80.8,81.5,82.4,88.9,662668.75,"ATCHISON, TOPEKA & SANTA FE; CANAL/DITCH",null,null,POINT (-121.702936 37.994853)
RailwayBridge,CA000791,null,null,null,null,D,0,0,5.0,null,0.7638655304908752,29.48883819580078,1.8258516788482666,0.8384757041931152,0.0,0.0,0.0,0.0,0.0,29.523393630981445,0.5,0.4687,0.1466,0.1094,0.1556,0.1193,0.5312,0.3845,0.275,61.8,68.7,73.0,73.9,75.0,83.6,974981.5,MORELLO AVE; BNSF RY,null,null,POINT (-122.102043 38.005241)
RailwayBridge,CA000880,null,null,null,null,D,0,0,5.0,null,0.5390921831130981,33.995975494384766,1.411938190460205,1.1746985912322998,0.0,0.0,0.0,0.0,0.0,29.523393630981445,0.5,0.261,0.1332,0.1199,0.2168,0.2689,0.7389,0.6057,0.4858,40.8,47.7,52.5,53.6,55.4,68.0,1915754.75,RAILROAD; STREAM/RIVER,null,null,POINT (-121.921784 38.028652)
RailwayBridge,CA000883,null,null,null,null,D,0,0,5.0,null,0.5390921831130981,33.995975494384766,1.411938190460205,1.1746985912322998,0.0,0.0,0.0,0.0,0.0,29.523393630981445,0.5,0.261,0.1332,0.1199,0.2168,0.2689,0.7389,0.6057,0.4858,40.8,47.7,52.5,53.6,55.4,68.0,1915754.75,SOUTHERN PACIFIC; STREAM/RIVER,null,null,POINT (-121.905653 38.025963)
RailwayBridge,CA000912,null,null,null,null,D,0,0,5.0,null,0.8015768527984619,43.14873504638672,1.9964525699615479,1.3447792530059814,0.0,0.0,0.0,0.0,0.0,29.523393630981445,0.5,0.1933,0.1174,0.1139,0.2272,0.348,0.8066,0.6892,0.5752,32.9,39.2,43.8,44.9,46.8,60.5,2375199.5,BARTD (C5022); BANCROFT ROAD,null,null,POINT (-122.046844 37.934035)
RailwayBridge,CA000913,null,null,null,null,D,0,0,5.0,null,0.5609395503997803,35.603309631347656,1.4739805459976196,1.2252141237258911,0.0,0.0,0.0,0.0,0.0,29.523393630981445,0.5,0.2387,0.1287,0.1186,0.2212,0.2925,0.7612,0.6325,0.5138,38.3,45.0,49.8,50.9,52.7,65.7,2054937.75,RAILROAD; STREAM/RIVER,null,null,POINT (-121.996904 38.044763)
RailwayBridge,CA000916,null,null,null,null,D,0,0,5.0,null,0.5796589851379395,37.648345947265625,1.4969432353973389,1.2751612663269043,0.0,0.0,0.0,0.0,0.0,29.523393630981445,0.5,0.2185,0.1241,0.1169,0.2244,0.3158,0.7814,0.6573,0.5403,35.9,42.5,47.2,48.3,50.2,63.5,2190507.75,SOUTHERN PACIFIC; STREAM/RIVER,null,null,POINT (-122.070071 38.034214)
RailwayBridge,CA000918,null,null,null,null,D,0,0,5.0,null,0.5390921831130981,33.995975494384766,1.411938190460205,1.1746985912322998,0.0,0.0,0.0,0.0,0.0,29.523393630981445,0.5,0.261,0.1332,0.1199,0.2168,0.2689,0.7389,0.6057,0.4858,40.8,47.7,52.5,53.6,55.4,68.0,1915754.75,RAILROAD; STREAM/RIVER,null,null,POINT (-121.9012 38.031935)
RailwayBridge,CA000922,null,null,null,null,D,0,0,5.0,null,0.7638655304908752,29.48883819580078,1.8258516788482666,0.8384757041931152,0.0,0.0,0.0,0.0,0.0,29.523393630981445,0.5,0.4687,0.1466,0.1094,0.1556,0.1193,0.5312,0.3845,0.275,61.8,68.7,73.0,73.9,75.0,83.6,974981.5,"ATCHISON, TOPEKA & SANTA FE; STREAM/R...",null,null,POINT (-122.081361 38.005965)
RailwayBridge,CA000923,null,null,null,null,D,0,0,5.0,null,0.5464864373207092,34.432701110839844,1.442875862121582,1.193808674812317,0.0,0.0,0.0,0.0,0.0,29.523393630981445,0.5,0.2523,0.1315,0.1195,0.2186,0.2778,0.7476,0.616,0.4965,39.8,46.7,51.5,52.6,54.3,67.1,1968483.875,"ATCHISON, TOPEKA & SANTA FE; UNREPRES...",null,null,POINT (-121.944116 38.034042)
RailwayBridge,CA000929,null,null,null,null,D,0,0,5.0,null,0.5609395503997803,35.603309631347656,1.4739805459976196,1.2252141237258911,0.0,0.0,0.0,0.0,0.0,29.523393630981445,0.5,0.2387,0.1287,0.1186,0.2212,0.2925,0.7612,0.6325,0.5138,38.3,45.0,49.8,50.9,52.7,65.7,2054937.75,"ATCHISON, TOPEKA & SANTA FE; STREAM/R...",null,null,POINT (-121.990208 38.043985)
RailwayBridge,CA000932,null,null,null,null,D,0,0,5.0,null,0.5390921831130981,33.995975494384766,1.411938190460205,1.1746985912322998,0.0,0.0,0.0,0.0,0.0,29.523393630981445,0.5,0.261,0.1332,0.1199,0.2168,0.2689,0.7389,0.6057,0.4858,40.8,47.7,52.5,53.6,55.4,68.0,1915754.75,"ATCHISON, TOPEKA & SANTA FE; STREAM/R...",null,null,POINT (-121.921825 38.028391)
RailwayBridge,CA000935,null,null,null,null,D,0,0,5.0,null,0.5609395503997803,35.603309631347656,1.4739805459976196,1.2252141237258911,0.0,0.0,0.0,0.0,0.0,29.523393630981445,0.5,0.2387,0.1287,0.1186,0.2212,0.2925,0.7612,0.6325,0.5138,38.3,45.0,49.8,50.9,52.7,65.7,2054937.75,SOUTHERN PACIFIC; STREAM/RIVER,null,null,POINT (-121.997076 38.047483)
RailwayBridge,CA000944,null,null,null,null,D,0,0,5.0,null,0.4887014627456665,21.263872146606445,1.2509886026382446,0.6504894495010376,0.0,0.0,0.0,0.0,0.0,29.523393630981445,0.5,0.6348,0.1283,0.083,0.099,0.0546,0.3651,0.2367,0.1537,75.9,81.6,84.8,85.4,86.2,91.4,511183.90625,SOUTHERN PACIFIC; STREAM/RIVER,null,null,POINT (-121.617868 37.844244)
RailwayBridge,CA000945,null,null,null,null,D,0,0,5.0,null,0.5141127705574036,22.598207473754883,1.318814754486084,0.6919412016868591,0.0,0.0,0.0,0.0,0.0,29.523393630981445,0.5,0.5955,0.1347,0.0902,0.1123,0.067,0.4044,0.2696,0.1794,72.7,78.8,82.3,83.0,83.8,89.9,605029.125,SOUTHERN PACIFIC; CANAL/DITCH,null,null,POINT (-121.597098 37.824068)
RailwayBridge,CA001023,null,null,null,null,D,0,0,5.0,null,0.8898106217384338,37.46025848388672,2.213346004486084,1.064721703529358,0.0,0.0,0.0,0.0,0.0,29.523393630981445,0.5,0.3168,0.1414,0.1206,0.2032,0.2177,0.6831,0.5416,0.4209,46.9,54.0,58.8,59.9,61.5,73.0,1606799.125,BARTD (C3008); OAKLAND BLVD,null,null,POINT (-122.069692 37.901824)
RailwayBridge,CA001025,null,null,null,null,D,0,0,5.0,null,0.8898106217384338,37.46025848388672,2.213346004486084,1.064721703529358,0.0,0.0,0.0,0.0,0.0,29.523393630981445,0.5,0.3168,0.1414,0.1206,0.2032,0.2177,0.6831,0.5416,0.4209,46.9,54.0,58.8,59.9,61.5,73.0,1606799.125,BARTD (C3010); N. CALIFORNIA BLVD,null,null,POINT (-122.06651599999999 37.90711)
RailwayBridge,CA001029,null,null,null,null,D,0,0,5.0,null,0.8015768527984619,43.14873504638672,1.9964525699615479,1.3447792530059814,0.0,0.0,0.0,0.0,0.0,29.523393630981445,0.5,0.1933,0.1174,0.1139,0.2272,0.348,0.8066,0.6892,0.5752,32.9,39.2,43.8,44.9,46.8,60.5,2375199.5,COWELL ROAD; BARTD (C3013),null,null,POINT (-122.031226 37.968443)
RailwayBridge,CA001030,null,null,null,null,D,0,0,5.0,null,0.8898106217384338,37.46025848388672,2.213346004486084,1.064721703529358,0.0,0.0,0.0,0.0,0.0,29.523393630981445,0.5,0.3168,0.1414,0.1206,0.2032,0.2177,0.6831,0.5416,0.4209,46.9,54.0,58.8,59.9,61.5,73.0,1606799.125,BARTD (C3010); PARKSIDE ROAD,null,null,POINT (-122.064049 37.91183)
RailwayBridge,CA001035,null,null,null,null,D,0,0,5.0,null,0.8898106217384338,37.46025848388672,2.213346004486084,1.064721703529358,0.0,0.0,0.0,0.0,0.0,29.523393630981445,0.5,0.3168,0.1414,0.1206,0.2032,0.2177,0.6831,0.5416,0.4209,46.9,54.0,58.8,59.9,61.5,73.0,1606799.125,BARTD (C3009); YGNACIO VALLEY RD,null,null,POINT (-122.068085 37.904503)
RailwayBridge,CA001037,null,null,null,null,D,0,0,5.0,null,0.5796589851379395,37.648345947265625,1.4969432353973389,1.2751612663269043,0.0,0.0,0.0,0.0,0.0,29.523393630981445,0.5,0.2185,0.1241,0.1169,0.2244,0.3158,0.7814,0.6573,0.5403,35.9,42.5,47.2,48.3,50.2,63.5,2190507.75,"ATCHISON, TOPEKA & SANTA FE; SWAMP/MARSH",null,null,POINT (-122.04271 38.035514)
RailwayBridge,CA001045,null,null,null,null,D,0,0,5.0,null,0.7748083472251892,35.31185531616211,1.9298560619354248,1.0328832864761353,0.0,0.0,0.0,0.0,0.0,29.523393630981445,0.5,0.3351,0.1433,0.1201,0.1981,0.2031,0.6648,0.5215,0.4013,48.8,55.9,60.7,61.8,63.3,74.5,1516567.0,"ATCHISON, TOPEKA & SANTA FE; HASTINGS...",null,null,POINT (-122.058159 38.024862)
RailwayBridge,CA001050,null,null,null,null,D,0,0,5.0,null,0.5609395503997803,35.603309631347656,1.4739805459976196,1.2252141237258911,0.0,0.0,0.0,0.0,0.0,29.523393630981445,0.5,0.2387,0.1287,0.1186,0.2212,0.2925,0.7612,0.6325,0.5138,38.3,45.0,49.8,50.9,52.7,65.7,2054937.75,"ATCHISON, TOPEKA & SANTA FE; STREAM/R...",null,null,POINT (-121.997258 38.045113)
RailwayBridge,CA001052,null,null,null,null,D,0,0,5.0,null,0.5796589851379395,37.648345947265625,1.4969432353973389,1.2751612663269043,0.0,0.0,0.0,0.0,0.0,29.523393630981445,0.5,0.2185,0.1241,0.1169,0.2244,0.3158,0.7814,0.6573,0.5403,35.9,42.5,47.2,48.3,50.2,63.5,2190507.75,"ATCHISON, TOPEKA & SANTA FE; SWAMP/MARSH",null,null,POINT (-122.038938 38.038111)
RailwayBridge,CA001056,null,null,null,null,D,0,0,5.0,null,0.5464864373207092,34.432701110839844,1.442875862121582,1.193808674812317,0.0,0.0,0.0,0.0,0.0,29.523393630981445,0.5,0.2523,0.1315,0.1195,0.2186,0.2778,0.7476,0.616,0.4965,39.8,46.7,51.5,52.6,54.3,67.1,1968483.875,RAILROAD; UNREPRESENTED WATERBODY,null,null,POINT (-121.943921 38.034275)
RailwayBridge,CA001058,null,null,null,null,D,0,0,5.0,null,0.5609395503997803,35.603309631347656,1.4739805459976196,1.2252141237258911,0.0,0.0,0.0,0.0,0.0,29.523393630981445,0.5,0.2387,0.1287,0.1186,0.2212,0.2925,0.7612,0.6325,0.5138,38.3,45.0,49.8,50.9,52.7,65.7,2054937.75,RAILROAD; SWAMP/MARSH,null,null,POINT (-122.019944 38.056491)
RailwayBridge,CA001061,null,null,null,null,D,0,0,5.0,null,0.5464864373207092,34.432701110839844,1.442875862121582,1.193808674812317,0.0,0.0,0.0,0.0,0.0,29.523393630981445,0.5,0.2523,0.1315,0.1195,0.2186,0.2778,0.7476,0.616,0.4965,39.8,46.7,51.5,52.6,54.3,67.1,1968483.875,RAILROAD; STREAM/RIVER,null,null,POINT (-121.953017 38.036586)
RailwayBridge,CA001063,null,null,null,null,D,0,0,5.0,null,0.5609395503997803,35.603309631347656,1.4739805459976196,1.2252141237258911,0.0,0.0,0.0,0.0,0.0,29.523393630981445,0.5,0.2387,0.1287,0.1186,0.2212,0.2925,0.7612,0.6325,0.5138,38.3,45.0,49.8,50.9,52.7,65.7,2054937.75,RAILROAD; PACIFIC OCEAN,null,null,POINT (-122.019693 38.056909)
RailwayBridge,CA001067,null,null,null,null,D,0,0,5.0,null,0.5464864373207092,34.432701110839844,1.442875862121582,1.193808674812317,0.0,0.0,0.0,0.0,0.0,29.523393630981445,0.5,0.2523,0.1315,0.1195,0.2186,0.2778,0.7476,0.616,0.4965,39.8,46.7,51.5,52.6,54.3,67.1,1968483.875,"ATCHISON, TOPEKA & SANTA FE; STREAM/R...",null,null,POINT (-121.953226 38.036356)
RailwayBridge,CA001068,null,null,null,null,D,0,0,5.0,null,0.5796589851379395,37.648345947265625,1.4969432353973389,1.2751612663269043,0.0,0.0,0.0,0.0,0.0,29.523393630981445,0.5,0.2185,0.1241,0.1169,0.2244,0.3158,0.7814,0.6573,0.5403,35.9,42.5,47.2,48.3,50.2,63.5,2190507.75,SOUTHERN PACIFIC; HASTINGS SLOUGH,null,null,POINT (-122.053017 38.039044)
RailwayBridge,CA001072,null,null,null,null,D,0,0,5.0,null,0.5464864373207092,34.432701110839844,1.442875862121582,1.193808674812317,0.0,0.0,0.0,0.0,0.0,29.523393630981445,0.5,0.2523,0.1315,0.1195,0.2186,0.2778,0.7476,0.616,0.4965,39.8,46.7,51.5,52.6,54.3,67.1,1968483.875,"ATCHISON, TOPEKA & SANTA FE; STREAM/R...",null,null,POINT (-121.953275 38.036142)
RailwayBridge,CA001093,null,null,null,null,D,0,0,5.0,null,0.48198771476745605,22.136066436767578,1.2626924514770508,0.7162995338439941,0.0,0.0,0.0,0.0,0.0,29.523393630981445,0.5,0.573,0.1378,0.0941,0.12,0.0748,0.4269,0.289,0.1949,70.9,77.1,80.8,81.5,82.4,88.9,662668.75,"ATCHISON, TOPEKA & SANTA FE; MARSH CREEK",null,null,POINT (-121.696117 37.991491)
RailwayBridge,CA001130,null,null,null,null,D,0,0,5.0,null,0.5464864373207092,34.432701110839844,1.442875862121582,1.193808674812317,0.0,0.0,0.0,0.0,0.0,29.523393630981445,0.5,0.2523,0.1315,0.1195,0.2186,0.2778,0.7476,0.616,0.4965,39.8,46.7,51.5,52.6,54.3,67.1,1968483.875,UNREPRESENTED RAILROAD; UNREPRESENTED...,null,null,POINT (-121.93734 38.032601)
RailwayBridge,CA001131,null,null,null,null,D,0,0,5.0,null,0.5464864373207092,34.432701110839844,1.442875862121582,1.193808674812317,0.0,0.0,0.0,0.0,0.0,29.523393630981445,0.5,0.2523,0.1315,0.1195,0.2186,0.2778,0.7476,0.616,0.4965,39.8,46.7,51.5,52.6,54.3,67.1,1968483.875,RAILROAD; STREAM/RIVER,null,null,POINT (-121.931717 38.031171)
RailwayBridge,CA001132,null,null,null,null,D,0,0,5.0,null,0.5464864373207092,34.432701110839844,1.442875862121582,1.193808674812317,0.0,0.0,0.0,0.0,0.0,29.523393630981445,0.5,0.2523,0.1315,0.1195,0.2186,0.2778,0.7476,0.616,0.4965,39.8,46.7,51.5,52.6,54.3,67.1,1968483.875,"ATCHISON, TOPEKA & SANTA FE; UNREPRES...",null,null,POINT (-121.937471 38.032356)
RailwayBridge,CA001133,null,null,null,null,D,0,0,5.0,null,0.5464864373207092,34.432701110839844,1.442875862121582,1.193808674812317,0.0,0.0,0.0,0.0,0.0,29.523393630981445,0.5,0.2523,0.1315,0.1195,0.2186,0.2778,0.7476,0.616,0.4965,39.8,46.7,51.5,52.6,54.3,67.1,1968483.875,"ATCHISON, TOPEKA & SANTA FE; STREAM/R...",null,null,POINT (-121.931953 38.030951)
RailwayBridge,CA001139,null,null,null,null,D,0,0,5.0,null,0.5609395503997803,35.603309631347656,1.4739805459976196,1.2252141237258911,0.0,0.0,0.0,0.0,0.0,29.523393630981445,0.5,0.2387,0.1287,0.1186,0.2212,0.2925,0.7612,0.6325,0.5138,38.3,45.0,49.8,50.9,52.7,65.7,2054937.75,"ATCHISON, TOPEKA & SANTA FE; STREAM/R...",null,null,POINT (-121.990398 38.044319)
RailwayBridge,CA001140,null,null,null,null,D,0,0,5.0,null,0.5390921831130981,33.995975494384766,1.411938190460205,1.1746985912322998,0.0,0.0,0.0,0.0,0.0,29.523393630981445,0.5,0.261,0.1332,0.1199,0.2168,0.2689,0.7389,0.6057,0.4858,40.8,47.7,52.5,53.6,55.4,68.0,1915754.75,"ATCHISON, TOPEKA & SANTA FE; STREAM/R...",null,null,POINT (-121.905825 38.026379)
RailwayBridge,CA001141,null,null,null,null,D,0,0,5.0,null,0.6251155734062195,26.522377014160156,1.5736724138259888,0.792631983757019,0.0,0.0,0.0,0.0,0.0,29.523393630981445,0.5,0.5061,0.1445,0.1045,0.1429,0.1017,0.4938,0.3492,0.2447,65.1,71.8,75.9,76.8,77.8,85.6,854182.8125,UPRR SPUR; STATE ROUTE 4,null,null,POINT (-121.866732 38.011735)
RailwayBridge,CA001159,null,null,null,null,D,0,0,5.0,null,0.6251155734062195,26.522377014160156,1.5736724138259888,0.792631983757019,0.0,0.0,0.0,0.0,0.0,29.523393630981445,0.5,0.5061,0.1445,0.1045,0.1429,0.1017,0.4938,0.3492,0.2447,65.1,71.8,75.9,76.8,77.8,85.6,854182.8125,SOUTHERN PACIFIC; STREAM/RIVER,null,null,POINT (-121.84478 38.009846)
RailwayBridge,CA001185,null,null,null,null,D,0,0,5.0,null,0.8015768527984619,43.14873504638672,1.9964525699615479,1.3447792530059814,0.0,0.0,0.0,0.0,0.0,29.523393630981445,0.5,0.1933,0.1174,0.1139,0.2272,0.348,0.8066,0.6892,0.5752,32.9,39.2,43.8,44.9,46.8,60.5,2375199.5,RAILROAD; WALNUT CREEK,null,null,POINT (-122.047647 37.933623)
RailwayBridge,CA001192,null,null,null,null,D,0,0,5.0,null,0.8015768527984619,43.14873504638672,1.9964525699615479,1.3447792530059814,0.0,0.0,0.0,0.0,0.0,29.523393630981445,0.5,0.1933,0.1174,0.1139,0.2272,0.348,0.8066,0.6892,0.5752,32.9,39.2,43.8,44.9,46.8,60.5,2375199.5,BARTD (C3011); TREAT BLVD,null,null,POINT (-122.058325 37.926498)
RailwayBridge,CA001199,null,null,null,null,D,0,0,5.0,null,0.8015768527984619,43.14873504638672,1.9964525699615479,1.3447792530059814,0.0,0.0,0.0,0.0,0.0,29.523393630981445,0.5,0.1933,0.1174,0.1139,0.2272,0.348,0.8066,0.6892,0.5752,32.9,39.2,43.8,44.9,46.8,60.5,2375199.5,OAK GROVE ROAD; BARTD (C5023),null,null,POINT (-122.029141 37.943155)
RailwayBridge,CA001244,null,null,null,null,D,0,0,5.0,null,0.5390921831130981,33.995975494384766,1.411938190460205,1.1746985912322998,0.0,0.0,0.0,0.0,0.0,29.523393630981445,0.5,0.261,0.1332,0.1199,0.2168,0.2689,0.7389,0.6057,0.4858,40.8,47.7,52.5,53.6,55.4,68.0,1915754.75,WILLOW PASS ROAD; UP RR,null,null,POINT (-121.917929 38.027515)
RailwayBridge,CA001246,null,null,null,null,D,0,0,5.0,null,0.5390921831130981,33.995975494384766,1.411938190460205,1.1746985912322998,0.0,0.0,0.0,0.0,0.0,29.523393630981445,0.5,0.261,0.1332,0.1199,0.2168,0.2689,0.7389,0.6057,0.4858,40.8,47.7,52.5,53.6,55.4,68.0,1915754.75,"WILLOW PASS RD; BNSF RY & AMTRAK, UP RR",null,null,POINT (-121.917845 38.02778)
RailwayBridge,CA001259,null,null,null,null,D,0,0,5.0,null,0.6251155734062195,26.522377014160156,1.5736724138259888,0.792631983757019,0.0,0.0,0.0,0.0,0.0,29.523393630981445,0.5,0.5061,0.1445,0.1045,0.1429,0.1017,0.4938,0.3492,0.2447,65.1,71.8,75.9,76.8,77.8,85.6,854182.8125,SOUTHERN PACIFIC; KIRKER CREEK,null,null,POINT (-121.869522 38.018057)
RailwayBridge,CA001262,null,null,null,null,D,0,0,5.0,null,0.5390921831130981,33.995975494384766,1.411938190460205,1.1746985912322998,0.0,0.0,0.0,0.0,0.0,29.523393630981445,0.5,0.261,0.1332,0.1199,0.2168,0.2689,0.7389,0.6057,0.4858,40.8,47.7,52.5,53.6,55.4,68.0,1915754.75,SOLARI ST; BNSF RY & AMTRAK,null,null,POINT (-121.881212 38.026267)
RailwayBridge,CA001265,null,null,null,null,D,0,0,5.0,null,0.5390921831130981,33.995975494384766,1.411938190460205,1.1746985912322998,0.0,0.0,0.0,0.0,0.0,29.523393630981445,0.5,0.261,0.1332,0.1199,0.2168,0.2689,0.7389,0.6057,0.4858,40.8,47.7,52.5,53.6,55.4,68.0,1915754.75,"HARBOR ST; BNSF RY, UP RR, & AMTRAK",null,null,POINT (-121.878643 38.025715)
RailwayBridge,CA001268,null,null,null,null,D,0,0,5.0,null,0.5390921831130981,33.995975494384766,1.411938190460205,1.1746985912322998,0.0,0.0,0.0,0.0,0.0,29.523393630981445,0.5,0.261,0.1332,0.1199,0.2168,0.2689,0.7389,0.6057,0.4858,40.8,47.7,52.5,53.6,55.4,68.0,1915754.75,RAILROAD; STREAM/RIVER,null,null,POINT (-121.914174 38.027182)
RailwayBridge,CA001272,null,null,null,null,D,0,0,5.0,null,0.5464864373207092,34.432701110839844,1.442875862121582,1.193808674812317,0.0,0.0,0.0,0.0,0.0,29.523393630981445,0.5,0.2523,0.1315,0.1195,0.2186,0.2778,0.7476,0.616,0.4965,39.8,46.7,51.5,52.6,54.3,67.1,1968483.875,"ATCHISON, TOPEKA & SANTA FE; STREAM/R...",null,null,POINT (-121.930053 38.030472)
RailwayBridge,CA001326,null,null,null,null,D,0,0,5.0,null,0.5723602175712585,23.94725227355957,1.4608070850372314,0.7298760414123535,0.0,0.0,0.0,0.0,0.0,29.523393630981445,0.5,0.5607,0.1393,0.0962,0.1242,0.0793,0.4392,0.2998,0.2036,69.9,76.2,79.9,80.7,81.6,88.3,695460.25,CAVALLO ROAD; UP RR,null,null,POINT (-121.797155 37.999977)
RailwayBridge,CA001330,null,null,null,null,D,0,0,5.0,null,0.5723602175712585,23.94725227355957,1.4608070850372314,0.7298760414123535,0.0,0.0,0.0,0.0,0.0,29.523393630981445,0.5,0.5607,0.1393,0.0962,0.1242,0.0793,0.4392,0.2998,0.2036,69.9,76.2,79.9,80.7,81.6,88.3,695460.25,L ST; UP RR,null,null,POINT (-121.819895 38.004556)
RailwayBridge,CA001334,null,null,null,null,D,0,0,5.0,null,0.5723602175712585,23.94725227355957,1.4608070850372314,0.7298760414123535,0.0,0.0,0.0,0.0,0.0,29.523393630981445,0.5,0.5607,0.1393,0.0962,0.1242,0.0793,0.4392,0.2998,0.2036,69.9,76.2,79.9,80.7,81.6,88.3,695460.25,"ATCHISON, TOPEKA & SANTA FE; STREAM/R...",null,null,POINT (-121.807498 38.016455)
RailwayBridge,CA001343,null,null,null,null,D,0,0,5.0,null,0.5400269627571106,23.361949920654297,1.3766359090805054,0.7061062455177307,0.0,0.0,0.0,0.0,0.0,29.523393630981445,0.5,0.5824,0.1366,0.0925,0.1168,0.0715,0.4175,0.2809,0.1883,71.7,77.8,81.4,82.1,83.0,89.3,638406.625,SOUTHERN PACIFIC; CANAL/DITCH,null,null,POINT (-121.684176 37.917982)
RailwayBridge,CA001345,null,null,null,null,D,0,0,5.0,null,0.44523391127586365,20.587066650390625,1.1699280738830566,0.6586997509002686,0.0,0.0,0.0,0.0,0.0,29.523393630981445,0.5,0.6269,0.1297,0.0845,0.1017,0.057,0.373,0.2432,0.1587,75.3,81.0,84.3,84.9,85.7,91.1,529602.4375,"ATCHISON, TOPEKA & SANTA FE; CANAL/DITCH",null,null,POINT (-121.61236 37.940001)
RailwayBridge,CA001353,null,null,null,null,D,0,0,5.0,null,0.5087000131607056,21.449508666992188,1.2920339107513428,0.6475225687026978,0.0,0.0,0.0,0.0,0.0,29.523393630981445,0.5,0.6377,0.1278,0.0825,0.098,0.0538,0.3622,0.2344,0.1519,76.1,81.8,85.0,85.6,86.3,91.6,504896.46875,SOUTHERN PACIFIC; PIPELINE,null,null,POINT (-121.71671 37.954105)
RailwayBridge,CA001355,null,null,null,null,D,0,0,5.0,null,0.5087000131607056,21.449508666992188,1.2920339107513428,0.6475225687026978,0.0,0.0,0.0,0.0,0.0,29.523393630981445,0.5,0.6377,0.1278,0.0825,0.098,0.0538,0.3622,0.2344,0.1519,76.1,81.8,85.0,85.6,86.3,91.6,504896.46875,SOUTHERN PACIFIC; MARSH CREEK,null,null,POINT (-121.706394 37.942663)
RailwayBridge,CA001357,null,null,null,null,D,0,0,5.0,null,0.5186741352081299,20.313316345214844,1.2736611366271973,0.5701636075973511,0.0,0.0,0.0,0.0,0.0,29.523393630981445,0.5,0.7137,0.1116,0.067,0.0731,0.0343,0.2862,0.1745,0.1074,82.0,86.7,89.3,89.8,90.3,94.2,348700.25,SOUTHERN PACIFIC; STREAM/RIVER,null,null,POINT (-121.633763 37.861937)
RailwayBridge,CA001360,null,null,null,null,D,0,0,5.0,null,0.5021613240242004,21.55635643005371,1.2761011123657227,0.6487372517585754,0.0,0.0,0.0,0.0,0.0,29.523393630981445,0.5,0.6365,0.128,0.0827,0.0984,0.0541,0.3634,0.2353,0.1526,76.0,81.7,84.9,85.5,86.3,91.5,507297.625,SOUTHERN PACIFIC; CANAL/DITCH,null,null,POINT (-121.651736 37.881917)
RailwayBridge,CA001363,null,null,null,null,D,0,0,5.0,null,0.4887014627456665,21.263872146606445,1.2509886026382446,0.6504894495010376,0.0,0.0,0.0,0.0,0.0,29.523393630981445,0.5,0.6348,0.1283,0.083,0.099,0.0546,0.3651,0.2367,0.1537,75.9,81.6,84.8,85.4,86.2,91.4,511183.90625,SOUTHERN PACIFIC; STREAM/RIVER,null,null,POINT (-121.609422 37.834827)
RailwayBridge,CA001366,null,null,null,null,D,0,0,5.0,null,0.4887014627456665,21.263872146606445,1.2509886026382446,0.6504894495010376,0.0,0.0,0.0,0.0,0.0,29.523393630981445,0.5,0.6348,0.1283,0.083,0.099,0.0546,0.3651,0.2367,0.1537,75.9,81.6,84.8,85.4,86.2,91.4,511183.90625,SOUTHERN PACIFIC; BRUSHY CREEK,null,null,POINT (-121.609985 37.835455)
RailwayBridge,CA001369,null,null,null,null,D,0,0,5.0,null,0.5141127705574036,22.598207473754883,1.318814754486084,0.6919412016868591,0.0,0.0,0.0,0.0,0.0,29.523393630981445,0.5,0.5955,0.1347,0.0902,0.1123,0.067,0.4044,0.2696,0.1794,72.7,78.8,82.3,83.0,83.8,89.9,605029.125,SOUTHERN PACIFIC; CANAL/DITCH,null,null,POINT (-121.595368 37.822987)
RailwayBridge,CA001371,null,null,null,null,D,0,0,5.0,null,0.5141127705574036,22.598207473754883,1.318814754486084,0.6919412016868591,0.0,0.0,0.0,0.0,0.0,29.523393630981445,0.5,0.5955,0.1347,0.0902,0.1123,0.067,0.4044,0.2696,0.1794,72.7,78.8,82.3,83.0,83.8,89.9,605029.125,SOUTHERN PACIFIC; CANAL/DITCH,null,null,POINT (-121.578365 37.81243)
RailwayBridge,CA001377,null,null,null,null,D,0,0,5.0,null,0.8898106217384338,37.46025848388672,2.213346004486084,1.064721703529358,0.0,0.0,0.0,0.0,0.0,29.523393630981445,0.5,0.3168,0.1414,0.1206,0.2032,0.2177,0.6831,0.5416,0.4209,46.9,54.0,58.8,59.9,61.5,73.0,1606799.125,INTERSTATE RTE 680; BARTD (C007),null,null,POINT (-122.069615 37.90197)
RailwayBridge,CA001378,null,null,null,null,D,0,0,5.0,null,0.8898106217384338,37.46025848388672,2.213346004486084,1.064721703529358,0.0,0.0,0.0,0.0,0.0,29.523393630981445,0.5,0.3168,0.1414,0.1206,0.2032,0.2177,0.6831,0.5416,0.4209,46.9,54.0,58.8,59.9,61.5,73.0,1606799.125,INTERSTATE RTE 680; BARTD (C007),null,null,POINT (-122.069615 37.90197)
RailwayBridge,CA001379,null,null,null,null,D,0,0,5.0,null,0.8898106217384338,37.46025848388672,2.213346004486084,1.064721703529358,0.0,0.0,0.0,0.0,0.0,29.523393630981445,0.5,0.3168,0.1414,0.1206,0.2032,0.2177,0.6831,0.5416,0.4209,46.9,54.0,58.8,59.9,61.5,73.0,1606799.125,INTERSTATE RTE 680; BARTD (C007),null,null,POINT (-122.069615 37.90197)
RailwayBridge,CA001385,null,null,null,null,D,0,0,5.0,null,0.8898106217384338,37.46025848388672,2.213346004486084,1.064721703529358,0.0,0.0,0.0,0.0,0.0,29.523393630981445,0.5,0.3168,0.1414,0.1206,0.2032,0.2177,0.6831,0.5416,0.4209,46.9,54.0,58.8,59.9,61.5,73.0,1606799.125,INTERSTATE RTE 680; BARTD (C007),null,null,POINT (-122.069615 37.90197)
RailwayBridge,CA001387,null,null,null,null,D,0,0,5.0,null,0.8898106217384338,37.46025848388672,2.213346004486084,1.064721703529358,0.0,0.0,0.0,0.0,0.0,29.523393630981445,0.5,0.3168,0.1414,0.1206,0.2032,0.2177,0.6831,0.5416,0.4209,46.9,54.0,58.8,59.9,61.5,73.0,1606799.125,INTERSTATE RTE 680; BARTD (C007),null,null,POINT (-122.069615 37.90197)
RailwayTunnel,CA000001,null,null,null,null,D,0,0,5.0,null,0.7638655304908752,29.48883819580078,1.8258516788482666,0.8384757041931152,0.0,0.0,0.0,0.0,0.0,29.523393630981445,0.5,0.2399,0.2021,0.5578,0.0,0.0,0.76,0.5578,0.0,99.9,99.9,99.9,99.9,99.9,99.9,13619.09765625,BN&SF RR,null,null,POINT (-122.12 37.99333)
RailwayTunnel,CA000002,null,null,null,null,D,0,0,5.0,null,0.837620735168457,37.62312316894531,2.102858543395996,1.1015702486038208,0.0,0.0,0.0,0.0,0.0,29.523393630981445,0.5,0.1949,0.1875,0.6175,0.0,0.0,0.805,0.6175,0.0,99.9,99.9,99.9,99.9,99.9,99.9,313491.5,WALNUT CREEK UC (BARTD),null,null,POINT (-122.07666999999999 37.89167)
WasteWaterFlty,CA000009,FALSE,null,DFLT,LC,D,0,0,5.0,null,0.48198771476745605,22.136066436767578,1.2626924514770508,0.7162995338439941,0.0,0.0,0.0,0.0,0.0,29.523393630981445,0.5,0.0258,0.1888,0.4277,0.2862,0.0713,0.9741,0.7853,0.3575,15.2,38.0,61.3,65.7,68.8,91.4,54442520.0,IRONHOUSE SD WRF,OAKLEY,CA,POINT (-121.707001 37.997799)
WasteWaterFlty,CA000072,FALSE,null,DFLT,LC,D,0,0,5.0,null,0.4619385302066803,21.55214500427246,1.2130423784255981,0.695431649684906,0.0,0.0,0.0,0.0,0.0,29.523393630981445,0.5,0.0304,0.2055,0.4325,0.2686,0.0628,0.9695,0.764,0.3314,16.2,40.2,63.8,68.2,71.1,92.2,51432504.0,DISCOVERY BAY WWTP,DISCOVERY BAY,CA,POINT (-121.586998 37.894699)
WasteWaterFlty,CA000088,FALSE,null,DFLT,LC,D,0,0,5.0,null,0.748308002948761,32.61968994140625,1.848130464553833,0.9351463913917542,0.0,0.0,0.0,0.0,0.0,29.523393630981445,0.5,0.0036,0.0601,0.2925,0.4286,0.2149,0.9963,0.9361,0.6436,7.3,18.7,34.3,37.9,42.7,77.6,89232672.0,RODEO SD WPCF,RODEO,CA,POINT (-122.264 38.0401)
WasteWaterFlty,CA000146,FALSE,null,DFLT,LC,D,0,0,5.0,null,0.7748083472251892,35.31185531616211,1.9298560619354248,1.0328832864761353,0.0,0.0,0.0,0.0,0.0,29.523393630981445,0.5,0.0031,0.0537,0.2781,0.434,0.2309,0.9968,0.9431,0.6649,6.8,17.5,32.3,35.8,40.7,76.1,92114576.0,CENTRAL CONTRA COSTA SD WWTP,MARTINEZ,CA,POINT (-122.069 37.998501)
WasteWaterFlty,CA000170,FALSE,null,DFLT,LC,D,0,0,5.0,null,0.8164545893669128,37.333194732666016,2.0122029781341553,1.001726508140564,0.0,0.0,0.0,0.0,0.0,29.523393630981445,0.5,0.0023,0.0452,0.2562,0.44,0.2561,0.9976,0.9524,0.6961,6.2,15.7,29.4,32.7,37.7,73.9,96428848.0,HERCULES WWTP,HERCULES,CA,POINT (-122.289002 38.016701)
WasteWaterFlty,CA000177,FALSE,null,DFLT,LC,D,0,0,5.0,null,0.7110493183135986,38.343650817871094,1.7765729427337646,1.066614031791687,0.0,0.0,0.0,0.0,0.0,29.523393630981445,0.5,0.0047,0.0704,0.3134,0.4187,0.1927,0.9952,0.9248,0.6114,8.0,20.6,37.3,41.1,45.7,79.6,85021568.0,UNKNOWN, ,CA,POINT (-122.376 37.941601)
WasteWaterFlty,CA000198,FALSE,null,DFLT,LC,D,0,0,5.0,null,0.6251155734062195,26.522377014160156,1.5736724138259888,0.792631983757019,0.0,0.0,0.0,0.0,0.0,29.523393630981445,0.5,0.0086,0.1018,0.3622,0.384,0.1431,0.9913,0.8894,0.5272,10.0,25.8,45.2,49.3,53.5,84.2,74441376.0,DELTA DIABLO SAN. DIST. WWTP,ANTIOCH,CA,POINT (-121.842003 38.012501)
WasteWaterFlty,CA000238,FALSE,null,DFLT,LC,D,0,0,5.0,null,0.7653398513793945,31.779436111450195,1.8757151365280151,0.9021832346916199,0.0,0.0,0.0,0.0,0.0,29.523393630981445,0.5,0.0033,0.0559,0.2832,0.4322,0.2252,0.9966,0.9407,0.6575,7.0,17.9,33.0,36.5,41.4,76.7,91099200.0,PORT COSTA WWTP,PORT COSTA,CA,POINT (-122.183998 38.048199)
WasteWaterFlty,CA000262,FALSE,null,DFLT,LC,D,0,0,5.0,null,0.5087000131607056,21.449508666992188,1.2920339107513428,0.6475225687026978,0.0,0.0,0.0,0.0,0.0,29.523393630981445,0.5,0.0209,0.1684,0.4189,0.3083,0.0833,0.979,0.8106,0.3916,14.0,35.3,58.0,62.4,65.8,90.1,58383656.0,BRENTWOOD WWTP,BRENTWOOD,CA,POINT (-121.691002 37.954601)
WasteWaterFlty,CA000267,FALSE,null,DFLT,LC,D,0,0,5.0,null,0.7864630818367004,46.78706359863281,1.958044171333313,1.3109819889068604,0.0,0.0,0.0,0.0,0.0,29.523393630981445,0.5,0.0028,0.0512,0.2718,0.436,0.2379,0.9971,0.9458,0.674,6.6,17.0,31.5,34.9,39.8,75.5,93340600.0,STEGE SD-WET WTHR SEWER BYPASS,EL CERRITO,CA,POINT (-122.300003 37.918201)
WasteWaterFlty,CA000277,FALSE,null,DFLT,LC,D,0,0,5.0,null,0.7110493183135986,38.343650817871094,1.7765729427337646,1.066614031791687,0.0,0.0,0.0,0.0,0.0,29.523393630981445,0.5,0.0047,0.0704,0.3134,0.4187,0.1927,0.9952,0.9248,0.6114,8.0,20.6,37.3,41.1,45.7,79.6,85021568.0,UNKNOWN, ,CA,POINT (-122.376 37.941601)
WasteWaterFlty,CA000289,FALSE,null,DFLT,LC,D,0,0,5.0,null,0.7638655304908752,29.48883819580078,1.8258516788482666,0.8384757041931152,0.0,0.0,0.0,0.0,0.0,29.523393630981445,0.5,0.0033,0.0563,0.284,0.432,0.2243,0.9966,0.9403,0.6563,7.0,18.0,33.2,36.7,41.5,76.7,90947888.0,MT VIEW SD WWTP,MARTINEZ,CA,POINT (-122.099999 38.0196)
WasteWaterFlty,CA000326,FALSE,null,DFLT,LC,D,0,0,5.0,null,0.8164545893669128,37.333194732666016,2.0122029781341553,1.001726508140564,0.0,0.0,0.0,0.0,0.0,29.523393630981445,0.5,0.0023,0.0452,0.2562,0.44,0.2561,0.9976,0.9524,0.6961,6.2,15.7,29.4,32.7,37.7,73.9,96428848.0,PINOLE-HERCULES WPCP,PINOLE,CA,POINT (-122.295998 38.012901)
WasteWaterFlty,CA000341,FALSE,null,DFLT,LC,D,0,0,5.0,null,0.5792174935340881,20.72205352783203,1.1552671194076538,0.4569005072116852,0.0,0.0,0.0,0.0,0.0,29.523393630981445,0.5,0.0121,0.1242,0.3869,0.3582,0.1183,0.9878,0.8635,0.4765,11.4,29.2,50.0,54.2,58.1,86.6,68344832.0,WEST COUNTY AGENCY COMMON OUTFALL,RICHMOND,CA,POINT (-122.377998 37.920898)
