FacilityType,FacilityId,Anchor,FoundationType,eqBldgType,DesignLevel,SoilType,LqfSusCat,LndSusCat,WaterDepth,Distance,PGA,PGV,Sa03,Sa10,LqfSettlPGD,LqfSprPGD,LqfProb,LndPGD,LndProb,SufFltRuptPGD,SurfFltRuptProb,PDsNone,PDsSlight,PDsModerate,PDsExtensive,PDsComplete,PDsExceedSlight,PDsExceedModerate,PDsExceedExtensive,FunctDay1,FunctDay3,FunctDay7,FunctDay14,FunctDay30,FunctDay90,EconLoss,Name,City,State,geometry
AirportFlty,CA000043,FALSE,null,DFLT,LC,D,0,0,5.0,null,0.20009920001029968,7.23261833190918,0.46664437651634216,0.19327041506767273,0.0,0.0,0.0,0.0,0.0,29.523393630981445,0.5,0.1608,0.6779,0.1243,0.0315,0.0052,0.8391,0.1612,0.0368,89.0,94.9,96.9,97.1,97.4,98.9,783923.0625,BYRON,CONCORD,CA,POINT (-121.625833 37.828444)
AirportFlty,CA000077,FALSE,null,DFLT,LC,D,0,0,5.0,null,0.305047869682312,12.021832466125488,0.7280945777893066,0.32921820878982544,0.0,0.0,0.0,0.0,0.0,29.523393630981445,0.5,0.0555,0.5951,0.2316,0.0924,0.0251,0.9444,0.3493,0.1176,75.3,86.4,90.3,90.7,91.8,96.2,3354626.75,BUCHANAN FIELD,CONCORD,CA,POINT (-122.056902 37.989657)
AirportFlty,CA000078,FALSE,null,DFLT,LC,D,0,0,5.0,null,0.2734396457672119,14.547263145446777,0.7414925694465637,0.49189117550849915,0.0,0.0,0.0,0.0,0.0,29.523393630981445,0.5,0.0753,0.6312,0.2037,0.0723,0.0173,0.9246,0.2934,0.0896,79.5,89.2,92.6,92.9,93.7,97.2,1164622.125,Q AREA,CONCORD,CA,POINT (-122.007289 38.045142)
CommunicationFlty,CA000043,FALSE,null,DFLT,LC,D,0,0,5.0,null,0.26402413845062256,8.790486335754395,0.5751269459724426,0.2169787585735321,0.0,0.0,0.0,0.0,0.0,29.523393630981445,0.5,0.0988,0.3889,0.3269,0.1712,0.014,0.9011,0.5122,0.1852,68.4,85.8,90.3,96.2,99.1,99.8,34030.2578125,KFTL  CH  64,STOCKTON,CA,POINT (-121.90051 37.89298)
CommunicationFlty,CA000044,FALSE,null,DFLT,LC,D,0,0,5.0,null,0.26402413845062256,8.790486335754395,0.5751269459724426,0.2169787585735321,0.0,0.0,0.0,0.0,0.0,29.523393630981445,0.5,0.0988,0.3889,0.3269,0.1712,0.014,0.9011,0.5122,0.1852,68.4,85.8,90.3,96.2,99.1,99.8,34030.2578125,KTNC-TV  CH  42,CONCORD,CA,POINT (-121.89912 37.8927)
CommunicationFlty,CA000197,FALSE,null,DFLT,LC,D,0,0,5.0,null,0.297406941652298,11.480756759643555,0.7074201703071594,0.3133818209171295,0.0,0.0,0.0,0.0,0.0,29.523393630981445,0.5,0.0662,0.3278,0.365,0.2183,0.0225,0.9337,0.6059,0.2408,62.0,81.6,87.2,94.8,98.6,99.7,40015.09765625,KCKC   1480,CONCORD,CA,POINT (-121.94635 37.96242)
CommunicationFlty,CA000394,FALSE,null,DFLT,LC,D,0,0,5.0,null,0.24413135647773743,8.268756866455078,0.5125021934509277,0.19292740523815155,0.0,0.0,0.0,0.0,0.0,29.523393630981445,0.5,0.1259,0.4241,0.2964,0.1433,0.0101,0.874,0.4498,0.1534,72.5,88.2,92.0,96.9,99.3,99.8,30280.923828125,KNEW   910,OAKLAND,CA,POINT (-122.3258 37.89492)
CommunicationFlty,CA000444,FALSE,null,DFLT,LC,D,0,0,5.0,null,0.31861957907676697,10.963915824890137,0.6945685744285583,0.2874138057231903,0.0,0.0,0.0,0.0,0.0,29.523393630981445,0.5,0.0515,0.2905,0.381,0.2476,0.0292,0.9484,0.6578,0.2768,58.3,78.9,85.2,93.8,98.2,99.6,43594.2734375,KSMC  CH 208,MORAGA,CA,POINT (-122.11108 37.8402)
CommunicationFlty,CA000562,FALSE,null,DFLT,LC,D,0,0,5.0,null,0.2734396457672119,14.547263145446777,0.7414925694465637,0.49189117550849915,0.0,0.0,0.0,0.0,0.0,29.523393630981445,0.5,0.0882,0.3716,0.3393,0.1845,0.0162,0.9117,0.5401,0.2007,66.5,84.6,89.4,95.8,98.9,99.8,35763.9140625,KVHS  CH 213,CONCORD,CA,POINT (-122.00218 38.0302)
CommunicationFlty,CA000582,FALSE,null,DFLT,LC,D,0,0,5.0,null,0.29944267868995667,12.994046211242676,0.7356488108634949,0.3667662739753723,0.0,0.0,0.0,0.0,0.0,29.523393630981445,0.5,0.0646,0.3241,0.3668,0.2211,0.0231,0.9353,0.6112,0.2443,61.7,81.3,87.0,94.7,98.5,99.7,40362.13671875,KECG  CH 201,EL CERRITO,CA,POINT (-122.29525 37.90826)
CommunicationFlty,CA000679,FALSE,null,DFLT,LC,D,0,0,5.0,null,0.32553109526634216,12.258646011352539,0.7515487670898438,0.33662161231040955,0.0,0.0,0.0,0.0,0.0,29.523393630981445,0.5,0.0475,0.2789,0.3849,0.2569,0.0315,0.9524,0.6734,0.2885,57.2,78.1,84.6,93.5,98.0,99.6,44704.65625,KFJO  CH 211,WALNUT CREEK,CA,POINT (-122.09496 37.89965)
CommunicationFlty,CA000930,FALSE,null,DFLT,LC,D,0,0,5.0,null,0.24457155168056488,8.56013298034668,0.5540158152580261,0.23476307094097137,0.0,0.0,0.0,0.0,0.0,29.523393630981445,0.5,0.1252,0.4234,0.2971,0.1439,0.0101,0.8747,0.4513,0.1541,72.4,88.1,91.9,96.9,99.3,99.8,30354.0859375,KSTN-FM  CH 297,STOCKTON,CA,POINT (-121.78134 37.82131)
ElectricPowerFlty,CA000016,FALSE,null,DFLT,LC,D,0,0,5.0,null,0.2888011634349823,15.714386940002441,0.7670409679412842,0.5222808122634888,0.0,0.0,0.0,0.0,0.0,29.523393630981445,0.5,0.0169,0.1276,0.6284,0.1244,0.1024,0.983,0.8554,0.2269,31.3,44.1,69.6,81.9,86.6,97.8,8489969.0,MARTINEZ SULFURIC ACID REGENERATION PLT,MARTINEZ,CA,POINT (-122.116022 38.033075)
ElectricPowerFlty,CA000022,FALSE,null,DFLT,LC,D,0,0,5.0,null,0.20283620059490204,7.012765884399414,0.45789074897766113,0.1807868927717209,0.0,0.0,0.0,0.0,0.0,29.523393630981445,0.5,0.0786,0.2833,0.5652,0.0446,0.028,0.9213,0.638,0.0727,50.2,61.5,84.0,94.2,95.9,99.4,22317776.0,BUENA VISTA ENERGY LLC,BYRON,CA,POINT (-121.6672 37.805)
ElectricPowerFlty,CA000029,FALSE,null,DFLT,LC,D,0,0,5.0,null,0.28632470965385437,10.346205711364746,0.6519268751144409,0.2789539396762848,0.0,0.0,0.0,0.0,0.0,29.523393630981445,0.5,0.0176,0.1308,0.6296,0.122,0.0996,0.9823,0.8514,0.2217,31.7,44.5,70.1,82.4,86.9,97.9,19749168.0,PHILLIPS 66 CARBON PLANT,RODEO,CA,POINT (-122.2344 38.018056)
ElectricPowerFlty,CA000141,FALSE,null,DFLT,LC,D,0,0,5.0,null,0.24465948343276978,9.492355346679688,0.5979543924331665,0.2650364935398102,0.0,0.0,0.0,0.0,0.0,29.523393630981445,0.5,0.0367,0.1964,0.6268,0.0816,0.0582,0.9632,0.7667,0.1398,39.4,52.1,77.2,88.9,91.9,98.7,18265236.0,COLUMBIA 1,UNINCORPORATED,CA,POINT (-121.863859 38.0195)
ElectricPowerFlty,CA000235,FALSE,null,DFLT,LC,D,0,0,5.0,null,0.283579558134079,10.185131072998047,0.6457984447479248,0.2739821970462799,0.0,0.0,0.0,0.0,0.0,29.523393630981445,0.5,0.0185,0.1345,0.6308,0.1194,0.0966,0.9814,0.8469,0.216,32.1,45.0,70.5,82.8,87.2,98.0,16657809.0,C&H SUGAR PLANT,CROCKETT,CA,POINT (-122.218889 38.057222)
ElectricPowerFlty,CA000250,FALSE,null,DFLT,LC,D,0,0,5.0,null,0.2675885558128357,11.3576021194458,0.6570038199424744,0.31031322479248047,0.0,0.0,0.0,0.0,0.0,29.523393630981445,0.5,0.0504,0.3104,0.5259,0.0979,0.0151,0.9495,0.639,0.1131,50.0,60.7,81.9,92.0,95.2,99.6,74371640.0,RICHMOND COGEN,RICHMOND,CA,POINT (-122.390557 37.942586)
ElectricPowerFlty,CA000305,FALSE,null,DFLT,LC,D,0,0,5.0,null,0.21277272701263428,8.365218162536621,0.5231019258499146,0.23649340867996216,0.0,0.0,0.0,0.0,0.0,29.523393630981445,0.5,0.1041,0.42,0.4281,0.0432,0.0043,0.8958,0.4757,0.0476,63.1,71.7,88.8,96.6,98.0,99.8,238793440.0,OAKLEY GENERATING STATION,OAKLEY,CA,POINT (-121.7475 38.01)
ElectricPowerFlty,CA000353,FALSE,null,DFLT,LC,D,0,0,5.0,null,0.24450528621673584,12.875670433044434,0.6858428120613098,0.43737316131591797,0.0,0.0,0.0,0.0,0.0,29.523393630981445,0.5,0.068,0.3557,0.4939,0.0727,0.0094,0.9319,0.5761,0.0822,55.1,65.1,84.9,94.2,96.5,99.7,289613952.0,LOS MEDANOS ENERGY CENTER,PITTSBURG,CA,POINT (-121.873004 38.030071)
ElectricPowerFlty,CA000383,FALSE,null,DFLT,LC,D,0,0,5.0,null,0.24465948343276978,9.492355346679688,0.5979543924331665,0.2650364935398102,0.0,0.0,0.0,0.0,0.0,29.523393630981445,0.5,0.0679,0.3554,0.4941,0.0728,0.0095,0.932,0.5765,0.0824,55.1,65.1,84.9,94.2,96.5,99.7,403180288.0,DELTA ENERGY CENTER,PITTSBURGH,CA,POINT (-121.845152 38.017125)
ElectricPowerFlty,CA000409,FALSE,null,DFLT,LC,D,0,0,5.0,null,0.2891490161418915,9.848416328430176,0.6430376172065735,0.2624647915363312,0.0,0.0,0.0,0.0,0.0,29.523393630981445,0.5,0.0383,0.2712,0.5446,0.1235,0.0222,0.9616,0.6903,0.1457,45.7,56.8,79.0,89.7,93.6,99.5,52493980.0,MARTINEZ REFINING,MARTINEZ,CA,POINT (-122.1117 38.0169)
ElectricPowerFlty,CA000411,FALSE,null,DFLT,LC,D,0,0,5.0,null,0.21277272701263428,8.365218162536621,0.5231019258499146,0.23649340867996216,0.0,0.0,0.0,0.0,0.0,29.523393630981445,0.5,0.1041,0.42,0.4281,0.0432,0.0043,0.8958,0.4757,0.0476,63.1,71.7,88.8,96.6,98.0,99.8,294096352.0,MARSH LANDING GENERATING STATION,ANTIOCH,CA,POINT (-121.765 38.016944)
ElectricPowerFlty,CA000486,FALSE,null,DFLT,LC,D,0,0,5.0,null,0.21277272701263428,8.365218162536621,0.5231019258499146,0.23649340867996216,0.0,0.0,0.0,0.0,0.0,29.523393630981445,0.5,0.1041,0.42,0.4281,0.0432,0.0043,0.8958,0.4757,0.0476,63.1,71.7,88.8,96.6,98.0,99.8,220110496.0,GATEWAY GENERATING STATION,ANTIOCH,CA,POINT (-121.7587 38.0175)
ElectricPowerFlty,CA000492,FALSE,null,DFLT,LC,D,0,0,5.0,null,0.2821619212627411,10.5068941116333,0.6519501805305481,0.2861925959587097,0.0,0.0,0.0,0.0,0.0,29.523393630981445,0.5,0.019,0.1364,0.6314,0.118,0.095,0.9809,0.8445,0.2131,32.4,45.2,70.8,83.1,87.4,98.0,36699372.0,PHILLIPS 66 RODEO REFINERY,RODEO,CA,POINT (-122.2583 38.0417)
ElectricPowerFlty,CA000554,FALSE,null,DFLT,LC,D,0,0,5.0,null,0.305047869682312,12.021832466125488,0.7280945777893066,0.32921820878982544,0.0,0.0,0.0,0.0,0.0,29.523393630981445,0.5,0.0128,0.1082,0.6176,0.1398,0.1213,0.9871,0.8788,0.2612,29.0,41.6,66.8,79.1,84.4,97.5,2537982.25,CCCSD WASTEWATER TREATMENT PLNT,MARTINEZ,CA,POINT (-122.0697 37.9978)
ElectricPowerFlty,CA000655,FALSE,null,DFLT,LC,D,0,0,5.0,null,0.283579558134079,10.185131072998047,0.6457984447479248,0.2739821970462799,0.0,0.0,0.0,0.0,0.0,29.523393630981445,0.5,0.0411,0.281,0.5407,0.1167,0.0202,0.9588,0.6778,0.137,46.8,57.8,79.7,90.3,94.0,99.5,126867760.0,CROCKETT COGEN PROJECT,CROCKETT,CA,POINT (-122.2161 38.0569)
ElectricPowerFlty,CA000659,FALSE,null,DFLT,LC,D,0,0,5.0,null,0.25543802976608276,13.52338695526123,0.7071109414100647,0.45895054936408997,0.0,0.0,0.0,0.0,0.0,29.523393630981445,0.5,0.059,0.3339,0.5107,0.0843,0.0119,0.9409,0.607,0.0963,52.6,63.0,83.5,93.2,95.9,99.7,633575424.0,PITTSBURG POWER,PITTSBURG,CA,POINT (-121.894469 38.039168)
ElectricPowerFlty,CA000723,FALSE,null,DFLT,LC,D,0,0,5.0,null,0.21494640409946442,7.41326904296875,0.48333194851875305,0.1896810680627823,0.0,0.0,0.0,0.0,0.0,29.523393630981445,0.5,0.0629,0.2565,0.5903,0.0546,0.0355,0.937,0.6805,0.0901,46.7,58.6,82.1,92.9,94.9,99.2,49420704.0,VASCO WINDS,LIVERMORE,CA,POINT (-121.718055 37.790833)
ElectricPowerFlty,CA000743,FALSE,null,DFLT,LC,D,0,0,5.0,null,0.305047869682312,12.021832466125488,0.7280945777893066,0.32921820878982544,0.0,0.0,0.0,0.0,0.0,29.523393630981445,0.5,0.0315,0.2446,0.5522,0.143,0.0285,0.9684,0.7238,0.1715,42.9,54.2,76.7,87.8,92.4,99.3,63425652.0,FOSTER WHEELER MARTINEZ,MARTINEZ,CA,POINT (-122.0589 38.0244)
ElectricPowerFlty,CA000747,FALSE,null,DFLT,LC,D,0,0,5.0,null,0.22777557373046875,8.881070137023926,0.5582232475280762,0.24961048364639282,0.0,0.0,0.0,0.0,0.0,29.523393630981445,0.5,0.0498,0.2293,0.6102,0.0658,0.0446,0.9501,0.7207,0.1105,43.3,55.6,80.0,91.3,93.7,99.0,24707566.0,RIVERVIEW ENERGY CENTER,ANTIOCH,CA,POINT (-121.790679 38.014423)
ElectricPowerFlty,CA000879,FALSE,null,DFLT,LC,D,0,0,5.0,null,0.2675885558128357,11.3576021194458,0.6570038199424744,0.31031322479248047,0.0,0.0,0.0,0.0,0.0,29.523393630981445,0.5,0.0245,0.1576,0.6342,0.1038,0.0797,0.9754,0.8178,0.1836,34.9,47.7,73.3,85.5,89.3,98.3,5100860.5,NOVE POWER PLANT,RICHMOND,CA,POINT (-122.382 37.9676)
ElectricPowerFlty,CA000887,FALSE,null,DFLT,LC,D,0,0,5.0,null,0.2675885558128357,11.3576021194458,0.6570038199424744,0.31031322479248047,0.0,0.0,0.0,0.0,0.0,29.523393630981445,0.5,0.0245,0.1576,0.6342,0.1038,0.0797,0.9754,0.8178,0.1836,34.9,47.7,73.3,85.5,89.3,98.3,11037778.0,MARIN CLEAN ENERGY SOLAR ONE,RICHMOND,CA,POINT (-122.377202 37.945296)
ElectricPowerFlty,CA000975,FALSE,null,DFLT,LC,D,0,0,5.0,null,0.2561769485473633,8.608607292175293,0.5629810690879822,0.21416859328746796,0.0,0.0,0.0,0.0,0.0,29.523393630981445,0.5,0.0299,0.1761,0.6325,0.0927,0.0686,0.97,0.7939,0.1613,37.0,49.8,75.3,87.2,90.6,98.5,6158692.5,AMERESCO KELLER CANYON,BAY POINT,CA,POINT (-121.934491 38.003928)
HighwayBridge,CA000019,null,null,null,null,D,0,0,5.0,null,0.2115025371313095,8.528155326843262,0.5292953252792358,0.24595637619495392,0.0,0.0,0.0,0.0,0.0,29.523393630981445,0.5,0.9753,0.0149,0.0055,0.0034,0.0006,0.0246,0.0097,0.0041,98.8,99.3,99.5,99.5,99.6,99.7,832.0563354492188,'Delta-Mendota Canal',null,null,POINT (-121.5785 37.8124)
HighwayBridge,CA000076,null,null,null,null,D,0,0,5.0,null,0.30044370889663696,10.422507286071777,0.6744294166564941,0.26809030771255493,0.0,0.0,0.0,0.0,0.0,29.523393630981445,0.5,0.9649,0.0208,0.0078,0.0052,0.001,0.035,0.0141,0.0062,98.2,99.0,99.3,99.3,99.4,99.6,1017.828125,'Galinda Creek',null,null,POINT (-122.022 37.965069)
HighwayBridge,CA005339,null,null,null,null,D,0,0,5.0,null,0.283579558134079,10.185131072998047,0.6457984447479248,0.2739821970462799,0.0,0.0,0.0,0.0,0.0,29.523393630981445,0.5,0.7358,0.106,0.099,0.0352,0.0237,0.2641,0.158,0.0589,84.5,90.0,93.8,94.3,94.6,96.5,4201046.0,'CARQUINEZ STRAIT UP RR',null,null,POINT (-122.224908 38.054722)
HighwayBridge,CA006853,null,null,null,null,D,0,0,5.0,null,0.21277272701263428,8.365218162536621,0.5231019258499146,0.23649340867996216,0.0,0.0,0.0,0.0,0.0,29.523393630981445,0.5,0.987,0.0,0.0077,0.0041,0.001,0.0129,0.0129,0.0052,98.9,99.1,99.4,99.5,99.5,99.7,510128.375,'SAN JOAQUIN RIVR ANTIOCH',null,null,POINT (-121.751478 38.0168)
HighwayBridge,CA006854,null,null,null,null,D,0,0,5.0,null,0.21277272701263428,8.365218162536621,0.5231019258499146,0.23649340867996216,0.0,0.0,0.0,0.0,0.0,29.523393630981445,0.5,0.9396,0.0474,0.0077,0.0041,0.001,0.0603,0.0129,0.0052,97.7,99.1,99.4,99.5,99.5,99.7,14216.5361328125,'BNSF RY  UP RR  & AMTRAK',null,null,POINT (-121.752933 38.009083)
HighwayBridge,CA006855,null,null,null,null,D,0,0,5.0,null,0.21277272701263428,8.365218162536621,0.5231019258499146,0.23649340867996216,0.0,0.0,0.0,0.0,0.0,29.523393630981445,0.5,0.9396,0.0474,0.0077,0.0041,0.001,0.0603,0.0129,0.0052,97.7,99.1,99.4,99.5,99.5,99.7,13354.927734375,'BNSF RY  UP RR  & AMTRAK',null,null,POINT (-121.752617 38.009033)
HighwayBridge,CA006856,null,null,null,null,D,0,0,5.0,null,0.21277272701263428,8.365218162536621,0.5231019258499146,0.23649340867996216,0.0,0.0,0.0,0.0,0.0,29.523393630981445,0.5,0.9788,0.0127,0.0048,0.0029,0.0005,0.0211,0.0084,0.0035,98.9,99.4,99.6,99.6,99.6,99.8,5471.99462890625,'WILBUR AVENUE',null,null,POINT (-121.752239 38.012075)
HighwayBridge,CA006857,null,null,null,null,D,0,0,5.0,null,0.21277272701263428,8.365218162536621,0.5231019258499146,0.23649340867996216,0.0,0.0,0.0,0.0,0.0,29.523393630981445,0.5,0.9788,0.0127,0.0048,0.0029,0.0005,0.0211,0.0084,0.0035,98.9,99.4,99.6,99.6,99.6,99.8,5471.99462890625,'WILBUR AVENUE',null,null,POINT (-121.75195 38.012058)
HighwayBridge,CA006858,null,null,null,null,D,0,0,5.0,null,0.1987956464290619,8.536466598510742,0.5197939872741699,0.25990328192710876,0.0,0.0,0.0,0.0,0.0,29.523393630981445,0.5,0.9807,0.0,0.0111,0.0063,0.0017,0.0192,0.0192,0.008,98.4,98.7,99.1,99.2,99.2,99.6,4851.47900390625,'KELLOGG CREEK',null,null,POINT (-121.618575 37.889322)
HighwayBridge,CA006859,null,null,null,null,D,0,0,5.0,null,0.1987956464290619,8.536466598510742,0.5197939872741699,0.25990328192710876,0.0,0.0,0.0,0.0,0.0,29.523393630981445,0.5,0.9807,0.0,0.0111,0.0063,0.0017,0.0192,0.0192,0.008,98.4,98.7,99.1,99.2,99.2,99.6,3093.986083984375,'KENDALL CREEK OVERFLOW',null,null,POINT (-121.613881 37.889289)
HighwayBridge,CA006860,null,null,null,null,D,0,0,5.0,null,0.29944267868995667,12.994046211242676,0.7356488108634949,0.3667662739753723,0.0,0.0,0.0,0.0,0.0,29.523393630981445,0.5,0.9326,0.0,0.0337,0.0241,0.0094,0.0673,0.0673,0.0335,94.3,95.3,96.6,96.8,97.0,98.2,165587.171875,'POTRERO AVE & S80 ON RMP',null,null,POINT (-122.317494 37.920642)
HighwayBridge,CA006861,null,null,null,null,D,0,0,5.0,null,0.28632470965385437,10.346205711364746,0.6519268751144409,0.2789539396762848,0.0,0.0,0.0,0.0,0.0,29.523393630981445,0.5,0.9153,0.0,0.0409,0.0307,0.013,0.0846,0.0846,0.0437,92.8,94.0,95.6,95.8,96.1,97.7,40623.37109375,'RODEO CREEK',null,null,POINT (-122.23865 38.014158)
HighwayBridge,CA006862,null,null,null,null,D,0,0,5.0,null,0.28632470965385437,10.346205711364746,0.6519268751144409,0.2789539396762848,0.0,0.0,0.0,0.0,0.0,29.523393630981445,0.5,0.8991,0.0706,0.0167,0.0103,0.0031,0.1008,0.0302,0.0135,95.7,97.9,98.6,98.7,98.7,99.3,9445.2421875,'RODEO CREEK',null,null,POINT (-122.23845 38.013889)
HighwayBridge,CA006863,null,null,null,null,D,0,0,5.0,null,0.3249405324459076,14.086722373962402,0.800311267375946,0.42130327224731445,0.0,0.0,0.0,0.0,0.0,29.523393630981445,0.5,0.897,0.0,0.048,0.0376,0.0171,0.1029,0.1029,0.0548,91.2,92.6,94.5,94.8,95.0,97.0,476548.15625,'INTERSTATE 680',null,null,POINT (-122.052953 37.957658)
HighwayBridge,CA006864,null,null,null,null,D,0,0,5.0,null,0.3249405324459076,14.086722373962402,0.800311267375946,0.42130327224731445,0.0,0.0,0.0,0.0,0.0,29.523393630981445,0.5,0.8,0.0,0.0801,0.0745,0.0452,0.1999,0.1999,0.1197,82.6,85.0,88.1,88.6,89.2,93.2,402774.96875,'WALNUT CREEK',null,null,POINT (-122.051858 37.958678)
HighwayBridge,CA006865,null,null,null,null,D,0,0,5.0,null,0.21277272701263428,8.365218162536621,0.5231019258499146,0.23649340867996216,0.0,0.0,0.0,0.0,0.0,29.523393630981445,0.5,0.9788,0.0126,0.0049,0.003,0.0005,0.0211,0.0084,0.0035,98.9,99.4,99.6,99.6,99.6,99.8,10747.955078125,'E 18TH STREET',null,null,POINT (-121.753903 38.004908)
HighwayBridge,CA006866,null,null,null,null,D,0,0,5.0,null,0.21277272701263428,8.365218162536621,0.5231019258499146,0.23649340867996216,0.0,0.0,0.0,0.0,0.0,29.523393630981445,0.5,0.9788,0.0126,0.0049,0.003,0.0005,0.0211,0.0084,0.0035,98.9,99.4,99.6,99.6,99.6,99.8,8015.423828125,'E 18TH STREET',null,null,POINT (-121.753519 38.004911)
HighwayBridge,CA006867,null,null,null,null,D,0,0,5.0,null,0.32553109526634216,12.258646011352539,0.7515487670898438,0.33662161231040955,0.0,0.0,0.0,0.0,0.0,29.523393630981445,0.5,0.8322,0.1171,0.0263,0.0178,0.0063,0.1677,0.0506,0.0242,92.8,96.5,97.5,97.7,97.8,98.7,26376.076171875,'MOUNT DIABLO BOULEVARD',null,null,POINT (-122.097431 37.896783)
HighwayBridge,CA006868,null,null,null,null,D,0,0,5.0,null,0.2675885558128357,11.3576021194458,0.6570038199424744,0.31031322479248047,0.0,0.0,0.0,0.0,0.0,29.523393630981445,0.5,0.962,0.0,0.0205,0.0131,0.0043,0.0379,0.0379,0.0174,96.8,97.4,98.2,98.3,98.4,99.1,33711.0078125,'BNSF RY & GARRARD BLVD',null,null,POINT (-122.381161 37.92725)
HighwayBridge,CA006869,null,null,null,null,D,0,0,5.0,null,0.2675885558128357,11.3576021194458,0.6570038199424744,0.31031322479248047,0.0,0.0,0.0,0.0,0.0,29.523393630981445,0.5,0.9592,0.0,0.0218,0.0141,0.0047,0.0407,0.0407,0.0189,96.6,97.2,98.0,98.2,98.3,99.0,67004.7890625,'BNSF RY & GARRARD BLVD',null,null,POINT (-122.381306 37.927183)
HighwayBridge,CA006870,null,null,null,null,D,0,0,5.0,null,0.2675885558128357,11.3576021194458,0.6570038199424744,0.31031322479248047,0.0,0.0,0.0,0.0,0.0,29.523393630981445,0.5,0.9599,0.0,0.0215,0.0139,0.0046,0.04,0.04,0.0185,96.6,97.2,98.1,98.2,98.3,99.0,126760.90625,'BNSF RY & GARRARD BLVD',null,null,POINT (-122.380953 37.927475)
HighwayBridge,CA006871,null,null,null,null,D,0,0,5.0,null,0.2675885558128357,11.3576021194458,0.6570038199424744,0.31031322479248047,0.0,0.0,0.0,0.0,0.0,29.523393630981445,0.5,0.9599,0.0,0.0215,0.0139,0.0046,0.04,0.04,0.0185,96.6,97.2,98.1,98.2,98.3,99.0,133021.03125,'BNSF RY & GARRARD BLVD',null,null,POINT (-122.3808 37.927658)
HighwayBridge,CA006872,null,null,null,null,D,0,0,5.0,null,0.2675885558128357,11.3576021194458,0.6570038199424744,0.31031322479248047,0.0,0.0,0.0,0.0,0.0,29.523393630981445,0.5,0.9602,0.0,0.0213,0.0138,0.0046,0.0397,0.0397,0.0184,96.6,97.3,98.1,98.2,98.3,99.0,95323.3671875,'BNSF RY & GARRARD BLVD',null,null,POINT (-122.380714 37.927869)
HighwayBridge,CA006873,null,null,null,null,D,0,0,5.0,null,0.3204180598258972,12.237601280212402,0.7436526417732239,0.3358174264431,0.0,0.0,0.0,0.0,0.0,29.523393630981445,0.5,0.926,0.0109,0.0296,0.0254,0.0078,0.0739,0.063,0.0333,94.3,95.5,96.6,96.8,97.0,98.3,4145.111328125,'SAN RAMON CREEK',null,null,POINT (-121.976989 37.781214)
HighwayBridge,CA006874,null,null,null,null,D,0,0,5.0,null,0.321115106344223,11.395089149475098,0.7213207483291626,0.3060084879398346,0.0,0.0,0.0,0.0,0.0,29.523393630981445,0.5,0.9639,0.0,0.0196,0.0124,0.004,0.036,0.036,0.0164,97.0,97.5,98.3,98.4,98.5,99.1,163778.546875,'RUDGEAR ROAD',null,null,POINT (-122.048786 37.879117)
HighwayBridge,CA006875,null,null,null,null,D,0,0,5.0,null,0.2891490161418915,9.848416328430176,0.6430376172065735,0.2624647915363312,0.0,0.0,0.0,0.0,0.0,29.523393630981445,0.5,0.9683,0.0085,0.0122,0.0087,0.0019,0.0316,0.023,0.0107,97.8,98.4,98.8,98.9,99.0,99.4,29927.2734375,'ABANDONED BNSF RY SPUR',null,null,POINT (-122.124956 37.992114)
HighwayBridge,CA006876,null,null,null,null,D,0,0,5.0,null,0.21277272701263428,8.365218162536621,0.5231019258499146,0.23649340867996216,0.0,0.0,0.0,0.0,0.0,29.523393630981445,0.5,0.9396,0.0449,0.0091,0.005,0.0013,0.0603,0.0154,0.0063,97.6,98.9,99.3,99.3,99.4,99.6,12993.50390625,'UP RR',null,null,POINT (-121.757931 37.992547)
HighwayBridge,CA006877,null,null,null,null,D,0,0,5.0,null,0.21277272701263428,8.365218162536621,0.5231019258499146,0.23649340867996216,0.0,0.0,0.0,0.0,0.0,29.523393630981445,0.5,0.9396,0.0472,0.0078,0.0042,0.001,0.0603,0.0131,0.0052,97.7,99.1,99.4,99.4,99.5,99.7,12198.72265625,'UP RR',null,null,POINT (-121.756858 37.992122)
HighwayBridge,CA006878,null,null,null,null,D,0,0,5.0,null,0.2801668047904968,10.005664825439453,0.6286258697509766,0.27086547017097473,0.0,0.0,0.0,0.0,0.0,29.523393630981445,0.5,0.8465,0.1038,0.0349,0.0128,0.0018,0.1534,0.0496,0.0146,93.4,97.0,98.4,98.6,98.7,99.3,76549.3203125,'CUTTING BLVD',null,null,POINT (-122.320786 37.925183)
HighwayBridge,CA006879,null,null,null,null,D,0,0,5.0,null,0.2801668047904968,10.005664825439453,0.6286258697509766,0.27086547017097473,0.0,0.0,0.0,0.0,0.0,29.523393630981445,0.5,0.8465,0.1038,0.0349,0.0128,0.0018,0.1534,0.0496,0.0146,93.4,97.0,98.4,98.6,98.7,99.3,87829.1875,'CUTTING BLVD',null,null,POINT (-122.320219 37.92515)
HighwayBridge,CA006880,null,null,null,null,D,0,0,5.0,null,0.2801668047904968,10.005664825439453,0.6286258697509766,0.27086547017097473,0.0,0.0,0.0,0.0,0.0,29.523393630981445,0.5,0.9644,0.016,0.0105,0.0073,0.0015,0.0355,0.0194,0.0089,97.9,98.6,99.0,99.1,99.1,99.5,22175.251953125,'RICHMOND GREENWAY TRAIL',null,null,POINT (-122.324731 37.931372)
HighwayBridge,CA006881,null,null,null,null,D,0,0,5.0,null,0.28633642196655273,12.898520469665527,0.7165697813034058,0.3699047267436981,0.0,0.0,0.0,0.0,0.0,29.523393630981445,0.5,0.9007,0.0253,0.0339,0.03,0.0098,0.0992,0.0738,0.0399,93.0,94.6,96.0,96.2,96.4,98.0,252674.25,'MACDONALD AVE & E80 OFF',null,null,POINT (-122.325556 37.932489)
HighwayBridge,CA006882,null,null,null,null,D,0,0,5.0,null,0.28633642196655273,12.898520469665527,0.7165697813034058,0.3699047267436981,0.0,0.0,0.0,0.0,0.0,29.523393630981445,0.5,0.8982,0.0,0.0476,0.0372,0.0168,0.1017,0.1017,0.0541,91.3,92.7,94.5,94.8,95.1,97.1,77715.0703125,'MACDONALD AVE & E80 OFF',null,null,POINT (-122.325283 37.932264)
HighwayBridge,CA006883,null,null,null,null,D,0,0,5.0,null,0.28633642196655273,12.898520469665527,0.7165697813034058,0.3699047267436981,0.0,0.0,0.0,0.0,0.0,29.523393630981445,0.5,0.9306,0.0,0.0345,0.0248,0.0098,0.0693,0.0693,0.0347,94.1,95.1,96.4,96.7,96.8,98.1,117266.40625,'BARRETT AVENUE',null,null,POINT (-122.326625 37.935294)
HighwayBridge,CA006884,null,null,null,null,D,0,0,5.0,null,0.28633642196655273,12.898520469665527,0.7165697813034058,0.3699047267436981,0.0,0.0,0.0,0.0,0.0,29.523393630981445,0.5,0.9007,0.0505,0.0237,0.0194,0.0055,0.0992,0.0487,0.0249,94.6,96.5,97.4,97.6,97.7,98.7,21748.806640625,'BARRETT AVENUE',null,null,POINT (-122.326439 37.935333)
HighwayBridge,CA006885,null,null,null,null,D,0,0,5.0,null,0.28633642196655273,12.898520469665527,0.7165697813034058,0.3699047267436981,0.0,0.0,0.0,0.0,0.0,29.523393630981445,0.5,0.9007,0.0089,0.0401,0.0371,0.0131,0.0992,0.0903,0.0502,92.0,93.4,95.0,95.2,95.5,97.4,270779.625,'SAN PABLO AVENUE',null,null,POINT (-122.326019 37.937008)
HighwayBridge,CA006886,null,null,null,null,D,0,0,5.0,null,0.28633642196655273,12.898520469665527,0.7165697813034058,0.3699047267436981,0.0,0.0,0.0,0.0,0.0,29.523393630981445,0.5,0.9007,0.0313,0.0316,0.0275,0.0087,0.0992,0.0679,0.0363,93.4,95.1,96.3,96.5,96.7,98.2,32398.4296875,'SAN PABLO AVENUE',null,null,POINT (-122.326428 37.937647)
HighwayBridge,CA006887,null,null,null,null,D,0,0,5.0,null,0.2801668047904968,10.005664825439453,0.6286258697509766,0.27086547017097473,0.0,0.0,0.0,0.0,0.0,29.523393630981445,0.5,0.9757,0.0,0.0137,0.0081,0.0023,0.0242,0.0242,0.0105,98.0,98.3,98.9,99.0,99.0,99.4,24509.7890625,'INTERSTATE 80',null,null,POINT (-122.324083 37.943269)
HighwayBridge,CA006888,null,null,null,null,D,0,0,5.0,null,0.28633642196655273,12.898520469665527,0.7165697813034058,0.3699047267436981,0.0,0.0,0.0,0.0,0.0,29.523393630981445,0.5,0.9308,0.0,0.0345,0.0248,0.0098,0.0691,0.0691,0.0346,94.1,95.1,96.5,96.7,96.9,98.2,115700.75,'INTERSTATE 80',null,null,POINT (-122.326322 37.948492)
HighwayBridge,CA006889,null,null,null,null,D,0,0,5.0,null,0.28633642196655273,12.898520469665527,0.7165697813034058,0.3699047267436981,0.0,0.0,0.0,0.0,0.0,29.523393630981445,0.5,0.7899,0.126,0.0406,0.0305,0.0128,0.21,0.084,0.0433,89.7,94.0,95.6,95.9,96.1,97.7,64254.02734375,'INTERSTATE 80',null,null,POINT (-122.329981 37.955761)
HighwayBridge,CA006890,null,null,null,null,D,0,0,5.0,null,0.29944267868995667,12.994046211242676,0.7356488108634949,0.3667662739753723,0.0,0.0,0.0,0.0,0.0,29.523393630981445,0.5,0.9326,0.0,0.0337,0.0241,0.0094,0.0673,0.0673,0.0335,94.3,95.3,96.6,96.8,97.0,98.2,35532.015625,'RUST DRAIN',null,null,POINT (-122.318653 37.905978)
HighwayBridge,CA006891,null,null,null,null,D,0,0,5.0,null,0.29944267868995667,12.994046211242676,0.7356488108634949,0.3667662739753723,0.0,0.0,0.0,0.0,0.0,29.523393630981445,0.5,0.9031,0.0495,0.0231,0.0188,0.0052,0.0968,0.0472,0.0241,94.7,96.6,97.5,97.7,97.8,98.8,28477.298828125,'STEGE DRAIN',null,null,POINT (-122.323397 37.91175)
HighwayBridge,CA006892,null,null,null,null,D,0,0,5.0,null,0.2561769485473633,8.608607292175293,0.5629810690879822,0.21416859328746796,0.0,0.0,0.0,0.0,0.0,29.523393630981445,0.5,0.9826,0.0122,0.003,0.0017,0.0002,0.0173,0.0051,0.002,99.2,99.6,99.7,99.7,99.8,99.8,2855.790771484375,'CONTRA COSTA CANAL',null,null,POINT (-121.938289 38.019008)
HighwayBridge,CA006893,null,null,null,null,D,0,0,5.0,null,0.2561769485473633,8.608607292175293,0.5629810690879822,0.21416859328746796,0.0,0.0,0.0,0.0,0.0,29.523393630981445,0.5,0.9826,0.0122,0.003,0.0017,0.0002,0.0173,0.0051,0.002,99.2,99.6,99.7,99.7,99.8,99.8,2855.790771484375,'CONTRA COSTA CANAL',null,null,POINT (-121.938311 38.018581)
HighwayBridge,CA006894,null,null,null,null,D,0,0,5.0,null,0.2675885558128357,11.3576021194458,0.6570038199424744,0.31031322479248047,0.0,0.0,0.0,0.0,0.0,29.523393630981445,0.5,0.6639,0.1228,0.1257,0.0496,0.0379,0.336,0.2132,0.0875,79.4,86.1,90.9,91.6,92.0,94.7,28685364.0,'SAN PABLO BAY',null,null,POINT (-122.405325 37.932625)
HighwayBridge,CA006895,null,null,null,null,D,0,0,5.0,null,0.30203935503959656,10.406497955322266,0.664941132068634,0.2777739465236664,0.0,0.0,0.0,0.0,0.0,29.523393630981445,0.5,0.961,0.0221,0.0092,0.0062,0.0013,0.0389,0.0168,0.0075,98.0,98.8,99.2,99.2,99.3,99.6,7670.693359375,'CAMINO PABLO',null,null,POINT (-122.185011 37.879211)
HighwayBridge,CA006896,null,null,null,null,D,0,0,5.0,null,0.30203935503959656,10.406497955322266,0.664941132068634,0.2777739465236664,0.0,0.0,0.0,0.0,0.0,29.523393630981445,0.5,0.961,0.0221,0.0092,0.0062,0.0013,0.0389,0.0168,0.0075,98.0,98.8,99.2,99.2,99.3,99.6,13447.37109375,'CAMINO PABLO',null,null,POINT (-122.184797 37.879086)
HighwayBridge,CA006897,null,null,null,null,D,0,0,5.0,null,0.30203935503959656,10.406497955322266,0.664941132068634,0.2777739465236664,0.0,0.0,0.0,0.0,0.0,29.523393630981445,0.5,0.961,0.0221,0.0092,0.0062,0.0013,0.0389,0.0168,0.0075,98.0,98.8,99.2,99.2,99.3,99.6,12838.0751953125,'CAMINO PABLO',null,null,POINT (-122.183344 37.878236)
HighwayBridge,CA006898,null,null,null,null,D,0,0,5.0,null,0.3249405324459076,14.086722373962402,0.800311267375946,0.42130327224731445,0.0,0.0,0.0,0.0,0.0,29.523393630981445,0.5,0.897,0.0,0.048,0.0376,0.0171,0.1029,0.1029,0.0548,91.2,92.6,94.5,94.8,95.0,97.0,955766.3125,'MONUMENT BOULEVARD',null,null,POINT (-122.058236 37.944556)
HighwayBridge,CA006899,null,null,null,null,D,0,0,5.0,null,0.24465948343276978,9.492355346679688,0.5979543924331665,0.2650364935398102,0.0,0.0,0.0,0.0,0.0,29.523393630981445,0.5,0.9791,0.0,0.0119,0.0069,0.0019,0.0208,0.0208,0.0088,98.2,98.6,99.0,99.1,99.2,99.5,10225.345703125,'MAINTENANCE ACCESS',null,null,POINT (-121.855889 38.008914)
HighwayBridge,CA006900,null,null,null,null,D,0,0,5.0,null,0.32553109526634216,12.258646011352539,0.7515487670898438,0.33662161231040955,0.0,0.0,0.0,0.0,0.0,29.523393630981445,0.5,0.8322,0.1154,0.0271,0.0184,0.0066,0.1677,0.0522,0.0251,92.7,96.4,97.4,97.6,97.7,98.7,39685.12890625,'PLEASANT HILL ROAD',null,null,POINT (-122.096386 37.898008)
HighwayBridge,CA006901,null,null,null,null,D,0,0,5.0,null,0.32553109526634216,12.258646011352539,0.7515487670898438,0.33662161231040955,0.0,0.0,0.0,0.0,0.0,29.523393630981445,0.5,0.8322,0.1154,0.0271,0.0184,0.0066,0.1677,0.0522,0.0251,92.7,96.4,97.4,97.6,97.7,98.7,70817.421875,'PLEASANT HILL ROAD',null,null,POINT (-122.096322 37.897811)
HighwayBridge,CA006902,null,null,null,null,D,0,0,5.0,null,0.32553109526634216,12.258646011352539,0.7515487670898438,0.33662161231040955,0.0,0.0,0.0,0.0,0.0,29.523393630981445,0.5,0.8322,0.1166,0.0265,0.018,0.0064,0.1677,0.051,0.0244,92.7,96.4,97.5,97.6,97.8,98.7,69910.640625,'PLEASANT HILL ROAD',null,null,POINT (-122.096256 37.897447)
HighwayBridge,CA006903,null,null,null,null,D,0,0,5.0,null,0.32553109526634216,12.258646011352539,0.7515487670898438,0.33662161231040955,0.0,0.0,0.0,0.0,0.0,29.523393630981445,0.5,0.8322,0.1166,0.0265,0.018,0.0064,0.1677,0.051,0.0244,92.7,96.4,97.5,97.6,97.8,98.7,39176.97265625,'PLEASANT HILL ROAD',null,null,POINT (-122.096222 37.897286)
HighwayBridge,CA006904,null,null,null,null,D,0,0,5.0,null,0.28633642196655273,12.898520469665527,0.7165697813034058,0.3699047267436981,0.0,0.0,0.0,0.0,0.0,29.523393630981445,0.5,0.8751,0.0,0.052,0.0519,0.0208,0.1248,0.1248,0.0728,89.2,90.7,92.7,93.1,93.5,96.2,9610.517578125,'SAN PABLO CREEK',null,null,POINT (-122.328639 37.962503)
HighwayBridge,CA006905,null,null,null,null,D,0,0,5.0,null,0.21277272701263428,8.365218162536621,0.5231019258499146,0.23649340867996216,0.0,0.0,0.0,0.0,0.0,29.523393630981445,0.5,0.9396,0.0468,0.008,0.0043,0.001,0.0603,0.0134,0.0054,97.7,99.1,99.4,99.4,99.5,99.7,18140.44140625,'STATE ROUTE 160',null,null,POINT (-121.755861 37.997728)
HighwayBridge,CA006906,null,null,null,null,D,0,0,5.0,null,0.311388224363327,10.946950912475586,0.6955714821815491,0.293448805809021,0.0,0.0,0.0,0.0,0.0,29.523393630981445,0.5,0.9526,0.0234,0.0126,0.009,0.002,0.0473,0.0238,0.0111,97.4,98.3,98.8,98.9,98.9,99.4,8266.8681640625,'ACALANES ROAD',null,null,POINT (-122.154667 37.892397)
HighwayBridge,CA006907,null,null,null,null,D,0,0,5.0,null,0.311388224363327,10.946950912475586,0.6955714821815491,0.293448805809021,0.0,0.0,0.0,0.0,0.0,29.523393630981445,0.5,0.9526,0.0234,0.0126,0.009,0.002,0.0473,0.0238,0.0111,97.4,98.3,98.8,98.9,98.9,99.4,17388.931640625,'ACALANES ROAD',null,null,POINT (-122.154597 37.892133)
HighwayBridge,CA006908,null,null,null,null,D,0,0,5.0,null,0.311388224363327,10.946950912475586,0.6955714821815491,0.293448805809021,0.0,0.0,0.0,0.0,0.0,29.523393630981445,0.5,0.9526,0.0234,0.0126,0.009,0.002,0.0473,0.0238,0.0111,97.4,98.3,98.8,98.9,98.9,99.4,15427.75390625,'ACALANES ROAD',null,null,POINT (-122.154511 37.891747)
HighwayBridge,CA006909,null,null,null,null,D,0,0,5.0,null,0.311388224363327,10.946950912475586,0.6955714821815491,0.293448805809021,0.0,0.0,0.0,0.0,0.0,29.523393630981445,0.5,0.9526,0.0241,0.0123,0.0088,0.002,0.0473,0.0232,0.0108,97.4,98.4,98.8,98.9,99.0,99.4,7682.2138671875,'ACALANES ROAD',null,null,POINT (-122.154469 37.891581)
HighwayBridge,CA006910,null,null,null,null,D,0,0,5.0,null,0.311388224363327,10.946950912475586,0.6955714821815491,0.293448805809021,0.0,0.0,0.0,0.0,0.0,29.523393630981445,0.5,0.8833,0.0857,0.017,0.0105,0.0032,0.1166,0.0308,0.0138,95.2,97.9,98.5,98.6,98.7,99.3,35384.2421875,'STATE ROUTE 24 & BARTD',null,null,POINT (-122.171486 37.891989)
HighwayBridge,CA006911,null,null,null,null,D,0,0,5.0,null,0.29944267868995667,12.994046211242676,0.7356488108634949,0.3667662739753723,0.0,0.0,0.0,0.0,0.0,29.523393630981445,0.5,0.6972,0.1993,0.0669,0.0305,0.0058,0.3027,0.1033,0.0364,86.6,93.6,96.1,96.5,96.7,98.3,293040.84375,'CENTRAL AVENUE',null,null,POINT (-122.310389 37.900708)
HighwayBridge,CA006912,null,null,null,null,D,0,0,5.0,null,0.3249405324459076,14.086722373962402,0.800311267375946,0.42130327224731445,0.0,0.0,0.0,0.0,0.0,29.523393630981445,0.5,0.8942,0.0,0.0491,0.0387,0.0178,0.1057,0.1057,0.0565,91.0,92.4,94.3,94.6,94.9,96.9,296414.15625,'I 680  N MAIN STREET',null,null,POINT (-122.0609 37.93335)
HighwayBridge,CA006913,null,null,null,null,D,0,0,5.0,null,0.321115106344223,11.395089149475098,0.7213207483291626,0.3060084879398346,0.0,0.0,0.0,0.0,0.0,29.523393630981445,0.5,0.9608,0.0,0.021,0.0135,0.0044,0.0391,0.0391,0.018,96.7,97.3,98.1,98.2,98.3,99.0,65157.90625,'INTERSTATE 680',null,null,POINT (-122.071286 37.901531)
HighwayBridge,CA006914,null,null,null,null,D,0,0,5.0,null,0.321115106344223,11.395089149475098,0.7213207483291626,0.3060084879398346,0.0,0.0,0.0,0.0,0.0,29.523393630981445,0.5,0.9394,0.0,0.0307,0.0215,0.0081,0.0605,0.0605,0.0297,94.9,95.8,96.9,97.1,97.3,98.4,99332.8359375,'YGNACIO VALLEY ROAD',null,null,POINT (-122.069892 37.905481)
HighwayBridge,CA006915,null,null,null,null,D,0,0,5.0,null,0.321115106344223,11.395089149475098,0.7213207483291626,0.3060084879398346,0.0,0.0,0.0,0.0,0.0,29.523393630981445,0.5,0.9424,0.0,0.0294,0.0204,0.0076,0.0575,0.0575,0.028,95.1,96.0,97.1,97.3,97.4,98.5,137385.234375,'YGNACIO VALLEY ROAD',null,null,POINT (-122.069717 37.904731)
HighwayBridge,CA006916,null,null,null,null,D,0,0,5.0,null,0.321115106344223,11.395089149475098,0.7213207483291626,0.3060084879398346,0.0,0.0,0.0,0.0,0.0,29.523393630981445,0.5,0.9453,0.0157,0.0195,0.0153,0.004,0.0546,0.0389,0.0193,96.3,97.2,98.0,98.1,98.2,99.0,69426.1015625,'YGNACIO VALLEY ROAD',null,null,POINT (-122.069336 37.90505)
HighwayBridge,CA006917,null,null,null,null,D,0,0,5.0,null,0.321115106344223,11.395089149475098,0.7213207483291626,0.3060084879398346,0.0,0.0,0.0,0.0,0.0,29.523393630981445,0.5,0.9453,0.0233,0.0161,0.0121,0.003,0.0546,0.0313,0.0151,96.7,97.8,98.4,98.5,98.6,99.2,66575.5625,'PARKSIDE DRIVE',null,null,POINT (-122.067433 37.910892)
HighwayBridge,CA006918,null,null,null,null,D,0,0,5.0,null,0.321115106344223,11.395089149475098,0.7213207483291626,0.3060084879398346,0.0,0.0,0.0,0.0,0.0,29.523393630981445,0.5,0.909,0.0,0.0434,0.0331,0.0144,0.0909,0.0909,0.0475,92.3,93.5,95.2,95.5,95.7,97.5,465449.875,'INTERSTATE 680',null,null,POINT (-122.066022 37.916344)
HighwayBridge,CA006919,null,null,null,null,D,0,0,5.0,null,0.3249405324459076,14.086722373962402,0.800311267375946,0.42130327224731445,0.0,0.0,0.0,0.0,0.0,29.523393630981445,0.5,0.8962,0.0,0.0483,0.038,0.0173,0.1037,0.1037,0.0553,91.1,92.5,94.4,94.7,95.0,97.0,384653.375,'INTERSTATE 680',null,null,POINT (-122.061025 37.926292)
HighwayBridge,CA006920,null,null,null,null,D,0,0,5.0,null,0.2773539423942566,10.04581356048584,0.6278798580169678,0.26528066396713257,0.0,0.0,0.0,0.0,0.0,29.523393630981445,0.5,0.967,0.0186,0.0079,0.0052,0.001,0.0329,0.0142,0.0063,98.3,99.0,99.3,99.3,99.4,99.6,25458.431640625,'PINOLE VALLEY ROAD',null,null,POINT (-122.286164 37.9969)
HighwayBridge,CA006921,null,null,null,null,D,0,0,5.0,null,0.2801668047904968,10.005664825439453,0.6286258697509766,0.27086547017097473,0.0,0.0,0.0,0.0,0.0,29.523393630981445,0.5,0.9725,0.0,0.0153,0.0093,0.0027,0.0274,0.0274,0.0121,97.7,98.1,98.7,98.8,98.9,99.4,33711.6328125,'EL PORTAL DRIVE',null,null,POINT (-122.322414 37.966083)
HighwayBridge,CA006922,null,null,null,null,D,0,0,5.0,null,0.29944267868995667,12.994046211242676,0.7356488108634949,0.3667662739753723,0.0,0.0,0.0,0.0,0.0,29.523393630981445,0.5,0.8863,0.0,0.052,0.0418,0.0197,0.1136,0.1136,0.0615,90.3,91.8,93.8,94.1,94.4,96.7,201961.0625,'CARLSON BLVD',null,null,POINT (-122.316925 37.9106)
HighwayBridge,CA006923,null,null,null,null,D,0,0,5.0,null,0.32553109526634216,12.258646011352539,0.7515487670898438,0.33662161231040955,0.0,0.0,0.0,0.0,0.0,29.523393630981445,0.5,0.8322,0.114,0.0277,0.0189,0.0069,0.1677,0.0536,0.0259,92.6,96.3,97.3,97.5,97.6,98.6,89698.859375,'STATE ROUTE 24 & BARTD',null,null,POINT (-122.085286 37.898519)
HighwayBridge,CA006924,null,null,null,null,D,0,0,5.0,null,0.32553109526634216,12.258646011352539,0.7515487670898438,0.33662161231040955,0.0,0.0,0.0,0.0,0.0,29.523393630981445,0.5,0.9493,0.0,0.0263,0.0178,0.0063,0.0506,0.0506,0.0242,95.7,96.5,97.5,97.7,97.8,98.7,203749.4375,'N680-W24  CAMINO DIABLO',null,null,POINT (-122.075775 37.896103)
HighwayBridge,CA006925,null,null,null,null,D,0,0,5.0,null,0.321115106344223,11.395089149475098,0.7213207483291626,0.3060084879398346,0.0,0.0,0.0,0.0,0.0,29.523393630981445,0.5,0.9639,0.0,0.0196,0.0124,0.004,0.036,0.036,0.0164,97.0,97.5,98.3,98.4,98.5,99.1,305647.65625,'N680/W24 CONN I-680 C.D.',null,null,POINT (-122.071986 37.896914)
HighwayBridge,CA006926,null,null,null,null,D,0,0,5.0,null,0.321115106344223,11.395089149475098,0.7213207483291626,0.3060084879398346,0.0,0.0,0.0,0.0,0.0,29.523393630981445,0.5,0.9596,0.0,0.0216,0.014,0.0046,0.0403,0.0403,0.0187,96.6,97.2,98.1,98.2,98.3,99.0,53357.2421875,'BOULEVARD WAY',null,null,POINT (-122.072625 37.895278)
HighwayBridge,CA006927,null,null,null,null,D,0,0,5.0,null,0.321115106344223,11.395089149475098,0.7213207483291626,0.3060084879398346,0.0,0.0,0.0,0.0,0.0,29.523393630981445,0.5,0.9639,0.0,0.0196,0.0124,0.004,0.036,0.036,0.0164,97.0,97.5,98.3,98.4,98.5,99.1,73197.953125,'MT DIABLO BOULEVARD',null,null,POINT (-122.070672 37.896214)
HighwayBridge,CA006928,null,null,null,null,D,0,0,5.0,null,0.321115106344223,11.395089149475098,0.7213207483291626,0.3060084879398346,0.0,0.0,0.0,0.0,0.0,29.523393630981445,0.5,0.9604,0.0,0.0212,0.0137,0.0045,0.0395,0.0395,0.0182,96.7,97.3,98.1,98.2,98.3,99.0,59427.6171875,'MT DIABLO BOULEVARD',null,null,POINT (-122.070308 37.896206)
HighwayBridge,CA006929,null,null,null,null,D,0,0,5.0,null,0.321115106344223,11.395089149475098,0.7213207483291626,0.3060084879398346,0.0,0.0,0.0,0.0,0.0,29.523393630981445,0.5,0.9639,0.0,0.0196,0.0124,0.004,0.036,0.036,0.0164,97.0,97.5,98.3,98.4,98.5,99.1,281712.34375,'OLYMPIC BLVD I-680',null,null,POINT (-122.073731 37.896353)
HighwayBridge,CA006930,null,null,null,null,D,0,0,5.0,null,0.32553109526634216,12.258646011352539,0.7515487670898438,0.33662161231040955,0.0,0.0,0.0,0.0,0.0,29.523393630981445,0.5,0.8322,0.1162,0.0267,0.0181,0.0065,0.1677,0.0514,0.0246,92.7,96.4,97.4,97.6,97.7,98.7,47418.60546875,'BROWN AVENUE',null,null,POINT (-122.110922 37.895297)
HighwayBridge,CA006931,null,null,null,null,D,0,0,5.0,null,0.311388224363327,10.946950912475586,0.6955714821815491,0.293448805809021,0.0,0.0,0.0,0.0,0.0,29.523393630981445,0.5,0.8833,0.0851,0.0173,0.0107,0.0033,0.1166,0.0314,0.0141,95.2,97.8,98.5,98.6,98.7,99.2,28838.01171875,'HAPPY VALLEY ROAD',null,null,POINT (-122.126433 37.892869)
HighwayBridge,CA006932,null,null,null,null,D,0,0,5.0,null,0.311388224363327,10.946950912475586,0.6955714821815491,0.293448805809021,0.0,0.0,0.0,0.0,0.0,29.523393630981445,0.5,0.8833,0.0851,0.0173,0.0107,0.0033,0.1166,0.0314,0.0141,95.2,97.8,98.5,98.6,98.7,99.2,28838.01171875,'HAPPY VALLEY ROAD',null,null,POINT (-122.126353 37.892453)
HighwayBridge,CA006933,null,null,null,null,D,0,0,5.0,null,0.32553109526634216,12.258646011352539,0.7515487670898438,0.33662161231040955,0.0,0.0,0.0,0.0,0.0,29.523393630981445,0.5,0.8322,0.0958,0.0356,0.0258,0.0103,0.1677,0.0718,0.0361,91.5,94.9,96.3,96.5,96.7,98.1,80599.21875,'OAK HILL ROAD',null,null,POINT (-122.12165 37.893994)
HighwayBridge,CA006934,null,null,null,null,D,0,0,5.0,null,0.32553109526634216,12.258646011352539,0.7515487670898438,0.33662161231040955,0.0,0.0,0.0,0.0,0.0,29.523393630981445,0.5,0.8322,0.1079,0.0304,0.0212,0.008,0.1677,0.0597,0.0292,92.2,95.8,97.0,97.2,97.3,98.4,59820.73046875,'OAK HILL ROAD',null,null,POINT (-122.121253 37.893639)
HighwayBridge,CA006935,null,null,null,null,D,0,0,5.0,null,0.311388224363327,10.946950912475586,0.6955714821815491,0.293448805809021,0.0,0.0,0.0,0.0,0.0,29.523393630981445,0.5,0.9526,0.0163,0.0159,0.012,0.0029,0.0473,0.0309,0.0149,96.9,97.8,98.4,98.5,98.6,99.2,27575.05078125,'DOLORES DRIVE',null,null,POINT (-122.128867 37.892275)
HighwayBridge,CA006936,null,null,null,null,D,0,0,5.0,null,0.311388224363327,10.946950912475586,0.6955714821815491,0.293448805809021,0.0,0.0,0.0,0.0,0.0,29.523393630981445,0.5,0.9526,0.0268,0.011,0.0077,0.0017,0.0473,0.0205,0.0094,97.6,98.6,99.0,99.1,99.1,99.5,9930.7890625,'DOLORES DRIVE',null,null,POINT (-122.128669 37.891883)
HighwayBridge,CA006937,null,null,null,null,D,0,0,5.0,null,0.321115106344223,11.395089149475098,0.7213207483291626,0.3060084879398346,0.0,0.0,0.0,0.0,0.0,29.523393630981445,0.5,0.958,0.0,0.0223,0.0146,0.0049,0.0419,0.0419,0.0195,96.5,97.1,98.0,98.1,98.2,99.0,63172.23828125,'CANAL & BIKE PATH',null,null,POINT (-122.061386 37.921714)
HighwayBridge,CA006939,null,null,null,null,D,0,0,5.0,null,0.311388224363327,10.946950912475586,0.6955714821815491,0.293448805809021,0.0,0.0,0.0,0.0,0.0,29.523393630981445,0.5,0.8833,0.0857,0.017,0.0105,0.0032,0.1166,0.0308,0.0138,95.2,97.9,98.5,98.6,98.7,99.3,81890.3125,'EL NIDO RANCH RD AQUEDUC',null,null,POINT (-122.146083 37.891369)
HighwayBridge,CA006940,null,null,null,null,D,0,0,5.0,null,0.311388224363327,10.946950912475586,0.6955714821815491,0.293448805809021,0.0,0.0,0.0,0.0,0.0,29.523393630981445,0.5,0.8833,0.0857,0.017,0.0105,0.0032,0.1166,0.0308,0.0138,95.2,97.9,98.5,98.6,98.7,99.3,88420.2109375,'EL NIDO RANCH RD',null,null,POINT (-122.145339 37.890869)
HighwayBridge,CA006941,null,null,null,null,D,0,0,5.0,null,0.2675885558128357,11.3576021194458,0.6570038199424744,0.31031322479248047,0.0,0.0,0.0,0.0,0.0,29.523393630981445,0.5,0.962,0.0,0.0205,0.0131,0.0043,0.0379,0.0379,0.0174,96.8,97.4,98.2,98.3,98.4,99.1,65679.2890625,'MARINE STREET',null,null,POINT (-122.391117 37.931156)
HighwayBridge,CA006942,null,null,null,null,D,0,0,5.0,null,0.2675885558128357,11.3576021194458,0.6570038199424744,0.31031322479248047,0.0,0.0,0.0,0.0,0.0,29.523393630981445,0.5,0.962,0.0,0.0205,0.0131,0.0043,0.0379,0.0379,0.0174,96.8,97.4,98.2,98.3,98.4,99.1,138246.375,'SCOFIELD AVENUE',null,null,POINT (-122.397981 37.932344)
HighwayBridge,CA006943,null,null,null,null,D,0,0,5.0,null,0.2675885558128357,11.3576021194458,0.6570038199424744,0.31031322479248047,0.0,0.0,0.0,0.0,0.0,29.523393630981445,0.5,0.962,0.0,0.0205,0.0131,0.0043,0.0379,0.0379,0.0174,96.8,97.4,98.2,98.3,98.4,99.1,165177.46875,'SCOFIELD AVENUE',null,null,POINT (-122.397614 37.932642)
HighwayBridge,CA006944,null,null,null,null,D,0,0,5.0,null,0.2675885558128357,11.3576021194458,0.6570038199424744,0.31031322479248047,0.0,0.0,0.0,0.0,0.0,29.523393630981445,0.5,0.9293,0.0,0.0,0.0532,0.0174,0.0706,0.0706,0.0706,93.1,93.1,93.2,93.3,93.7,96.5,126887.8046875,'STENMARK DR SB ON-RAMP',null,null,POINT (-122.401203 37.932206)
HighwayBridge,CA006945,null,null,null,null,D,0,0,5.0,null,0.28632470965385437,10.346205711364746,0.6519268751144409,0.2789539396762848,0.0,0.0,0.0,0.0,0.0,29.523393630981445,0.5,0.9745,0.0,0.0143,0.0085,0.0025,0.0254,0.0254,0.0111,97.9,98.3,98.8,98.9,99.0,99.4,184270.40625,'BNSF SYCAMORE WILLOW',null,null,POINT (-122.272983 38.010753)
HighwayBridge,CA006946,null,null,null,null,D,0,0,5.0,null,0.28632470965385437,10.346205711364746,0.6519268751144409,0.2789539396762848,0.0,0.0,0.0,0.0,0.0,29.523393630981445,0.5,0.9745,0.0,0.0143,0.0085,0.0025,0.0254,0.0254,0.0111,97.9,98.3,98.8,98.9,99.0,99.4,46832.6875,'BNSF  WILLOW  SYCAMORE',null,null,POINT (-122.272144 38.012803)
HighwayBridge,CA006947,null,null,null,null,D,0,0,5.0,null,0.32553109526634216,12.258646011352539,0.7515487670898438,0.33662161231040955,0.0,0.0,0.0,0.0,0.0,29.523393630981445,0.5,0.8322,0.0111,0.0669,0.0581,0.0314,0.1677,0.1565,0.0895,86.2,88.4,91.0,91.5,91.9,95.0,361427.6875,'EBMUD AQUEDUCT  BROWN AV',null,null,POINT (-122.112303 37.895503)
HighwayBridge,CA006948,null,null,null,null,D,0,0,5.0,null,0.32553109526634216,12.258646011352539,0.7515487670898438,0.33662161231040955,0.0,0.0,0.0,0.0,0.0,29.523393630981445,0.5,0.8322,0.0044,0.0691,0.0607,0.0334,0.1677,0.1632,0.0941,85.8,87.9,90.6,91.0,91.5,94.7,314352.46875,'EBMUD AQUEDUCT',null,null,POINT (-122.113019 37.89495)
HighwayBridge,CA006949,null,null,null,null,D,0,0,5.0,null,0.2773539423942566,10.04581356048584,0.6278798580169678,0.26528066396713257,0.0,0.0,0.0,0.0,0.0,29.523393630981445,0.5,0.9131,0.0647,0.0126,0.0074,0.0021,0.0868,0.0221,0.0095,96.5,98.5,99.0,99.0,99.1,99.5,16270.365234375,'INTERSTATE 80',null,null,POINT (-122.302236 37.993639)
HighwayBridge,CA006950,null,null,null,null,D,0,0,5.0,null,0.305047869682312,12.021832466125488,0.7280945777893066,0.32921820878982544,0.0,0.0,0.0,0.0,0.0,29.523393630981445,0.5,0.9305,0.0352,0.0174,0.0133,0.0033,0.0694,0.0341,0.0167,96.2,97.6,98.3,98.4,98.5,99.1,44326.0390625,'HOLBROOK CHANNEL',null,null,POINT (-122.038742 37.995372)
HighwayBridge,CA006951,null,null,null,null,D,0,0,5.0,null,0.28632470965385437,10.346205711364746,0.6519268751144409,0.2789539396762848,0.0,0.0,0.0,0.0,0.0,29.523393630981445,0.5,0.8991,0.0754,0.0143,0.0085,0.0025,0.1008,0.0254,0.0111,95.9,98.3,98.8,98.9,99.0,99.4,99428.984375,'STATE ROUTE 4 & RAMPS',null,null,POINT (-122.269478 38.014667)
HighwayBridge,CA006952,null,null,null,null,D,0,0,5.0,null,0.2821619212627411,10.5068941116333,0.6519501805305481,0.2861925959587097,0.0,0.0,0.0,0.0,0.0,29.523393630981445,0.5,0.5312,0.2252,0.0845,0.1118,0.0469,0.4687,0.2434,0.1588,72.9,81.0,84.3,85.0,85.8,91.7,404629.25,'INTERSTATE 80',null,null,POINT (-122.238644 38.045175)
HighwayBridge,CA006953,null,null,null,null,D,0,0,5.0,null,0.28632470965385437,10.346205711364746,0.6519268751144409,0.2789539396762848,0.0,0.0,0.0,0.0,0.0,29.523393630981445,0.5,0.8346,0.1232,0.0301,0.0105,0.0014,0.1653,0.042,0.0119,93.5,97.5,98.7,98.8,98.9,99.4,139851.28125,'WILLOW AVENUE',null,null,POINT (-122.262539 38.022411)
HighwayBridge,CA006954,null,null,null,null,D,0,0,5.0,null,0.28632470965385437,10.346205711364746,0.6519268751144409,0.2789539396762848,0.0,0.0,0.0,0.0,0.0,29.523393630981445,0.5,0.9727,0.0,0.0152,0.0092,0.0027,0.0272,0.0272,0.0119,97.7,98.1,98.7,98.8,98.9,99.4,17921.07421875,'WILLOW AVENUE',null,null,POINT (-122.262389 38.022261)
HighwayBridge,CA006955,null,null,null,null,D,0,0,5.0,null,0.2888011634349823,15.714386940002441,0.7670409679412842,0.5222808122634888,0.0,0.0,0.0,0.0,0.0,29.523393630981445,0.5,0.5914,0.2263,0.0749,0.0826,0.0245,0.4085,0.1822,0.1072,78.5,86.4,89.3,89.9,90.5,94.7,10142522.0,'UP BNSF AMTRAK SUISUN BA',null,null,POINT (-122.117283 38.033219)
HighwayBridge,CA006956,null,null,null,null,D,0,0,5.0,null,0.2888011634349823,15.714386940002441,0.7670409679412842,0.5222808122634888,0.0,0.0,0.0,0.0,0.0,29.523393630981445,0.5,0.5914,0.2263,0.0749,0.0826,0.0245,0.4085,0.1822,0.1072,78.5,86.4,89.3,89.9,90.5,94.7,12726616.0,'UP BNSF AMTRAK SUISUN BA',null,null,POINT (-122.116639 38.031817)
HighwayBridge,CA006957,null,null,null,null,D,0,0,5.0,null,0.2821619212627411,10.5068941116333,0.6519501805305481,0.2861925959587097,0.0,0.0,0.0,0.0,0.0,29.523393630981445,0.5,0.5312,0.2916,0.0677,0.0809,0.0283,0.4687,0.177,0.1092,77.2,86.5,89.2,89.7,90.2,94.5,144228.375,'REFINERY ACCESS RD',null,null,POINT (-122.246539 38.039028)
HighwayBridge,CA006958,null,null,null,null,D,0,0,5.0,null,0.2821619212627411,10.5068941116333,0.6519501805305481,0.2861925959587097,0.0,0.0,0.0,0.0,0.0,29.523393630981445,0.5,0.9566,0.0248,0.01,0.0069,0.0014,0.0433,0.0185,0.0084,97.8,98.7,99.1,99.1,99.2,99.5,8072.20654296875,'REFINERY ACCESS RD',null,null,POINT (-122.251392 38.034117)
HighwayBridge,CA006959,null,null,null,null,D,0,0,5.0,null,0.321115106344223,11.395089149475098,0.7213207483291626,0.3060084879398346,0.0,0.0,0.0,0.0,0.0,29.523393630981445,0.5,0.9638,0.0,0.0196,0.0124,0.004,0.0361,0.0361,0.0165,97.0,97.5,98.3,98.4,98.5,99.1,133903.703125,'NEWELL AVENUE',null,null,POINT (-122.062261 37.891997)
HighwayBridge,CA006960,null,null,null,null,D,0,0,5.0,null,0.321115106344223,11.395089149475098,0.7213207483291626,0.3060084879398346,0.0,0.0,0.0,0.0,0.0,29.523393630981445,0.5,0.9634,0.0,0.0198,0.0126,0.0041,0.0365,0.0365,0.0167,96.9,97.5,98.3,98.4,98.5,99.1,163080.0,'OLYMPIC BOULEVARD',null,null,POINT (-122.066439 37.893825)
HighwayBridge,CA006961,null,null,null,null,D,0,0,5.0,null,0.321115106344223,11.395089149475098,0.7213207483291626,0.3060084879398346,0.0,0.0,0.0,0.0,0.0,29.523393630981445,0.5,0.9618,0.0,0.0205,0.0132,0.0043,0.0381,0.0381,0.0175,96.8,97.4,98.2,98.3,98.4,99.1,93154.6953125,'LAS TRAMPAS CREEK',null,null,POINT (-122.063133 37.892344)
HighwayBridge,CA006962,null,null,null,null,D,0,0,5.0,null,0.321115106344223,11.395089149475098,0.7213207483291626,0.3060084879398346,0.0,0.0,0.0,0.0,0.0,29.523393630981445,0.5,0.9453,0.0289,0.0135,0.0098,0.0023,0.0546,0.0256,0.0121,97.1,98.2,98.7,98.8,98.9,99.4,27515.482421875,'LAS TRAMPAS CREEK',null,null,POINT (-122.063644 37.891897)
HighwayBridge,CA006963,null,null,null,null,D,0,0,5.0,null,0.321115106344223,11.395089149475098,0.7213207483291626,0.3060084879398346,0.0,0.0,0.0,0.0,0.0,29.523393630981445,0.5,0.9453,0.0303,0.0128,0.0092,0.0021,0.0546,0.0242,0.0113,97.2,98.3,98.8,98.9,98.9,99.4,14951.974609375,'LAS TRAMPAS CREEK',null,null,POINT (-122.063036 37.892428)
HighwayBridge,CA006964,null,null,null,null,D,0,0,5.0,null,0.3249405324459076,14.086722373962402,0.800311267375946,0.42130327224731445,0.0,0.0,0.0,0.0,0.0,29.523393630981445,0.5,0.897,0.0,0.048,0.0376,0.0171,0.1029,0.1029,0.0548,91.2,92.6,94.5,94.8,95.0,97.0,232686.015625,'WILLOW PASS ROAD',null,null,POINT (-122.047697 37.970906)
HighwayBridge,CA006965,null,null,null,null,D,0,0,5.0,null,0.3249405324459076,14.086722373962402,0.800311267375946,0.42130327224731445,0.0,0.0,0.0,0.0,0.0,29.523393630981445,0.5,0.7221,0.1168,0.0683,0.0598,0.0327,0.2778,0.1609,0.0925,83.2,88.1,90.7,91.2,91.6,94.8,104547.796875,'PINE CREEK',null,null,POINT (-122.047528 37.970769)
HighwayBridge,CA006966,null,null,null,null,D,0,0,5.0,null,0.3249405324459076,14.086722373962402,0.800311267375946,0.42130327224731445,0.0,0.0,0.0,0.0,0.0,29.523393630981445,0.5,0.8574,0.0394,0.0446,0.0426,0.0158,0.1425,0.1031,0.0584,90.1,92.4,94.1,94.4,94.7,97.0,31679.69921875,'PINE CREEK',null,null,POINT (-122.047178 37.970619)
HighwayBridge,CA006967,null,null,null,null,D,0,0,5.0,null,0.321115106344223,11.395089149475098,0.7213207483291626,0.3060084879398346,0.0,0.0,0.0,0.0,0.0,29.523393630981445,0.5,0.9055,0.0,0.0448,0.0344,0.0151,0.0944,0.0944,0.0496,92.0,93.2,95.0,95.3,95.5,97.3,252567.4375,'LILAC DRIVE',null,null,POINT (-122.058678 37.890172)
HighwayBridge,CA006968,null,null,null,null,D,0,0,5.0,null,0.321115106344223,11.395089149475098,0.7213207483291626,0.3060084879398346,0.0,0.0,0.0,0.0,0.0,29.523393630981445,0.5,0.9438,0.0,0.0269,0.0225,0.0067,0.0561,0.0561,0.0292,95.2,96.0,97.0,97.2,97.4,98.5,189794.46875,'SOUTH MAIN STREET',null,null,POINT (-122.055236 37.886006)
HighwayBridge,CA006969,null,null,null,null,D,0,0,5.0,null,0.2891490161418915,9.848416328430176,0.6430376172065735,0.2624647915363312,0.0,0.0,0.0,0.0,0.0,29.523393630981445,0.5,0.9159,0.0641,0.0115,0.0066,0.0018,0.084,0.0199,0.0084,96.7,98.6,99.1,99.2,99.2,99.5,13524.470703125,'INTERSTATE ROUTE 680',null,null,POINT (-122.085436 38.007881)
HighwayBridge,CA006970,null,null,null,null,D,0,0,5.0,null,0.2891490161418915,9.848416328430176,0.6430376172065735,0.2624647915363312,0.0,0.0,0.0,0.0,0.0,29.523393630981445,0.5,0.98,0.0,0.0115,0.0066,0.0018,0.0199,0.0199,0.0084,98.3,98.6,99.1,99.2,99.2,99.5,31125.787109375,'ARTHUR ROAD',null,null,POINT (-122.088114 38.010864)
HighwayBridge,CA006971,null,null,null,null,D,0,0,5.0,null,0.2891490161418915,9.848416328430176,0.6430376172065735,0.2624647915363312,0.0,0.0,0.0,0.0,0.0,29.523393630981445,0.5,0.8586,0.1097,0.0231,0.0075,0.0009,0.1413,0.0316,0.0084,94.7,98.1,99.0,99.1,99.2,99.6,616607.0625,'UPRR MARINA VISTA MOCOCO',null,null,POINT (-122.109953 38.024678)
HighwayBridge,CA006972,null,null,null,null,D,0,0,5.0,null,0.2891490161418915,9.848416328430176,0.6430376172065735,0.2624647915363312,0.0,0.0,0.0,0.0,0.0,29.523393630981445,0.5,0.98,0.0,0.0115,0.0066,0.0018,0.0199,0.0199,0.0084,98.3,98.6,99.1,99.2,99.2,99.5,21115.626953125,'MARSH WETLANDS',null,null,POINT (-122.112472 38.024306)
HighwayBridge,CA006973,null,null,null,null,D,0,0,5.0,null,0.305047869682312,12.021832466125488,0.7280945777893066,0.32921820878982544,0.0,0.0,0.0,0.0,0.0,29.523393630981445,0.5,0.9173,0.0,0.0401,0.0299,0.0125,0.0826,0.0826,0.0425,93.0,94.1,95.7,95.9,96.2,97.7,150464.953125,'BLUM ROAD',null,null,POINT (-122.074044 37.99825)
HighwayBridge,CA006974,null,null,null,null,D,0,0,5.0,null,0.305047869682312,12.021832466125488,0.7280945777893066,0.32921820878982544,0.0,0.0,0.0,0.0,0.0,29.523393630981445,0.5,0.9173,0.0,0.0401,0.0299,0.0125,0.0826,0.0826,0.0425,93.0,94.1,95.7,95.9,96.2,97.7,47469.48828125,'BLUM ROAD',null,null,POINT (-122.074042 37.997708)
HighwayBridge,CA006975,null,null,null,null,D,0,0,5.0,null,0.28633642196655273,12.898520469665527,0.7165697813034058,0.3699047267436981,0.0,0.0,0.0,0.0,0.0,29.523393630981445,0.5,0.9007,0.0505,0.0237,0.0194,0.0055,0.0992,0.0487,0.0249,94.6,96.5,97.4,97.6,97.7,98.7,2871.857421875,'WILDCAT CREEK',null,null,POINT (-122.327114 37.951239)
HighwayBridge,CA006976,null,null,null,null,D,0,0,5.0,null,0.3249405324459076,14.086722373962402,0.800311267375946,0.42130327224731445,0.0,0.0,0.0,0.0,0.0,29.523393630981445,0.5,0.8947,0.0,0.0489,0.0385,0.0177,0.1052,0.1052,0.0562,91.0,92.4,94.3,94.6,94.9,97.0,162110.09375,'WILLOW PASS ROAD',null,null,POINT (-122.055172 37.966597)
HighwayBridge,CA006977,null,null,null,null,D,0,0,5.0,null,0.305047869682312,12.021832466125488,0.7280945777893066,0.32921820878982544,0.0,0.0,0.0,0.0,0.0,29.523393630981445,0.5,0.8414,0.1084,0.0261,0.0176,0.0063,0.1585,0.0501,0.0239,93.0,96.5,97.5,97.7,97.8,98.7,38095.74609375,'INTERSTATE 680',null,null,POINT (-122.070272 37.994469)
HighwayBridge,CA006978,null,null,null,null,D,0,0,5.0,null,0.305047869682312,12.021832466125488,0.7280945777893066,0.32921820878982544,0.0,0.0,0.0,0.0,0.0,29.523393630981445,0.5,0.8414,0.1084,0.0261,0.0176,0.0063,0.1585,0.0501,0.0239,93.0,96.5,97.5,97.7,97.8,98.7,38095.74609375,'INTERSTATE 680',null,null,POINT (-122.070072 37.994308)
HighwayBridge,CA006979,null,null,null,null,D,0,0,5.0,null,0.305047869682312,12.021832466125488,0.7280945777893066,0.32921820878982544,0.0,0.0,0.0,0.0,0.0,29.523393630981445,0.5,0.8789,0.0,0.0547,0.0446,0.0216,0.121,0.121,0.0662,89.6,91.2,93.3,93.7,94.0,96.4,369549.03125,'GRAYSON CREEK',null,null,POINT (-122.067394 37.991022)
HighwayBridge,CA006980,null,null,null,null,D,0,0,5.0,null,0.305047869682312,12.021832466125488,0.7280945777893066,0.32921820878982544,0.0,0.0,0.0,0.0,0.0,29.523393630981445,0.5,0.8789,0.0,0.0547,0.0446,0.0216,0.121,0.121,0.0662,89.6,91.2,93.3,93.7,94.0,96.4,67559.5546875,'GRAYSON CREEK',null,null,POINT (-122.067792 37.990239)
HighwayBridge,CA006981,null,null,null,null,D,0,0,5.0,null,0.305047869682312,12.021832466125488,0.7280945777893066,0.32921820878982544,0.0,0.0,0.0,0.0,0.0,29.523393630981445,0.5,0.9531,0.0,0.0246,0.0164,0.0057,0.0468,0.0468,0.0221,96.0,96.8,97.7,97.9,98.0,98.8,50286.06640625,'CENTER AVE',null,null,POINT (-122.065947 37.983383)
HighwayBridge,CA006982,null,null,null,null,D,0,0,5.0,null,0.305047869682312,12.021832466125488,0.7280945777893066,0.32921820878982544,0.0,0.0,0.0,0.0,0.0,29.523393630981445,0.5,0.8414,0.1098,0.0255,0.0171,0.006,0.1585,0.0486,0.0231,93.1,96.6,97.6,97.8,97.9,98.8,28213.91796875,'PACHECO BLVD',null,null,POINT (-122.074181 37.993142)
HighwayBridge,CA006983,null,null,null,null,D,0,0,5.0,null,0.305047869682312,12.021832466125488,0.7280945777893066,0.32921820878982544,0.0,0.0,0.0,0.0,0.0,29.523393630981445,0.5,0.8414,0.1098,0.0255,0.0171,0.006,0.1585,0.0486,0.0231,93.1,96.6,97.6,97.8,97.9,98.8,28213.91796875,'PACHECO BLVD',null,null,POINT (-122.074133 37.992922)
HighwayBridge,CA006984,null,null,null,null,D,0,0,5.0,null,0.22777557373046875,8.881070137023926,0.5582232475280762,0.24961048364639282,0.0,0.0,0.0,0.0,0.0,29.523393630981445,0.5,0.9767,0.0,0.0132,0.0077,0.0022,0.0232,0.0232,0.01,98.0,98.4,98.9,99.0,99.1,99.5,42825.84375,'STATE ROUTE 4',null,null,POINT (-121.785564 37.996547)
HighwayBridge,CA006985,null,null,null,null,D,0,0,5.0,null,0.22777557373046875,8.881070137023926,0.5582232475280762,0.24961048364639282,0.0,0.0,0.0,0.0,0.0,29.523393630981445,0.5,0.9767,0.0,0.0132,0.0077,0.0022,0.0232,0.0232,0.01,98.0,98.4,98.9,99.0,99.1,99.5,42405.8984375,'STATE ROUTE 4',null,null,POINT (-121.78575 37.996544)
HighwayBridge,CA006986,null,null,null,null,D,0,0,5.0,null,0.2773539423942566,10.04581356048584,0.6278798580169678,0.26528066396713257,0.0,0.0,0.0,0.0,0.0,29.523393630981445,0.5,0.967,0.0188,0.0078,0.0051,0.001,0.0329,0.014,0.0062,98.3,99.0,99.3,99.3,99.4,99.6,884.5136108398438,'PINOLE CREEK',null,null,POINT (-122.287189 37.996219)
HighwayBridge,CA006987,null,null,null,null,D,0,0,5.0,null,0.305047869682312,12.021832466125488,0.7280945777893066,0.32921820878982544,0.0,0.0,0.0,0.0,0.0,29.523393630981445,0.5,0.9518,0.0,0.0252,0.0169,0.0059,0.0481,0.0481,0.0228,95.9,96.7,97.6,97.8,97.9,98.8,57744.1796875,'CONCORD AVENUE',null,null,POINT (-122.043269 37.978778)
HighwayBridge,CA006988,null,null,null,null,D,0,0,5.0,null,0.305047869682312,12.021832466125488,0.7280945777893066,0.32921820878982544,0.0,0.0,0.0,0.0,0.0,29.523393630981445,0.5,0.9526,0.0,0.0248,0.0166,0.0058,0.0473,0.0473,0.0224,96.0,96.7,97.7,97.8,97.9,98.8,30808.3359375,'CONCORD AVENUE',null,null,POINT (-122.043694 37.978836)
HighwayBridge,CA006989,null,null,null,null,D,0,0,5.0,null,0.305047869682312,12.021832466125488,0.7280945777893066,0.32921820878982544,0.0,0.0,0.0,0.0,0.0,29.523393630981445,0.5,0.9526,0.0,0.0248,0.0166,0.0058,0.0473,0.0473,0.0224,96.0,96.7,97.7,97.8,97.9,98.8,24441.279296875,'CONCORD AVENUE',null,null,POINT (-122.043078 37.978697)
HighwayBridge,CA006990,null,null,null,null,D,0,0,5.0,null,0.305047869682312,12.021832466125488,0.7280945777893066,0.32921820878982544,0.0,0.0,0.0,0.0,0.0,29.523393630981445,0.5,0.91,0.0,0.043,0.0327,0.0141,0.0899,0.0899,0.0468,92.3,93.6,95.2,95.5,95.8,97.5,282554.625,'RV STORAGE',null,null,POINT (-122.042336 37.980414)
HighwayBridge,CA006991,null,null,null,null,D,0,0,5.0,null,0.305047869682312,12.021832466125488,0.7280945777893066,0.32921820878982544,0.0,0.0,0.0,0.0,0.0,29.523393630981445,0.5,0.9305,0.0335,0.0182,0.014,0.0036,0.0694,0.0359,0.0176,96.1,97.5,98.2,98.3,98.4,99.1,30249.697265625,'RV STORAGE',null,null,POINT (-122.042458 37.981219)
HighwayBridge,CA006992,null,null,null,null,D,0,0,5.0,null,0.30598485469818115,10.546538352966309,0.6689594388008118,0.2805054187774658,0.0,0.0,0.0,0.0,0.0,29.523393630981445,0.5,0.5445,0.2644,0.0716,0.0874,0.0318,0.4554,0.1909,0.1193,76.6,85.4,88.2,88.7,89.4,93.9,375195.78125,'STATE ROUTE 24',null,null,POINT (-122.198556 37.867797)
HighwayBridge,CA006993,null,null,null,null,D,0,0,5.0,null,0.28632470965385437,10.346205711364746,0.6519268751144409,0.2789539396762848,0.0,0.0,0.0,0.0,0.0,29.523393630981445,0.5,0.8991,0.0754,0.0143,0.0085,0.0025,0.1008,0.0254,0.0111,95.9,98.3,98.8,98.9,99.0,99.4,18962.931640625,'STATE ROUTE 4',null,null,POINT (-122.269717 38.014858)
HighwayBridge,CA006994,null,null,null,null,D,0,0,5.0,null,0.28632470965385437,10.346205711364746,0.6519268751144409,0.2789539396762848,0.0,0.0,0.0,0.0,0.0,29.523393630981445,0.5,0.8991,0.0754,0.0143,0.0085,0.0025,0.1008,0.0254,0.0111,95.9,98.3,98.8,98.9,99.0,99.4,18962.931640625,'STATE ROUTE 4',null,null,POINT (-122.270217 38.015089)
HighwayBridge,CA006995,null,null,null,null,D,0,0,5.0,null,0.305047869682312,12.021832466125488,0.7280945777893066,0.32921820878982544,0.0,0.0,0.0,0.0,0.0,29.523393630981445,0.5,0.9483,0.0,0.0268,0.0182,0.0065,0.0516,0.0516,0.0247,95.6,96.4,97.4,97.6,97.7,98.7,77006.8515625,'CONCORD AVE',null,null,POINT (-122.063775 37.9761)
HighwayBridge,CA006996,null,null,null,null,D,0,0,5.0,null,0.3199337422847748,11.038826942443848,0.6998469233512878,0.29034751653671265,0.0,0.0,0.0,0.0,0.0,29.523393630981445,0.5,0.967,0.0,0.018,0.0113,0.0035,0.0329,0.0329,0.0148,97.2,97.7,98.4,98.5,98.6,99.2,54199.4921875,'LIVORNA ROAD',null,null,POINT (-122.034964 37.863231)
HighwayBridge,CA006997,null,null,null,null,D,0,0,5.0,null,0.310818612575531,10.68083381652832,0.6826629042625427,0.28262096643447876,0.0,0.0,0.0,0.0,0.0,29.523393630981445,0.5,0.9724,0.0,0.0154,0.0093,0.0028,0.0275,0.0275,0.0121,97.7,98.1,98.7,98.8,98.9,99.4,34324.60546875,'LA GONDA WAY',null,null,POINT (-122.016022 37.839306)
HighwayBridge,CA006998,null,null,null,null,D,0,0,5.0,null,0.28632470965385437,10.346205711364746,0.6519268751144409,0.2789539396762848,0.0,0.0,0.0,0.0,0.0,29.523393630981445,0.5,0.9604,0.0228,0.0091,0.0062,0.0012,0.0395,0.0166,0.0075,98.0,98.8,99.2,99.2,99.3,99.6,907.4824829101562,'RODEO CREEK',null,null,POINT (-122.260908 38.022097)
HighwayBridge,CA006999,null,null,null,null,D,0,0,5.0,null,0.28632470965385437,10.346205711364746,0.6519268751144409,0.2789539396762848,0.0,0.0,0.0,0.0,0.0,29.523393630981445,0.5,0.9604,0.022,0.0095,0.0065,0.0013,0.0395,0.0174,0.0079,97.9,98.8,99.1,99.2,99.2,99.6,947.3838500976562,'RODEO CREEK',null,null,POINT (-122.261733 38.023)
HighwayBridge,CA007000,null,null,null,null,D,0,0,5.0,null,0.3204180598258972,12.237601280212402,0.7436526417732239,0.3358174264431,0.0,0.0,0.0,0.0,0.0,29.523393630981445,0.5,0.9467,0.0,0.0275,0.0188,0.0068,0.0532,0.0532,0.0256,95.5,96.3,97.4,97.5,97.7,98.6,100056.75,'INTERSTATE 680',null,null,POINT (-121.993297 37.811244)
HighwayBridge,CA007001,null,null,null,null,D,0,0,5.0,null,0.3204180598258972,12.237601280212402,0.7436526417732239,0.3358174264431,0.0,0.0,0.0,0.0,0.0,29.523393630981445,0.5,0.8673,0.0,0.0589,0.049,0.0246,0.1326,0.1326,0.0737,88.6,90.3,92.6,93.0,93.4,96.0,573149.75,'LAUREL DRIVE',null,null,POINT (-121.993072 37.814725)
HighwayBridge,CA007002,null,null,null,null,D,0,0,5.0,null,0.3204180598258972,12.237601280212402,0.7436526417732239,0.3358174264431,0.0,0.0,0.0,0.0,0.0,29.523393630981445,0.5,0.9498,0.0,0.0261,0.0176,0.0063,0.0501,0.0501,0.0239,95.8,96.5,97.5,97.7,97.8,98.7,97956.3125,'SAN RAMON CREEK',null,null,POINT (-121.992989 37.820906)
HighwayBridge,CA007003,null,null,null,null,D,0,0,5.0,null,0.3204180598258972,12.237601280212402,0.7436526417732239,0.3358174264431,0.0,0.0,0.0,0.0,0.0,29.523393630981445,0.5,0.9498,0.0,0.0261,0.0176,0.0063,0.0501,0.0501,0.0239,95.8,96.5,97.5,97.7,97.8,98.7,23968.97265625,'SAN RAMON CREEK',null,null,POINT (-121.993497 37.820975)
HighwayBridge,CA007004,null,null,null,null,D,0,0,5.0,null,0.3204180598258972,12.237601280212402,0.7436526417732239,0.3358174264431,0.0,0.0,0.0,0.0,0.0,29.523393630981445,0.5,0.9498,0.0,0.0261,0.0176,0.0063,0.0501,0.0501,0.0239,95.8,96.5,97.5,97.7,97.8,98.7,38122.1953125,'SAN RAMON CREEK',null,null,POINT (-121.992953 37.819842)
HighwayBridge,CA007005,null,null,null,null,D,0,0,5.0,null,0.3204180598258972,12.237601280212402,0.7436526417732239,0.3358174264431,0.0,0.0,0.0,0.0,0.0,29.523393630981445,0.5,0.9463,0.0,0.0277,0.0189,0.0069,0.0536,0.0536,0.0259,95.5,96.3,97.3,97.5,97.6,98.6,80347.8203125,'DIABLO ROAD',null,null,POINT (-121.993342 37.822817)
HighwayBridge,CA007006,null,null,null,null,D,0,0,5.0,null,0.310818612575531,10.68083381652832,0.6826629042625427,0.28262096643447876,0.0,0.0,0.0,0.0,0.0,29.523393630981445,0.5,0.9718,0.0,0.0157,0.0095,0.0028,0.0281,0.0281,0.0124,97.6,98.1,98.7,98.8,98.8,99.3,40899.765625,'EL CERRO BOULEVARD',null,null,POINT (-122.0005 37.82965)
HighwayBridge,CA007007,null,null,null,null,D,0,0,5.0,null,0.310818612575531,10.68083381652832,0.6826629042625427,0.28262096643447876,0.0,0.0,0.0,0.0,0.0,29.523393630981445,0.5,0.9718,0.0,0.0157,0.0095,0.0028,0.0281,0.0281,0.0124,97.6,98.1,98.7,98.8,98.8,99.3,33346.56640625,'EL PINTADO ROAD',null,null,POINT (-122.008783 37.834939)
HighwayBridge,CA007008,null,null,null,null,D,0,0,5.0,null,0.3199337422847748,11.038826942443848,0.6998469233512878,0.29034751653671265,0.0,0.0,0.0,0.0,0.0,29.523393630981445,0.5,0.9673,0.0,0.0179,0.0111,0.0035,0.0326,0.0326,0.0146,97.2,97.8,98.5,98.6,98.6,99.2,55863.72265625,'STONE VALLEY ROAD',null,null,POINT (-122.028508 37.851369)
HighwayBridge,CA007009,null,null,null,null,D,0,0,5.0,null,0.2561769485473633,8.608607292175293,0.5629810690879822,0.21416859328746796,0.0,0.0,0.0,0.0,0.0,29.523393630981445,0.5,0.9826,0.0122,0.003,0.0017,0.0002,0.0173,0.0051,0.002,99.2,99.6,99.7,99.7,99.8,99.8,6835.92041015625,'BAILEY ROAD',null,null,POINT (-121.942289 38.019)
HighwayBridge,CA007010,null,null,null,null,D,0,0,5.0,null,0.2561769485473633,8.608607292175293,0.5629810690879822,0.21416859328746796,0.0,0.0,0.0,0.0,0.0,29.523393630981445,0.5,0.9826,0.0122,0.003,0.0017,0.0002,0.0173,0.0051,0.002,99.2,99.6,99.7,99.7,99.8,99.8,6835.92041015625,'BAILEY ROAD',null,null,POINT (-121.942286 38.018622)
HighwayBridge,CA007011,null,null,null,null,D,0,0,5.0,null,0.31597408652305603,12.950291633605957,0.7598022222518921,0.3702615201473236,0.0,0.0,0.0,0.0,0.0,29.523393630981445,0.5,0.9303,0.0,0.0347,0.025,0.0099,0.0696,0.0696,0.0349,94.1,95.1,96.4,96.7,96.8,98.1,100293.1875,'INTERSTATE 680',null,null,POINT (-121.972625 37.771247)
HighwayBridge,CA007012,null,null,null,null,D,0,0,5.0,null,0.3204180598258972,12.237601280212402,0.7436526417732239,0.3358174264431,0.0,0.0,0.0,0.0,0.0,29.523393630981445,0.5,0.8332,0.1161,0.0263,0.0178,0.0063,0.1667,0.0505,0.0241,92.8,96.5,97.5,97.7,97.8,98.7,136200.265625,'INTERSTATE 680',null,null,POINT (-121.975633 37.776797)
HighwayBridge,CA007013,null,null,null,null,D,0,0,5.0,null,0.305047869682312,12.021832466125488,0.7280945777893066,0.32921820878982544,0.0,0.0,0.0,0.0,0.0,29.523393630981445,0.5,0.91,0.0,0.043,0.0327,0.0141,0.0899,0.0899,0.0468,92.3,93.6,95.2,95.5,95.8,97.5,185437.25,'SOLANO WAY',null,null,POINT (-122.040333 37.988064)
HighwayBridge,CA007015,null,null,null,null,D,0,0,5.0,null,0.2891490161418915,9.848416328430176,0.6430376172065735,0.2624647915363312,0.0,0.0,0.0,0.0,0.0,29.523393630981445,0.5,0.9793,0.0,0.0118,0.0068,0.0019,0.0206,0.0206,0.0087,98.3,98.6,99.0,99.1,99.2,99.5,50590.74609375,'STATE ROUTE 4',null,null,POINT (-122.120528 37.9952)
HighwayBridge,CA007016,null,null,null,null,D,0,0,5.0,null,0.29472509026527405,10.590834617614746,0.6696973443031311,0.28908199071884155,0.0,0.0,0.0,0.0,0.0,29.523393630981445,0.5,0.8882,0.0785,0.0182,0.0113,0.0036,0.1117,0.0332,0.015,95.2,97.7,98.4,98.5,98.6,99.2,18153.71484375,'STATE ROUTE 4',null,null,POINT (-122.19045 38.015775)
HighwayBridge,CA007017,null,null,null,null,D,0,0,5.0,null,0.2965981960296631,10.486924171447754,0.6718616485595703,0.28059494495391846,0.0,0.0,0.0,0.0,0.0,29.523393630981445,0.5,0.9736,0.0,0.0147,0.0088,0.0026,0.0263,0.0263,0.0115,97.8,98.2,98.8,98.9,98.9,99.4,14479.3603515625,'ALHAMBRA AVE',null,null,POINT (-122.130294 37.990622)
HighwayBridge,CA007018,null,null,null,null,D,0,0,5.0,null,0.2965981960296631,10.486924171447754,0.6718616485595703,0.28059494495391846,0.0,0.0,0.0,0.0,0.0,29.523393630981445,0.5,0.8973,0.0763,0.0147,0.0088,0.0026,0.1026,0.0263,0.0115,95.8,98.2,98.8,98.9,98.9,99.4,14134.3447265625,'ALHAMBRA AVE',null,null,POINT (-122.130211 37.990467)
HighwayBridge,CA007019,null,null,null,null,D,0,0,5.0,null,0.29472509026527405,10.590834617614746,0.6696973443031311,0.28908199071884155,0.0,0.0,0.0,0.0,0.0,29.523393630981445,0.5,0.8882,0.0806,0.0172,0.0106,0.0033,0.1117,0.0311,0.0139,95.3,97.9,98.5,98.6,98.7,99.3,14118.978515625,'MCEWEN ROAD',null,null,POINT (-122.177878 38.015144)
HighwayBridge,CA007020,null,null,null,null,D,0,0,5.0,null,0.29472509026527405,10.590834617614746,0.6696973443031311,0.28908199071884155,0.0,0.0,0.0,0.0,0.0,29.523393630981445,0.5,0.8882,0.0806,0.0172,0.0106,0.0033,0.1117,0.0311,0.0139,95.3,97.9,98.5,98.6,98.7,99.3,14605.83984375,'MCEWEN ROAD',null,null,POINT (-122.177944 38.014936)
HighwayBridge,CA007021,null,null,null,null,D,0,0,5.0,null,0.2965981960296631,10.486924171447754,0.6718616485595703,0.28059494495391846,0.0,0.0,0.0,0.0,0.0,29.523393630981445,0.5,0.9736,0.0,0.0147,0.0088,0.0026,0.0263,0.0263,0.0115,97.8,98.2,98.8,98.9,98.9,99.4,18626.666015625,'ALHAMBRA WAY',null,null,POINT (-122.126764 37.991428)
HighwayBridge,CA007022,null,null,null,null,D,0,0,5.0,null,0.2965981960296631,10.486924171447754,0.6718616485595703,0.28059494495391846,0.0,0.0,0.0,0.0,0.0,29.523393630981445,0.5,0.9736,0.0,0.0147,0.0088,0.0026,0.0263,0.0263,0.0115,97.8,98.2,98.8,98.9,98.9,99.4,16387.39453125,'ALHAMBRA WAY',null,null,POINT (-122.126639 37.991208)
HighwayBridge,CA007023,null,null,null,null,D,0,0,5.0,null,0.2891490161418915,9.848416328430176,0.6430376172065735,0.2624647915363312,0.0,0.0,0.0,0.0,0.0,29.523393630981445,0.5,0.9756,0.0,0.0137,0.0081,0.0023,0.0243,0.0243,0.0105,97.9,98.3,98.9,98.9,99.0,99.4,37057.859375,'STATE ROUTE 4',null,null,POINT (-122.086633 37.991522)
HighwayBridge,CA007024,null,null,null,null,D,0,0,5.0,null,0.2891490161418915,9.848416328430176,0.6430376172065735,0.2624647915363312,0.0,0.0,0.0,0.0,0.0,29.523393630981445,0.5,0.9683,0.0162,0.0085,0.0057,0.0011,0.0316,0.0153,0.0068,98.3,98.9,99.2,99.3,99.3,99.6,21250.748046875,'MORELLO AVE',null,null,POINT (-122.101008 37.992036)
HighwayBridge,CA007025,null,null,null,null,D,0,0,5.0,null,0.2891490161418915,9.848416328430176,0.6430376172065735,0.2624647915363312,0.0,0.0,0.0,0.0,0.0,29.523393630981445,0.5,0.9683,0.0162,0.0085,0.0057,0.0011,0.0316,0.0153,0.0068,98.3,98.9,99.2,99.3,99.3,99.6,17386.9765625,'MORELLO AVE',null,null,POINT (-122.101036 37.991753)
HighwayBridge,CA007026,null,null,null,null,D,0,0,5.0,null,0.2891490161418915,9.848416328430176,0.6430376172065735,0.2624647915363312,0.0,0.0,0.0,0.0,0.0,29.523393630981445,0.5,0.9683,0.016,0.0086,0.0057,0.0011,0.0316,0.0156,0.0069,98.2,98.9,99.2,99.3,99.3,99.6,839.7313232421875,'E MARTINEZ DRAIN',null,null,POINT (-122.08155 38.006747)
HighwayBridge,CA007027,null,null,null,null,D,0,0,5.0,null,0.2891490161418915,9.848416328430176,0.6430376172065735,0.2624647915363312,0.0,0.0,0.0,0.0,0.0,29.523393630981445,0.5,0.9683,0.0187,0.0072,0.0047,0.0009,0.0316,0.0128,0.0056,98.4,99.1,99.4,99.4,99.4,99.7,670.3296508789062,'SOUTH MOCOCO DRAIN',null,null,POINT (-122.105217 38.023147)
HighwayBridge,CA007028,null,null,null,null,D,0,0,5.0,null,0.31597408652305603,12.950291633605957,0.7598022222518921,0.3702615201473236,0.0,0.0,0.0,0.0,0.0,29.523393630981445,0.5,0.9305,0.0,0.0346,0.0249,0.0098,0.0694,0.0694,0.0348,94.1,95.1,96.4,96.7,96.8,98.2,87616.5703125,'PINE VALLEY ROAD',null,null,POINT (-121.950233 37.736964)
HighwayBridge,CA007029,null,null,null,null,D,0,0,5.0,null,0.31597408652305603,12.950291633605957,0.7598022222518921,0.3702615201473236,0.0,0.0,0.0,0.0,0.0,29.523393630981445,0.5,0.9305,0.0,0.0346,0.0249,0.0098,0.0694,0.0694,0.0348,94.1,95.1,96.4,96.7,96.8,98.2,87822.2421875,'MONTEVIDEO DRIVE',null,null,POINT (-121.957036 37.747242)
HighwayBridge,CA007030,null,null,null,null,D,0,0,5.0,null,0.3204180598258972,12.237601280212402,0.7436526417732239,0.3358174264431,0.0,0.0,0.0,0.0,0.0,29.523393630981445,0.5,0.8332,0.1165,0.0261,0.0176,0.0063,0.1667,0.0501,0.0239,92.8,96.5,97.5,97.7,97.8,98.7,37292.6171875,'INTERSTATE 680',null,null,POINT (-121.983511 37.792356)
HighwayBridge,CA007031,null,null,null,null,D,0,0,5.0,null,0.31597408652305603,12.950291633605957,0.7598022222518921,0.3702615201473236,0.0,0.0,0.0,0.0,0.0,29.523393630981445,0.5,0.9288,0.0,0.0353,0.0255,0.0101,0.0711,0.0711,0.0357,94.0,95.0,96.3,96.6,96.8,98.1,119747.9296875,'INTERSTATE 680',null,null,POINT (-121.965739 37.759803)
HighwayBridge,CA007032,null,null,null,null,D,0,0,5.0,null,0.2801668047904968,10.005664825439453,0.6286258697509766,0.27086547017097473,0.0,0.0,0.0,0.0,0.0,29.523393630981445,0.5,0.9644,0.0156,0.0107,0.0074,0.0016,0.0355,0.0198,0.0091,97.9,98.6,99.0,99.1,99.1,99.5,9165.3515625,'BARTD',null,null,POINT (-122.324514 37.931072)
HighwayBridge,CA007033,null,null,null,null,D,0,0,5.0,null,0.32553109526634216,12.258646011352539,0.7515487670898438,0.33662161231040955,0.0,0.0,0.0,0.0,0.0,29.523393630981445,0.5,0.9254,0.0389,0.018,0.0139,0.0035,0.0745,0.0355,0.0175,96.0,97.5,98.2,98.3,98.4,99.1,13749.97265625,'FIRST STREET',null,null,POINT (-122.116878 37.895006)
HighwayBridge,CA007034,null,null,null,null,D,0,0,5.0,null,0.32553109526634216,12.258646011352539,0.7515487670898438,0.33662161231040955,0.0,0.0,0.0,0.0,0.0,29.523393630981445,0.5,0.9254,0.0391,0.018,0.0138,0.0035,0.0745,0.0354,0.0174,96.0,97.5,98.2,98.3,98.4,99.1,37331.7734375,'FIRST STREET',null,null,POINT (-122.116856 37.894775)
HighwayBridge,CA007035,null,null,null,null,D,0,0,5.0,null,0.32553109526634216,12.258646011352539,0.7515487670898438,0.33662161231040955,0.0,0.0,0.0,0.0,0.0,29.523393630981445,0.5,0.9254,0.0391,0.018,0.0138,0.0035,0.0745,0.0354,0.0174,96.0,97.5,98.2,98.3,98.4,99.1,35776.28515625,'FIRST STREET',null,null,POINT (-122.116814 37.894367)
HighwayBridge,CA007036,null,null,null,null,D,0,0,5.0,null,0.32553109526634216,12.258646011352539,0.7515487670898438,0.33662161231040955,0.0,0.0,0.0,0.0,0.0,29.523393630981445,0.5,0.9254,0.0374,0.0187,0.0145,0.0037,0.0745,0.037,0.0183,95.9,97.4,98.1,98.2,98.3,99.1,28368.099609375,'LAFAYETTE STA PUC(BARTD)',null,null,POINT (-122.1248 37.893264)
HighwayBridge,CA007037,null,null,null,null,D,0,0,5.0,null,0.32553109526634216,12.258646011352539,0.7515487670898438,0.33662161231040955,0.0,0.0,0.0,0.0,0.0,29.523393630981445,0.5,0.9254,0.0395,0.0178,0.0136,0.0035,0.0745,0.035,0.0172,96.0,97.5,98.2,98.3,98.4,99.1,8810.2412109375,'LAFAYETTE STA PUC(BARTD)',null,null,POINT (-122.124669 37.893103)
HighwayBridge,CA007038,null,null,null,null,D,0,0,5.0,null,0.29944267868995667,12.994046211242676,0.7356488108634949,0.3667662739753723,0.0,0.0,0.0,0.0,0.0,29.523393630981445,0.5,0.9326,0.0,0.0337,0.0241,0.0094,0.0673,0.0673,0.0335,94.3,95.3,96.6,96.8,97.0,98.2,218171.390625,'INTERSTATE 580',null,null,POINT (-122.314397 37.899875)
HighwayBridge,CA007039,null,null,null,null,D,0,0,5.0,null,0.29944267868995667,12.994046211242676,0.7356488108634949,0.3667662739753723,0.0,0.0,0.0,0.0,0.0,29.523393630981445,0.5,0.9326,0.0,0.0337,0.0241,0.0094,0.0673,0.0673,0.0335,94.3,95.3,96.6,96.8,97.0,98.2,36483.4453125,'CENTRAL AVE',null,null,POINT (-122.312089 37.898028)
HighwayBridge,CA007040,null,null,null,null,D,0,0,5.0,null,0.29944267868995667,12.994046211242676,0.7356488108634949,0.3667662739753723,0.0,0.0,0.0,0.0,0.0,29.523393630981445,0.5,0.9326,0.0,0.0337,0.0241,0.0094,0.0673,0.0673,0.0335,94.3,95.3,96.6,96.8,97.0,98.2,44991.15234375,'CENTRAL AVE',null,null,POINT (-122.312833 37.899008)
HighwayBridge,CA007041,null,null,null,null,D,0,0,5.0,null,0.29944267868995667,12.994046211242676,0.7356488108634949,0.3667662739753723,0.0,0.0,0.0,0.0,0.0,29.523393630981445,0.5,0.9326,0.0,0.0337,0.0241,0.0094,0.0673,0.0673,0.0335,94.3,95.3,96.6,96.8,97.0,98.2,52364.34765625,'CENTRAL AVE',null,null,POINT (-122.313836 37.900244)
HighwayBridge,CA007042,null,null,null,null,D,0,0,5.0,null,0.29944267868995667,12.994046211242676,0.7356488108634949,0.3667662739753723,0.0,0.0,0.0,0.0,0.0,29.523393630981445,0.5,0.9326,0.0,0.0337,0.0241,0.0094,0.0673,0.0673,0.0335,94.3,95.3,96.6,96.8,97.0,98.2,25244.56640625,'CENTRAL AVE',null,null,POINT (-122.314508 37.901078)
HighwayBridge,CA007043,null,null,null,null,D,0,0,5.0,null,0.2965981960296631,10.486924171447754,0.6718616485595703,0.28059494495391846,0.0,0.0,0.0,0.0,0.0,29.523393630981445,0.5,0.9596,0.0233,0.0093,0.0063,0.0013,0.0403,0.017,0.0077,97.9,98.8,99.2,99.2,99.3,99.6,1129.7960205078125,'FRANKLIN EQUIP & PIPE UC',null,null,POINT (-122.146647 37.998964)
HighwayBridge,CA007044,null,null,null,null,D,0,0,5.0,null,0.2897186875343323,10.825994491577148,0.6819484233856201,0.2887684404850006,0.0,0.0,0.0,0.0,0.0,29.523393630981445,0.5,0.9502,0.0,0.0259,0.0175,0.0062,0.0497,0.0497,0.0237,95.8,96.5,97.5,97.7,97.8,98.7,178468.828125,'USN RR & KINNE BLVD',null,null,POINT (-122.012931 38.011339)
HighwayBridge,CA007045,null,null,null,null,D,0,0,5.0,null,0.2897186875343323,10.825994491577148,0.6819484233856201,0.2887684404850006,0.0,0.0,0.0,0.0,0.0,29.523393630981445,0.5,0.9502,0.0,0.0259,0.0175,0.0062,0.0497,0.0497,0.0237,95.8,96.5,97.5,97.7,97.8,98.7,178468.828125,'USN RR & KINNE BLVD',null,null,POINT (-122.012331 38.010986)
HighwayBridge,CA007046,null,null,null,null,D,0,0,5.0,null,0.305047869682312,12.021832466125488,0.7280945777893066,0.32921820878982544,0.0,0.0,0.0,0.0,0.0,29.523393630981445,0.5,0.9531,0.0,0.0246,0.0164,0.0057,0.0468,0.0468,0.0221,96.0,96.8,97.7,97.9,98.0,98.8,47103.98046875,'WALNUT CREEK',null,null,POINT (-122.057719 37.999806)
HighwayBridge,CA007047,null,null,null,null,D,0,0,5.0,null,0.305047869682312,12.021832466125488,0.7280945777893066,0.32921820878982544,0.0,0.0,0.0,0.0,0.0,29.523393630981445,0.5,0.9531,0.0,0.0246,0.0164,0.0057,0.0468,0.0468,0.0221,96.0,96.8,97.7,97.9,98.0,98.8,46450.765625,'WALNUT CREEK',null,null,POINT (-122.057539 37.999556)
HighwayBridge,CA007048,null,null,null,null,D,0,0,5.0,null,0.305047869682312,12.021832466125488,0.7280945777893066,0.32921820878982544,0.0,0.0,0.0,0.0,0.0,29.523393630981445,0.5,0.9528,0.0,0.0248,0.0165,0.0057,0.0471,0.0471,0.0223,96.0,96.7,97.7,97.8,98.0,98.8,56458.04296875,'SOLANO WAY',null,null,POINT (-122.053472 38.001008)
HighwayBridge,CA007049,null,null,null,null,D,0,0,5.0,null,0.305047869682312,12.021832466125488,0.7280945777893066,0.32921820878982544,0.0,0.0,0.0,0.0,0.0,29.523393630981445,0.5,0.9531,0.0,0.0246,0.0164,0.0057,0.0468,0.0468,0.0221,96.0,96.8,97.7,97.9,98.0,98.8,60134.62109375,'SOLANO WAY',null,null,POINT (-122.053378 38.000664)
HighwayBridge,CA007050,null,null,null,null,D,0,0,5.0,null,0.305047869682312,12.021832466125488,0.7280945777893066,0.32921820878982544,0.0,0.0,0.0,0.0,0.0,29.523393630981445,0.5,0.9305,0.0374,0.0164,0.0124,0.0031,0.0694,0.032,0.0155,96.3,97.7,98.4,98.5,98.6,99.2,41327.42578125,'PERALTA ROAD',null,null,POINT (-122.047942 38.002381)
HighwayBridge,CA007051,null,null,null,null,D,0,0,5.0,null,0.305047869682312,12.021832466125488,0.7280945777893066,0.32921820878982544,0.0,0.0,0.0,0.0,0.0,29.523393630981445,0.5,0.9305,0.0343,0.0178,0.0137,0.0035,0.0694,0.0351,0.0172,96.1,97.5,98.2,98.3,98.4,99.1,56827.65234375,'PERALTA ROAD',null,null,POINT (-122.047936 38.002019)
HighwayBridge,CA007052,null,null,null,null,D,0,0,5.0,null,0.305047869682312,12.021832466125488,0.7280945777893066,0.32921820878982544,0.0,0.0,0.0,0.0,0.0,29.523393630981445,0.5,0.831,0.0,0.0709,0.0628,0.0351,0.1689,0.1689,0.098,85.4,87.5,90.2,90.7,91.2,94.5,457758.625,'W4-S242 CONNECTOR RAMP',null,null,POINT (-122.036561 38.005819)
HighwayBridge,CA007053,null,null,null,null,D,0,0,5.0,null,0.305047869682312,12.021832466125488,0.7280945777893066,0.32921820878982544,0.0,0.0,0.0,0.0,0.0,29.523393630981445,0.5,0.8522,0.0,0.064,0.0548,0.0288,0.1477,0.1477,0.0837,87.3,89.1,91.6,92.0,92.4,95.4,338640.125,'W4-S242 CONNECTOR RAMP',null,null,POINT (-122.0369 38.005342)
HighwayBridge,CA007054,null,null,null,null,D,0,0,5.0,null,0.305047869682312,12.021832466125488,0.7280945777893066,0.32921820878982544,0.0,0.0,0.0,0.0,0.0,29.523393630981445,0.5,0.9317,0.0,0.0341,0.0244,0.0096,0.0682,0.0682,0.0341,94.2,95.2,96.5,96.7,96.9,98.2,106214.625,'W4-S242 & N242-E4 CONNS',null,null,POINT (-122.036956 38.005178)
HighwayBridge,CA007055,null,null,null,null,D,0,0,5.0,null,0.2897186875343323,10.825994491577148,0.6819484233856201,0.2887684404850006,0.0,0.0,0.0,0.0,0.0,29.523393630981445,0.5,0.8198,0.1353,0.0318,0.0113,0.0015,0.1801,0.0447,0.0129,93.0,97.3,98.6,98.7,98.8,99.4,92780.2734375,'PORT CHICAGO HWY',null,null,POINT (-122.023183 38.009764)
HighwayBridge,CA007056,null,null,null,null,D,0,0,5.0,null,0.2897186875343323,10.825994491577148,0.6819484233856201,0.2887684404850006,0.0,0.0,0.0,0.0,0.0,29.523393630981445,0.5,0.9552,0.0254,0.0104,0.0072,0.0015,0.0447,0.0192,0.0088,97.7,98.6,99.0,99.1,99.2,99.5,60096.66796875,'PORT CHICAGO HWY',null,null,POINT (-122.022967 38.009189)
HighwayBridge,CA007057,null,null,null,null,D,0,0,5.0,null,0.2897186875343323,10.825994491577148,0.6819484233856201,0.2887684404850006,0.0,0.0,0.0,0.0,0.0,29.523393630981445,0.5,0.9552,0.0255,0.0104,0.0072,0.0015,0.0447,0.0192,0.0087,97.7,98.7,99.1,99.1,99.2,99.5,28087.435546875,'WILLOW PASS ROAD',null,null,POINT (-121.997836 38.013761)
HighwayBridge,CA007058,null,null,null,null,D,0,0,5.0,null,0.2897186875343323,10.825994491577148,0.6819484233856201,0.2887684404850006,0.0,0.0,0.0,0.0,0.0,29.523393630981445,0.5,0.9552,0.0255,0.0104,0.0072,0.0015,0.0447,0.0192,0.0087,97.7,98.7,99.1,99.1,99.2,99.5,30330.158203125,'WILLOW PASS ROAD',null,null,POINT (-121.997608 38.013369)
HighwayBridge,CA007059,null,null,null,null,D,0,0,5.0,null,0.305047869682312,12.021832466125488,0.7280945777893066,0.32921820878982544,0.0,0.0,0.0,0.0,0.0,29.523393630981445,0.5,0.9513,0.0,0.0255,0.0171,0.006,0.0486,0.0486,0.0231,95.9,96.6,97.6,97.8,97.9,98.8,105701.953125,'STATE ROUTE 242',null,null,POINT (-122.039233 37.997564)
HighwayBridge,CA007060,null,null,null,null,D,0,0,5.0,null,0.305047869682312,12.021832466125488,0.7280945777893066,0.32921820878982544,0.0,0.0,0.0,0.0,0.0,29.523393630981445,0.5,0.9531,0.0,0.0246,0.0164,0.0057,0.0468,0.0468,0.0221,96.0,96.8,97.7,97.9,98.0,98.8,130300.03125,'STATE ROUTES 4 & 242',null,null,POINT (-122.036536 38.003903)
HighwayBridge,CA007061,null,null,null,null,D,0,0,5.0,null,0.2891490161418915,9.848416328430176,0.6430376172065735,0.2624647915363312,0.0,0.0,0.0,0.0,0.0,29.523393630981445,0.5,0.9683,0.0092,0.0119,0.0084,0.0019,0.0316,0.0223,0.0104,97.8,98.4,98.9,99.0,99.0,99.4,40038.09375,'BNSF RY',null,null,POINT (-122.120747 37.994514)
HighwayBridge,CA007062,null,null,null,null,D,0,0,5.0,null,0.2891490161418915,9.848416328430176,0.6430376172065735,0.2624647915363312,0.0,0.0,0.0,0.0,0.0,29.523393630981445,0.5,0.9683,0.0054,0.0137,0.01,0.0023,0.0316,0.0261,0.0124,97.6,98.2,98.7,98.8,98.8,99.4,2132.288330078125,'E MARTINEZ DRAIN',null,null,POINT (-122.089531 38.006797)
HighwayBridge,CA007063,null,null,null,null,D,0,0,5.0,null,0.305047869682312,12.021832466125488,0.7280945777893066,0.32921820878982544,0.0,0.0,0.0,0.0,0.0,29.523393630981445,0.5,0.9305,0.0374,0.0164,0.0124,0.0031,0.0694,0.032,0.0155,96.3,97.7,98.4,98.5,98.6,99.2,15591.9326171875,'EBMUD SERVICE ROAD',null,null,POINT (-122.039378 38.00425)
HighwayBridge,CA007064,null,null,null,null,D,0,0,5.0,null,0.305047869682312,12.021832466125488,0.7280945777893066,0.32921820878982544,0.0,0.0,0.0,0.0,0.0,29.523393630981445,0.5,0.9305,0.0372,0.0165,0.0125,0.0031,0.0694,0.0321,0.0156,96.3,97.7,98.4,98.5,98.6,99.2,3845.332275390625,'EBMUD SERVICE ROAD',null,null,POINT (-122.039294 38.004011)
HighwayBridge,CA007065,null,null,null,null,D,0,0,5.0,null,0.305047869682312,12.021832466125488,0.7280945777893066,0.32921820878982544,0.0,0.0,0.0,0.0,0.0,29.523393630981445,0.5,0.9305,0.0374,0.0164,0.0124,0.0031,0.0694,0.032,0.0155,96.3,97.7,98.4,98.5,98.6,99.2,8240.47265625,'EBMUD SERVICE ROAD',null,null,POINT (-122.040158 37.997758)
HighwayBridge,CA007066,null,null,null,null,D,0,0,5.0,null,0.305047869682312,12.021832466125488,0.7280945777893066,0.32921820878982544,0.0,0.0,0.0,0.0,0.0,29.523393630981445,0.5,0.9305,0.0374,0.0164,0.0124,0.0031,0.0694,0.032,0.0155,96.3,97.7,98.4,98.5,98.6,99.2,2701.234130859375,'EBMUD SERVICE ROAD',null,null,POINT (-122.039347 37.997344)
HighwayBridge,CA007067,null,null,null,null,D,0,0,5.0,null,0.3204180598258972,12.237601280212402,0.7436526417732239,0.3358174264431,0.0,0.0,0.0,0.0,0.0,29.523393630981445,0.5,0.926,0.0394,0.0176,0.0134,0.0034,0.0739,0.0345,0.0169,96.1,97.6,98.2,98.4,98.5,99.1,2948.067138671875,'GREEN VALLEY CREEK',null,null,POINT (-121.993839 37.823972)
HighwayBridge,CA007068,null,null,null,null,D,0,0,5.0,null,0.24413135647773743,8.268756866455078,0.5125021934509277,0.19292740523815155,0.0,0.0,0.0,0.0,0.0,29.523393630981445,0.5,0.9931,0.0017,0.0032,0.0015,0.0003,0.0068,0.0051,0.0018,99.5,99.6,99.7,99.8,99.8,99.8,31694.798828125,'INTERSTATE 580',null,null,POINT (-122.32505 37.911189)
HighwayBridge,CA007069,null,null,null,null,D,0,0,5.0,null,0.29944267868995667,12.994046211242676,0.7356488108634949,0.3667662739753723,0.0,0.0,0.0,0.0,0.0,29.523393630981445,0.5,0.9326,0.0,0.0337,0.0241,0.0094,0.0673,0.0673,0.0335,94.3,95.3,96.6,96.8,97.0,98.2,70832.1015625,'NONE',null,null,POINT (-122.322231 37.910569)
HighwayBridge,CA007070,null,null,null,null,D,0,0,5.0,null,0.29944267868995667,12.994046211242676,0.7356488108634949,0.3667662739753723,0.0,0.0,0.0,0.0,0.0,29.523393630981445,0.5,0.9326,0.0,0.0337,0.0241,0.0094,0.0673,0.0673,0.0335,94.3,95.3,96.6,96.8,97.0,98.2,79493.1171875,'NONE',null,null,POINT (-122.323844 37.91275)
HighwayBridge,CA007071,null,null,null,null,D,0,0,5.0,null,0.24413135647773743,8.268756866455078,0.5125021934509277,0.19292740523815155,0.0,0.0,0.0,0.0,0.0,29.523393630981445,0.5,0.9931,0.0016,0.0032,0.0015,0.0003,0.0068,0.0051,0.0018,99.5,99.6,99.7,99.8,99.8,99.8,10603.9384765625,'INTERSTATE 580',null,null,POINT (-122.347317 37.921544)
HighwayBridge,CA007072,null,null,null,null,D,0,0,5.0,null,0.24413135647773743,8.268756866455078,0.5125021934509277,0.19292740523815155,0.0,0.0,0.0,0.0,0.0,29.523393630981445,0.5,0.9931,0.0008,0.0037,0.0018,0.0003,0.0068,0.0059,0.0021,99.4,99.6,99.7,99.7,99.7,99.8,8395.091796875,'INTERSTATE 580',null,null,POINT (-122.355772 37.921678)
HighwayBridge,CA007073,null,null,null,null,D,0,0,5.0,null,0.28633642196655273,12.898520469665527,0.7165697813034058,0.3699047267436981,0.0,0.0,0.0,0.0,0.0,29.523393630981445,0.5,0.8594,0.0,0.0616,0.052,0.0268,0.1405,0.1405,0.0789,87.9,89.7,92.1,92.5,92.9,95.6,540138.125,'INTERSTATE 580',null,null,POINT (-122.363119 37.925133)
HighwayBridge,CA007074,null,null,null,null,D,0,0,5.0,null,0.28633642196655273,12.898520469665527,0.7165697813034058,0.3699047267436981,0.0,0.0,0.0,0.0,0.0,29.523393630981445,0.5,0.9308,0.0,0.0345,0.0248,0.0098,0.0691,0.0691,0.0346,94.1,95.1,96.5,96.7,96.9,98.2,423117.3125,'BNSF RY  SOUTH SECOND ST',null,null,POINT (-122.367744 37.927206)
HighwayBridge,CA007075,null,null,null,null,D,0,0,5.0,null,0.2675885558128357,11.3576021194458,0.6570038199424744,0.31031322479248047,0.0,0.0,0.0,0.0,0.0,29.523393630981445,0.5,0.962,0.0,0.0205,0.0131,0.0043,0.0379,0.0379,0.0174,96.8,97.4,98.2,98.3,98.4,99.1,123930.6015625,'CANAL BOULEVARD',null,null,POINT (-122.377889 37.9273)
HighwayBridge,CA007076,null,null,null,null,D,0,0,5.0,null,0.2773539423942566,10.04581356048584,0.6278798580169678,0.26528066396713257,0.0,0.0,0.0,0.0,0.0,29.523393630981445,0.5,0.979,0.0,0.012,0.0069,0.0019,0.0209,0.0209,0.0088,98.2,98.6,99.0,99.1,99.2,99.5,24450.970703125,'INTERSTATE 80',null,null,POINT (-122.318872 37.976353)
HighwayBridge,CA007077,null,null,null,null,D,0,0,5.0,null,0.2773539423942566,10.04581356048584,0.6278798580169678,0.26528066396713257,0.0,0.0,0.0,0.0,0.0,29.523393630981445,0.5,0.979,0.0,0.012,0.0069,0.0019,0.0209,0.0209,0.0089,98.2,98.6,99.0,99.1,99.2,99.5,25019.935546875,'INTERSTATE 80',null,null,POINT (-122.318922 37.976228)
HighwayBridge,CA007078,null,null,null,null,D,0,0,5.0,null,0.30598485469818115,10.546538352966309,0.6689594388008118,0.2805054187774658,0.0,0.0,0.0,0.0,0.0,29.523393630981445,0.5,0.9596,0.0232,0.0093,0.0063,0.0013,0.0403,0.017,0.0077,97.9,98.8,99.2,99.2,99.3,99.6,1446.465576171875,'STATE ROUTE 24',null,null,POINT (-122.209681 37.861122)
HighwayBridge,CA007079,null,null,null,null,D,0,0,5.0,null,0.24413135647773743,8.268756866455078,0.5125021934509277,0.19292740523815155,0.0,0.0,0.0,0.0,0.0,29.523393630981445,0.5,0.9931,0.0017,0.0032,0.0015,0.0003,0.0068,0.0051,0.0018,99.5,99.6,99.7,99.8,99.8,99.8,6657.33203125,'INTERSTATE ROUTE 580',null,null,POINT (-122.333178 37.919933)
HighwayBridge,CA007080,null,null,null,null,D,0,0,5.0,null,0.2773539423942566,10.04581356048584,0.6278798580169678,0.26528066396713257,0.0,0.0,0.0,0.0,0.0,29.523393630981445,0.5,0.9781,0.0,0.0124,0.0072,0.002,0.0218,0.0218,0.0093,98.2,98.5,99.0,99.1,99.1,99.5,24371.689453125,'INTERSTATE 80',null,null,POINT (-122.301919 37.993744)
HighwayBridge,CA007081,null,null,null,null,D,0,0,5.0,null,0.3249405324459076,14.086722373962402,0.800311267375946,0.42130327224731445,0.0,0.0,0.0,0.0,0.0,29.523393630981445,0.5,0.8772,0.0,0.0553,0.0452,0.022,0.1227,0.1227,0.0673,89.5,91.1,93.2,93.6,93.9,96.3,301425.40625,'CLAYTON ROAD-S242 ON RMP',null,null,POINT (-122.047836 37.969531)
HighwayBridge,CA007082,null,null,null,null,D,0,0,5.0,null,0.2675885558128357,11.3576021194458,0.6570038199424744,0.31031322479248047,0.0,0.0,0.0,0.0,0.0,29.523393630981445,0.5,0.962,0.0,0.0205,0.0131,0.0043,0.0379,0.0379,0.0174,96.8,97.4,98.2,98.3,98.4,99.1,80674.125,'CASTRO STREET',null,null,POINT (-122.386119 37.929025)
HighwayBridge,CA007083,null,null,null,null,D,0,0,5.0,null,0.2675885558128357,11.3576021194458,0.6570038199424744,0.31031322479248047,0.0,0.0,0.0,0.0,0.0,29.523393630981445,0.5,0.962,0.0,0.0205,0.0131,0.0043,0.0379,0.0379,0.0174,96.8,97.4,98.2,98.3,98.4,99.1,46191.9765625,'CASTRO STREET',null,null,POINT (-122.385833 37.929147)
HighwayBridge,CA007084,null,null,null,null,D,0,0,5.0,null,0.2675885558128357,11.3576021194458,0.6570038199424744,0.31031322479248047,0.0,0.0,0.0,0.0,0.0,29.523393630981445,0.5,0.962,0.0,0.0205,0.0131,0.0043,0.0379,0.0379,0.0174,96.8,97.4,98.2,98.3,98.4,99.1,33908.984375,'CASTRO STREET',null,null,POINT (-122.385681 37.929267)
HighwayBridge,CA007085,null,null,null,null,D,0,0,5.0,null,0.24413135647773743,8.268756866455078,0.5125021934509277,0.19292740523815155,0.0,0.0,0.0,0.0,0.0,29.523393630981445,0.5,0.9931,0.0017,0.0032,0.0015,0.0003,0.0068,0.0051,0.0018,99.5,99.6,99.7,99.8,99.8,99.8,12252.1005859375,'INTERSTATE 580',null,null,POINT (-122.359919 37.923094)
HighwayBridge,CA007086,null,null,null,null,D,0,0,5.0,null,0.2675885558128357,11.3576021194458,0.6570038199424744,0.31031322479248047,0.0,0.0,0.0,0.0,0.0,29.523393630981445,0.5,0.962,0.0,0.0205,0.0131,0.0043,0.0379,0.0379,0.0174,96.8,97.4,98.2,98.3,98.4,99.1,3819.552001953125,'HILLSIDE',null,null,POINT (-122.393686 37.932328)
HighwayBridge,CA007087,null,null,null,null,D,0,0,5.0,null,0.2773539423942566,10.04581356048584,0.6278798580169678,0.26528066396713257,0.0,0.0,0.0,0.0,0.0,29.523393630981445,0.5,0.9791,0.0,0.0119,0.0069,0.0019,0.0208,0.0208,0.0088,98.2,98.6,99.0,99.1,99.2,99.5,113411.984375,'INTERSTATE 80',null,null,POINT (-122.315267 37.986683)
HighwayBridge,CA007088,null,null,null,null,D,0,0,5.0,null,0.321115106344223,11.395089149475098,0.7213207483291626,0.3060084879398346,0.0,0.0,0.0,0.0,0.0,29.523393630981445,0.5,0.7934,0.1519,0.0381,0.0143,0.0021,0.2065,0.0546,0.0164,91.8,96.7,98.2,98.4,98.5,99.2,176847.328125,'E24-S680 CONNECTOR RAMP',null,null,POINT (-122.069208 37.894297)
HighwayBridge,CA007089,null,null,null,null,D,0,0,5.0,null,0.2561769485473633,8.608607292175293,0.5629810690879822,0.21416859328746796,0.0,0.0,0.0,0.0,0.0,29.523393630981445,0.5,0.9895,0.0019,0.0052,0.0026,0.0006,0.0104,0.0085,0.0032,99.2,99.4,99.6,99.6,99.6,99.8,12327.5908203125,'WILLOW PASS ROAD',null,null,POINT (-121.966017 38.023044)
HighwayBridge,CA007090,null,null,null,null,D,0,0,5.0,null,0.2561769485473633,8.608607292175293,0.5629810690879822,0.21416859328746796,0.0,0.0,0.0,0.0,0.0,29.523393630981445,0.5,0.9895,0.002,0.0051,0.0026,0.0005,0.0104,0.0084,0.0032,99.2,99.4,99.6,99.6,99.6,99.8,10674.8603515625,'WILLOW PASS ROAD',null,null,POINT (-121.966144 38.022689)
HighwayBridge,CA007091,null,null,null,null,D,0,0,5.0,null,0.321115106344223,11.395089149475098,0.7213207483291626,0.3060084879398346,0.0,0.0,0.0,0.0,0.0,29.523393630981445,0.5,0.9453,0.0175,0.0187,0.0145,0.0037,0.0546,0.037,0.0183,96.4,97.4,98.1,98.2,98.3,99.1,18185.830078125,'N680&E24-YGNACIO OFF RMP',null,null,POINT (-122.069442 37.901592)
HighwayBridge,CA007092,null,null,null,null,D,0,0,5.0,null,0.3204180598258972,12.237601280212402,0.7436526417732239,0.3358174264431,0.0,0.0,0.0,0.0,0.0,29.523393630981445,0.5,0.9487,0.0,0.0266,0.018,0.0064,0.0512,0.0512,0.0245,95.7,96.4,97.5,97.6,97.8,98.7,182980.265625,'INTERSTATE 680',null,null,POINT (-121.977108 37.779697)
HighwayBridge,CA007093,null,null,null,null,D,0,0,5.0,null,0.2561769485473633,8.608607292175293,0.5629810690879822,0.21416859328746796,0.0,0.0,0.0,0.0,0.0,29.523393630981445,0.5,0.9826,0.0111,0.0036,0.0021,0.0003,0.0173,0.0061,0.0024,99.2,99.5,99.7,99.7,99.7,99.8,2074.4931640625,'E4-BAILEY RD OFF RAMP',null,null,POINT (-121.944658 38.018244)
HighwayBridge,CA007094,null,null,null,null,D,0,0,5.0,null,0.2561769485473633,8.608607292175293,0.5629810690879822,0.21416859328746796,0.0,0.0,0.0,0.0,0.0,29.523393630981445,0.5,0.9895,0.0021,0.0051,0.0026,0.0005,0.0104,0.0083,0.0031,99.2,99.4,99.6,99.6,99.7,99.8,8955.7421875,'CONTRA COSTA CANAL',null,null,POINT (-121.944431 38.019331)
HighwayBridge,CA007095,null,null,null,null,D,0,0,5.0,null,0.2561769485473633,8.608607292175293,0.5629810690879822,0.21416859328746796,0.0,0.0,0.0,0.0,0.0,29.523393630981445,0.5,0.9895,0.0021,0.0051,0.0026,0.0005,0.0104,0.0083,0.0031,99.2,99.4,99.6,99.6,99.7,99.8,2610.49853515625,'CONTRA COSTA CANAL',null,null,POINT (-121.942942 38.019864)
HighwayBridge,CA007096,null,null,null,null,D,0,0,5.0,null,0.3249405324459076,14.086722373962402,0.800311267375946,0.42130327224731445,0.0,0.0,0.0,0.0,0.0,29.523393630981445,0.5,0.897,0.0,0.048,0.0376,0.0171,0.1029,0.1029,0.0548,91.2,92.6,94.5,94.8,95.0,97.0,292123.5,'CONTRA COSTA-S680 ON RMP',null,null,POINT (-122.060703 37.939444)
HighwayBridge,CA007097,null,null,null,null,D,0,0,5.0,null,0.3249405324459076,14.086722373962402,0.800311267375946,0.42130327224731445,0.0,0.0,0.0,0.0,0.0,29.523393630981445,0.5,0.897,0.0,0.048,0.0376,0.0171,0.1029,0.1029,0.0548,91.2,92.6,94.5,94.8,95.0,97.0,147273.75,'INTERSTATE 680',null,null,POINT (-122.059564 37.940703)
HighwayBridge,CA007098,null,null,null,null,D,0,0,5.0,null,0.28632470965385437,10.346205711364746,0.6519268751144409,0.2789539396762848,0.0,0.0,0.0,0.0,0.0,29.523393630981445,0.5,0.9612,0.0,0.0208,0.0134,0.0044,0.0387,0.0387,0.0178,96.7,97.3,98.1,98.3,98.4,99.1,62839.87109375,'STATE ROUTE 4',null,null,POINT (-122.256697 38.01395)
HighwayBridge,CA007099,null,null,null,null,D,0,0,5.0,null,0.2821619212627411,10.5068941116333,0.6519501805305481,0.2861925959587097,0.0,0.0,0.0,0.0,0.0,29.523393630981445,0.5,0.8913,0.0805,0.0156,0.0109,0.0014,0.1086,0.028,0.0124,95.6,98.1,98.7,98.8,98.8,99.4,1285851.25,'CARQUINEZ STRAITS  RR',null,null,POINT (-122.225958 38.055956)
HighwayBridge,CA007100,null,null,null,null,D,0,0,5.0,null,0.2891490161418915,9.848416328430176,0.6430376172065735,0.2624647915363312,0.0,0.0,0.0,0.0,0.0,29.523393630981445,0.5,0.98,0.0,0.0115,0.0066,0.0018,0.0199,0.0199,0.0084,98.3,98.6,99.1,99.2,99.2,99.5,124923.2265625,'UPRR MARINA VISTA MOCOCO',null,null,POINT (-122.109703 38.024814)
HighwayBridge,CA007101,null,null,null,null,D,0,0,5.0,null,0.2888011634349823,15.714386940002441,0.7670409679412842,0.5222808122634888,0.0,0.0,0.0,0.0,0.0,29.523393630981445,0.5,0.8177,0.0,0.0749,0.0678,0.0393,0.1822,0.1822,0.1072,84.2,86.4,89.3,89.8,90.3,93.9,75125.484375,'MARSH WETLANDS',null,null,POINT (-122.109114 38.025131)
HighwayBridge,CA007102,null,null,null,null,D,0,0,5.0,null,0.28632470965385437,10.346205711364746,0.6519268751144409,0.2789539396762848,0.0,0.0,0.0,0.0,0.0,29.523393630981445,0.5,0.9745,0.0,0.0143,0.0085,0.0025,0.0254,0.0254,0.0111,97.9,98.3,98.8,98.9,99.0,99.4,16480.701171875,'STATE ROUTE 4',null,null,POINT (-122.244883 38.015414)
HighwayBridge,CA007103,null,null,null,null,D,0,0,5.0,null,0.29472509026527405,10.590834617614746,0.6696973443031311,0.28908199071884155,0.0,0.0,0.0,0.0,0.0,29.523393630981445,0.5,0.9708,0.0,0.0162,0.0099,0.003,0.0291,0.0291,0.0129,97.5,98.0,98.6,98.7,98.8,99.3,112188.8828125,'BNSF RY & AMTRAK',null,null,POINT (-122.212781 38.008164)
HighwayBridge,CA007104,null,null,null,null,D,0,0,5.0,null,0.29472509026527405,10.590834617614746,0.6696973443031311,0.28908199071884155,0.0,0.0,0.0,0.0,0.0,29.523393630981445,0.5,0.9551,0.0254,0.0105,0.0073,0.0015,0.0448,0.0194,0.0089,97.7,98.6,99.0,99.1,99.2,99.5,3116.0673828125,'PRIVATE ACCESS ROAD',null,null,POINT (-122.2063 38.009089)
HighwayBridge,CA007105,null,null,null,null,D,0,0,5.0,null,0.2675885558128357,11.3576021194458,0.6570038199424744,0.31031322479248047,0.0,0.0,0.0,0.0,0.0,29.523393630981445,0.5,0.962,0.0,0.0205,0.0131,0.0043,0.0379,0.0379,0.0174,96.8,97.4,98.2,98.3,98.4,99.1,2089.4052734375,'HILLSIDE',null,null,POINT (-122.396642 37.932786)
HighwayBridge,CA007106,null,null,null,null,D,0,0,5.0,null,0.2821619212627411,10.5068941116333,0.6519501805305481,0.2861925959587097,0.0,0.0,0.0,0.0,0.0,29.523393630981445,0.5,0.9719,0.0,0.0156,0.0095,0.0028,0.028,0.028,0.0124,97.6,98.1,98.7,98.8,98.8,99.3,255192.46875,'SAN PABLO  ETC.  UP RR',null,null,POINT (-122.228114 38.052517)
HighwayBridge,CA007107,null,null,null,null,D,0,0,5.0,null,0.2821619212627411,10.5068941116333,0.6519501805305481,0.2861925959587097,0.0,0.0,0.0,0.0,0.0,29.523393630981445,0.5,0.9719,0.0,0.0156,0.0095,0.0028,0.028,0.028,0.0124,97.6,98.1,98.7,98.8,98.8,99.3,58395.60546875,'WANDA  POMONA  VIRGINIA',null,null,POINT (-122.228322 38.052678)
HighwayBridge,CA007108,null,null,null,null,D,0,0,5.0,null,0.2821619212627411,10.5068941116333,0.6519501805305481,0.2861925959587097,0.0,0.0,0.0,0.0,0.0,29.523393630981445,0.5,0.9719,0.0,0.0156,0.0095,0.0028,0.028,0.028,0.0124,97.6,98.1,98.7,98.8,98.8,99.3,80386.8828125,'POMONA ST  WANDA ST',null,null,POINT (-122.227917 38.052036)
HighwayBridge,CA007109,null,null,null,null,D,0,0,5.0,null,0.2821619212627411,10.5068941116333,0.6519501805305481,0.2861925959587097,0.0,0.0,0.0,0.0,0.0,29.523393630981445,0.5,0.9719,0.0,0.0156,0.0095,0.0028,0.028,0.028,0.0124,97.6,98.1,98.7,98.8,98.8,99.3,44325.6015625,'DOWRELIO DR',null,null,POINT (-122.227803 38.054481)
HighwayBridge,CA007110,null,null,null,null,D,0,0,5.0,null,0.28632470965385437,10.346205711364746,0.6519268751144409,0.2789539396762848,0.0,0.0,0.0,0.0,0.0,29.523393630981445,0.5,0.9604,0.0228,0.0091,0.0062,0.0012,0.0395,0.0166,0.0075,98.0,98.8,99.2,99.2,99.3,99.6,9606.181640625,'FRANKLIN CANYON RD',null,null,POINT (-122.228517 38.010167)
HighwayBridge,CA007111,null,null,null,null,D,0,0,5.0,null,0.22118863463401794,8.673959732055664,0.544208824634552,0.24509868025779724,0.0,0.0,0.0,0.0,0.0,29.523393630981445,0.5,0.9756,0.0147,0.0054,0.0034,0.0006,0.0243,0.0095,0.004,98.8,99.3,99.5,99.5,99.6,99.7,7013.17333984375,'SAN JOSE AVENUE',null,null,POINT (-121.739792 37.940011)
HighwayBridge,CA007112,null,null,null,null,D,0,0,5.0,null,0.22118863463401794,8.673959732055664,0.544208824634552,0.24509868025779724,0.0,0.0,0.0,0.0,0.0,29.523393630981445,0.5,0.9756,0.0133,0.0062,0.0039,0.0007,0.0243,0.0109,0.0047,98.7,99.2,99.5,99.5,99.5,99.7,8011.224609375,'SAN JOSE AVENUE',null,null,POINT (-121.740258 37.940003)
HighwayBridge,CA007113,null,null,null,null,D,0,0,5.0,null,0.22118863463401794,8.673959732055664,0.544208824634552,0.24509868025779724,0.0,0.0,0.0,0.0,0.0,29.523393630981445,0.5,0.9756,0.0147,0.0054,0.0034,0.0006,0.0243,0.0095,0.004,98.8,99.3,99.5,99.5,99.6,99.7,5775.376953125,'SAND CREEK',null,null,POINT (-121.743306 37.947403)
HighwayBridge,CA007114,null,null,null,null,D,0,0,5.0,null,0.22118863463401794,8.673959732055664,0.544208824634552,0.24509868025779724,0.0,0.0,0.0,0.0,0.0,29.523393630981445,0.5,0.9756,0.0144,0.0056,0.0035,0.0006,0.0243,0.0098,0.0042,98.8,99.3,99.5,99.5,99.6,99.7,7404.90478515625,'SAND CREEK',null,null,POINT (-121.743778 37.947147)
HighwayBridge,CA007115,null,null,null,null,D,0,0,5.0,null,0.22118863463401794,8.673959732055664,0.544208824634552,0.24509868025779724,0.0,0.0,0.0,0.0,0.0,29.523393630981445,0.5,0.9828,0.0,0.01,0.0056,0.0015,0.0171,0.0171,0.0071,98.5,98.8,99.2,99.3,99.3,99.6,15373.2158203125,'SAND CREEK ROAD',null,null,POINT (-121.741511 37.943853)
HighwayBridge,CA007116,null,null,null,null,D,0,0,5.0,null,0.22118863463401794,8.673959732055664,0.544208824634552,0.24509868025779724,0.0,0.0,0.0,0.0,0.0,29.523393630981445,0.5,0.9825,0.0,0.0101,0.0057,0.0015,0.0174,0.0174,0.0072,98.5,98.8,99.2,99.3,99.3,99.6,18154.642578125,'SAND CREEK ROAD',null,null,POINT (-121.742081 37.943769)
HighwayBridge,CA007117,null,null,null,null,D,0,0,5.0,null,0.2575337588787079,9.613141059875488,0.6134510636329651,0.25921157002449036,0.0,0.0,0.0,0.0,0.0,29.523393630981445,0.5,0.9799,0.0,0.0115,0.0066,0.0018,0.02,0.02,0.0084,98.3,98.6,99.1,99.1,99.2,99.5,46259.01171875,'STATE ROUTE 4',null,null,POINT (-121.882939 38.015744)
HighwayBridge,CA007118,null,null,null,null,D,0,0,5.0,null,0.2575337588787079,9.613141059875488,0.6134510636329651,0.25921157002449036,0.0,0.0,0.0,0.0,0.0,29.523393630981445,0.5,0.9809,0.0,0.011,0.0062,0.0017,0.019,0.019,0.008,98.4,98.7,99.1,99.2,99.2,99.6,58842.43359375,'STATE ROUTE 4',null,null,POINT (-121.889528 38.017358)
HighwayBridge,CA007119,null,null,null,null,D,0,0,5.0,null,0.2821619212627411,10.5068941116333,0.6519501805305481,0.2861925959587097,0.0,0.0,0.0,0.0,0.0,29.523393630981445,0.5,0.968,0.0,0.0176,0.0109,0.0034,0.0319,0.0319,0.0143,97.3,97.8,98.5,98.6,98.7,99.2,24725.958984375,'INTERSTATE 80',null,null,POINT (-122.255675 38.030186)
HighwayBridge,CA007120,null,null,null,null,D,0,0,5.0,null,0.21277272701263428,8.365218162536621,0.5231019258499146,0.23649340867996216,0.0,0.0,0.0,0.0,0.0,29.523393630981445,0.5,0.9852,0.0,0.0087,0.0048,0.0012,0.0147,0.0147,0.006,98.7,99.0,99.3,99.4,99.4,99.7,17340.673828125,'STATE ROUTE 4',null,null,POINT (-121.758681 37.990767)
HighwayBridge,CA007121,null,null,null,null,D,0,0,5.0,null,0.21277272701263428,8.365218162536621,0.5231019258499146,0.23649340867996216,0.0,0.0,0.0,0.0,0.0,29.523393630981445,0.5,0.9824,0.0,0.0102,0.0057,0.0015,0.0175,0.0175,0.0073,98.5,98.8,99.2,99.3,99.3,99.6,45066.09765625,'CONTRA COSTA CANAL',null,null,POINT (-121.747508 37.983636)
HighwayBridge,CA007122,null,null,null,null,D,0,0,5.0,null,0.21277272701263428,8.365218162536621,0.5231019258499146,0.23649340867996216,0.0,0.0,0.0,0.0,0.0,29.523393630981445,0.5,0.9834,0.0,0.0096,0.0054,0.0014,0.0165,0.0165,0.0068,98.6,98.9,99.2,99.3,99.3,99.6,36258.60546875,'CONTRA COSTA CANAL',null,null,POINT (-121.747894 37.983633)
HighwayBridge,CA007123,null,null,null,null,D,0,0,5.0,null,0.21277272701263428,8.365218162536621,0.5231019258499146,0.23649340867996216,0.0,0.0,0.0,0.0,0.0,29.523393630981445,0.5,0.9866,0.0,0.0079,0.0042,0.001,0.0133,0.0133,0.0053,98.9,99.1,99.4,99.4,99.5,99.7,28511.720703125,'STATE ROUTE 4',null,null,POINT (-121.743867 37.979225)
HighwayBridge,CA007124,null,null,null,null,D,0,0,5.0,null,0.22118863463401794,8.673959732055664,0.544208824634552,0.24509868025779724,0.0,0.0,0.0,0.0,0.0,29.523393630981445,0.5,0.9804,0.0,0.0112,0.0064,0.0017,0.0195,0.0195,0.0082,98.3,98.7,99.1,99.2,99.2,99.5,29233.771484375,'LONE TREE WAY',null,null,POINT (-121.742664 37.961919)
HighwayBridge,CA007125,null,null,null,null,D,0,0,5.0,null,0.22118863463401794,8.673959732055664,0.544208824634552,0.24509868025779724,0.0,0.0,0.0,0.0,0.0,29.523393630981445,0.5,0.9808,0.0,0.011,0.0063,0.0017,0.0191,0.0191,0.008,98.4,98.7,99.1,99.2,99.2,99.6,21177.85546875,'LONE TREE WAY',null,null,POINT (-121.743183 37.961894)
HighwayBridge,CA007126,null,null,null,null,D,0,0,5.0,null,0.21633027493953705,8.538278579711914,0.5344128608703613,0.242532417178154,0.0,0.0,0.0,0.0,0.0,29.523393630981445,0.5,0.9766,0.0142,0.0052,0.0032,0.0005,0.0233,0.0091,0.0038,98.8,99.3,99.5,99.6,99.6,99.8,7192.8876953125,'STATE ROUTE 4',null,null,POINT (-121.724714 37.90655)
HighwayBridge,CA007127,null,null,null,null,D,0,0,5.0,null,0.21633027493953705,8.538278579711914,0.5344128608703613,0.242532417178154,0.0,0.0,0.0,0.0,0.0,29.523393630981445,0.5,0.9766,0.0128,0.0059,0.0037,0.0007,0.0233,0.0104,0.0044,98.8,99.2,99.5,99.5,99.5,99.7,12236.783203125,'MARSH CREEK',null,null,POINT (-121.717183 37.898522)
HighwayBridge,CA007128,null,null,null,null,D,0,0,5.0,null,0.24465948343276978,9.492355346679688,0.5979543924331665,0.2650364935398102,0.0,0.0,0.0,0.0,0.0,29.523393630981445,0.5,0.9585,0.0,0.0221,0.0144,0.0048,0.0414,0.0414,0.0193,96.5,97.1,98.0,98.1,98.2,99.0,207815.234375,'STATE ROUTE 4',null,null,POINT (-121.867403 38.011806)
HighwayBridge,CA007129,null,null,null,null,D,0,0,5.0,null,0.24465948343276978,9.492355346679688,0.5979543924331665,0.2650364935398102,0.0,0.0,0.0,0.0,0.0,29.523393630981445,0.5,0.9672,0.0193,0.0075,0.0049,0.0009,0.0327,0.0134,0.0059,98.4,99.1,99.3,99.4,99.4,99.7,12675.2900390625,'CENTURY BLVD',null,null,POINT (-121.855208 38.008939)
HighwayBridge,CA007130,null,null,null,null,D,0,0,5.0,null,0.24465948343276978,9.492355346679688,0.5979543924331665,0.2650364935398102,0.0,0.0,0.0,0.0,0.0,29.523393630981445,0.5,0.9672,0.0193,0.0075,0.0049,0.0009,0.0327,0.0134,0.0059,98.4,99.1,99.3,99.4,99.4,99.7,12675.2900390625,'CENTURY BLVD',null,null,POINT (-121.855372 38.008556)
HighwayBridge,CA007131,null,null,null,null,D,0,0,5.0,null,0.24465948343276978,9.492355346679688,0.5979543924331665,0.2650364935398102,0.0,0.0,0.0,0.0,0.0,29.523393630981445,0.5,0.9772,0.0,0.0129,0.0076,0.0021,0.0227,0.0227,0.0097,98.1,98.4,98.9,99.0,99.1,99.5,12786.73828125,'SOMERSVILLE ROAD',null,null,POINT (-121.837533 38.004181)
HighwayBridge,CA007132,null,null,null,null,D,0,0,5.0,null,0.24465948343276978,9.492355346679688,0.5979543924331665,0.2650364935398102,0.0,0.0,0.0,0.0,0.0,29.523393630981445,0.5,0.9758,0.0,0.0136,0.0081,0.0023,0.0241,0.0241,0.0104,98.0,98.3,98.9,99.0,99.0,99.4,37352.984375,'SOMERSVILLE ROAD',null,null,POINT (-121.837814 38.003997)
HighwayBridge,CA007133,null,null,null,null,D,0,0,5.0,null,0.24465948343276978,9.492355346679688,0.5979543924331665,0.2650364935398102,0.0,0.0,0.0,0.0,0.0,29.523393630981445,0.5,0.9758,0.0,0.0136,0.0081,0.0023,0.0241,0.0241,0.0104,98.0,98.3,98.9,99.0,99.0,99.4,37352.984375,'SOMERSVILLE ROAD',null,null,POINT (-121.837828 38.003767)
HighwayBridge,CA007134,null,null,null,null,D,0,0,5.0,null,0.22777557373046875,8.881070137023926,0.5582232475280762,0.24961048364639282,0.0,0.0,0.0,0.0,0.0,29.523393630981445,0.5,0.8765,0.0973,0.0193,0.006,0.0006,0.1234,0.0261,0.0067,95.5,98.5,99.2,99.3,99.3,99.6,37529.79296875,'CONTRA LOMA BLVD',null,null,POINT (-121.821139 37.999583)
HighwayBridge,CA007135,null,null,null,null,D,0,0,5.0,null,0.22777557373046875,8.881070137023926,0.5582232475280762,0.24961048364639282,0.0,0.0,0.0,0.0,0.0,29.523393630981445,0.5,0.8765,0.0973,0.0193,0.006,0.0006,0.1234,0.0261,0.0067,95.5,98.5,99.2,99.3,99.3,99.6,37529.79296875,'CONTRA LOMA BLVD',null,null,POINT (-121.821333 37.999139)
HighwayBridge,CA007136,null,null,null,null,D,0,0,5.0,null,0.22777557373046875,8.881070137023926,0.5582232475280762,0.24961048364639282,0.0,0.0,0.0,0.0,0.0,29.523393630981445,0.5,0.9814,0.0,0.0107,0.0061,0.0016,0.0185,0.0185,0.0077,98.4,98.7,99.1,99.2,99.3,99.6,30388.5078125,'STATE ROUTE 4',null,null,POINT (-121.815281 37.998342)
HighwayBridge,CA007137,null,null,null,null,D,0,0,5.0,null,0.22777557373046875,8.881070137023926,0.5582232475280762,0.24961048364639282,0.0,0.0,0.0,0.0,0.0,29.523393630981445,0.5,0.9837,0.0,0.0095,0.0053,0.0014,0.0162,0.0162,0.0067,98.6,98.9,99.3,99.3,99.4,99.6,20956.650390625,'A STREET',null,null,POINT (-121.806319 37.998444)
HighwayBridge,CA007138,null,null,null,null,D,0,0,5.0,null,0.22777557373046875,8.881070137023926,0.5582232475280762,0.24961048364639282,0.0,0.0,0.0,0.0,0.0,29.523393630981445,0.5,0.9837,0.0,0.0095,0.0053,0.0014,0.0162,0.0162,0.0067,98.6,98.9,99.3,99.3,99.4,99.6,20956.650390625,'A STREET',null,null,POINT (-121.806289 37.998003)
HighwayBridge,CA007139,null,null,null,null,D,0,0,5.0,null,0.22777557373046875,8.881070137023926,0.5582232475280762,0.24961048364639282,0.0,0.0,0.0,0.0,0.0,29.523393630981445,0.5,0.9738,0.0157,0.0059,0.0037,0.0006,0.0261,0.0104,0.0044,98.7,99.3,99.5,99.5,99.5,99.7,13414.0849609375,'CAVALLO ROAD',null,null,POINT (-121.798194 37.998481)
HighwayBridge,CA007140,null,null,null,null,D,0,0,5.0,null,0.22777557373046875,8.881070137023926,0.5582232475280762,0.24961048364639282,0.0,0.0,0.0,0.0,0.0,29.523393630981445,0.5,0.9738,0.0157,0.0059,0.0037,0.0006,0.0261,0.0104,0.0044,98.7,99.3,99.5,99.5,99.5,99.7,13414.0849609375,'CAVALLO ROAD',null,null,POINT (-121.798194 37.997956)
HighwayBridge,CA007141,null,null,null,null,D,0,0,5.0,null,0.21277272701263428,8.365218162536621,0.5231019258499146,0.23649340867996216,0.0,0.0,0.0,0.0,0.0,29.523393630981445,0.5,0.9788,0.0129,0.0047,0.0028,0.0005,0.0211,0.0081,0.0033,98.9,99.4,99.6,99.6,99.6,99.8,9671.46875,'BART TRACKS ACCESS ROAD',null,null,POINT (-121.772333 37.994167)
HighwayBridge,CA007142,null,null,null,null,D,0,0,5.0,null,0.21277272701263428,8.365218162536621,0.5231019258499146,0.23649340867996216,0.0,0.0,0.0,0.0,0.0,29.523393630981445,0.5,0.987,0.0,0.0077,0.0041,0.001,0.0129,0.0129,0.0052,98.9,99.1,99.4,99.5,99.5,99.7,52548.609375,'E4-N160 CONNECT  UPRR',null,null,POINT (-121.756639 37.991611)
HighwayBridge,CA007143,null,null,null,null,D,0,0,5.0,null,0.21277272701263428,8.365218162536621,0.5231019258499146,0.23649340867996216,0.0,0.0,0.0,0.0,0.0,29.523393630981445,0.5,0.9824,0.0,0.0102,0.0057,0.0015,0.0175,0.0175,0.0073,98.5,98.8,99.2,99.3,99.3,99.6,32066.3671875,'ROUTE 4',null,null,POINT (-121.756142 37.990578)
HighwayBridge,CA007144,null,null,null,null,D,0,0,5.0,null,0.22118863463401794,8.673959732055664,0.544208824634552,0.24509868025779724,0.0,0.0,0.0,0.0,0.0,29.523393630981445,0.5,0.8826,0.093,0.0181,0.0055,0.0006,0.1173,0.0243,0.0061,95.7,98.6,99.3,99.4,99.4,99.7,57017.00390625,'BALFOUR ROAD',null,null,POINT (-121.733472 37.925556)
HighwayBridge,CA007145,null,null,null,null,D,0,0,5.0,null,0.22118863463401794,8.673959732055664,0.544208824634552,0.24509868025779724,0.0,0.0,0.0,0.0,0.0,29.523393630981445,0.5,0.9756,0.0043,0.0107,0.0075,0.0016,0.0243,0.0199,0.0091,98.2,98.6,99.0,99.1,99.1,99.5,25504.01953125,'DEER CREEK',null,null,POINT (-121.734028 37.926944)
HighwayBridge,CA007146,null,null,null,null,D,0,0,5.0,null,0.22118863463401794,8.673959732055664,0.544208824634552,0.24509868025779724,0.0,0.0,0.0,0.0,0.0,29.523393630981445,0.5,0.9756,0.0147,0.0054,0.0034,0.0006,0.0243,0.0095,0.004,98.8,99.3,99.5,99.5,99.6,99.7,5611.798828125,'DEER CREEK',null,null,POINT (-121.734083 37.92625)
HighwayBridge,CA007147,null,null,null,null,D,0,0,5.0,null,0.21277272701263428,8.365218162536621,0.5231019258499146,0.23649340867996216,0.0,0.0,0.0,0.0,0.0,29.523393630981445,0.5,0.987,0.0,0.0077,0.0041,0.001,0.0129,0.0129,0.0052,98.9,99.1,99.4,99.5,99.5,99.7,18512.001953125,'UPRR TRACKS',null,null,POINT (-121.756111 37.991583)
HighwayBridge,CA007148,null,null,null,null,D,0,0,5.0,null,0.2965981960296631,10.486924171447754,0.6718616485595703,0.28059494495391846,0.0,0.0,0.0,0.0,0.0,29.523393630981445,0.5,0.9596,0.0129,0.0143,0.0105,0.0025,0.0403,0.0274,0.013,97.3,98.1,98.6,98.7,98.8,99.3,8342.5859375,'ARROYO DEL HAMBRE',null,null,POINT (-122.137611 38.017544)
HighwayBridge,CA007149,null,null,null,null,D,0,0,5.0,null,0.2888011634349823,15.714386940002441,0.7670409679412842,0.5222808122634888,0.0,0.0,0.0,0.0,0.0,29.523393630981445,0.5,0.7108,0.0,0.1025,0.1069,0.0796,0.2891,0.2891,0.1866,74.6,77.5,81.5,82.3,83.1,88.9,282008.75,'UP RR  BNSF RY  & AMTRAK',null,null,POINT (-122.098711 38.026325)
HighwayBridge,CA007150,null,null,null,null,D,0,0,5.0,null,0.2888011634349823,15.714386940002441,0.7670409679412842,0.5222808122634888,0.0,0.0,0.0,0.0,0.0,29.523393630981445,0.5,0.7267,0.0,0.0,0.1659,0.1072,0.2732,0.2732,0.2732,73.5,73.5,73.7,74.1,75.3,84.3,799618.0,'PACHECO SLOUGH',null,null,POINT (-122.081722 38.031278)
HighwayBridge,CA007151,null,null,null,null,D,0,0,5.0,null,0.2897186875343323,10.825994491577148,0.6819484233856201,0.2887684404850006,0.0,0.0,0.0,0.0,0.0,29.523393630981445,0.5,0.8885,0.0823,0.0161,0.0098,0.003,0.1114,0.029,0.0129,95.5,98.0,98.6,98.7,98.8,99.3,64052.4453125,'MT DIABLO CRK',null,null,POINT (-122.000167 38.001761)
HighwayBridge,CA007152,null,null,null,null,D,0,0,5.0,null,0.321115106344223,11.395089149475098,0.7213207483291626,0.3060084879398346,0.0,0.0,0.0,0.0,0.0,29.523393630981445,0.5,0.4868,0.2707,0.0843,0.1114,0.0466,0.5131,0.2424,0.158,71.8,81.1,84.4,85.1,85.9,91.7,252824.453125,'WALNUT CREEK',null,null,POINT (-122.059636 37.900592)
HighwayBridge,CA007153,null,null,null,null,D,0,0,5.0,null,0.3249405324459076,14.086722373962402,0.800311267375946,0.42130327224731445,0.0,0.0,0.0,0.0,0.0,29.523393630981445,0.5,0.8574,0.0575,0.0381,0.0348,0.012,0.1425,0.085,0.0469,91.2,93.8,95.3,95.5,95.8,97.6,55963.34375,'PINE CREEK',null,null,POINT (-122.046469 37.969922)
HighwayBridge,CA007154,null,null,null,null,D,0,0,5.0,null,0.283579558134079,10.185131072998047,0.6457984447479248,0.2739821970462799,0.0,0.0,0.0,0.0,0.0,29.523393630981445,0.5,0.9042,0.0717,0.0135,0.008,0.0023,0.0957,0.0239,0.0103,96.2,98.4,98.9,99.0,99.0,99.4,1562.9552001953125,'ECKLEY SLIDE',null,null,POINT (-122.198575 38.049669)
HighwayBridge,CA007155,null,null,null,null,D,0,0,5.0,null,0.2575337588787079,9.613141059875488,0.6134510636329651,0.25921157002449036,0.0,0.0,0.0,0.0,0.0,29.523393630981445,0.5,0.9698,0.0178,0.0069,0.0044,0.0008,0.0301,0.0122,0.0053,98.5,99.1,99.4,99.4,99.5,99.7,4785.04248046875,'HARBOR STREET',null,null,POINT (-121.880467 38.021936)
HighwayBridge,CA007156,null,null,null,null,D,0,0,5.0,null,0.321115106344223,11.395089149475098,0.7213207483291626,0.3060084879398346,0.0,0.0,0.0,0.0,0.0,29.523393630981445,0.5,0.9453,0.0287,0.0136,0.0099,0.0023,0.0546,0.0259,0.0122,97.1,98.2,98.7,98.8,98.9,99.4,11584.576171875,'SAN RAMON CREEK',null,null,POINT (-122.0556 37.887281)
HighwayBridge,CA007157,null,null,null,null,D,0,0,5.0,null,0.321115106344223,11.395089149475098,0.7213207483291626,0.3060084879398346,0.0,0.0,0.0,0.0,0.0,29.523393630981445,0.5,0.9596,0.0,0.0216,0.014,0.0046,0.0403,0.0403,0.0187,96.6,97.2,98.1,98.2,98.3,99.0,11617.9990234375,'SAN RAMON CREEK',null,null,POINT (-122.050767 37.884111)
HighwayBridge,CA007158,null,null,null,null,D,0,0,5.0,null,0.3249405324459076,14.086722373962402,0.800311267375946,0.42130327224731445,0.0,0.0,0.0,0.0,0.0,29.523393630981445,0.5,0.8574,0.0601,0.0371,0.0337,0.0115,0.1425,0.0824,0.0452,91.4,94.0,95.4,95.7,95.9,97.7,41011.7578125,'WALNUT CREEK',null,null,POINT (-122.047828 37.935197)
HighwayBridge,CA007159,null,null,null,null,D,0,0,5.0,null,0.22777557373046875,8.881070137023926,0.5582232475280762,0.24961048364639282,0.0,0.0,0.0,0.0,0.0,29.523393630981445,0.5,0.9837,0.0,0.0095,0.0053,0.0014,0.0162,0.0162,0.0067,98.6,98.9,99.3,99.3,99.4,99.6,90365.2734375,'BNSF RY & AMTRAK  UP RR',null,null,POINT (-121.788764 38.012144)
HighwayBridge,CA007160,null,null,null,null,D,0,0,5.0,null,0.28633642196655273,12.898520469665527,0.7165697813034058,0.3699047267436981,0.0,0.0,0.0,0.0,0.0,29.523393630981445,0.5,0.3635,0.3287,0.0976,0.1408,0.0691,0.6364,0.3077,0.21,64.4,75.5,79.4,80.1,81.2,88.6,341401.75,'SAN PABLO CREEK',null,null,POINT (-122.345128 37.962622)
HighwayBridge,CA007161,null,null,null,null,D,0,0,5.0,null,0.2773539423942566,10.04581356048584,0.6278798580169678,0.26528066396713257,0.0,0.0,0.0,0.0,0.0,29.523393630981445,0.5,0.967,0.0194,0.0075,0.0049,0.0009,0.0329,0.0134,0.0059,98.3,99.0,99.3,99.4,99.4,99.7,4199.41943359375,'GARRITY CREEK',null,null,POINT (-122.321761 37.999767)
HighwayBridge,CA007162,null,null,null,null,D,0,0,5.0,null,0.2773539423942566,10.04581356048584,0.6278798580169678,0.26528066396713257,0.0,0.0,0.0,0.0,0.0,29.523393630981445,0.5,0.967,0.0194,0.0075,0.0049,0.0009,0.0329,0.0134,0.0059,98.3,99.0,99.3,99.4,99.4,99.7,2078.051513671875,'MCCARTHY CREEK',null,null,POINT (-122.320364 38.000656)
HighwayBridge,CA007163,null,null,null,null,D,0,0,5.0,null,0.2773539423942566,10.04581356048584,0.6278798580169678,0.26528066396713257,0.0,0.0,0.0,0.0,0.0,29.523393630981445,0.5,0.967,0.0175,0.0085,0.0057,0.0011,0.0329,0.0153,0.0068,98.2,98.9,99.2,99.3,99.3,99.6,3429.348388671875,'PINOLE CREEK',null,null,POINT (-122.289442 38.006225)
HighwayBridge,CA007164,null,null,null,null,D,0,0,5.0,null,0.2773539423942566,10.04581356048584,0.6278798580169678,0.26528066396713257,0.0,0.0,0.0,0.0,0.0,29.523393630981445,0.5,0.9131,0.066,0.0119,0.0069,0.0019,0.0868,0.0208,0.0088,96.6,98.6,99.0,99.1,99.2,99.5,37671.1015625,'BNSF RY AND AMTRAK',null,null,POINT (-122.286797 38.008036)
HighwayBridge,CA007165,null,null,null,null,D,0,0,5.0,null,0.321115106344223,11.395089149475098,0.7213207483291626,0.3060084879398346,0.0,0.0,0.0,0.0,0.0,29.523393630981445,0.5,0.9453,0.0221,0.0166,0.0126,0.0031,0.0546,0.0325,0.0158,96.7,97.7,98.3,98.5,98.5,99.2,21768.9609375,'WALNUT CREEK',null,null,POINT (-122.056717 37.907386)
HighwayBridge,CA007166,null,null,null,null,D,0,0,5.0,null,0.3199337422847748,11.038826942443848,0.6998469233512878,0.29034751653671265,0.0,0.0,0.0,0.0,0.0,29.523393630981445,0.5,0.8868,0.082,0.0172,0.0106,0.0033,0.1131,0.0311,0.0139,95.3,97.9,98.5,98.6,98.7,99.3,31098.669921875,'SAN RAMON CREEK',null,null,POINT (-122.031567 37.850486)
HighwayBridge,CA007167,null,null,null,null,D,0,0,5.0,null,0.321115106344223,11.395089149475098,0.7213207483291626,0.3060084879398346,0.0,0.0,0.0,0.0,0.0,29.523393630981445,0.5,0.9453,0.0302,0.0129,0.0093,0.0021,0.0546,0.0243,0.0114,97.2,98.3,98.8,98.9,98.9,99.4,4163.763671875,'SAN RAMON CREEK',null,null,POINT (-122.048308 37.880256)
HighwayBridge,CA007168,null,null,null,null,D,0,0,5.0,null,0.321115106344223,11.395089149475098,0.7213207483291626,0.3060084879398346,0.0,0.0,0.0,0.0,0.0,29.523393630981445,0.5,0.9453,0.0227,0.0164,0.0123,0.003,0.0546,0.0318,0.0154,96.7,97.7,98.4,98.5,98.6,99.2,17591.46875,'SAN RAMON CREEK',null,null,POINT (-122.049625 37.878611)
HighwayBridge,CA007169,null,null,null,null,D,0,0,5.0,null,0.3249405324459076,14.086722373962402,0.800311267375946,0.42130327224731445,0.0,0.0,0.0,0.0,0.0,29.523393630981445,0.5,0.8574,0.0668,0.0346,0.0308,0.0102,0.1425,0.0757,0.041,91.8,94.5,95.8,96.1,96.3,97.9,43094.265625,'GRAYSON CREEK',null,null,POINT (-122.066339 37.961436)
HighwayBridge,CA007170,null,null,null,null,D,0,0,5.0,null,0.3038388788700104,10.245465278625488,0.6652419567108154,0.2681425213813782,0.0,0.0,0.0,0.0,0.0,29.523393630981445,0.5,0.9657,0.0185,0.0086,0.0058,0.0011,0.0342,0.0157,0.007,98.2,98.9,99.2,99.3,99.3,99.6,6782.73681640625,'CONTRA COSTA CANAL',null,null,POINT (-122.075656 37.961092)
HighwayBridge,CA007171,null,null,null,null,D,0,0,5.0,null,0.321115106344223,11.395089149475098,0.7213207483291626,0.3060084879398346,0.0,0.0,0.0,0.0,0.0,29.523393630981445,0.5,0.8691,0.0904,0.0216,0.014,0.0046,0.1308,0.0403,0.0187,94.3,97.2,98.0,98.2,98.3,99.0,24529.814453125,'LAS TRAMPAS CREEK',null,null,POINT (-122.058914 37.894714)
HighwayBridge,CA007172,null,null,null,null,D,0,0,5.0,null,0.28632470965385437,10.346205711364746,0.6519268751144409,0.2789539396762848,0.0,0.0,0.0,0.0,0.0,29.523393630981445,0.5,0.9604,0.0216,0.0097,0.0067,0.0014,0.0395,0.0179,0.0081,97.9,98.7,99.1,99.2,99.2,99.6,4915.58984375,'PINOLE CREEK',null,null,POINT (-122.270794 37.981019)
HighwayBridge,CA007173,null,null,null,null,D,0,0,5.0,null,0.2561769485473633,8.608607292175293,0.5629810690879822,0.21416859328746796,0.0,0.0,0.0,0.0,0.0,29.523393630981445,0.5,0.9826,0.0122,0.003,0.0017,0.0002,0.0173,0.0051,0.002,99.2,99.6,99.7,99.7,99.8,99.8,3078.908935546875,'CONTRA COSTA CANAL',null,null,POINT (-121.941697 38.019494)
HighwayBridge,CA007174,null,null,null,null,D,0,0,5.0,null,0.2561769485473633,8.608607292175293,0.5629810690879822,0.21416859328746796,0.0,0.0,0.0,0.0,0.0,29.523393630981445,0.5,0.9859,0.0089,0.003,0.0017,0.0002,0.014,0.0051,0.002,99.3,99.6,99.7,99.7,99.8,99.8,744.4678344726562,'CONTRA COSTA CANAL',null,null,POINT (-121.938261 38.019333)
HighwayBridge,CA007175,null,null,null,null,D,0,0,5.0,null,0.2561769485473633,8.608607292175293,0.5629810690879822,0.21416859328746796,0.0,0.0,0.0,0.0,0.0,29.523393630981445,0.5,0.9767,0.0,0.0123,0.0088,0.002,0.0232,0.0232,0.0108,98.0,98.4,98.8,98.9,99.0,99.4,6074.7421875,'CONTRA COSTA CANAL',null,null,POINT (-121.940097 38.019647)
HighwayBridge,CA007176,null,null,null,null,D,0,0,5.0,null,0.2561769485473633,8.608607292175293,0.5629810690879822,0.21416859328746796,0.0,0.0,0.0,0.0,0.0,29.523393630981445,0.5,0.9767,0.0,0.0123,0.0088,0.002,0.0232,0.0232,0.0108,98.0,98.4,98.8,98.9,99.0,99.4,5857.787109375,'CONTRA COSTA CANAL',null,null,POINT (-121.944533 38.019517)
HighwayBridge,CA007177,null,null,null,null,D,0,0,5.0,null,0.1811569631099701,7.833191394805908,0.47749584913253784,0.23718364536762238,0.0,0.0,0.0,0.0,0.0,29.523393630981445,0.5,0.893,0.0855,0.016,0.0047,0.0005,0.1069,0.0213,0.0052,96.1,98.7,99.3,99.4,99.5,99.7,13800.693359375,'ROCK SLOUGH',null,null,POINT (-121.620008 37.976522)
HighwayBridge,CA007178,null,null,null,null,D,0,0,5.0,null,0.2891490161418915,9.848416328430176,0.6430376172065735,0.2624647915363312,0.0,0.0,0.0,0.0,0.0,29.523393630981445,0.5,0.9683,0.0183,0.0074,0.0048,0.0009,0.0316,0.0132,0.0058,98.4,99.1,99.3,99.4,99.4,99.7,8045.7255859375,'BNSF RY',null,null,POINT (-122.119614 37.996711)
HighwayBridge,CA007179,null,null,null,null,D,0,0,5.0,null,0.305047869682312,12.021832466125488,0.7280945777893066,0.32921820878982544,0.0,0.0,0.0,0.0,0.0,29.523393630981445,0.5,0.9437,0.0,0.0289,0.0199,0.0073,0.0562,0.0562,0.0273,95.2,96.1,97.2,97.4,97.5,98.6,71000.203125,'GRAYSON CREEK',null,null,POINT (-122.069931 37.986803)
HighwayBridge,CA007180,null,null,null,null,D,0,0,5.0,null,0.3204180598258972,12.237601280212402,0.7436526417732239,0.3358174264431,0.0,0.0,0.0,0.0,0.0,29.523393630981445,0.5,0.926,0.0293,0.022,0.0177,0.0048,0.0739,0.0446,0.0226,95.5,96.8,97.7,97.8,97.9,98.9,42350.37109375,'SAN RAMON CREEK',null,null,POINT (-121.984542 37.811236)
HighwayBridge,CA007181,null,null,null,null,D,0,0,5.0,null,0.31861957907676697,10.963915824890137,0.6945685744285583,0.2874138057231903,0.0,0.0,0.0,0.0,0.0,29.523393630981445,0.5,0.956,0.0251,0.0102,0.007,0.0015,0.0439,0.0188,0.0086,97.8,98.7,99.1,99.1,99.2,99.5,2980.546142578125,'LAS TRAMPAS CREEK',null,null,POINT (-122.097067 37.871922)
HighwayBridge,CA007182,null,null,null,null,D,0,0,5.0,null,0.3204180598258972,12.237601280212402,0.7436526417732239,0.3358174264431,0.0,0.0,0.0,0.0,0.0,29.523393630981445,0.5,0.926,0.0395,0.0175,0.0134,0.0034,0.0739,0.0344,0.0168,96.1,97.6,98.2,98.4,98.5,99.1,13328.21875,'SAN RAMON CREEK',null,null,POINT (-121.980581 37.790056)
HighwayBridge,CA007183,null,null,null,null,D,0,0,5.0,null,0.305047869682312,12.021832466125488,0.7280945777893066,0.32921820878982544,0.0,0.0,0.0,0.0,0.0,29.523393630981445,0.5,0.8414,0.1116,0.0246,0.0164,0.0057,0.1585,0.0469,0.0222,93.2,96.7,97.7,97.8,98.0,98.8,70914.59375,'WALNUT CREEK',null,null,POINT (-122.052314 37.980719)
HighwayBridge,CA007184,null,null,null,null,D,0,0,5.0,null,0.305047869682312,12.021832466125488,0.7280945777893066,0.32921820878982544,0.0,0.0,0.0,0.0,0.0,29.523393630981445,0.5,0.953,0.0,0.0246,0.0164,0.0057,0.0469,0.0469,0.0222,96.0,96.7,97.7,97.8,98.0,98.8,57796.0,'WALNUT CREEK',null,null,POINT (-122.052344 37.980572)
HighwayBridge,CA007185,null,null,null,null,D,0,0,5.0,null,0.310818612575531,10.68083381652832,0.6826629042625427,0.28262096643447876,0.0,0.0,0.0,0.0,0.0,29.523393630981445,0.5,0.9724,0.0,0.0154,0.0093,0.0028,0.0275,0.0275,0.0121,97.7,98.1,98.7,98.8,98.9,99.4,14615.1826171875,'SAN RAMON CREEK',null,null,POINT (-122.015556 37.835081)
HighwayBridge,CA007186,null,null,null,null,D,0,0,5.0,null,0.2575337588787079,9.613141059875488,0.6134510636329651,0.25921157002449036,0.0,0.0,0.0,0.0,0.0,29.523393630981445,0.5,0.9698,0.0175,0.0071,0.0046,0.0008,0.0301,0.0126,0.0055,98.5,99.1,99.4,99.4,99.5,99.7,3850.705810546875,'CONTRA COSTA CANAL',null,null,POINT (-121.885014 38.003619)
HighwayBridge,CA007187,null,null,null,null,D,0,0,5.0,null,0.3249405324459076,14.086722373962402,0.800311267375946,0.42130327224731445,0.0,0.0,0.0,0.0,0.0,29.523393630981445,0.5,0.8574,0.0655,0.0351,0.0314,0.0104,0.1425,0.077,0.0418,91.7,94.4,95.8,96.0,96.2,97.9,76544.6875,'WALNUT CREEK',null,null,POINT (-122.051706 37.947397)
HighwayBridge,CA007188,null,null,null,null,D,0,0,5.0,null,0.3249405324459076,14.086722373962402,0.800311267375946,0.42130327224731445,0.0,0.0,0.0,0.0,0.0,29.523393630981445,0.5,0.7221,0.174,0.0483,0.038,0.0173,0.2778,0.1037,0.0553,86.7,92.5,94.4,94.7,95.0,97.0,29576.873046875,'PINE CREEK',null,null,POINT (-122.035689 37.958494)
HighwayBridge,CA007189,null,null,null,null,D,0,0,5.0,null,0.32553109526634216,12.258646011352539,0.7515487670898438,0.33662161231040955,0.0,0.0,0.0,0.0,0.0,29.523393630981445,0.5,0.9254,0.0329,0.0207,0.0164,0.0044,0.0745,0.0415,0.0208,95.6,97.0,97.8,98.0,98.1,98.9,13499.0751953125,'RELIEZ CREEK',null,null,POINT (-122.09365 37.8956)
HighwayBridge,CA007190,null,null,null,null,D,0,0,5.0,null,0.28633642196655273,12.898520469665527,0.7165697813034058,0.3699047267436981,0.0,0.0,0.0,0.0,0.0,29.523393630981445,0.5,0.3635,0.3287,0.0976,0.1408,0.0691,0.6364,0.3077,0.21,64.4,75.5,79.4,80.1,81.2,88.6,163128.921875,'WILDCAT CREEK',null,null,POINT (-122.366831 37.960267)
HighwayBridge,CA007191,null,null,null,null,D,0,0,5.0,null,0.28633642196655273,12.898520469665527,0.7165697813034058,0.3699047267436981,0.0,0.0,0.0,0.0,0.0,29.523393630981445,0.5,0.3635,0.3287,0.0976,0.1408,0.0691,0.6364,0.3077,0.21,64.4,75.5,79.4,80.1,81.2,88.6,170325.796875,'SAN PABLO CREEK',null,null,POINT (-122.366703 37.967228)
HighwayBridge,CA007192,null,null,null,null,D,0,0,5.0,null,0.32553109526634216,12.258646011352539,0.7515487670898438,0.33662161231040955,0.0,0.0,0.0,0.0,0.0,29.523393630981445,0.5,0.9254,0.0175,0.0272,0.0229,0.0068,0.0745,0.057,0.0297,94.7,95.9,97.0,97.1,97.3,98.5,60019.76953125,'LAS TRAMPAS CREEK',null,null,POINT (-122.092831 37.886986)
HighwayBridge,CA007193,null,null,null,null,D,0,0,5.0,null,0.297406941652298,11.480756759643555,0.7074201703071594,0.3133818209171295,0.0,0.0,0.0,0.0,0.0,29.523393630981445,0.5,0.9408,0.0325,0.0139,0.0102,0.0024,0.0591,0.0265,0.0126,96.9,98.1,98.7,98.8,98.8,99.3,5901.2099609375,'MOUNT DIABLO CREEK',null,null,POINT (-121.970019 37.971694)
HighwayBridge,CA007194,null,null,null,null,D,0,0,5.0,null,0.305047869682312,12.021832466125488,0.7280945777893066,0.32921820878982544,0.0,0.0,0.0,0.0,0.0,29.523393630981445,0.5,0.9478,0.0,0.027,0.0184,0.0066,0.0521,0.0521,0.025,95.6,96.4,97.4,97.6,97.7,98.7,70687.359375,'WALNUT CREEK',null,null,POINT (-122.059228 38.001531)
HighwayBridge,CA007195,null,null,null,null,D,0,0,5.0,null,0.305047869682312,12.021832466125488,0.7280945777893066,0.32921820878982544,0.0,0.0,0.0,0.0,0.0,29.523393630981445,0.5,0.9528,0.0,0.0248,0.0165,0.0057,0.0471,0.0471,0.0223,96.0,96.7,97.7,97.8,98.0,98.8,30341.189453125,'GRAYSON CREEK',null,null,POINT (-122.063197 38.001789)
HighwayBridge,CA007196,null,null,null,null,D,0,0,5.0,null,0.297406941652298,11.480756759643555,0.7074201703071594,0.3133818209171295,0.0,0.0,0.0,0.0,0.0,29.523393630981445,0.5,0.9345,0.0,0.0306,0.0264,0.0083,0.0654,0.0654,0.0347,94.4,95.3,96.5,96.7,96.9,98.2,6214.203125,'GALINDO CREEK',null,null,POINT (-121.970128 37.946078)
HighwayBridge,CA007197,null,null,null,null,D,0,0,5.0,null,0.297406941652298,11.480756759643555,0.7074201703071594,0.3133818209171295,0.0,0.0,0.0,0.0,0.0,29.523393630981445,0.5,0.9408,0.0325,0.0139,0.0102,0.0024,0.0591,0.0265,0.0126,96.9,98.1,98.7,98.8,98.8,99.3,1863.136474609375,'MOUNT DIABLO CREEK',null,null,POINT (-121.954428 37.954092)
HighwayBridge,CA007198,null,null,null,null,D,0,0,5.0,null,0.21633027493953705,8.538278579711914,0.5344128608703613,0.242532417178154,0.0,0.0,0.0,0.0,0.0,29.523393630981445,0.5,0.9766,0.0142,0.0052,0.0032,0.0005,0.0233,0.0091,0.0038,98.8,99.3,99.5,99.6,99.6,99.8,870.63818359375,'E CONTRA COSTA ID CANAL',null,null,POINT (-121.696153 37.917958)
HighwayBridge,CA007199,null,null,null,null,D,0,0,5.0,null,0.2115025371313095,8.528155326843262,0.5292953252792358,0.24595637619495392,0.0,0.0,0.0,0.0,0.0,29.523393630981445,0.5,0.9313,0.0531,0.0091,0.005,0.0013,0.0686,0.0154,0.0063,97.3,98.9,99.3,99.3,99.4,99.6,13974.349609375,'CALIFORNIA AQUEDUCT',null,null,POINT (-121.596769 37.82365)
HighwayBridge,CA007200,null,null,null,null,D,0,0,5.0,null,0.2039269059896469,8.07902717590332,0.5036103129386902,0.2297649383544922,0.0,0.0,0.0,0.0,0.0,29.523393630981445,0.5,0.9812,0.0116,0.0041,0.0025,0.0004,0.0187,0.0071,0.0029,99.1,99.5,99.6,99.7,99.7,99.8,662.2965698242188,'KELLOGG CREEK',null,null,POINT (-121.641417 37.881889)
HighwayBridge,CA007201,null,null,null,null,D,0,0,5.0,null,0.22070293128490448,8.405445098876953,0.5322556495666504,0.23220427334308624,0.0,0.0,0.0,0.0,0.0,29.523393630981445,0.5,0.988,0.0,0.0072,0.0038,0.0009,0.0119,0.0119,0.0047,99.0,99.2,99.5,99.5,99.5,99.7,2341.39697265625,'KELLOGG CREEK',null,null,POINT (-121.695111 37.874633)
HighwayBridge,CA007202,null,null,null,null,D,0,0,5.0,null,0.23084500432014465,8.08839225769043,0.5253820419311523,0.20815137028694153,0.0,0.0,0.0,0.0,0.0,29.523393630981445,0.5,0.987,0.0057,0.0042,0.0025,0.0004,0.0129,0.0071,0.0029,99.2,99.5,99.6,99.7,99.7,99.8,2311.81787109375,'MARSH CREEK',null,null,POINT (-121.775936 37.884667)
HighwayBridge,CA007203,null,null,null,null,D,0,0,5.0,null,0.20696081221103668,8.135555267333984,0.5083907246589661,0.2299475073814392,0.0,0.0,0.0,0.0,0.0,29.523393630981445,0.5,0.9876,0.0,0.0074,0.0039,0.0009,0.0123,0.0123,0.0049,98.9,99.2,99.4,99.5,99.5,99.7,2318.32958984375,'MARSH CREEK',null,null,POINT (-121.710342 37.925436)
HighwayBridge,CA007204,null,null,null,null,D,0,0,5.0,null,0.20696081221103668,8.135555267333984,0.5083907246589661,0.2299475073814392,0.0,0.0,0.0,0.0,0.0,29.523393630981445,0.5,0.9876,0.0,0.0074,0.0039,0.0009,0.0123,0.0123,0.0049,98.9,99.2,99.4,99.5,99.5,99.7,2161.449951171875,'MARSH CREEK',null,null,POINT (-121.710386 37.925308)
HighwayBridge,CA007205,null,null,null,null,D,0,0,5.0,null,0.2039269059896469,8.07902717590332,0.5036103129386902,0.2297649383544922,0.0,0.0,0.0,0.0,0.0,29.523393630981445,0.5,0.9812,0.0116,0.0041,0.0025,0.0004,0.0187,0.0071,0.0029,99.1,99.5,99.6,99.7,99.7,99.8,833.4552612304688,'E CONTRA COSTA ID CANAL',null,null,POINT (-121.64115 37.917908)
HighwayBridge,CA007206,null,null,null,null,D,0,0,5.0,null,0.2055048793554306,8.71514892578125,0.5319892168045044,0.26307255029678345,0.0,0.0,0.0,0.0,0.0,29.523393630981445,0.5,0.9681,0.0139,0.0098,0.0067,0.0014,0.0318,0.0179,0.0081,98.1,98.7,99.1,99.2,99.2,99.6,14796.1806640625,'MARSH CREEK',null,null,POINT (-121.696242 37.990581)
HighwayBridge,CA007207,null,null,null,null,D,0,0,5.0,null,0.30044370889663696,10.422507286071777,0.6744294166564941,0.26809030771255493,0.0,0.0,0.0,0.0,0.0,29.523393630981445,0.5,0.9649,0.0107,0.0128,0.0092,0.0021,0.035,0.0243,0.0114,97.7,98.3,98.8,98.9,98.9,99.4,9136.66015625,'PINE CREEK',null,null,POINT (-122.010681 37.928408)
HighwayBridge,CA007208,null,null,null,null,D,0,0,5.0,null,0.2575337588787079,9.613141059875488,0.6134510636329651,0.25921157002449036,0.0,0.0,0.0,0.0,0.0,29.523393630981445,0.5,0.9698,0.0179,0.0068,0.0044,0.0008,0.0301,0.0122,0.0053,98.5,99.1,99.4,99.4,99.5,99.7,3376.701416015625,'CONTRA COSTA CANAL',null,null,POINT (-121.892872 38.007325)
HighwayBridge,CA007209,null,null,null,null,D,0,0,5.0,null,0.2773539423942566,10.04581356048584,0.6278798580169678,0.26528066396713257,0.0,0.0,0.0,0.0,0.0,29.523393630981445,0.5,0.967,0.0182,0.0081,0.0054,0.001,0.0329,0.0146,0.0065,98.3,99.0,99.3,99.3,99.4,99.6,2516.712158203125,'PINOLE CREEK',null,null,POINT (-122.288467 38.002436)
HighwayBridge,CA007210,null,null,null,null,D,0,0,5.0,null,0.2773539423942566,10.04581356048584,0.6278798580169678,0.26528066396713257,0.0,0.0,0.0,0.0,0.0,29.523393630981445,0.5,0.9583,0.0,0.0,0.0327,0.0088,0.0416,0.0416,0.0416,95.9,95.9,96.0,96.0,96.3,98.0,49475.3671875,'PINOLE CREEK',null,null,POINT (-122.285344 37.992681)
HighwayBridge,CA007211,null,null,null,null,D,0,0,5.0,null,0.20270222425460815,8.17469596862793,0.5067620277404785,0.23597131669521332,0.0,0.0,0.0,0.0,0.0,29.523393630981445,0.5,0.979,0.0128,0.0046,0.0028,0.0004,0.0209,0.008,0.0033,99.0,99.4,99.6,99.6,99.6,99.8,535.157470703125,'BRUSHY CREEK',null,null,POINT (-121.609681 37.835581)
HighwayBridge,CA007212,null,null,null,null,D,0,0,5.0,null,0.28632470965385437,10.346205711364746,0.6519268751144409,0.2789539396762848,0.0,0.0,0.0,0.0,0.0,29.523393630981445,0.5,0.9604,0.0194,0.0108,0.0075,0.0016,0.0395,0.02,0.0092,97.8,98.6,99.0,99.1,99.1,99.5,16701.298828125,'PINOLE CREEK',null,null,POINT (-122.264378 37.979483)
HighwayBridge,CA007213,null,null,null,null,D,0,0,5.0,null,0.31861957907676697,10.963915824890137,0.6945685744285583,0.2874138057231903,0.0,0.0,0.0,0.0,0.0,29.523393630981445,0.5,0.956,0.0226,0.0114,0.008,0.0018,0.0439,0.0213,0.0099,97.6,98.5,98.9,99.0,99.1,99.5,11216.763671875,'LAS TRAMPAS CREEK',null,null,POINT (-122.101675 37.860997)
HighwayBridge,CA007214,null,null,null,null,D,0,0,5.0,null,0.2463945895433426,8.380436897277832,0.5473858714103699,0.21089017391204834,0.0,0.0,0.0,0.0,0.0,29.523393630981445,0.5,0.9845,0.0034,0.0067,0.0043,0.0008,0.0154,0.0119,0.0051,98.9,99.1,99.4,99.4,99.5,99.7,970.6268920898438,'MARSH CREEK',null,null,POINT (-121.831811 37.884714)
HighwayBridge,CA007215,null,null,null,null,D,0,0,5.0,null,0.23084500432014465,8.08839225769043,0.5253820419311523,0.20815137028694153,0.0,0.0,0.0,0.0,0.0,29.523393630981445,0.5,0.9875,0.0052,0.0042,0.0025,0.0004,0.0124,0.0071,0.0029,99.2,99.5,99.6,99.7,99.7,99.8,557.4742431640625,'MARSH CREEK',null,null,POINT (-121.799025 37.892558)
HighwayBridge,CA007216,null,null,null,null,D,0,0,5.0,null,0.21063785254955292,7.204540252685547,0.4723289906978607,0.18442046642303467,0.0,0.0,0.0,0.0,0.0,29.523393630981445,0.5,0.9941,0.0,0.0036,0.0017,0.0003,0.0058,0.0058,0.0021,99.5,99.6,99.7,99.7,99.7,99.8,1438.0076904296875,'MARSH CREEK',null,null,POINT (-121.772636 37.879658)
HighwayBridge,CA007217,null,null,null,null,D,0,0,5.0,null,0.21761420369148254,7.385173797607422,0.483789324760437,0.1871940940618515,0.0,0.0,0.0,0.0,0.0,29.523393630981445,0.5,0.9817,0.0,0.0,0.015,0.0031,0.0182,0.0182,0.0182,98.2,98.2,98.2,98.2,98.3,99.1,6922.7021484375,'MARSH CREEK',null,null,POINT (-121.727333 37.872928)
HighwayBridge,CA007218,null,null,null,null,D,0,0,5.0,null,0.2888011634349823,15.714386940002441,0.7670409679412842,0.5222808122634888,0.0,0.0,0.0,0.0,0.0,29.523393630981445,0.5,0.5914,0.2263,0.0749,0.0678,0.0393,0.4085,0.1822,0.1072,78.5,86.4,89.3,89.8,90.3,93.9,22396.208984375,'PEYTON SLOUGH',null,null,POINT (-122.105597 38.025811)
HighwayBridge,CA007219,null,null,null,null,D,0,0,5.0,null,0.22777557373046875,8.881070137023926,0.5582232475280762,0.24961048364639282,0.0,0.0,0.0,0.0,0.0,29.523393630981445,0.5,0.9738,0.0157,0.0059,0.0037,0.0006,0.0261,0.0103,0.0044,98.7,99.3,99.5,99.5,99.5,99.7,515.0602416992188,'E ANTIOCH CREEK',null,null,POINT (-121.798281 38.012233)
HighwayBridge,CA007220,null,null,null,null,D,0,0,5.0,null,0.22777557373046875,8.881070137023926,0.5582232475280762,0.24961048364639282,0.0,0.0,0.0,0.0,0.0,29.523393630981445,0.5,0.9738,0.0157,0.0059,0.0037,0.0006,0.0261,0.0103,0.0044,98.7,99.3,99.5,99.5,99.5,99.7,1754.60107421875,'FAIR CREEK',null,null,POINT (-121.823631 38.011192)
HighwayBridge,CA007221,null,null,null,null,D,0,0,5.0,null,0.32553109526634216,12.258646011352539,0.7515487670898438,0.33662161231040955,0.0,0.0,0.0,0.0,0.0,29.523393630981445,0.5,0.4238,0.2576,0.0995,0.1456,0.0732,0.5761,0.3184,0.2189,65.2,74.6,78.5,79.3,80.4,88.1,228317.90625,'TAYLOR BLVD',null,null,POINT (-122.097128 37.921458)
HighwayBridge,CA007222,null,null,null,null,D,0,0,5.0,null,0.2741357982158661,10.187732696533203,0.6449889540672302,0.2849585711956024,0.0,0.0,0.0,0.0,0.0,29.523393630981445,0.5,0.9573,0.0214,0.0113,0.008,0.0017,0.0426,0.0212,0.0098,97.6,98.5,98.9,99.0,99.1,99.5,8424.3203125,'TASSAJARA CREEK',null,null,POINT (-121.866583 37.764383)
HighwayBridge,CA007223,null,null,null,null,D,0,0,5.0,null,0.28633642196655273,12.898520469665527,0.7165697813034058,0.3699047267436981,0.0,0.0,0.0,0.0,0.0,29.523393630981445,0.5,0.9007,0.0372,0.0292,0.025,0.0077,0.0992,0.062,0.0327,93.8,95.5,96.7,96.9,97.0,98.3,10464.4951171875,'WILDCAT CREEK',null,null,POINT (-122.346192 37.960361)
HighwayBridge,CA007224,null,null,null,null,D,0,0,5.0,null,0.30203935503959656,10.406497955322266,0.664941132068634,0.2777739465236664,0.0,0.0,0.0,0.0,0.0,29.523393630981445,0.5,0.9003,0.0746,0.0141,0.0084,0.0024,0.0996,0.025,0.0109,96.0,98.3,98.8,98.9,99.0,99.4,12310.8115234375,'CAMINO PABLO ROAD',null,null,POINT (-122.184369 37.878708)
HighwayBridge,CA007225,null,null,null,null,D,0,0,5.0,null,0.3122633695602417,10.710003852844238,0.679046094417572,0.2819371223449707,0.0,0.0,0.0,0.0,0.0,29.523393630981445,0.5,0.9589,0.0178,0.0123,0.0088,0.002,0.041,0.0232,0.0108,97.6,98.4,98.8,98.9,99.0,99.4,2648.909423828125,'W BRANCH SAN LEANDRO CR',null,null,POINT (-122.131731 37.835756)
HighwayBridge,CA007226,null,null,null,null,D,0,0,5.0,null,0.25543802976608276,13.52338695526123,0.7071109414100647,0.45895054936408997,0.0,0.0,0.0,0.0,0.0,29.523393630981445,0.5,0.2392,0.3174,0.1156,0.1967,0.1308,0.7607,0.4432,0.3275,52.0,63.3,67.9,68.9,70.4,81.1,390390.0,'RANGE ROAD',null,null,POINT (-121.918272 38.026631)
HighwayBridge,CA007227,null,null,null,null,D,0,0,5.0,null,0.32553109526634216,12.258646011352539,0.7515487670898438,0.33662161231040955,0.0,0.0,0.0,0.0,0.0,29.523393630981445,0.5,0.9254,0.0355,0.0195,0.0153,0.004,0.0745,0.0389,0.0193,95.8,97.2,98.0,98.1,98.2,99.0,18248.931640625,'LAS TRAMPAS CREEK',null,null,POINT (-122.101022 37.879806)
HighwayBridge,CA007228,null,null,null,null,D,0,0,5.0,null,0.32553109526634216,12.258646011352539,0.7515487670898438,0.33662161231040955,0.0,0.0,0.0,0.0,0.0,29.523393630981445,0.5,0.9254,0.0341,0.0202,0.0159,0.0042,0.0745,0.0404,0.0202,95.7,97.1,97.9,98.0,98.2,99.0,6013.26611328125,'LAFAYETTE CREEK',null,null,POINT (-122.121536 37.88835)
HighwayBridge,CA007229,null,null,null,null,D,0,0,5.0,null,0.2821619212627411,10.5068941116333,0.6519501805305481,0.2861925959587097,0.0,0.0,0.0,0.0,0.0,29.523393630981445,0.5,0.9719,0.0,0.0156,0.0095,0.0028,0.028,0.028,0.0124,97.6,98.1,98.7,98.8,98.8,99.3,7273.8759765625,'RODEO CREEK',null,null,POINT (-122.265797 38.033078)
HighwayBridge,CA007230,null,null,null,null,D,0,0,5.0,null,0.2734396457672119,14.547263145446777,0.7414925694465637,0.49189117550849915,0.0,0.0,0.0,0.0,0.0,29.523393630981445,0.5,0.8405,0.0,0.0678,0.0592,0.0323,0.1594,0.1594,0.0915,86.3,88.2,90.8,91.3,91.7,94.9,54154.08203125,'UP RR  BNSF RY  & AMTRAK',null,null,POINT (-121.987986 38.045083)
HighwayBridge,CA007231,null,null,null,null,D,0,0,5.0,null,0.2039269059896469,8.07902717590332,0.5036103129386902,0.2297649383544922,0.0,0.0,0.0,0.0,0.0,29.523393630981445,0.5,0.9812,0.0116,0.0041,0.0025,0.0004,0.0187,0.0071,0.0029,99.1,99.5,99.6,99.7,99.7,99.8,380.2406921386719,'KELLOGG CREEK',null,null,POINT (-121.671244 37.881917)
HighwayBridge,CA007232,null,null,null,null,D,0,0,5.0,null,0.311388224363327,10.946950912475586,0.6955714821815491,0.293448805809021,0.0,0.0,0.0,0.0,0.0,29.523393630981445,0.5,0.5146,0.298,0.0706,0.0857,0.0308,0.4853,0.1872,0.1166,76.1,85.7,88.5,89.0,89.6,94.1,213249.21875,'LAFAYETTE AQUEDUCT',null,null,POINT (-122.144272 37.890958)
HighwayBridge,CA007233,null,null,null,null,D,0,0,5.0,null,0.305047869682312,12.021832466125488,0.7280945777893066,0.32921820878982544,0.0,0.0,0.0,0.0,0.0,29.523393630981445,0.5,0.9305,0.0191,0.0244,0.02,0.0057,0.0694,0.0503,0.0258,95.2,96.4,97.4,97.5,97.7,98.7,36366.45703125,'CENTRAL SANITARY RD',null,null,POINT (-122.070036 37.999717)
HighwayBridge,CA007234,null,null,null,null,D,0,0,5.0,null,0.3249405324459076,14.086722373962402,0.800311267375946,0.42130327224731445,0.0,0.0,0.0,0.0,0.0,29.523393630981445,0.5,0.6123,0.2141,0.1028,0.0566,0.014,0.3876,0.1735,0.0706,80.4,88.8,92.7,93.3,93.7,96.6,499799.34375,'WALNUT CREEK',null,null,POINT (-122.055181 37.966631)
HighwayBridge,CA007235,null,null,null,null,D,0,0,5.0,null,0.2965981960296631,10.486924171447754,0.6718616485595703,0.28059494495391846,0.0,0.0,0.0,0.0,0.0,29.523393630981445,0.5,0.9596,0.0142,0.0137,0.01,0.0023,0.0403,0.0261,0.0123,97.4,98.2,98.7,98.8,98.9,99.4,8601.6591796875,'ARROYO DEL HAMBRE',null,null,POINT (-122.138453 38.017947)
HighwayBridge,CA007236,null,null,null,null,D,0,0,5.0,null,0.321115106344223,11.395089149475098,0.7213207483291626,0.3060084879398346,0.0,0.0,0.0,0.0,0.0,29.523393630981445,0.5,0.9453,0.0085,0.0226,0.0182,0.005,0.0546,0.046,0.0233,95.8,96.7,97.6,97.7,97.9,98.8,26381.52734375,'WALNUT CREEK',null,null,POINT (-122.059822 37.899997)
HighwayBridge,CA007237,null,null,null,null,D,0,0,5.0,null,0.321115106344223,11.395089149475098,0.7213207483291626,0.3060084879398346,0.0,0.0,0.0,0.0,0.0,29.523393630981445,0.5,0.9324,0.0,0.0,0.051,0.0164,0.0675,0.0675,0.0675,93.4,93.4,93.5,93.6,94.0,96.6,123972.453125,'LAS TRAMPAS CREEK',null,null,POINT (-122.061372 37.893644)
HighwayBridge,CA007238,null,null,null,null,D,0,0,5.0,null,0.3249405324459076,14.086722373962402,0.800311267375946,0.42130327224731445,0.0,0.0,0.0,0.0,0.0,29.523393630981445,0.5,0.2857,0.3266,0.1098,0.1749,0.1029,0.7142,0.3876,0.2778,57.0,68.4,72.8,73.7,75.0,84.4,422476.09375,'WALNUT CREEK',null,null,POINT (-122.054186 37.969794)
HighwayBridge,CA007239,null,null,null,null,D,0,0,5.0,null,0.3249405324459076,14.086722373962402,0.800311267375946,0.42130327224731445,0.0,0.0,0.0,0.0,0.0,29.523393630981445,0.5,0.2857,0.3266,0.1098,0.1749,0.1029,0.7142,0.3876,0.2778,57.0,68.4,72.8,73.7,75.0,84.4,422476.09375,'WALNUT CREEK',null,null,POINT (-122.054261 37.969708)
HighwayBridge,CA007240,null,null,null,null,D,0,0,5.0,null,0.305047869682312,12.021832466125488,0.7280945777893066,0.32921820878982544,0.0,0.0,0.0,0.0,0.0,29.523393630981445,0.5,0.9305,0.0235,0.0226,0.0182,0.005,0.0694,0.0459,0.0233,95.5,96.7,97.6,97.8,97.9,98.8,15796.3525390625,'MOUNT DIABLO CREEK',null,null,POINT (-122.026572 38.018667)
HighwayBridge,CA007241,null,null,null,null,D,0,0,5.0,null,0.32553109526634216,12.258646011352539,0.7515487670898438,0.33662161231040955,0.0,0.0,0.0,0.0,0.0,29.523393630981445,0.5,0.7451,0.1802,0.0503,0.0207,0.0034,0.2548,0.0745,0.0242,89.5,95.5,97.4,97.7,97.8,98.9,32135.806640625,'LAS TRAMPAS CREEK',null,null,POINT (-122.078806 37.887569)
HighwayBridge,CA007242,null,null,null,null,D,0,0,5.0,null,0.3122633695602417,10.710003852844238,0.679046094417572,0.2819371223449707,0.0,0.0,0.0,0.0,0.0,29.523393630981445,0.5,0.9589,0.0236,0.0095,0.0065,0.0013,0.041,0.0174,0.0078,97.9,98.8,99.1,99.2,99.2,99.6,2764.517578125,'SAN LEANDRO CREEK',null,null,POINT (-122.132756 37.834758)
HighwayBridge,CA007243,null,null,null,null,D,0,0,5.0,null,0.3249405324459076,14.086722373962402,0.800311267375946,0.42130327224731445,0.0,0.0,0.0,0.0,0.0,29.523393630981445,0.5,0.8574,0.0447,0.0427,0.0403,0.0146,0.1425,0.0978,0.055,90.5,92.8,94.5,94.8,95.1,97.2,127476.3515625,'PINE CREEK',null,null,POINT (-122.046058 37.969361)
HighwayBridge,CA007244,null,null,null,null,D,0,0,5.0,null,0.3204180598258972,12.237601280212402,0.7436526417732239,0.3358174264431,0.0,0.0,0.0,0.0,0.0,29.523393630981445,0.5,0.901,0.0,0.0,0.0719,0.027,0.0989,0.0989,0.0989,90.4,90.4,90.5,90.6,91.2,94.9,178076.21875,'SAN RAMON CREEK',null,null,POINT (-121.998619 37.822936)
HighwayBridge,CA007245,null,null,null,null,D,0,0,5.0,null,0.2604983150959015,9.147976875305176,0.5916891098022461,0.2510051727294922,0.0,0.0,0.0,0.0,0.0,29.523393630981445,0.5,0.9733,0.013,0.0076,0.005,0.0009,0.0266,0.0136,0.006,98.5,99.0,99.3,99.4,99.4,99.7,4302.6103515625,'TASSAJARA CREEK',null,null,POINT (-121.859425 37.786806)
HighwayBridge,CA007246,null,null,null,null,D,0,0,5.0,null,0.2055048793554306,8.71514892578125,0.5319892168045044,0.26307255029678345,0.0,0.0,0.0,0.0,0.0,29.523393630981445,0.5,0.9681,0.0002,0.0162,0.0122,0.003,0.0318,0.0316,0.0153,97.3,97.8,98.4,98.5,98.6,99.2,3650.6474609375,'CONTRA COSTA CANAL',null,null,POINT (-121.706181 37.990564)
HighwayBridge,CA007247,null,null,null,null,D,0,0,5.0,null,0.2773539423942566,10.04581356048584,0.6278798580169678,0.26528066396713257,0.0,0.0,0.0,0.0,0.0,29.523393630981445,0.5,0.9784,0.0,0.0123,0.0071,0.002,0.0215,0.0215,0.0091,98.2,98.5,99.0,99.1,99.1,99.5,15848.16015625,'BNSF RY',null,null,POINT (-122.317414 38.003611)
HighwayBridge,CA007248,null,null,null,null,D,0,0,5.0,null,0.21277272701263428,8.365218162536621,0.5231019258499146,0.23649340867996216,0.0,0.0,0.0,0.0,0.0,29.523393630981445,0.5,0.9788,0.009,0.0067,0.0043,0.0008,0.0211,0.012,0.0052,98.7,99.1,99.4,99.4,99.5,99.7,10291.646484375,'CONTRA COSTA CANAL',null,null,POINT (-121.766456 37.98175)
HighwayBridge,CA007249,null,null,null,null,D,0,0,5.0,null,0.21277272701263428,8.365218162536621,0.5231019258499146,0.23649340867996216,0.0,0.0,0.0,0.0,0.0,29.523393630981445,0.5,0.9788,0.0129,0.0047,0.0028,0.0005,0.0211,0.0081,0.0033,98.9,99.4,99.6,99.6,99.6,99.8,4617.9560546875,'CONTRA COSTA CANAL',null,null,POINT (-121.732311 37.983333)
HighwayBridge,CA007250,null,null,null,null,D,0,0,5.0,null,0.20696081221103668,8.135555267333984,0.5083907246589661,0.2299475073814392,0.0,0.0,0.0,0.0,0.0,29.523393630981445,0.5,0.984,0.0,0.0093,0.0052,0.0013,0.0159,0.0159,0.0065,98.6,98.9,99.3,99.3,99.4,99.6,4784.62109375,'SAND CREEK',null,null,POINT (-121.71445 37.938717)
HighwayBridge,CA007251,null,null,null,null,D,0,0,5.0,null,0.20696081221103668,8.135555267333984,0.5083907246589661,0.2299475073814392,0.0,0.0,0.0,0.0,0.0,29.523393630981445,0.5,0.9811,0.0117,0.0041,0.0025,0.0004,0.0188,0.0071,0.0029,99.1,99.5,99.6,99.7,99.7,99.8,2174.880859375,'MARSH CREEK',null,null,POINT (-121.682736 37.968808)
HighwayBridge,CA007252,null,null,null,null,D,0,0,5.0,null,0.21633027493953705,8.538278579711914,0.5344128608703613,0.242532417178154,0.0,0.0,0.0,0.0,0.0,29.523393630981445,0.5,0.9766,0.0142,0.0052,0.0032,0.0005,0.0233,0.0091,0.0038,98.8,99.3,99.5,99.6,99.6,99.8,977.9769897460938,'E CONTRA COSTA ID CANAL',null,null,POINT (-121.677914 37.917956)
HighwayBridge,CA007253,null,null,null,null,D,0,0,5.0,null,0.321115106344223,11.395089149475098,0.7213207483291626,0.3060084879398346,0.0,0.0,0.0,0.0,0.0,29.523393630981445,0.5,0.8691,0.0924,0.0207,0.0133,0.0043,0.1308,0.0384,0.0177,94.4,97.4,98.2,98.3,98.4,99.1,4324.484375,'UNNAMED CREEK',null,null,POINT (-122.046525 37.883444)
HighwayBridge,CA007254,null,null,null,null,D,0,0,5.0,null,0.30044370889663696,10.422507286071777,0.6744294166564941,0.26809030771255493,0.0,0.0,0.0,0.0,0.0,29.523393630981445,0.5,0.9103,0.0679,0.0124,0.0072,0.002,0.0896,0.0217,0.0093,96.4,98.5,99.0,99.1,99.1,99.5,5600.22998046875,'PINE CREEK',null,null,POINT (-122.008753 37.935706)
HighwayBridge,CA007255,null,null,null,null,D,0,0,5.0,null,0.30044370889663696,10.422507286071777,0.6744294166564941,0.26809030771255493,0.0,0.0,0.0,0.0,0.0,29.523393630981445,0.5,0.9103,0.0679,0.0124,0.0072,0.002,0.0896,0.0217,0.0093,96.4,98.5,99.0,99.1,99.1,99.5,2594.34716796875,'PINE CREEK',null,null,POINT (-122.009981 37.930814)
HighwayBridge,CA007256,null,null,null,null,D,0,0,5.0,null,0.30044370889663696,10.422507286071777,0.6744294166564941,0.26809030771255493,0.0,0.0,0.0,0.0,0.0,29.523393630981445,0.5,0.9649,0.0208,0.0078,0.0052,0.001,0.035,0.0141,0.0062,98.2,99.0,99.3,99.3,99.4,99.6,2244.671630859375,'PINE CREEK',null,null,POINT (-122.009603 37.925597)
HighwayBridge,CA007257,null,null,null,null,D,0,0,5.0,null,0.31993821263313293,11.802117347717285,0.7346709370613098,0.32258957624435425,0.0,0.0,0.0,0.0,0.0,29.523393630981445,0.5,0.9349,0.0327,0.0165,0.0125,0.0031,0.065,0.0322,0.0156,96.4,97.7,98.4,98.5,98.5,99.2,11218.2587890625,'PINE CREEK',null,null,POINT (-122.010139 37.923594)
HighwayBridge,CA007258,null,null,null,null,D,0,0,5.0,null,0.31993821263313293,11.802117347717285,0.7346709370613098,0.32258957624435425,0.0,0.0,0.0,0.0,0.0,29.523393630981445,0.5,0.9349,0.0353,0.0153,0.0114,0.0028,0.065,0.0296,0.0142,96.6,97.9,98.5,98.6,98.7,99.3,4164.12646484375,'PINE CREEK',null,null,POINT (-122.010331 37.921294)
HighwayBridge,CA007259,null,null,null,null,D,0,0,5.0,null,0.3249405324459076,14.086722373962402,0.800311267375946,0.42130327224731445,0.0,0.0,0.0,0.0,0.0,29.523393630981445,0.5,0.8574,0.0672,0.0344,0.0306,0.0101,0.1425,0.0752,0.0408,91.8,94.5,95.9,96.1,96.3,97.9,22319.904296875,'PINE CREEK',null,null,POINT (-122.041161 37.962236)
HighwayBridge,CA007260,null,null,null,null,D,0,0,5.0,null,0.30044370889663696,10.422507286071777,0.6744294166564941,0.26809030771255493,0.0,0.0,0.0,0.0,0.0,29.523393630981445,0.5,0.9649,0.0208,0.0078,0.0052,0.001,0.035,0.0141,0.0062,98.2,99.0,99.3,99.3,99.4,99.6,1255.257568359375,'GALINDO CREEK',null,null,POINT (-122.010439 37.961317)
HighwayBridge,CA007261,null,null,null,null,D,0,0,5.0,null,0.30044370889663696,10.422507286071777,0.6744294166564941,0.26809030771255493,0.0,0.0,0.0,0.0,0.0,29.523393630981445,0.5,0.9657,0.0199,0.0079,0.0052,0.001,0.0342,0.0142,0.0063,98.3,99.0,99.3,99.3,99.4,99.6,1620.9061279296875,'GALINDO CREEK',null,null,POINT (-122.013561 37.961811)
HighwayBridge,CA007262,null,null,null,null,D,0,0,5.0,null,0.3249405324459076,14.086722373962402,0.800311267375946,0.42130327224731445,0.0,0.0,0.0,0.0,0.0,29.523393630981445,0.5,0.8574,0.0178,0.0519,0.0518,0.0208,0.1425,0.1246,0.0727,88.8,90.7,92.7,93.1,93.5,96.2,14915.19921875,'SDM CHANNEL',null,null,POINT (-122.031181 37.950272)
HighwayBridge,CA007263,null,null,null,null,D,0,0,5.0,null,0.311388224363327,10.946950912475586,0.6955714821815491,0.293448805809021,0.0,0.0,0.0,0.0,0.0,29.523393630981445,0.5,0.5146,0.298,0.0706,0.0857,0.0308,0.4853,0.1872,0.1166,76.1,85.7,88.5,89.0,89.6,94.1,106791.8671875,'BEAR CREEK',null,null,POINT (-122.164386 37.921564)
HighwayBridge,CA007264,null,null,null,null,D,0,0,5.0,null,0.20283620059490204,7.012765884399414,0.45789074897766113,0.1807868927717209,0.0,0.0,0.0,0.0,0.0,29.523393630981445,0.5,0.9929,0.0044,0.0016,0.0008,0.0001,0.007,0.0025,0.0009,99.6,99.8,99.8,99.8,99.9,99.9,2505.896728515625,'BRUSHY CREEK',null,null,POINT (-121.669181 37.808031)
HighwayBridge,CA007265,null,null,null,null,D,0,0,5.0,null,0.20283620059490204,7.012765884399414,0.45789074897766113,0.1807868927717209,0.0,0.0,0.0,0.0,0.0,29.523393630981445,0.5,0.9929,0.0048,0.0013,0.0007,0.0,0.007,0.0021,0.0008,99.6,99.8,99.8,99.9,99.9,99.9,1312.9110107421875,'BRUSHY CREEK',null,null,POINT (-121.655531 37.819703)
HighwayBridge,CA007266,null,null,null,null,D,0,0,5.0,null,0.20009920001029968,7.23261833190918,0.46664437651634216,0.19327041506767273,0.0,0.0,0.0,0.0,0.0,29.523393630981445,0.5,0.9948,0.0,0.0033,0.0015,0.0003,0.0051,0.0051,0.0018,99.5,99.6,99.8,99.8,99.8,99.9,3368.528564453125,'UNIMAN/FRISK CREEK',null,null,POINT (-121.647953 37.851497)
HighwayBridge,CA007267,null,null,null,null,D,0,0,5.0,null,0.21633027493953705,8.538278579711914,0.5344128608703613,0.242532417178154,0.0,0.0,0.0,0.0,0.0,29.523393630981445,0.5,0.9766,0.0092,0.0078,0.0051,0.001,0.0233,0.014,0.0062,98.5,99.0,99.3,99.3,99.4,99.6,850.51171875,'KELLOGG CREEK',null,null,POINT (-121.695075 37.887203)
HighwayBridge,CA007268,null,null,null,null,D,0,0,5.0,null,0.27899497747421265,9.765061378479004,0.625544011592865,0.26399409770965576,0.0,0.0,0.0,0.0,0.0,29.523393630981445,0.5,0.9676,0.019,0.0074,0.0048,0.0009,0.0323,0.0132,0.0058,98.4,99.1,99.3,99.4,99.4,99.7,1529.8509521484375,'EAST BRANCH ALAMO CREEK',null,null,POINT (-121.905364 37.758767)
HighwayBridge,CA007269,null,null,null,null,D,0,0,5.0,null,0.27899497747421265,9.765061378479004,0.625544011592865,0.26399409770965576,0.0,0.0,0.0,0.0,0.0,29.523393630981445,0.5,0.9676,0.019,0.0074,0.0048,0.0009,0.0323,0.0132,0.0058,98.4,99.1,99.3,99.4,99.4,99.7,1465.436279296875,'EAST BRANCH ALAMO CREEK',null,null,POINT (-121.9081 37.759225)
HighwayBridge,CA007270,null,null,null,null,D,0,0,5.0,null,0.27899497747421265,9.765061378479004,0.625544011592865,0.26399409770965576,0.0,0.0,0.0,0.0,0.0,29.523393630981445,0.5,0.9676,0.0187,0.0075,0.0049,0.0009,0.0323,0.0135,0.0059,98.3,99.0,99.3,99.4,99.4,99.7,989.5529174804688,'EAST BRANCH ALAMO CREEK',null,null,POINT (-121.892442 37.762047)
HighwayBridge,CA007271,null,null,null,null,D,0,0,5.0,null,0.27899497747421265,9.765061378479004,0.625544011592865,0.26399409770965576,0.0,0.0,0.0,0.0,0.0,29.523393630981445,0.5,0.9676,0.019,0.0074,0.0048,0.0009,0.0323,0.0132,0.0058,98.4,99.1,99.3,99.4,99.4,99.7,1272.192138671875,'ALAMO CREEK SOUTH FORK',null,null,POINT (-121.888717 37.755358)
HighwayBridge,CA007272,null,null,null,null,D,0,0,5.0,null,0.27899497747421265,9.765061378479004,0.625544011592865,0.26399409770965576,0.0,0.0,0.0,0.0,0.0,29.523393630981445,0.5,0.9676,0.0136,0.0101,0.007,0.0015,0.0323,0.0186,0.0085,98.0,98.7,99.1,99.1,99.2,99.5,17442.759765625,'MAIN BRANCH ALAMO CREEK',null,null,POINT (-121.907989 37.769122)
HighwayBridge,CA007273,null,null,null,null,D,0,0,5.0,null,0.27899497747421265,9.765061378479004,0.625544011592865,0.26399409770965576,0.0,0.0,0.0,0.0,0.0,29.523393630981445,0.5,0.9676,0.0136,0.0101,0.007,0.0015,0.0323,0.0186,0.0085,98.0,98.7,99.1,99.1,99.2,99.5,17483.705078125,'MAIN BRANCH ALAMO CREEK',null,null,POINT (-121.908119 37.768764)
HighwayBridge,CA007274,null,null,null,null,D,0,0,5.0,null,0.2943108081817627,11.463701248168945,0.7016415596008301,0.32814300060272217,0.0,0.0,0.0,0.0,0.0,29.523393630981445,0.5,0.9312,0.037,0.0162,0.0122,0.003,0.0687,0.0316,0.0153,96.4,97.8,98.4,98.5,98.6,99.2,30287.748046875,'ALAMO CREEK',null,null,POINT (-121.903344 37.775806)
HighwayBridge,CA007275,null,null,null,null,D,0,0,5.0,null,0.2943108081817627,11.463701248168945,0.7016415596008301,0.32814300060272217,0.0,0.0,0.0,0.0,0.0,29.523393630981445,0.5,0.9312,0.0349,0.0172,0.0131,0.0033,0.0687,0.0337,0.0164,96.2,97.6,98.3,98.4,98.5,99.2,18818.8515625,'MAIN BRANCH ALAMO CREEK',null,null,POINT (-121.885219 37.796803)
HighwayBridge,CA007276,null,null,null,null,D,0,0,5.0,null,0.31597408652305603,12.950291633605957,0.7598022222518921,0.3702615201473236,0.0,0.0,0.0,0.0,0.0,29.523393630981445,0.5,0.9004,0.0392,0.0285,0.0243,0.0074,0.0995,0.0603,0.0317,93.9,95.7,96.8,97.0,97.1,98.4,10137.2255859375,'WEST BRANCH ALAMO CREEK',null,null,POINT (-121.925958 37.773247)
HighwayBridge,CA007277,null,null,null,null,D,0,0,5.0,null,0.2943108081817627,11.463701248168945,0.7016415596008301,0.32814300060272217,0.0,0.0,0.0,0.0,0.0,29.523393630981445,0.5,0.9312,0.037,0.0162,0.0122,0.003,0.0687,0.0316,0.0153,96.4,97.8,98.4,98.5,98.6,99.2,7524.69775390625,'WEST BRANCH ALAMO CREEK',null,null,POINT (-121.924756 37.778039)
HighwayBridge,CA007278,null,null,null,null,D,0,0,5.0,null,0.27899497747421265,9.765061378479004,0.625544011592865,0.26399409770965576,0.0,0.0,0.0,0.0,0.0,29.523393630981445,0.5,0.9676,0.019,0.0074,0.0048,0.0009,0.0323,0.0132,0.0058,98.4,99.1,99.3,99.4,99.4,99.7,1481.5400390625,'E BRANCH PKWY',null,null,POINT (-121.910117 37.751642)
HighwayBridge,CA007279,null,null,null,null,D,0,0,5.0,null,0.27899497747421265,9.765061378479004,0.625544011592865,0.26399409770965576,0.0,0.0,0.0,0.0,0.0,29.523393630981445,0.5,0.9676,0.019,0.0074,0.0048,0.0009,0.0323,0.0132,0.0058,98.4,99.1,99.3,99.4,99.4,99.7,1610.369384765625,'CAMINO TASSAJARA',null,null,POINT (-121.878264 37.746867)
HighwayBridge,CA007280,null,null,null,null,D,0,0,5.0,null,0.2943108081817627,11.463701248168945,0.7016415596008301,0.32814300060272217,0.0,0.0,0.0,0.0,0.0,29.523393630981445,0.5,0.9312,0.0233,0.0223,0.018,0.005,0.0687,0.0454,0.023,95.5,96.8,97.6,97.8,97.9,98.8,31327.27734375,'SHADOW CREEK',null,null,POINT (-121.889642 37.797158)
HighwayBridge,CA007281,null,null,null,null,D,0,0,5.0,null,0.27899497747421265,9.765061378479004,0.625544011592865,0.26399409770965576,0.0,0.0,0.0,0.0,0.0,29.523393630981445,0.5,0.8564,0.1112,0.0236,0.0077,0.0009,0.1435,0.0323,0.0086,94.6,98.1,99.0,99.1,99.2,99.6,126320.78125,'CAMINO TASSAJARA',null,null,POINT (-121.875744 37.749336)
HighwayBridge,CA007282,null,null,null,null,D,0,0,5.0,null,0.1987956464290619,8.536466598510742,0.5197939872741699,0.25990328192710876,0.0,0.0,0.0,0.0,0.0,29.523393630981445,0.5,0.9807,0.0,0.0111,0.0063,0.0017,0.0192,0.0192,0.008,98.4,98.7,99.1,99.2,99.2,99.6,4308.48681640625,'FRISK CREEK',null,null,POINT (-121.6144 37.890508)
HighwayBridge,CA007283,null,null,null,null,D,0,0,5.0,null,0.1987956464290619,8.536466598510742,0.5197939872741699,0.25990328192710876,0.0,0.0,0.0,0.0,0.0,29.523393630981445,0.5,0.9776,0.0,0.0127,0.0074,0.0021,0.0223,0.0223,0.0096,98.1,98.5,99.0,99.0,99.1,99.5,4248.50341796875,'KELLOGG CREEK',null,null,POINT (-121.617831 37.894381)
HighwayBridge,CA007284,null,null,null,null,D,0,0,5.0,null,0.24465948343276978,9.492355346679688,0.5979543924331665,0.2650364935398102,0.0,0.0,0.0,0.0,0.0,29.523393630981445,0.5,0.9672,0.0193,0.0075,0.0049,0.0009,0.0327,0.0134,0.0059,98.4,99.1,99.3,99.4,99.4,99.7,7685.90478515625,'CONTRA COSTA CANAL',null,null,POINT (-121.847497 37.994964)
HighwayBridge,CA007285,null,null,null,null,D,0,0,5.0,null,0.31597408652305603,12.950291633605957,0.7598022222518921,0.3702615201473236,0.0,0.0,0.0,0.0,0.0,29.523393630981445,0.5,0.9088,0.0,0.0435,0.0332,0.0144,0.0911,0.0911,0.0476,92.2,93.5,95.2,95.5,95.7,97.4,426105.28125,'WEST BRANCH ALAMO CREEK',null,null,POINT (-121.926367 37.770767)
HighwayBridge,CA007286,null,null,null,null,D,0,0,5.0,null,0.27899497747421265,9.765061378479004,0.625544011592865,0.26399409770965576,0.0,0.0,0.0,0.0,0.0,29.523393630981445,0.5,0.9787,0.0,0.0121,0.007,0.0019,0.0212,0.0212,0.009,98.2,98.5,99.0,99.1,99.1,99.5,62211.1015625,'LOWER M. BRANCH ALAMO CR',null,null,POINT (-121.916611 37.748172)
HighwayBridge,CA007287,null,null,null,null,D,0,0,5.0,null,0.22118863463401794,8.673959732055664,0.544208824634552,0.24509868025779724,0.0,0.0,0.0,0.0,0.0,29.523393630981445,0.5,0.9756,0.0133,0.0062,0.0039,0.0007,0.0243,0.0109,0.0047,98.7,99.2,99.5,99.5,99.5,99.7,8269.296875,'SAND CREEK',null,null,POINT (-121.735269 37.947422)
HighwayBridge,CA007288,null,null,null,null,D,0,0,5.0,null,0.20696081221103668,8.135555267333984,0.5083907246589661,0.2299475073814392,0.0,0.0,0.0,0.0,0.0,29.523393630981445,0.5,0.9811,0.0066,0.0068,0.0044,0.0008,0.0188,0.0121,0.0053,98.8,99.1,99.4,99.4,99.5,99.7,6092.041015625,'MARSH CREEK',null,null,POINT (-121.694083 37.954342)
HighwayBridge,CA007289,null,null,null,null,D,0,0,5.0,null,0.20696081221103668,8.135555267333984,0.5083907246589661,0.2299475073814392,0.0,0.0,0.0,0.0,0.0,29.523393630981445,0.5,0.9811,0.0117,0.0041,0.0025,0.0004,0.0188,0.0071,0.0029,99.1,99.5,99.6,99.7,99.7,99.8,9857.931640625,'MARSH CREEK',null,null,POINT (-121.7049 37.944939)
HighwayBridge,CA007290,null,null,null,null,D,0,0,5.0,null,0.18962785601615906,8.181800842285156,0.49769753217697144,0.24763405323028564,0.0,0.0,0.0,0.0,0.0,29.523393630981445,0.5,0.9829,0.0,0.0099,0.0056,0.0014,0.017,0.017,0.007,98.6,98.8,99.2,99.3,99.3,99.6,12201.5869140625,'WERNER DREDGER CUT',null,null,POINT (-121.610453 37.939117)
HighwayBridge,CA007291,null,null,null,null,D,0,0,5.0,null,0.2773539423942566,10.04581356048584,0.6278798580169678,0.26528066396713257,0.0,0.0,0.0,0.0,0.0,29.523393630981445,0.5,0.9791,0.0,0.0119,0.0069,0.0019,0.0208,0.0208,0.0088,98.2,98.6,99.0,99.1,99.2,99.5,8646.0068359375,'REFUGIO CREEK',null,null,POINT (-122.277122 38.017564)
HighwayBridge,CA007292,null,null,null,null,D,0,0,5.0,null,0.2965981960296631,10.486924171447754,0.6718616485595703,0.28059494495391846,0.0,0.0,0.0,0.0,0.0,29.523393630981445,0.5,0.9382,0.0,0.0291,0.0249,0.0076,0.0617,0.0617,0.0325,94.7,95.6,96.7,96.9,97.1,98.3,4930.80029296875,'ARROYO DEL HAMBRE',null,null,POINT (-122.135175 38.016372)
HighwayBridge,CA007293,null,null,null,null,D,0,0,5.0,null,0.3249405324459076,14.086722373962402,0.800311267375946,0.42130327224731445,0.0,0.0,0.0,0.0,0.0,29.523393630981445,0.5,0.8739,0.0,0.0565,0.0465,0.0229,0.126,0.126,0.0694,89.2,90.8,93.0,93.4,93.7,96.2,92551.1875,'GRAYSON CREEK',null,null,POINT (-122.066758 37.971525)
HighwayBridge,CA007294,null,null,null,null,D,0,0,5.0,null,0.2055048793554306,8.71514892578125,0.5319892168045044,0.26307255029678345,0.0,0.0,0.0,0.0,0.0,29.523393630981445,0.5,0.9681,0.0182,0.0076,0.005,0.0009,0.0318,0.0136,0.006,98.4,99.0,99.3,99.4,99.4,99.7,8382.7978515625,'MARSH CREEK',null,null,POINT (-121.693944 37.986794)
HighwayBridge,CA007295,null,null,null,null,D,0,0,5.0,null,0.2055048793554306,8.71514892578125,0.5319892168045044,0.26307255029678345,0.0,0.0,0.0,0.0,0.0,29.523393630981445,0.5,0.9681,0.0152,0.0091,0.0061,0.0012,0.0318,0.0166,0.0074,98.2,98.8,99.2,99.2,99.3,99.6,6143.69091796875,'MARSH CREEK',null,null,POINT (-121.690133 37.983322)
HighwayBridge,CA007296,null,null,null,null,D,0,0,5.0,null,0.21277272701263428,8.365218162536621,0.5231019258499146,0.23649340867996216,0.0,0.0,0.0,0.0,0.0,29.523393630981445,0.5,0.987,0.0,0.0077,0.0041,0.001,0.0129,0.0129,0.0052,98.9,99.1,99.4,99.5,99.5,99.7,43327.79296875,'RR/NEROLY ROAD',null,null,POINT (-121.741233 37.9806)
HighwayBridge,CA007297,null,null,null,null,D,0,0,5.0,null,0.20696081221103668,8.135555267333984,0.5083907246589661,0.2299475073814392,0.0,0.0,0.0,0.0,0.0,29.523393630981445,0.5,0.9022,0.0609,0.0266,0.009,0.0011,0.0977,0.0367,0.0101,95.5,97.8,98.8,99.0,99.1,99.5,20088.001953125,'MARSH CREEK',null,null,POINT (-121.696019 37.952678)
HighwayBridge,CA007298,null,null,null,null,D,0,0,5.0,null,0.2055048793554306,8.71514892578125,0.5319892168045044,0.26307255029678345,0.0,0.0,0.0,0.0,0.0,29.523393630981445,0.5,0.9681,0.0187,0.0073,0.0048,0.0009,0.0318,0.0131,0.0057,98.4,99.1,99.4,99.4,99.4,99.7,3246.908203125,'CONTRA COSTA CANAL',null,null,POINT (-121.703431 37.994556)
HighwayBridge,CA007299,null,null,null,null,D,0,0,5.0,null,0.21633027493953705,8.538278579711914,0.5344128608703613,0.242532417178154,0.0,0.0,0.0,0.0,0.0,29.523393630981445,0.5,0.9766,0.0142,0.0052,0.0032,0.0005,0.0233,0.0091,0.0038,98.8,99.3,99.5,99.6,99.6,99.8,5929.87060546875,'MARSH CREEK',null,null,POINT (-121.721517 37.893506)
HighwayBridge,CA007300,null,null,null,null,D,0,0,5.0,null,0.21633027493953705,8.538278579711914,0.5344128608703613,0.242532417178154,0.0,0.0,0.0,0.0,0.0,29.523393630981445,0.5,0.9766,0.0142,0.0052,0.0032,0.0005,0.0233,0.0091,0.0038,98.8,99.3,99.5,99.6,99.6,99.8,5929.87060546875,'MARSH CREEK',null,null,POINT (-121.721542 37.893375)
HighwayBridge,CA007301,null,null,null,null,D,0,0,5.0,null,0.2821619212627411,10.5068941116333,0.6519501805305481,0.2861925959587097,0.0,0.0,0.0,0.0,0.0,29.523393630981445,0.5,0.9566,0.0248,0.01,0.0069,0.0014,0.0433,0.0185,0.0084,97.8,98.7,99.1,99.1,99.2,99.5,9433.916015625,'RODEO CREEK',null,null,POINT (-122.267269 38.038411)
HighwayBridge,CA007302,null,null,null,null,D,0,0,5.0,null,0.2463945895433426,8.380436897277832,0.5473858714103699,0.21089017391204834,0.0,0.0,0.0,0.0,0.0,29.523393630981445,0.5,0.9845,0.0075,0.0045,0.0027,0.0004,0.0154,0.0078,0.0032,99.1,99.4,99.6,99.6,99.6,99.8,3721.526611328125,'MARSH CREEK',null,null,POINT (-121.8492 37.8917)
HighwayBridge,CA007303,null,null,null,null,D,0,0,5.0,null,0.2463945895433426,8.380436897277832,0.5473858714103699,0.21089017391204834,0.0,0.0,0.0,0.0,0.0,29.523393630981445,0.5,0.9845,0.0106,0.0028,0.0016,0.0002,0.0154,0.0047,0.0018,99.3,99.6,99.7,99.8,99.8,99.8,620.5888671875,'MARSH CREEK',null,null,POINT (-121.860983 37.893017)
HighwayBridge,CA007304,null,null,null,null,D,0,0,5.0,null,0.2561769485473633,8.608607292175293,0.5629810690879822,0.21416859328746796,0.0,0.0,0.0,0.0,0.0,29.523393630981445,0.5,0.9826,0.0111,0.0036,0.0021,0.0003,0.0173,0.0061,0.0024,99.2,99.5,99.7,99.7,99.7,99.8,1458.30322265625,'CONTRA COSTA CANAL',null,null,POINT (-121.950978 38.020947)
HighwayBridge,CA007305,null,null,null,null,D,0,0,5.0,null,0.3249405324459076,14.086722373962402,0.800311267375946,0.42130327224731445,0.0,0.0,0.0,0.0,0.0,29.523393630981445,0.5,0.8574,0.0394,0.0446,0.0426,0.0158,0.1425,0.1031,0.0584,90.1,92.4,94.1,94.4,94.7,97.0,17390.513671875,'SDM CHANNEL',null,null,POINT (-122.033492 37.943114)
HighwayBridge,CA007306,null,null,null,null,D,0,0,5.0,null,0.305047869682312,12.021832466125488,0.7280945777893066,0.32921820878982544,0.0,0.0,0.0,0.0,0.0,29.523393630981445,0.5,0.9305,0.0365,0.0168,0.0128,0.0032,0.0694,0.0329,0.016,96.3,97.7,98.3,98.4,98.5,99.2,3388.581787109375,'HOLBROOK CHANNEL',null,null,POINT (-122.031444 37.993231)
HighwayBridge,CA007307,null,null,null,null,D,0,0,5.0,null,0.24465948343276978,9.492355346679688,0.5979543924331665,0.2650364935398102,0.0,0.0,0.0,0.0,0.0,29.523393630981445,0.5,0.9672,0.0167,0.0088,0.0059,0.0012,0.0327,0.016,0.0071,98.2,98.9,99.2,99.3,99.3,99.6,5702.8310546875,'CONTRA COSTA CANAL',null,null,POINT (-121.8738 38.000172)
HighwayBridge,CA007308,null,null,null,null,D,0,0,5.0,null,0.24465948343276978,9.492355346679688,0.5979543924331665,0.2650364935398102,0.0,0.0,0.0,0.0,0.0,29.523393630981445,0.5,0.9672,0.0181,0.0081,0.0054,0.001,0.0327,0.0146,0.0064,98.3,99.0,99.3,99.3,99.4,99.6,3044.199951171875,'CONTRA COSTA CANAL',null,null,POINT (-121.850775 37.997944)
HighwayBridge,CA007309,null,null,null,null,D,0,0,5.0,null,0.22777557373046875,8.881070137023926,0.5582232475280762,0.24961048364639282,0.0,0.0,0.0,0.0,0.0,29.523393630981445,0.5,0.9738,0.0153,0.0061,0.0039,0.0007,0.0261,0.0107,0.0046,98.7,99.2,99.5,99.5,99.5,99.7,1141.51708984375,'WEST ANTIOCH CREEK',null,null,POINT (-121.817944 37.994031)
HighwayBridge,CA007310,null,null,null,null,D,0,0,5.0,null,0.22777557373046875,8.881070137023926,0.5582232475280762,0.24961048364639282,0.0,0.0,0.0,0.0,0.0,29.523393630981445,0.5,0.928,0.0544,0.0102,0.0057,0.0015,0.0719,0.0174,0.0072,97.1,98.8,99.2,99.3,99.3,99.6,16039.21484375,'UP RR',null,null,POINT (-121.815064 38.003328)
HighwayBridge,CA007311,null,null,null,null,D,0,0,5.0,null,0.22777557373046875,8.881070137023926,0.5582232475280762,0.24961048364639282,0.0,0.0,0.0,0.0,0.0,29.523393630981445,0.5,0.9738,0.0157,0.0059,0.0037,0.0006,0.0261,0.0103,0.0044,98.7,99.3,99.5,99.5,99.5,99.7,1969.9852294921875,'E ANTIOCH CR',null,null,POINT (-121.796522 38.010447)
HighwayBridge,CA007312,null,null,null,null,D,0,0,5.0,null,0.22777557373046875,8.881070137023926,0.5582232475280762,0.24961048364639282,0.0,0.0,0.0,0.0,0.0,29.523393630981445,0.5,0.9738,0.0157,0.0059,0.0037,0.0006,0.0261,0.0103,0.0044,98.7,99.3,99.5,99.5,99.5,99.7,1047.236083984375,'GILLIPPI GULCH',null,null,POINT (-121.7878 38.006386)
HighwayBridge,CA007313,null,null,null,null,D,0,0,5.0,null,0.28633642196655273,12.898520469665527,0.7165697813034058,0.3699047267436981,0.0,0.0,0.0,0.0,0.0,29.523393630981445,0.5,0.3635,0.221,0.113,0.186,0.1164,0.6364,0.4154,0.3024,57.0,65.9,70.4,71.4,72.7,82.8,2240252.5,'UP RR BNSF AMTRAK BARTD',null,null,POINT (-122.358964 37.942908)
HighwayBridge,CA007314,null,null,null,null,D,0,0,5.0,null,0.28633642196655273,12.898520469665527,0.7165697813034058,0.3699047267436981,0.0,0.0,0.0,0.0,0.0,29.523393630981445,0.5,0.9007,0.0382,0.0288,0.0246,0.0075,0.0992,0.061,0.0321,93.8,95.6,96.7,96.9,97.1,98.4,12233.173828125,'WILDCAT CREEK',null,null,POINT (-122.338333 37.953186)
HighwayBridge,CA007315,null,null,null,null,D,0,0,5.0,null,0.28633642196655273,12.898520469665527,0.7165697813034058,0.3699047267436981,0.0,0.0,0.0,0.0,0.0,29.523393630981445,0.5,0.9007,0.0451,0.026,0.0217,0.0063,0.0992,0.0541,0.028,94.2,96.1,97.1,97.3,97.5,98.6,11886.767578125,'WILDCAT CREEK',null,null,POINT (-122.340767 37.95795)
HighwayBridge,CA007316,null,null,null,null,D,0,0,5.0,null,0.28633642196655273,12.898520469665527,0.7165697813034058,0.3699047267436981,0.0,0.0,0.0,0.0,0.0,29.523393630981445,0.5,0.3635,0.3287,0.0976,0.1408,0.0691,0.6364,0.3077,0.21,64.4,75.5,79.4,80.1,81.2,88.6,198425.671875,'SAN PABLO CREEK',null,null,POINT (-122.336367 37.961986)
HighwayBridge,CA007317,null,null,null,null,D,0,0,5.0,null,0.28633642196655273,12.898520469665527,0.7165697813034058,0.3699047267436981,0.0,0.0,0.0,0.0,0.0,29.523393630981445,0.5,0.9007,0.0417,0.0274,0.0231,0.0069,0.0992,0.0575,0.03,94.0,95.9,96.9,97.1,97.3,98.5,13368.9462890625,'WILDCAT CREEK',null,null,POINT (-122.355767 37.961875)
HighwayBridge,CA007318,null,null,null,null,D,0,0,5.0,null,0.28633642196655273,12.898520469665527,0.7165697813034058,0.3699047267436981,0.0,0.0,0.0,0.0,0.0,29.523393630981445,0.5,0.9007,0.0462,0.0256,0.0212,0.0062,0.0992,0.053,0.0274,94.3,96.2,97.2,97.4,97.5,98.6,34652.60546875,'SAN PABLO CREEK',null,null,POINT (-122.356342 37.966578)
HighwayBridge,CA007319,null,null,null,null,D,0,0,5.0,null,0.26603028178215027,9.676586151123047,0.5983084440231323,0.2606714069843292,0.0,0.0,0.0,0.0,0.0,29.523393630981445,0.5,0.9691,0.0156,0.0084,0.0056,0.0011,0.0308,0.0151,0.0067,98.3,98.9,99.3,99.3,99.3,99.6,1525.033935546875,'RHEAM CREEK',null,null,POINT (-122.353486 37.977175)
HighwayBridge,CA007320,null,null,null,null,D,0,0,5.0,null,0.2801668047904968,10.005664825439453,0.6286258697509766,0.27086547017097473,0.0,0.0,0.0,0.0,0.0,29.523393630981445,0.5,0.9551,0.0,0.0,0.035,0.0097,0.0448,0.0448,0.0448,95.6,95.6,95.7,95.7,96.0,97.8,69199.671875,'SAN PABLO CREEK',null,null,POINT (-122.309289 37.966411)
HighwayBridge,CA007321,null,null,null,null,D,0,0,5.0,null,0.30203935503959656,10.406497955322266,0.664941132068634,0.2777739465236664,0.0,0.0,0.0,0.0,0.0,29.523393630981445,0.5,0.551,0.2853,0.0639,0.0746,0.025,0.4489,0.1636,0.0996,78.6,87.6,90.1,90.6,91.1,95.0,51153.84765625,'SAN PABLO CREEK',null,null,POINT (-122.194311 37.889181)
HighwayBridge,CA007322,null,null,null,null,D,0,0,5.0,null,0.30203935503959656,10.406497955322266,0.664941132068634,0.2777739465236664,0.0,0.0,0.0,0.0,0.0,29.523393630981445,0.5,0.551,0.2722,0.0677,0.0808,0.0282,0.4489,0.1767,0.109,77.7,86.6,89.2,89.7,90.3,94.5,104673.2890625,'SAN PABLO CREEK',null,null,POINT (-122.207086 37.901394)
HighwayBridge,CA007323,null,null,null,null,D,0,0,5.0,null,0.32553109526634216,12.258646011352539,0.7515487670898438,0.33662161231040955,0.0,0.0,0.0,0.0,0.0,29.523393630981445,0.5,0.909,0.0,0.0,0.0666,0.0242,0.0909,0.0909,0.0909,91.2,91.2,91.3,91.4,91.9,95.4,51750.05859375,'LAS TRAMPAS CREEK',null,null,POINT (-122.112286 37.890928)
HighwayBridge,CA007324,null,null,null,null,D,0,0,5.0,null,0.31597408652305603,12.950291633605957,0.7598022222518921,0.3702615201473236,0.0,0.0,0.0,0.0,0.0,29.523393630981445,0.5,0.9004,0.0477,0.0251,0.0207,0.006,0.0995,0.0518,0.0267,94.4,96.3,97.3,97.4,97.6,98.7,12270.822265625,'SOUTH SAN RAMON CREEK',null,null,POINT (-121.928492 37.731267)
HighwayBridge,CA007325,null,null,null,null,D,0,0,5.0,null,0.310818612575531,10.68083381652832,0.6826629042625427,0.28262096643447876,0.0,0.0,0.0,0.0,0.0,29.523393630981445,0.5,0.9585,0.0232,0.0098,0.0068,0.0014,0.0414,0.0181,0.0082,97.8,98.7,99.1,99.2,99.2,99.5,3208.76318359375,'GREEN VALLEY CREEK',null,null,POINT (-121.987267 37.826783)
HighwayBridge,CA007326,null,null,null,null,D,0,0,5.0,null,0.310818612575531,10.68083381652832,0.6826629042625427,0.28262096643447876,0.0,0.0,0.0,0.0,0.0,29.523393630981445,0.5,0.5396,0.2895,0.066,0.078,0.0267,0.4603,0.1708,0.1047,77.8,87.0,89.6,90.1,90.7,94.7,92426.1328125,'SAN RAMON CREEK',null,null,POINT (-122.003639 37.82555)
HighwayBridge,CA007327,null,null,null,null,D,0,0,5.0,null,0.3199337422847748,11.038826942443848,0.6998469233512878,0.29034751653671265,0.0,0.0,0.0,0.0,0.0,29.523393630981445,0.5,0.9544,0.0126,0.0168,0.0128,0.0032,0.0455,0.0329,0.016,96.9,97.7,98.3,98.4,98.5,99.2,26315.2734375,'SAN RAMON CREEK',null,null,POINT (-122.036308 37.86285)
HighwayBridge,CA007328,null,null,null,null,D,0,0,5.0,null,0.321115106344223,11.395089149475098,0.7213207483291626,0.3060084879398346,0.0,0.0,0.0,0.0,0.0,29.523393630981445,0.5,0.9639,0.0,0.0196,0.0124,0.004,0.036,0.036,0.0164,97.0,97.5,98.3,98.4,98.5,99.1,29250.474609375,'SAN RAMON CREEK',null,null,POINT (-122.057203 37.893139)
HighwayBridge,CA007329,null,null,null,null,D,0,0,5.0,null,0.321115106344223,11.395089149475098,0.7213207483291626,0.3060084879398346,0.0,0.0,0.0,0.0,0.0,29.523393630981445,0.5,0.9055,0.0,0.0448,0.0344,0.0151,0.0944,0.0944,0.0496,92.0,93.2,95.0,95.3,95.5,97.3,54526.08203125,'LAS TRAMPAS CREEK',null,null,POINT (-122.068144 37.892214)
HighwayBridge,CA007330,null,null,null,null,D,0,0,5.0,null,0.321115106344223,11.395089149475098,0.7213207483291626,0.3060084879398346,0.0,0.0,0.0,0.0,0.0,29.523393630981445,0.5,0.9453,0.0303,0.0128,0.0092,0.0021,0.0546,0.0242,0.0113,97.2,98.3,98.8,98.9,98.9,99.4,7342.55322265625,'WALNUT CREEK',null,null,POINT (-122.054608 37.917506)
HighwayBridge,CA007331,null,null,null,null,D,0,0,5.0,null,0.3249405324459076,14.086722373962402,0.800311267375946,0.42130327224731445,0.0,0.0,0.0,0.0,0.0,29.523393630981445,0.5,0.8574,0.0493,0.0411,0.0383,0.0137,0.1425,0.0932,0.0521,90.7,93.2,94.8,95.0,95.3,97.3,73256.15625,'WALNUT CREEK',null,null,POINT (-122.048936 37.925933)
HighwayBridge,CA007332,null,null,null,null,D,0,0,5.0,null,0.3249405324459076,14.086722373962402,0.800311267375946,0.42130327224731445,0.0,0.0,0.0,0.0,0.0,29.523393630981445,0.5,0.8574,0.0677,0.0343,0.0304,0.01,0.1425,0.0748,0.0405,91.9,94.6,95.9,96.1,96.4,97.9,28218.255859375,'CONTRA COSTA CANAL',null,null,POINT (-122.040219 37.927067)
HighwayBridge,CA007333,null,null,null,null,D,0,0,5.0,null,0.3249405324459076,14.086722373962402,0.800311267375946,0.42130327224731445,0.0,0.0,0.0,0.0,0.0,29.523393630981445,0.5,0.8574,0.0493,0.0411,0.0383,0.0137,0.1425,0.0932,0.0521,90.7,93.2,94.8,95.0,95.3,97.3,11019.1376953125,'E. FORK GRAYSON CREEK',null,null,POINT (-122.065675 37.943414)
HighwayBridge,CA007334,null,null,null,null,D,0,0,5.0,null,0.3038388788700104,10.245465278625488,0.6652419567108154,0.2681425213813782,0.0,0.0,0.0,0.0,0.0,29.523393630981445,0.5,0.9657,0.0197,0.008,0.0053,0.001,0.0342,0.0145,0.0064,98.2,99.0,99.3,99.3,99.4,99.6,3294.95751953125,'CONTRA COSTA CANAL',null,null,POINT (-122.080511 37.9478)
HighwayBridge,CA007335,null,null,null,null,D,0,0,5.0,null,0.3249405324459076,14.086722373962402,0.800311267375946,0.42130327224731445,0.0,0.0,0.0,0.0,0.0,29.523393630981445,0.5,0.8574,0.0665,0.0347,0.0309,0.0102,0.1425,0.0759,0.0412,91.8,94.5,95.8,96.1,96.3,97.9,15406.8046875,'GRAYSON CREEK',null,null,POINT (-122.067717 37.947869)
HighwayBridge,CA007336,null,null,null,null,D,0,0,5.0,null,0.3249405324459076,14.086722373962402,0.800311267375946,0.42130327224731445,0.0,0.0,0.0,0.0,0.0,29.523393630981445,0.5,0.8574,0.0668,0.0346,0.0308,0.0102,0.1425,0.0757,0.041,91.8,94.5,95.8,96.1,96.3,97.9,9592.9453125,'GRAYSON CREEK',null,null,POINT (-122.067514 37.95395)
HighwayBridge,CA007337,null,null,null,null,D,0,0,5.0,null,0.31993821263313293,11.802117347717285,0.7346709370613098,0.32258957624435425,0.0,0.0,0.0,0.0,0.0,29.523393630981445,0.5,0.9349,0.0156,0.024,0.0196,0.0056,0.065,0.0493,0.0252,95.4,96.5,97.4,97.6,97.7,98.7,19618.642578125,'PINE CREEK',null,null,POINT (-122.006519 37.913494)
HighwayBridge,CA007338,null,null,null,null,D,0,0,5.0,null,0.31993821263313293,11.802117347717285,0.7346709370613098,0.32258957624435425,0.0,0.0,0.0,0.0,0.0,29.523393630981445,0.5,0.9001,0.0,0.0435,0.0412,0.0151,0.0998,0.0998,0.0563,91.4,92.7,94.4,94.6,94.9,97.1,16449.294921875,'PINE CREEK',null,null,POINT (-122.007703 37.914683)
HighwayBridge,CA007339,null,null,null,null,D,0,0,5.0,null,0.31993821263313293,11.802117347717285,0.7346709370613098,0.32258957624435425,0.0,0.0,0.0,0.0,0.0,29.523393630981445,0.5,0.9349,0.0082,0.0271,0.0228,0.0068,0.065,0.0568,0.0296,94.9,95.9,97.0,97.2,97.3,98.5,7289.85888671875,'PINE CREEK',null,null,POINT (-122.010644 37.920867)
HighwayBridge,CA007340,null,null,null,null,D,0,0,5.0,null,0.30044370889663696,10.422507286071777,0.6744294166564941,0.26809030771255493,0.0,0.0,0.0,0.0,0.0,29.523393630981445,0.5,0.9649,0.0187,0.0089,0.006,0.0012,0.035,0.0163,0.0073,98.1,98.8,99.2,99.2,99.3,99.6,4685.48974609375,'PINE CREEK',null,null,POINT (-122.014539 37.945511)
HighwayBridge,CA007341,null,null,null,null,D,0,0,5.0,null,0.30044370889663696,10.422507286071777,0.6744294166564941,0.26809030771255493,0.0,0.0,0.0,0.0,0.0,29.523393630981445,0.5,0.9657,0.0201,0.0078,0.0052,0.001,0.0342,0.0141,0.0062,98.3,99.0,99.3,99.4,99.4,99.7,6166.38232421875,'CONTRA COSTA CANAL',null,null,POINT (-122.013686 37.946072)
HighwayBridge,CA007342,null,null,null,null,D,0,0,5.0,null,0.30044370889663696,10.422507286071777,0.6744294166564941,0.26809030771255493,0.0,0.0,0.0,0.0,0.0,29.523393630981445,0.5,0.9649,0.0066,0.0147,0.0109,0.0026,0.035,0.0283,0.0135,97.4,98.0,98.6,98.7,98.7,99.3,8099.1552734375,'PINE CREEK',null,null,POINT (-122.016511 37.948375)
HighwayBridge,CA007343,null,null,null,null,D,0,0,5.0,null,0.3249405324459076,14.086722373962402,0.800311267375946,0.42130327224731445,0.0,0.0,0.0,0.0,0.0,29.523393630981445,0.5,0.8574,0.0674,0.0344,0.0306,0.01,0.1425,0.0751,0.0407,91.9,94.6,95.9,96.1,96.3,97.9,15555.7939453125,'PINE CREEK',null,null,POINT (-122.027997 37.952639)
HighwayBridge,CA007344,null,null,null,null,D,0,0,5.0,null,0.30044370889663696,10.422507286071777,0.6744294166564941,0.26809030771255493,0.0,0.0,0.0,0.0,0.0,29.523393630981445,0.5,0.9649,0.0173,0.0096,0.0066,0.0013,0.035,0.0176,0.0079,98.0,98.8,99.1,99.2,99.2,99.6,1003.0216064453125,'GALINDO CREEK',null,null,POINT (-121.994531 37.961289)
HighwayBridge,CA007345,null,null,null,null,D,0,0,5.0,null,0.297406941652298,11.480756759643555,0.7074201703071594,0.3133818209171295,0.0,0.0,0.0,0.0,0.0,29.523393630981445,0.5,0.7819,0.1467,0.0484,0.0196,0.0032,0.218,0.0713,0.0229,90.6,95.7,97.5,97.8,97.9,98.9,46170.51171875,'MOUNT DIABLO CREEK',null,null,POINT (-121.9693 37.966258)
HighwayBridge,CA007346,null,null,null,null,D,0,0,5.0,null,0.297406941652298,11.480756759643555,0.7074201703071594,0.3133818209171295,0.0,0.0,0.0,0.0,0.0,29.523393630981445,0.5,0.9408,0.0304,0.0149,0.011,0.0026,0.0591,0.0286,0.0137,96.8,98.0,98.6,98.6,98.7,99.3,12210.2509765625,'MOUNT DIABLO CREEK',null,null,POINT (-121.967028 37.959461)
HighwayBridge,CA007347,null,null,null,null,D,0,0,5.0,null,0.305047869682312,12.021832466125488,0.7280945777893066,0.32921820878982544,0.0,0.0,0.0,0.0,0.0,29.523393630981445,0.5,0.9234,0.0,0.0349,0.0312,0.0103,0.0765,0.0765,0.0415,93.4,94.4,95.8,96.0,96.3,97.9,48524.81640625,'GRAYSON CREEK',null,null,POINT (-122.066508 37.975083)
HighwayBridge,CA007348,null,null,null,null,D,0,0,5.0,null,0.305047869682312,12.021832466125488,0.7280945777893066,0.32921820878982544,0.0,0.0,0.0,0.0,0.0,29.523393630981445,0.5,0.8414,0.1084,0.0261,0.0176,0.0063,0.1585,0.0501,0.0239,93.0,96.5,97.5,97.7,97.8,98.7,19268.876953125,'GRAYSON CREEK',null,null,POINT (-122.068753 37.983367)
HighwayBridge,CA007349,null,null,null,null,D,0,0,5.0,null,0.2965981960296631,10.486924171447754,0.6718616485595703,0.28059494495391846,0.0,0.0,0.0,0.0,0.0,29.523393630981445,0.5,0.9596,0.0231,0.0094,0.0064,0.0013,0.0403,0.0172,0.0077,97.9,98.8,99.2,99.2,99.3,99.6,3314.406005859375,'ARROYO DEL HAMBRE',null,null,POINT (-122.129808 38.003547)
HighwayBridge,CA007350,null,null,null,null,D,0,0,5.0,null,0.2965981960296631,10.486924171447754,0.6718616485595703,0.28059494495391846,0.0,0.0,0.0,0.0,0.0,29.523393630981445,0.5,0.9596,0.0175,0.0121,0.0086,0.0019,0.0403,0.0228,0.0106,97.6,98.4,98.9,98.9,99.0,99.4,2379.245361328125,'ARROYO DEL HAMBRE',null,null,POINT (-122.129094 38.011328)
HighwayBridge,CA007351,null,null,null,null,D,0,0,5.0,null,0.2965981960296631,10.486924171447754,0.6718616485595703,0.28059494495391846,0.0,0.0,0.0,0.0,0.0,29.523393630981445,0.5,0.9596,0.0233,0.0093,0.0063,0.0013,0.0403,0.017,0.0077,97.9,98.8,99.2,99.2,99.3,99.6,3864.68505859375,'ARROYO DEL HAMBRE',null,null,POINT (-122.133008 38.014206)
HighwayBridge,CA007352,null,null,null,null,D,0,0,5.0,null,0.2965981960296631,10.486924171447754,0.6718616485595703,0.28059494495391846,0.0,0.0,0.0,0.0,0.0,29.523393630981445,0.5,0.951,0.0,0.0239,0.0195,0.0055,0.0489,0.0489,0.025,95.8,96.5,97.4,97.6,97.7,98.7,9252.6318359375,'ARROYO DEL HAMBRE',null,null,POINT (-122.134581 38.016356)
HighwayBridge,CA007353,null,null,null,null,D,0,0,5.0,null,0.2891490161418915,9.848416328430176,0.6430376172065735,0.2624647915363312,0.0,0.0,0.0,0.0,0.0,29.523393630981445,0.5,0.5881,0.2704,0.0572,0.0641,0.0199,0.4118,0.1413,0.084,80.9,89.4,91.6,92.0,92.5,95.8,16327.5546875,'SHELL OIL PIPE UC',null,null,POINT (-122.117886 38.016569)
HighwayBridge,CA007354,null,null,null,null,D,0,0,5.0,null,0.2575337588787079,9.613141059875488,0.6134510636329651,0.25921157002449036,0.0,0.0,0.0,0.0,0.0,29.523393630981445,0.5,0.9698,0.0088,0.0114,0.008,0.0017,0.0301,0.0212,0.0098,98.0,98.5,98.9,99.0,99.1,99.5,1245.419677734375,'KIRKER CREEK',null,null,POINT (-121.88485 38.004731)
HighwayBridge,CA007355,null,null,null,null,D,0,0,5.0,null,0.28632470965385437,10.346205711364746,0.6519268751144409,0.2789539396762848,0.0,0.0,0.0,0.0,0.0,29.523393630981445,0.5,0.8991,0.0754,0.0143,0.0085,0.0025,0.1008,0.0254,0.0111,95.9,98.3,98.8,98.9,99.0,99.4,6556.05517578125,'RODEO CREEK',null,null,POINT (-122.263156 38.024583)
HighwayBridge,CA007356,null,null,null,null,D,0,0,5.0,null,0.2821619212627411,10.5068941116333,0.6519501805305481,0.2861925959587097,0.0,0.0,0.0,0.0,0.0,29.523393630981445,0.5,0.9566,0.0234,0.0107,0.0074,0.0016,0.0433,0.0198,0.0091,97.7,98.6,99.0,99.1,99.1,99.5,2961.220703125,'RODEO CREEK',null,null,POINT (-122.266281 38.035281)
HighwayBridge,CA007357,null,null,null,null,D,0,0,5.0,null,0.2821619212627411,10.5068941116333,0.6519501805305481,0.2861925959587097,0.0,0.0,0.0,0.0,0.0,29.523393630981445,0.5,0.8237,0.1328,0.0309,0.0109,0.0014,0.1762,0.0433,0.0124,93.2,97.4,98.6,98.8,98.8,99.4,26515.654296875,'UP RR  BNSF RY  & AMTRAK',null,null,POINT (-122.271081 38.037639)
HighwayBridge,CA007358,null,null,null,null,D,0,0,5.0,null,0.2821619212627411,10.5068941116333,0.6519501805305481,0.2861925959587097,0.0,0.0,0.0,0.0,0.0,29.523393630981445,0.5,0.9566,0.0234,0.0107,0.0074,0.0016,0.0433,0.0198,0.0091,97.7,98.6,99.0,99.1,99.1,99.5,3671.81298828125,'RODEO CREEK',null,null,POINT (-122.266864 38.037614)
HighwayBridge,CA007359,null,null,null,null,D,0,0,5.0,null,0.2801668047904968,10.005664825439453,0.6286258697509766,0.27086547017097473,0.0,0.0,0.0,0.0,0.0,29.523393630981445,0.5,0.9644,0.0207,0.0081,0.0054,0.0011,0.0355,0.0147,0.0065,98.2,98.9,99.3,99.3,99.4,99.6,1755.6397705078125,'SAN PABLO CREEK',null,null,POINT (-122.28715 37.963144)
HighwayBridge,CA007360,null,null,null,null,D,0,0,5.0,null,0.305047869682312,12.021832466125488,0.7280945777893066,0.32921820878982544,0.0,0.0,0.0,0.0,0.0,29.523393630981445,0.5,0.8414,0.1015,0.0292,0.0202,0.0075,0.1585,0.057,0.0277,92.6,96.0,97.1,97.3,97.5,98.5,13609.9296875,'GRAYSON CREEK',null,null,POINT (-122.069244 37.981678)
HighwayBridge,CA007361,null,null,null,null,D,0,0,5.0,null,0.2897186875343323,10.825994491577148,0.6819484233856201,0.2887684404850006,0.0,0.0,0.0,0.0,0.0,29.523393630981445,0.5,0.9552,0.0255,0.0104,0.0072,0.0015,0.0447,0.0192,0.0087,97.7,98.7,99.1,99.1,99.2,99.5,3330.080078125,'CONTRA COSTA CANAL',null,null,POINT (-122.017714 37.980403)
HighwayBridge,CA007362,null,null,null,null,D,0,0,5.0,null,0.2891490161418915,9.848416328430176,0.6430376172065735,0.2624647915363312,0.0,0.0,0.0,0.0,0.0,29.523393630981445,0.5,0.966,0.0,0.0173,0.0132,0.0033,0.0339,0.0339,0.0166,97.1,97.6,98.3,98.4,98.5,99.2,7254.96826171875,'CONTRA COSTA CANAL',null,null,POINT (-122.076472 37.978697)
HighwayBridge,CA007363,null,null,null,null,D,0,0,5.0,null,0.30203935503959656,10.406497955322266,0.664941132068634,0.2777739465236664,0.0,0.0,0.0,0.0,0.0,29.523393630981445,0.5,0.961,0.0225,0.009,0.0061,0.0012,0.0389,0.0163,0.0073,98.0,98.8,99.2,99.2,99.3,99.6,2066.10009765625,'SAN PABLO CREEK',null,null,POINT (-122.193156 37.885944)
HighwayBridge,CA007364,null,null,null,null,D,0,0,5.0,null,0.30203935503959656,10.406497955322266,0.664941132068634,0.2777739465236664,0.0,0.0,0.0,0.0,0.0,29.523393630981445,0.5,0.961,0.0225,0.009,0.0061,0.0012,0.0389,0.0163,0.0073,98.0,98.8,99.2,99.2,99.3,99.6,898.3247680664062,'SAN PABLO CREEK',null,null,POINT (-122.191806 37.883758)
HighwayBridge,CA007365,null,null,null,null,D,0,0,5.0,null,0.32553109526634216,12.258646011352539,0.7515487670898438,0.33662161231040955,0.0,0.0,0.0,0.0,0.0,29.523393630981445,0.5,0.4238,0.3212,0.0871,0.1171,0.0506,0.5761,0.2548,0.1677,69.4,80.0,83.5,84.1,85.0,91.2,152257.546875,'LAS TRAMPAS CREEK',null,null,POINT (-122.085922 37.885775)
HighwayBridge,CA007366,null,null,null,null,D,0,0,5.0,null,0.3204180598258972,12.237601280212402,0.7436526417732239,0.3358174264431,0.0,0.0,0.0,0.0,0.0,29.523393630981445,0.5,0.4254,0.321,0.0868,0.1165,0.0501,0.5745,0.2535,0.1667,69.5,80.2,83.6,84.2,85.1,91.2,140011.28125,'SAN RAMON CREEK',null,null,POINT (-121.981103 37.806508)
HighwayBridge,CA007367,null,null,null,null,D,0,0,5.0,null,0.2975753843784332,10.518417358398438,0.670642614364624,0.28520533442497253,0.0,0.0,0.0,0.0,0.0,29.523393630981445,0.5,0.8924,0.079,0.0159,0.0096,0.0029,0.1075,0.0285,0.0126,95.6,98.0,98.7,98.8,98.8,99.3,4888.0537109375,'COW CREEK',null,null,POINT (-121.973997 37.796389)
HighwayBridge,CA007368,null,null,null,null,D,0,0,5.0,null,0.3204180598258972,12.237601280212402,0.7436526417732239,0.3358174264431,0.0,0.0,0.0,0.0,0.0,29.523393630981445,0.5,0.926,0.0395,0.0175,0.0134,0.0034,0.0739,0.0344,0.0168,96.1,97.6,98.2,98.4,98.5,99.1,3411.72412109375,'GREEN VALLEY CREEK',null,null,POINT (-121.998222 37.823661)
HighwayBridge,CA007369,null,null,null,null,D,0,0,5.0,null,0.3204180598258972,12.237601280212402,0.7436526417732239,0.3358174264431,0.0,0.0,0.0,0.0,0.0,29.523393630981445,0.5,0.8332,0.1028,0.0322,0.0228,0.0087,0.1667,0.0638,0.0316,92.0,95.5,96.8,97.0,97.1,98.3,17250.4140625,'SAN RAMON CREEK',null,null,POINT (-121.977839 37.794964)
HighwayBridge,CA007370,null,null,null,null,D,0,0,5.0,null,0.3204180598258972,12.237601280212402,0.7436526417732239,0.3358174264431,0.0,0.0,0.0,0.0,0.0,29.523393630981445,0.5,0.9484,0.0,0.0267,0.0181,0.0065,0.0515,0.0515,0.0247,95.6,96.4,97.4,97.6,97.7,98.7,16188.0947265625,'SAN RAMON CREEK',null,null,POINT (-121.977003 37.800717)
HighwayBridge,CA007371,null,null,null,null,D,0,0,5.0,null,0.3249405324459076,14.086722373962402,0.800311267375946,0.42130327224731445,0.0,0.0,0.0,0.0,0.0,29.523393630981445,0.5,0.8574,0.0677,0.0343,0.0304,0.01,0.1425,0.0748,0.0405,91.9,94.6,95.9,96.1,96.4,97.9,18716.0234375,'CONTRA COSTA CANAL',null,null,POINT (-122.073856 37.971294)
HighwayBridge,CA007372,null,null,null,null,D,0,0,5.0,null,0.21633027493953705,8.538278579711914,0.5344128608703613,0.242532417178154,0.0,0.0,0.0,0.0,0.0,29.523393630981445,0.5,0.9766,0.0125,0.0061,0.0039,0.0007,0.0233,0.0107,0.0046,98.7,99.2,99.5,99.5,99.5,99.7,710.9744873046875,'MARSH CREEK',null,null,POINT (-121.71635 37.903683)
HighwayBridge,CA007373,null,null,null,null,D,0,0,5.0,null,0.20696081221103668,8.135555267333984,0.5083907246589661,0.2299475073814392,0.0,0.0,0.0,0.0,0.0,29.523393630981445,0.5,0.9776,0.0,0.0119,0.0085,0.0019,0.0223,0.0223,0.0104,98.1,98.4,98.9,99.0,99.0,99.5,13675.087890625,'SAND CREEK',null,null,POINT (-121.723358 37.944128)
HighwayBridge,CA007374,null,null,null,null,D,0,0,5.0,null,0.20696081221103668,8.135555267333984,0.5083907246589661,0.2299475073814392,0.0,0.0,0.0,0.0,0.0,29.523393630981445,0.5,0.9811,0.0113,0.0044,0.0026,0.0004,0.0188,0.0075,0.0031,99.0,99.5,99.6,99.7,99.7,99.8,1385.895751953125,'MARSH CREEK',null,null,POINT (-121.711289 37.932589)
HighwayBridge,CA007375,null,null,null,null,D,0,0,5.0,null,0.2604983150959015,9.147976875305176,0.5916891098022461,0.2510051727294922,0.0,0.0,0.0,0.0,0.0,29.523393630981445,0.5,0.9733,0.016,0.006,0.0038,0.0007,0.0266,0.0106,0.0045,98.7,99.2,99.5,99.5,99.5,99.7,4361.0537109375,'TASSAJARA CREEK',null,null,POINT (-121.860964 37.775792)
HighwayBridge,CA007376,null,null,null,null,D,0,0,5.0,null,0.1994965672492981,7.9972310066223145,0.4967210590839386,0.22938884794712067,0.0,0.0,0.0,0.0,0.0,29.523393630981445,0.5,0.9813,0.0116,0.0041,0.0024,0.0004,0.0186,0.007,0.0029,99.1,99.5,99.6,99.7,99.7,99.8,3245.921630859375,'DELTA-MENDOTA CANAL',null,null,POINT (-121.561164 37.815689)
HighwayBridge,CA007377,null,null,null,null,D,0,0,5.0,null,0.20270222425460815,8.17469596862793,0.5067620277404785,0.23597131669521332,0.0,0.0,0.0,0.0,0.0,29.523393630981445,0.5,0.979,0.0128,0.0046,0.0028,0.0004,0.0209,0.008,0.0033,99.0,99.4,99.6,99.6,99.6,99.8,1251.038818359375,'ITALIAN SLOUGH',null,null,POINT (-121.60335 37.837956)
HighwayBridge,CA007378,null,null,null,null,D,0,0,5.0,null,0.19384707510471344,8.40684986114502,0.5099731683731079,0.25659772753715515,0.0,0.0,0.0,0.0,0.0,29.523393630981445,0.5,0.9709,0.0173,0.0066,0.0042,0.0008,0.029,0.0116,0.005,98.5,99.2,99.4,99.5,99.5,99.7,11146.9775390625,'DUTCH SLOUGH',null,null,POINT (-121.660614 38.011953)
HighwayBridge,CA007379,null,null,null,null,D,0,0,5.0,null,0.2965981960296631,10.486924171447754,0.6718616485595703,0.28059494495391846,0.0,0.0,0.0,0.0,0.0,29.523393630981445,0.5,0.9596,0.0184,0.0117,0.0083,0.0018,0.0403,0.0219,0.0102,97.7,98.5,98.9,99.0,99.0,99.5,3716.460205078125,'ARROYO DEL HAMBRE',null,null,POINT (-122.135981 38.016747)
HighwayBridge,CA007380,null,null,null,null,D,0,0,5.0,null,0.2965981960296631,10.486924171447754,0.6718616485595703,0.28059494495391846,0.0,0.0,0.0,0.0,0.0,29.523393630981445,0.5,0.9596,0.0114,0.015,0.0111,0.0027,0.0403,0.0289,0.0139,97.2,98.0,98.5,98.6,98.7,99.3,10060.923828125,'ARROYO DEL HAMBRE',null,null,POINT (-122.136667 38.017128)
HighwayBridge,CA007381,null,null,null,null,D,0,0,5.0,null,0.3204180598258972,12.237601280212402,0.7436526417732239,0.3358174264431,0.0,0.0,0.0,0.0,0.0,29.523393630981445,0.5,0.926,0.0395,0.0175,0.0134,0.0034,0.0739,0.0344,0.0168,96.1,97.6,98.2,98.4,98.5,99.1,3836.911865234375,'SYCAMORE CREEK',null,null,POINT (-121.981314 37.811578)
HighwayBridge,CA007382,null,null,null,null,D,0,0,5.0,null,0.3038388788700104,10.245465278625488,0.6652419567108154,0.2681425213813782,0.0,0.0,0.0,0.0,0.0,29.523393630981445,0.5,0.9657,0.0168,0.0094,0.0064,0.0013,0.0342,0.0173,0.0078,98.1,98.8,99.1,99.2,99.2,99.6,3378.498291015625,'CONTRA COSTA CANAL',null,null,POINT (-122.076772 37.967397)
HighwayBridge,CA007383,null,null,null,null,D,0,0,5.0,null,0.3249405324459076,14.086722373962402,0.800311267375946,0.42130327224731445,0.0,0.0,0.0,0.0,0.0,29.523393630981445,0.5,0.8574,0.0677,0.0343,0.0304,0.01,0.1425,0.0748,0.0405,91.9,94.6,95.9,96.1,96.4,97.9,33596.53125,'GRAYSON CREEK',null,null,POINT (-122.066783 37.966519)
HighwayBridge,CA007384,null,null,null,null,D,0,0,5.0,null,0.3249405324459076,14.086722373962402,0.800311267375946,0.42130327224731445,0.0,0.0,0.0,0.0,0.0,29.523393630981445,0.5,0.8574,0.0672,0.0344,0.0306,0.0101,0.1425,0.0752,0.0408,91.8,94.5,95.9,96.1,96.3,97.9,16387.6640625,'GRAYSON CREEK',null,null,POINT (-122.066283 37.959933)
HighwayBridge,CA007385,null,null,null,null,D,0,0,5.0,null,0.3249405324459076,14.086722373962402,0.800311267375946,0.42130327224731445,0.0,0.0,0.0,0.0,0.0,29.523393630981445,0.5,0.8574,0.0616,0.0366,0.0331,0.0112,0.1425,0.0809,0.0443,91.5,94.1,95.5,95.8,96.0,97.7,17829.2578125,'GRAYSON CREEK',null,null,POINT (-122.073397 37.956578)
HighwayBridge,CA007386,null,null,null,null,D,0,0,5.0,null,0.3249405324459076,14.086722373962402,0.800311267375946,0.42130327224731445,0.0,0.0,0.0,0.0,0.0,29.523393630981445,0.5,0.8574,0.0677,0.0343,0.0304,0.01,0.1425,0.0748,0.0405,91.9,94.6,95.9,96.1,96.4,97.9,11804.7392578125,'GRAYSON CREEK',null,null,POINT (-122.074556 37.955883)
HighwayBridge,CA007387,null,null,null,null,D,0,0,5.0,null,0.2773539423942566,10.04581356048584,0.6278798580169678,0.26528066396713257,0.0,0.0,0.0,0.0,0.0,29.523393630981445,0.5,0.967,0.0185,0.008,0.0053,0.001,0.0329,0.0143,0.0063,98.3,99.0,99.3,99.3,99.4,99.6,2485.24072265625,'PINOLE CREEK',null,null,POINT (-122.283836 37.990842)
HighwayBridge,CA007388,null,null,null,null,D,0,0,5.0,null,0.2773539423942566,10.04581356048584,0.6278798580169678,0.26528066396713257,0.0,0.0,0.0,0.0,0.0,29.523393630981445,0.5,0.9131,0.0592,0.0154,0.0093,0.0028,0.0868,0.0276,0.0122,96.2,98.1,98.7,98.8,98.9,99.3,10455.9443359375,'PINOLE CREEK',null,null,POINT (-122.279764 37.985361)
HighwayBridge,CA007389,null,null,null,null,D,0,0,5.0,null,0.2801668047904968,10.005664825439453,0.6286258697509766,0.27086547017097473,0.0,0.0,0.0,0.0,0.0,29.523393630981445,0.5,0.9644,0.0203,0.0084,0.0056,0.0011,0.0355,0.0152,0.0067,98.2,98.9,99.3,99.3,99.3,99.6,918.6275634765625,'SAN PABLO CREEK',null,null,POINT (-122.281008 37.961794)
HighwayBridge,CA007390,null,null,null,null,D,0,0,5.0,null,0.2801668047904968,10.005664825439453,0.6286258697509766,0.27086547017097473,0.0,0.0,0.0,0.0,0.0,29.523393630981445,0.5,0.9644,0.0203,0.0084,0.0056,0.0011,0.0355,0.0152,0.0067,98.2,98.9,99.3,99.3,99.3,99.6,918.6275634765625,'SAN PABLO CREEK',null,null,POINT (-122.296678 37.964869)
HighwayBridge,CA007391,null,null,null,null,D,0,0,5.0,null,0.32553109526634216,12.258646011352539,0.7515487670898438,0.33662161231040955,0.0,0.0,0.0,0.0,0.0,29.523393630981445,0.5,0.909,0.0,0.0,0.0666,0.0242,0.0909,0.0909,0.0909,91.2,91.2,91.3,91.4,91.9,95.4,44531.66796875,'LAS TRAMPAS CREEK',null,null,POINT (-122.097236 37.886878)
HighwayBridge,CA007392,null,null,null,null,D,0,0,5.0,null,0.31993821263313293,11.802117347717285,0.7346709370613098,0.32258957624435425,0.0,0.0,0.0,0.0,0.0,29.523393630981445,0.5,0.9349,0.0353,0.0153,0.0114,0.0028,0.065,0.0296,0.0142,96.6,97.9,98.5,98.6,98.7,99.3,6368.16162109375,'PINE CREEK',null,null,POINT (-122.010222 37.917822)
HighwayBridge,CA007393,null,null,null,null,D,0,0,5.0,null,0.32553109526634216,12.258646011352539,0.7515487670898438,0.33662161231040955,0.0,0.0,0.0,0.0,0.0,29.523393630981445,0.5,0.9069,0.0,0.0,0.068,0.0249,0.093,0.093,0.093,91.0,91.0,91.1,91.2,91.7,95.2,105953.0703125,'LAS TRAMPAS CREEK',null,null,POINT (-122.1027 37.889742)
HighwayBridge,CA007394,null,null,null,null,D,0,0,5.0,null,0.22777557373046875,8.881070137023926,0.5582232475280762,0.24961048364639282,0.0,0.0,0.0,0.0,0.0,29.523393630981445,0.5,0.9738,0.0157,0.0059,0.0037,0.0006,0.0261,0.0103,0.0044,98.7,99.3,99.5,99.5,99.5,99.7,909.534423828125,'LAKE ALHAMBRA',null,null,POINT (-121.795794 38.0101)
HighwayBridge,CA007395,null,null,null,null,D,0,0,5.0,null,0.24465948343276978,9.492355346679688,0.5979543924331665,0.2650364935398102,0.0,0.0,0.0,0.0,0.0,29.523393630981445,0.5,0.9672,0.0146,0.0099,0.0068,0.0014,0.0327,0.0181,0.0082,98.1,98.7,99.1,99.2,99.2,99.6,7374.06689453125,'CONTRA COSTA CANAL',null,null,POINT (-121.8295 37.982997)
HighwayBridge,CA007396,null,null,null,null,D,0,0,5.0,null,0.24465948343276978,9.492355346679688,0.5979543924331665,0.2650364935398102,0.0,0.0,0.0,0.0,0.0,29.523393630981445,0.5,0.9672,0.0193,0.0075,0.0049,0.0009,0.0327,0.0134,0.0059,98.4,99.1,99.3,99.4,99.4,99.7,2253.722900390625,'CONTRA COSTA CANAL',null,null,POINT (-121.84015 37.989658)
HighwayBridge,CA007397,null,null,null,null,D,0,0,5.0,null,0.30044370889663696,10.422507286071777,0.6744294166564941,0.26809030771255493,0.0,0.0,0.0,0.0,0.0,29.523393630981445,0.5,0.9649,0.0066,0.0147,0.0109,0.0026,0.035,0.0283,0.0135,97.4,98.0,98.6,98.7,98.7,99.3,1898.844970703125,'GALINDO CREEK',null,null,POINT (-122.007336 37.960919)
HighwayBridge,CA007398,null,null,null,null,D,0,0,5.0,null,0.27899497747421265,9.765061378479004,0.625544011592865,0.26399409770965576,0.0,0.0,0.0,0.0,0.0,29.523393630981445,0.5,0.9676,0.0172,0.0083,0.0055,0.0011,0.0323,0.015,0.0067,98.3,98.9,99.3,99.3,99.3,99.6,2501.017333984375,'ALAMO CREEK',null,null,POINT (-121.916164 37.739067)
HighwayBridge,CA007399,null,null,null,null,D,0,0,5.0,null,0.31597408652305603,12.950291633605957,0.7598022222518921,0.3702615201473236,0.0,0.0,0.0,0.0,0.0,29.523393630981445,0.5,0.9004,0.0507,0.0238,0.0194,0.0055,0.0995,0.0488,0.025,94.6,96.5,97.4,97.6,97.7,98.7,7396.806640625,'SOUTH SAN RAMON CREEK',null,null,POINT (-121.937953 37.740764)
HighwayBridge,CA007400,null,null,null,null,D,0,0,5.0,null,0.31597408652305603,12.950291633605957,0.7598022222518921,0.3702615201473236,0.0,0.0,0.0,0.0,0.0,29.523393630981445,0.5,0.9004,0.0507,0.0238,0.0194,0.0055,0.0995,0.0488,0.025,94.6,96.5,97.4,97.6,97.7,98.7,6399.0400390625,'SOUTH SAN RAMON CREEK',null,null,POINT (-121.947211 37.753611)
HighwayBridge,CA007401,null,null,null,null,D,0,0,5.0,null,0.2801668047904968,10.005664825439453,0.6286258697509766,0.27086547017097473,0.0,0.0,0.0,0.0,0.0,29.523393630981445,0.5,0.9644,0.0133,0.0118,0.0084,0.0018,0.0355,0.0221,0.0103,97.8,98.4,98.9,99.0,99.0,99.5,1477.34521484375,'WILDCAT CREEK',null,null,POINT (-122.316342 37.950994)
HighwayBridge,CA007402,null,null,null,null,D,0,0,5.0,null,0.30044370889663696,10.422507286071777,0.6744294166564941,0.26809030771255493,0.0,0.0,0.0,0.0,0.0,29.523393630981445,0.5,0.9657,0.0201,0.0078,0.0052,0.001,0.0342,0.0141,0.0062,98.3,99.0,99.3,99.4,99.4,99.7,1190.5234375,'CONTRA COSTA CANAL',null,null,POINT (-122.017378 37.974544)
HighwayBridge,CA007403,null,null,null,null,D,0,0,5.0,null,0.28632470965385437,10.346205711364746,0.6519268751144409,0.2789539396762848,0.0,0.0,0.0,0.0,0.0,29.523393630981445,0.5,0.9604,0.0206,0.0102,0.0071,0.0015,0.0395,0.0189,0.0086,97.9,98.7,99.1,99.1,99.2,99.5,1427.6722412109375,'RODEO CREEK',null,null,POINT (-122.256619 38.018344)
HighwayBridge,CA007404,null,null,null,null,D,0,0,5.0,null,0.310818612575531,10.68083381652832,0.6826629042625427,0.28262096643447876,0.0,0.0,0.0,0.0,0.0,29.523393630981445,0.5,0.9585,0.0237,0.0096,0.0066,0.0014,0.0414,0.0177,0.008,97.9,98.8,99.1,99.2,99.2,99.6,3145.877197265625,'GREEN VALLEY CREEK',null,null,POINT (-121.985325 37.830642)
HighwayBridge,CA007405,null,null,null,null,D,0,0,5.0,null,0.3204180598258972,12.237601280212402,0.7436526417732239,0.3358174264431,0.0,0.0,0.0,0.0,0.0,29.523393630981445,0.5,0.926,0.0395,0.0175,0.0134,0.0034,0.0739,0.0344,0.0168,96.1,97.6,98.2,98.4,98.5,99.1,5932.06640625,'SYCAMORE CREEK',null,null,POINT (-121.976781 37.812231)
HighwayBridge,CA007406,null,null,null,null,D,0,0,5.0,null,0.2975753843784332,10.518417358398438,0.670642614364624,0.28520533442497253,0.0,0.0,0.0,0.0,0.0,29.523393630981445,0.5,0.9571,0.0245,0.0099,0.0068,0.0014,0.0428,0.0182,0.0083,97.8,98.7,99.1,99.2,99.2,99.5,2572.06689453125,'SYCAMORE CREEK',null,null,POINT (-121.97375 37.813497)
HighwayBridge,CA007407,null,null,null,null,D,0,0,5.0,null,0.2975753843784332,10.518417358398438,0.670642614364624,0.28520533442497253,0.0,0.0,0.0,0.0,0.0,29.523393630981445,0.5,0.9571,0.0184,0.0129,0.0093,0.0021,0.0428,0.0243,0.0114,97.4,98.3,98.8,98.9,98.9,99.4,7272.96044921875,'SYCAMORE CREEK',null,null,POINT (-121.970669 37.814708)
HighwayBridge,CA007408,null,null,null,null,D,0,0,5.0,null,0.305047869682312,12.021832466125488,0.7280945777893066,0.32921820878982544,0.0,0.0,0.0,0.0,0.0,29.523393630981445,0.5,0.8414,0.1114,0.0248,0.0165,0.0057,0.1585,0.0471,0.0223,93.2,96.7,97.7,97.8,98.0,98.8,35232.1640625,'WALNUT CREEK',null,null,POINT (-122.056881 37.998836)
HighwayBridge,CA007409,null,null,null,null,D,0,0,5.0,null,0.21277272701263428,8.365218162536621,0.5231019258499146,0.23649340867996216,0.0,0.0,0.0,0.0,0.0,29.523393630981445,0.5,0.9788,0.0129,0.0047,0.0028,0.0005,0.0211,0.0081,0.0033,98.9,99.4,99.6,99.6,99.6,99.8,1827.41748046875,'CONTRA COSTA CANAL',null,null,POINT (-121.773181 37.982881)
HighwayBridge,CA007410,null,null,null,null,D,0,0,5.0,null,0.2773539423942566,10.04581356048584,0.6278798580169678,0.26528066396713257,0.0,0.0,0.0,0.0,0.0,29.523393630981445,0.5,0.967,0.0192,0.0076,0.005,0.0009,0.0329,0.0136,0.0059,98.3,99.0,99.3,99.4,99.4,99.7,16413.923828125,'BNSF RY',null,null,POINT (-122.282339 38.009664)
HighwayBridge,CA007411,null,null,null,null,D,0,0,5.0,null,0.310818612575531,10.68083381652832,0.6826629042625427,0.28262096643447876,0.0,0.0,0.0,0.0,0.0,29.523393630981445,0.5,0.9585,0.0236,0.0097,0.0066,0.0014,0.0414,0.0177,0.008,97.9,98.7,99.1,99.2,99.2,99.6,12099.7451171875,'SAN RAMON CREEK',null,null,POINT (-122.005828 37.828467)
HighwayBridge,CA007412,null,null,null,null,D,0,0,5.0,null,0.2575337588787079,9.613141059875488,0.6134510636329651,0.25921157002449036,0.0,0.0,0.0,0.0,0.0,29.523393630981445,0.5,0.9809,0.0,0.011,0.0062,0.0017,0.019,0.019,0.008,98.4,98.7,99.1,99.2,99.2,99.6,32181.880859375,'UP RR PARKSIDE RAILROAD',null,null,POINT (-121.887017 38.023483)
HighwayBridge,CA007413,null,null,null,null,D,0,0,5.0,null,0.2943108081817627,11.463701248168945,0.7016415596008301,0.32814300060272217,0.0,0.0,0.0,0.0,0.0,29.523393630981445,0.5,0.9312,0.037,0.0162,0.0122,0.003,0.0687,0.0316,0.0153,96.4,97.8,98.4,98.5,98.6,99.2,8873.75390625,'WEST BRANCH ALAMO CREEK',null,null,POINT (-121.924011 37.787389)
HighwayBridge,CA007414,null,null,null,null,D,0,0,5.0,null,0.27899497747421265,9.765061378479004,0.625544011592865,0.26399409770965576,0.0,0.0,0.0,0.0,0.0,29.523393630981445,0.5,0.9676,0.0189,0.0074,0.0048,0.0009,0.0323,0.0133,0.0058,98.4,99.0,99.3,99.4,99.4,99.7,6653.19580078125,'ALAMO CREEK',null,null,POINT (-121.913656 37.734319)
HighwayBridge,CA007415,null,null,null,null,D,0,0,5.0,null,0.3249405324459076,14.086722373962402,0.800311267375946,0.42130327224731445,0.0,0.0,0.0,0.0,0.0,29.523393630981445,0.5,0.8574,0.0677,0.0343,0.0304,0.01,0.1425,0.0748,0.0405,91.9,94.6,95.9,96.1,96.4,97.9,17535.51953125,'GRAYSON CREEK',null,null,POINT (-122.065467 37.973578)
HighwayBridge,CA007416,null,null,null,null,D,0,0,5.0,null,0.2965981960296631,10.486924171447754,0.6718616485595703,0.28059494495391846,0.0,0.0,0.0,0.0,0.0,29.523393630981445,0.5,0.9596,0.0149,0.0134,0.0097,0.0022,0.0403,0.0254,0.012,97.5,98.2,98.7,98.8,98.9,99.4,3688.48779296875,'SHELL OIL CO PIPE UC',null,null,POINT (-122.125092 38.022483)
HighwayBridge,CA007417,null,null,null,null,D,0,0,5.0,null,0.2821619212627411,10.5068941116333,0.6519501805305481,0.2861925959587097,0.0,0.0,0.0,0.0,0.0,29.523393630981445,0.5,0.9566,0.0242,0.0103,0.0071,0.0015,0.0433,0.0191,0.0087,97.7,98.7,99.1,99.1,99.2,99.5,3030.109130859375,'RODEO CREEK',null,null,POINT (-122.264631 38.028347)
HighwayBridge,CA007418,null,null,null,null,D,0,0,5.0,null,0.2055048793554306,8.71514892578125,0.5319892168045044,0.26307255029678345,0.0,0.0,0.0,0.0,0.0,29.523393630981445,0.5,0.9754,0.0,0.0138,0.0082,0.0024,0.0245,0.0245,0.0106,97.9,98.3,98.9,98.9,99.0,99.4,17390.814453125,'BNSF RY & AMTRAK',null,null,POINT (-121.719017 38.000039)
HighwayBridge,CA007419,null,null,null,null,D,0,0,5.0,null,0.28633642196655273,12.898520469665527,0.7165697813034058,0.3699047267436981,0.0,0.0,0.0,0.0,0.0,29.523393630981445,0.5,0.9291,0.0,0.0352,0.0254,0.0101,0.0708,0.0708,0.0356,94.0,95.0,96.4,96.6,96.8,98.1,69095.4453125,'SAN PABLO CREEK',null,null,POINT (-122.373558 37.96655)
HighwayBridge,CA007420,null,null,null,null,D,0,0,5.0,null,0.28633642196655273,12.898520469665527,0.7165697813034058,0.3699047267436981,0.0,0.0,0.0,0.0,0.0,29.523393630981445,0.5,0.9091,0.0,0.0434,0.0331,0.0143,0.0908,0.0908,0.0474,92.3,93.5,95.2,95.5,95.7,97.5,32632.712890625,'WILD CAT CREEK',null,null,POINT (-122.373631 37.958008)
HighwayBridge,CA007421,null,null,null,null,D,0,0,5.0,null,0.28633642196655273,12.898520469665527,0.7165697813034058,0.3699047267436981,0.0,0.0,0.0,0.0,0.0,29.523393630981445,0.5,0.9091,0.0,0.0434,0.0331,0.0143,0.0908,0.0908,0.0474,92.3,93.5,95.2,95.5,95.7,97.5,42626.484375,'WILD CAT CREEK',null,null,POINT (-122.373372 37.958053)
HighwayBridge,CA007422,null,null,null,null,D,0,0,5.0,null,0.20696081221103668,8.135555267333984,0.5083907246589661,0.2299475073814392,0.0,0.0,0.0,0.0,0.0,29.523393630981445,0.5,0.9022,0.071,0.0198,0.0061,0.0007,0.0977,0.0267,0.0069,96.1,98.4,99.2,99.3,99.3,99.6,11539.595703125,'MARSH CREEK',null,null,POINT (-121.7095 37.934492)
HighwayBridge,CA007423,null,null,null,null,D,0,0,5.0,null,0.26466062664985657,14.063728332519531,0.7253606915473938,0.4776362478733063,0.0,0.0,0.0,0.0,0.0,29.523393630981445,0.5,0.6466,0.0,0.1051,0.1444,0.1037,0.3533,0.3533,0.2481,68.4,71.5,75.6,76.4,77.5,85.4,578129.125,'CONTRA COSTA CANAL',null,null,POINT (-121.961558 38.025264)
HighwayBridge,CA007424,null,null,null,null,D,0,0,5.0,null,0.2575337588787079,9.613141059875488,0.6134510636329651,0.25921157002449036,0.0,0.0,0.0,0.0,0.0,29.523393630981445,0.5,0.9698,0.0179,0.0068,0.0044,0.0008,0.0301,0.0122,0.0053,98.5,99.1,99.4,99.4,99.5,99.7,4041.367919921875,'CONTRA COSTA CANAL',null,null,POINT (-121.914519 38.012867)
HighwayBridge,CA007425,null,null,null,null,D,0,0,5.0,null,0.28633642196655273,12.898520469665527,0.7165697813034058,0.3699047267436981,0.0,0.0,0.0,0.0,0.0,29.523393630981445,0.5,0.8961,0.0,0.0484,0.038,0.0173,0.1038,0.1038,0.0554,91.1,92.5,94.4,94.7,95.0,97.0,307942.96875,'CASTRO ST',null,null,POINT (-122.368922 37.948533)
HighwayBridge,CA007426,null,null,null,null,D,0,0,5.0,null,0.26603028178215027,9.676586151123047,0.5983084440231323,0.2606714069843292,0.0,0.0,0.0,0.0,0.0,29.523393630981445,0.5,0.9691,0.0182,0.007,0.0045,0.0008,0.0308,0.0125,0.0054,98.4,99.1,99.4,99.4,99.4,99.7,27283.201171875,'GIANT HIGHWAY',null,null,POINT (-122.348889 37.981758)
HighwayBridge,CA007427,null,null,null,null,D,0,0,5.0,null,0.2675885558128357,11.3576021194458,0.6570038199424744,0.31031322479248047,0.0,0.0,0.0,0.0,0.0,29.523393630981445,0.5,0.9501,0.0,0.026,0.0175,0.0062,0.0498,0.0498,0.0238,95.8,96.5,97.5,97.7,97.8,98.7,74672.21875,'CHEVRON RAILROAD TRACKS',null,null,POINT (-122.378558 37.937142)
HighwayBridge,CA007428,null,null,null,null,D,0,0,5.0,null,0.26603028178215027,9.676586151123047,0.5983084440231323,0.2606714069843292,0.0,0.0,0.0,0.0,0.0,29.523393630981445,0.5,0.9805,0.0,0.0112,0.0064,0.0017,0.0194,0.0194,0.0082,98.4,98.7,99.1,99.2,99.2,99.5,106238.625,'GIANT UP RR BNSF AMTRAK',null,null,POINT (-122.358803 37.976603)
HighwayBridge,CA007429,null,null,null,null,D,0,0,5.0,null,0.26603028178215027,9.676586151123047,0.5983084440231323,0.2606714069843292,0.0,0.0,0.0,0.0,0.0,29.523393630981445,0.5,0.9805,0.0,0.0112,0.0064,0.0017,0.0194,0.0194,0.0082,98.4,98.7,99.1,99.2,99.2,99.5,106238.625,'GIANT UP RR BNSF AMTRAK',null,null,POINT (-122.358831 37.976336)
HighwayBridge,CA007430,null,null,null,null,D,0,0,5.0,null,0.28633642196655273,12.898520469665527,0.7165697813034058,0.3699047267436981,0.0,0.0,0.0,0.0,0.0,29.523393630981445,0.5,0.9007,0.0114,0.0392,0.036,0.0126,0.0992,0.0878,0.0486,92.2,93.6,95.1,95.4,95.6,97.5,20099.171875,'PARKWAY WETLANDS',null,null,POINT (-122.369289 37.972606)
HighwayBridge,CA007431,null,null,null,null,D,0,0,5.0,null,0.24465948343276978,9.492355346679688,0.5979543924331665,0.2650364935398102,0.0,0.0,0.0,0.0,0.0,29.523393630981445,0.5,0.9672,0.0184,0.0079,0.0052,0.001,0.0327,0.0143,0.0063,98.3,99.0,99.3,99.3,99.4,99.6,5111.73583984375,'WEST ANTIOCH CREEK',null,null,POINT (-121.826017 38.015456)
HighwayBridge,CA007432,null,null,null,null,D,0,0,5.0,null,0.2734396457672119,14.547263145446777,0.7414925694465637,0.49189117550849915,0.0,0.0,0.0,0.0,0.0,29.523393630981445,0.5,0.7911,0.0902,0.0499,0.0492,0.0193,0.2088,0.1185,0.0685,87.5,91.2,93.1,93.5,93.8,96.4,44410.1640625,'CONTRA COSTA CANAL',null,null,POINT (-121.978911 38.0334)
HighwayBridge,CA007433,null,null,null,null,D,0,0,5.0,null,0.26466062664985657,14.063728332519531,0.7253606915473938,0.4776362478733063,0.0,0.0,0.0,0.0,0.0,29.523393630981445,0.5,0.8049,0.0748,0.0504,0.0499,0.0197,0.195,0.1201,0.0696,87.7,91.1,93.0,93.4,93.7,96.4,36850.7265625,'CONTRA COSTA CANAL',null,null,POINT (-121.972531 38.029025)
HighwayBridge,CA007434,null,null,null,null,D,0,0,5.0,null,0.26466062664985657,14.063728332519531,0.7253606915473938,0.4776362478733063,0.0,0.0,0.0,0.0,0.0,29.523393630981445,0.5,0.8049,0.0859,0.0467,0.0451,0.0171,0.195,0.109,0.0623,88.4,91.9,93.8,94.1,94.4,96.8,20892.03125,'CONTRA COSTA CANAL',null,null,POINT (-121.967439 38.027833)
HighwayBridge,CA007435,null,null,null,null,D,0,0,5.0,null,0.20009920001029968,7.23261833190918,0.46664437651634216,0.19327041506767273,0.0,0.0,0.0,0.0,0.0,29.523393630981445,0.5,0.991,0.0055,0.002,0.0011,0.0001,0.0089,0.0033,0.0013,99.5,99.7,99.8,99.8,99.8,99.9,338.1845397949219,'BRUSHY CREEK',null,null,POINT (-121.629353 37.838308)
HighwayBridge,CA007436,null,null,null,null,D,0,0,5.0,null,0.2897186875343323,10.825994491577148,0.6819484233856201,0.2887684404850006,0.0,0.0,0.0,0.0,0.0,29.523393630981445,0.5,0.9552,0.0255,0.0104,0.0072,0.0015,0.0447,0.0192,0.0087,97.7,98.7,99.1,99.1,99.2,99.5,2248.567626953125,'CONTRA COSTA CANAL',null,null,POINT (-122.017836 37.978572)
HighwayBridge,CA007437,null,null,null,null,D,0,0,5.0,null,0.19384707510471344,8.40684986114502,0.5099731683731079,0.25659772753715515,0.0,0.0,0.0,0.0,0.0,29.523393630981445,0.5,0.9817,0.0,0.0106,0.006,0.0016,0.0182,0.0182,0.0076,98.5,98.8,99.2,99.2,99.3,99.6,45243.9375,'DUTCH SLOUGH',null,null,POINT (-121.641094 38.010633)
HighwayBridge,CA007438,null,null,null,null,D,0,0,5.0,null,0.28633642196655273,12.898520469665527,0.7165697813034058,0.3699047267436981,0.0,0.0,0.0,0.0,0.0,29.523393630981445,0.5,0.9007,0.0505,0.0237,0.0194,0.0055,0.0992,0.0487,0.0249,94.6,96.5,97.4,97.6,97.7,98.7,36120.3515625,'SAN PABLO CREEK',null,null,POINT (-122.354678 37.963919)
HighwayBridge,CA007439,null,null,null,null,D,0,0,5.0,null,0.2801668047904968,10.005664825439453,0.6286258697509766,0.27086547017097473,0.0,0.0,0.0,0.0,0.0,29.523393630981445,0.5,0.9644,0.0207,0.0081,0.0054,0.0011,0.0355,0.0147,0.0065,98.2,98.9,99.3,99.3,99.4,99.6,1119.9473876953125,'SAN PABLO CREEK',null,null,POINT (-122.320553 37.965742)
HighwayBridge,CA007440,null,null,null,null,D,0,0,5.0,null,0.28633642196655273,12.898520469665527,0.7165697813034058,0.3699047267436981,0.0,0.0,0.0,0.0,0.0,29.523393630981445,0.5,0.9007,0.0391,0.0285,0.0242,0.0073,0.0992,0.0601,0.0316,93.9,95.7,96.8,97.0,97.1,98.4,11886.5009765625,'WILDCAT CREEK',null,null,POINT (-122.343697 37.959197)
HighwayBridge,CA007441,null,null,null,null,D,0,0,5.0,null,0.22777557373046875,8.881070137023926,0.5582232475280762,0.24961048364639282,0.0,0.0,0.0,0.0,0.0,29.523393630981445,0.5,0.9738,0.0157,0.0059,0.0037,0.0006,0.0261,0.0103,0.0044,98.7,99.3,99.5,99.5,99.5,99.7,2597.181640625,'CONTRA COSTA CANAL',null,null,POINT (-121.798114 37.984117)
HighwayBridge,CA007442,null,null,null,null,D,0,0,5.0,null,0.30598485469818115,10.546538352966309,0.6689594388008118,0.2805054187774658,0.0,0.0,0.0,0.0,0.0,29.523393630981445,0.5,0.9596,0.0232,0.0093,0.0063,0.0013,0.0403,0.0171,0.0077,97.9,98.8,99.2,99.2,99.3,99.6,2671.65771484375,'QUERCUS CREEK',null,null,POINT (-122.192856 37.865486)
HighwayBridge,CA007443,null,null,null,null,D,0,0,5.0,null,0.23084500432014465,8.08839225769043,0.5253820419311523,0.20815137028694153,0.0,0.0,0.0,0.0,0.0,29.523393630981445,0.5,0.987,0.0084,0.0026,0.0015,0.0002,0.0129,0.0044,0.0017,99.4,99.6,99.7,99.8,99.8,99.8,177.58282470703125,'BRIONES VALLEY CREEK',null,null,POINT (-121.814733 37.909806)
HighwayBridge,CA007444,null,null,null,null,D,0,0,5.0,null,0.24465948343276978,9.492355346679688,0.5979543924331665,0.2650364935398102,0.0,0.0,0.0,0.0,0.0,29.523393630981445,0.5,0.9672,0.0193,0.0075,0.0049,0.0009,0.0327,0.0134,0.0059,98.4,99.1,99.3,99.4,99.4,99.7,1461.1651611328125,'KIRKER CREEK',null,null,POINT (-121.869567 38.018247)
HighwayBridge,CA007445,null,null,null,null,D,0,0,5.0,null,0.24465948343276978,9.492355346679688,0.5979543924331665,0.2650364935398102,0.0,0.0,0.0,0.0,0.0,29.523393630981445,0.5,0.9672,0.0193,0.0075,0.0049,0.0009,0.0327,0.0134,0.0059,98.4,99.1,99.3,99.4,99.4,99.7,1330.766845703125,'KIRKER CREEK',null,null,POINT (-121.868981 38.018125)
HighwayBridge,CA007446,null,null,null,null,D,0,0,5.0,null,0.30203935503959656,10.406497955322266,0.664941132068634,0.2777739465236664,0.0,0.0,0.0,0.0,0.0,29.523393630981445,0.5,0.9749,0.0,0.0141,0.0084,0.0024,0.025,0.025,0.0109,97.9,98.3,98.8,98.9,99.0,99.4,3987.359375,'SAN PABLO CREEK',null,null,POINT (-122.202217 37.893675)
HighwayBridge,CA007447,null,null,null,null,D,0,0,5.0,null,0.22777557373046875,8.881070137023926,0.5582232475280762,0.24961048364639282,0.0,0.0,0.0,0.0,0.0,29.523393630981445,0.5,0.9738,0.0157,0.0059,0.0037,0.0006,0.0261,0.0103,0.0044,98.7,99.3,99.5,99.5,99.5,99.7,6105.3447265625,'CONTRA COSTA CANAL',null,null,POINT (-121.785353 37.984719)
HighwayBridge,CA007448,null,null,null,null,D,0,0,5.0,null,0.22777557373046875,8.881070137023926,0.5582232475280762,0.24961048364639282,0.0,0.0,0.0,0.0,0.0,29.523393630981445,0.5,0.9738,0.0157,0.0059,0.0037,0.0006,0.0261,0.0103,0.0044,98.7,99.3,99.5,99.5,99.5,99.7,6050.18212890625,'CONTRA COSTA CANAL',null,null,POINT (-121.79025 37.984081)
HighwayBridge,CA007449,null,null,null,null,D,0,0,5.0,null,0.31597408652305603,12.950291633605957,0.7598022222518921,0.3702615201473236,0.0,0.0,0.0,0.0,0.0,29.523393630981445,0.5,0.8649,0.0,0.0552,0.0562,0.0234,0.135,0.135,0.0797,88.3,89.9,92.0,92.4,92.8,95.8,23975.134765625,'SAN RAMON VALLEY BLVD',null,null,POINT (-121.95415 37.734644)
HighwayBridge,CA007450,null,null,null,null,D,0,0,5.0,null,0.22777557373046875,8.881070137023926,0.5582232475280762,0.24961048364639282,0.0,0.0,0.0,0.0,0.0,29.523393630981445,0.5,0.9738,0.0157,0.0059,0.0037,0.0006,0.0261,0.0103,0.0044,98.7,99.3,99.5,99.5,99.5,99.7,1764.1231689453125,'CONTRA COSTA CANAL',null,null,POINT (-121.820461 37.979819)
HighwayBridge,CA007451,null,null,null,null,D,0,0,5.0,null,0.27899497747421265,9.765061378479004,0.625544011592865,0.26399409770965576,0.0,0.0,0.0,0.0,0.0,29.523393630981445,0.5,0.9676,0.019,0.0074,0.0048,0.0009,0.0323,0.0132,0.0058,98.4,99.1,99.3,99.4,99.4,99.7,26677.275390625,'WEST BRANCH ALAMO CREEK',null,null,POINT (-121.920167 37.7575)
HighwayBridge,CA007452,null,null,null,null,D,0,0,5.0,null,0.27899497747421265,9.765061378479004,0.625544011592865,0.26399409770965576,0.0,0.0,0.0,0.0,0.0,29.523393630981445,0.5,0.9676,0.019,0.0074,0.0048,0.0009,0.0323,0.0132,0.0058,98.4,99.1,99.3,99.4,99.4,99.7,26677.275390625,'WEST BRANCH ALAMO CREEK',null,null,POINT (-121.920678 37.760058)
HighwayBridge,CA007453,null,null,null,null,D,0,0,5.0,null,0.2575337588787079,9.613141059875488,0.6134510636329651,0.25921157002449036,0.0,0.0,0.0,0.0,0.0,29.523393630981445,0.5,0.9698,0.0179,0.0068,0.0044,0.0008,0.0301,0.0122,0.0053,98.5,99.1,99.4,99.4,99.5,99.7,7221.09521484375,'CONTRA COSTA CANAL',null,null,POINT (-121.901733 38.008031)
HighwayBridge,CA007454,null,null,null,null,D,0,0,5.0,null,0.3122633695602417,10.710003852844238,0.679046094417572,0.2819371223449707,0.0,0.0,0.0,0.0,0.0,29.523393630981445,0.5,0.9589,0.0236,0.0095,0.0065,0.0013,0.041,0.0174,0.0078,97.9,98.8,99.1,99.2,99.2,99.6,4680.3759765625,'MORAGA CREEK',null,null,POINT (-122.132242 37.825708)
HighwayBridge,CA007455,null,null,null,null,D,0,0,5.0,null,0.321115106344223,11.395089149475098,0.7213207483291626,0.3060084879398346,0.0,0.0,0.0,0.0,0.0,29.523393630981445,0.5,0.8691,0.0947,0.0196,0.0124,0.004,0.1308,0.036,0.0164,94.6,97.5,98.3,98.4,98.5,99.1,7914.76416015625,'WALNUT CREEK',null,null,POINT (-122.059358 37.898422)
HighwayBridge,CA007456,null,null,null,null,D,0,0,5.0,null,0.321115106344223,11.395089149475098,0.7213207483291626,0.3060084879398346,0.0,0.0,0.0,0.0,0.0,29.523393630981445,0.5,0.9453,0.0303,0.0128,0.0092,0.0021,0.0546,0.0242,0.0113,97.2,98.3,98.8,98.9,98.9,99.4,4608.89453125,'LAS TRAMPAS CREEK',null,null,POINT (-122.059492 37.897472)
HighwayBridge,CA007457,null,null,null,null,D,0,0,5.0,null,0.321115106344223,11.395089149475098,0.7213207483291626,0.3060084879398346,0.0,0.0,0.0,0.0,0.0,29.523393630981445,0.5,0.9453,0.0303,0.0128,0.0092,0.0021,0.0546,0.0242,0.0113,97.2,98.3,98.8,98.9,98.9,99.4,4815.2626953125,'SAN RAMON CREEK',null,null,POINT (-122.058683 37.897728)
HighwayBridge,CA007458,null,null,null,null,D,0,0,5.0,null,0.2773539423942566,10.04581356048584,0.6278798580169678,0.26528066396713257,0.0,0.0,0.0,0.0,0.0,29.523393630981445,0.5,0.967,0.0194,0.0075,0.0049,0.0009,0.0329,0.0134,0.0059,98.3,99.0,99.3,99.4,99.4,99.7,1697.8883056640625,'PINOLE CREEK',null,null,POINT (-122.288222 37.999089)
HighwayBridge,CA025691,null,null,null,null,D,0,0,5.0,null,0.28153252601623535,15.143756866455078,0.7559497356414795,0.5084457993507385,0.0,0.0,0.0,0.0,0.0,29.523393630981445,0.5,0.1896,0.2844,0.1203,0.2254,0.1802,0.8103,0.5259,0.4056,44.9,55.6,60.4,61.5,63.2,75.6,2172065.0,'COUNTY RD & RR',null,null,POINT (-122.0313 38.044631)
HighwayBridge,CA025692,null,null,null,null,D,0,0,5.0,null,0.2734396457672119,14.547263145446777,0.7414925694465637,0.49189117550849915,0.0,0.0,0.0,0.0,0.0,29.523393630981445,0.5,0.7911,0.0902,0.0499,0.0492,0.0193,0.2088,0.1185,0.0685,87.5,91.2,93.1,93.5,93.8,96.4,21193.6953125,'BELLOMA SLOUGH',null,null,POINT (-122.0197 38.056981)
HighwayBridge,CA025693,null,null,null,null,D,0,0,5.0,null,0.2734396457672119,14.547263145446777,0.7414925694465637,0.49189117550849915,0.0,0.0,0.0,0.0,0.0,29.523393630981445,0.5,0.7911,0.0827,0.0523,0.0524,0.0211,0.2088,0.126,0.0736,87.0,90.6,92.6,93.0,93.4,96.1,23434.283203125,'CUNNINHAM SLOUGH',null,null,POINT (-122.016 38.05635)
HighwayBridge,CA025694,null,null,null,null,D,0,0,5.0,null,0.2734396457672119,14.547263145446777,0.7414925694465637,0.49189117550849915,0.0,0.0,0.0,0.0,0.0,29.523393630981445,0.5,0.7911,0.0902,0.0499,0.0492,0.0193,0.2088,0.1185,0.0685,87.5,91.2,93.1,93.5,93.8,96.4,29345.111328125,'CUNNINGHAM SLOUGH',null,null,POINT (-122.0016 38.053119)
HighwayBridge,CA025695,null,null,null,null,D,0,0,5.0,null,0.28153252601623535,15.143756866455078,0.7559497356414795,0.5084457993507385,0.0,0.0,0.0,0.0,0.0,29.523393630981445,0.5,0.775,0.0951,0.0536,0.054,0.0221,0.2249,0.1298,0.0761,86.4,90.3,92.4,92.8,93.2,96.0,13693.587890625,'SLOUGH',null,null,POINT (-122.049369 38.040611)
HighwayBridge,CA025696,null,null,null,null,D,0,0,5.0,null,0.2734396457672119,14.547263145446777,0.7414925694465637,0.49189117550849915,0.0,0.0,0.0,0.0,0.0,29.523393630981445,0.5,0.5108,0.2803,0.1188,0.0705,0.0193,0.4891,0.2088,0.0899,75.7,86.2,90.8,91.5,92.0,95.6,67681.8984375,'CONTRA COSTA CANAL',null,null,POINT (-121.98785 38.036089)
HighwayTunnel,CA000012,null,null,null,null,D,0,0,5.0,null,0.30598485469818115,10.546538352966309,0.6689594388008118,0.2805054187774658,0.0,0.0,0.0,0.0,0.0,29.523393630981445,0.5,0.7934,0.1226,0.0839,0.0,0.0,0.2065,0.0839,0.0,99.9,99.9,99.9,99.9,99.9,99.9,900909.5,CALDECOTT TUNNEL (BORE 1) EASTBOUND,null,null,POINT (-122.212658 37.85758)
HighwayTunnel,CA000013,null,null,null,null,D,0,0,5.0,null,0.30598485469818115,10.546538352966309,0.6689594388008118,0.2805054187774658,0.0,0.0,0.0,0.0,0.0,29.523393630981445,0.5,0.7934,0.1226,0.0839,0.0,0.0,0.2065,0.0839,0.0,99.9,99.9,99.9,99.9,99.9,99.9,839130.375,CALDECOTT TUNNEL (BORE 2) EASTBOUND,null,null,POINT (-122.212774 37.857589)
HighwayTunnel,CA000054,null,null,null,null,D,0,0,5.0,null,0.20771299302577972,6.336288928985596,0.387533575296402,0.13634732365608215,0.0,0.0,0.0,0.0,0.0,29.523393630981445,0.5,0.9284,0.0501,0.0214,0.0,0.0,0.0715,0.0214,0.0,99.9,99.9,99.9,99.9,99.9,99.9,61860.33203125,DORNAN DRIVE TUNNEL,null,null,POINT (-122.38505 37.92219)
HighwayTunnel,CA000100,null,null,null,null,D,0,0,5.0,null,0.2897186875343323,10.825994491577148,0.6819484233856201,0.2887684404850006,0.0,0.0,0.0,0.0,0.0,29.523393630981445,0.5,0.8184,0.1108,0.0707,0.0,0.0,0.1815,0.0707,0.0,99.9,99.9,99.9,99.9,99.9,99.9,194127.9375,Bay Point L&R Tunnel,null,null,POINT (-122.006278 38.012935)
HighwayTunnel,CA000101,null,null,null,null,D,0,0,5.0,null,0.2897186875343323,10.825994491577148,0.6819484233856201,0.2887684404850006,0.0,0.0,0.0,0.0,0.0,29.523393630981445,0.5,0.8184,0.1108,0.0707,0.0,0.0,0.1815,0.0707,0.0,99.9,99.9,99.9,99.9,99.9,99.9,189939.65625,Bay Point L&R Tunnel,null,null,POINT (-122.00645 38.012876)
LightRailBridge,CA000001,null,null,null,null,D,0,0,5.0,null,0.321115106344223,11.395089149475098,0.7213207483291626,0.3060084879398346,0.0,0.0,0.0,0.0,0.0,29.523393630981445,0.5,0.9453,0.0303,0.0128,0.0092,0.0021,0.0546,0.0242,0.0113,97.2,98.3,98.8,98.9,98.9,99.4,2331.557373046875,INTERSTATE 680,null,null,POINT (-122.07 37.9)
LightRailBridge,CA000002,null,null,null,null,D,0,0,5.0,null,0.321115106344223,11.395089149475098,0.7213207483291626,0.3060084879398346,0.0,0.0,0.0,0.0,0.0,29.523393630981445,0.5,0.9453,0.0303,0.0128,0.0092,0.0021,0.0546,0.0242,0.0113,97.2,98.3,98.8,98.9,98.9,99.4,2331.557373046875,INTERSTATE 680,null,null,POINT (-122.07 37.9)
LightRailBridge,CA000003,null,null,null,null,D,0,0,5.0,null,0.2801668047904968,10.005664825439453,0.6286258697509766,0.27086547017097473,0.0,0.0,0.0,0.0,0.0,29.523393630981445,0.5,0.9644,0.0207,0.0081,0.0054,0.0011,0.0355,0.0147,0.0065,98.2,98.9,99.3,99.3,99.4,99.6,302.8009948730469,SAN PABLO AVE,null,null,POINT (-122.32 37.93)
LightRailBridge,CA000004,null,null,null,null,D,0,0,5.0,null,0.28633642196655273,12.898520469665527,0.7165697813034058,0.3699047267436981,0.0,0.0,0.0,0.0,0.0,29.523393630981445,0.5,0.9007,0.0505,0.0237,0.0194,0.0055,0.0992,0.0487,0.0249,94.6,96.5,97.4,97.6,97.7,98.7,3020.264404296875,23RD ST,null,null,POINT (-122.34667 37.93167)
LightRailBridge,CA000005,null,null,null,null,D,0,0,5.0,null,0.30203935503959656,10.406497955322266,0.664941132068634,0.2777739465236664,0.0,0.0,0.0,0.0,0.0,29.523393630981445,0.5,0.961,0.0225,0.009,0.0061,0.0012,0.0389,0.0163,0.0073,98.0,98.8,99.2,99.2,99.3,99.6,408.3743896484375,ORINDA STA. - BART,null,null,POINT (-122.18389 37.87889)
LightRailBridge,CA000006,null,null,null,null,D,0,0,5.0,null,0.28633642196655273,12.898520469665527,0.7165697813034058,0.3699047267436981,0.0,0.0,0.0,0.0,0.0,29.523393630981445,0.5,0.9007,0.0505,0.0237,0.0194,0.0055,0.0992,0.0487,0.0249,94.6,96.5,97.4,97.6,97.7,98.7,1461.418212890625,BARRETT AVE,null,null,POINT (-122.35333 37.93833)
LightRailBridge,CA000007,null,null,null,null,D,0,0,5.0,null,0.28633642196655273,12.898520469665527,0.7165697813034058,0.3699047267436981,0.0,0.0,0.0,0.0,0.0,29.523393630981445,0.5,0.9007,0.0505,0.0237,0.0194,0.0055,0.0992,0.0487,0.0249,94.6,96.5,97.4,97.6,97.7,98.7,1461.418212890625,BARRETT AVE,null,null,POINT (-122.35333 37.93833)
LightRailBridge,CA000008,null,null,null,null,D,0,0,5.0,null,0.321115106344223,11.395089149475098,0.7213207483291626,0.3060084879398346,0.0,0.0,0.0,0.0,0.0,29.523393630981445,0.5,0.9453,0.0303,0.0128,0.0092,0.0021,0.0546,0.0242,0.0113,97.2,98.3,98.8,98.9,98.9,99.4,829.496337890625,NORTH CALIFORNIA B,null,null,POINT (-122.065 37.91167)
LightRailBridge,CA000009,null,null,null,null,D,0,0,5.0,null,0.29944267868995667,12.994046211242676,0.7356488108634949,0.3667662739753723,0.0,0.0,0.0,0.0,0.0,29.523393630981445,0.5,0.9031,0.0495,0.0231,0.0188,0.0052,0.0968,0.0472,0.0241,94.7,96.6,97.5,97.7,97.8,98.8,1733.2584228515625,BARTD,null,null,POINT (-122.29667 37.90167)
LightRailBridge,CA000010,null,null,null,null,D,0,0,5.0,null,0.29944267868995667,12.994046211242676,0.7356488108634949,0.3667662739753723,0.0,0.0,0.0,0.0,0.0,29.523393630981445,0.5,0.9031,0.0495,0.0231,0.0188,0.0052,0.0968,0.0472,0.0241,94.7,96.6,97.5,97.7,97.8,98.8,1171.1204833984375,CENTRAL AVE,null,null,POINT (-122.29833 37.90333)
LightRailBridge,CA000011,null,null,null,null,D,0,0,5.0,null,0.29944267868995667,12.994046211242676,0.7356488108634949,0.3667662739753723,0.0,0.0,0.0,0.0,0.0,29.523393630981445,0.5,0.9031,0.0495,0.0231,0.0188,0.0052,0.0968,0.0472,0.0241,94.7,96.6,97.5,97.7,97.8,98.8,1171.1204833984375,STOCKTON AVE,null,null,POINT (-122.30333 37.90833)
LightRailBridge,CA000012,null,null,null,null,D,0,0,5.0,null,0.29944267868995667,12.994046211242676,0.7356488108634949,0.3667662739753723,0.0,0.0,0.0,0.0,0.0,29.523393630981445,0.5,0.9031,0.0495,0.0231,0.0188,0.0052,0.0968,0.0472,0.0241,94.7,96.6,97.5,97.7,97.8,98.8,1171.1204833984375,MOESER LN,null,null,POINT (-122.305 37.91167)
LightRailBridge,CA000013,null,null,null,null,D,0,0,5.0,null,0.29944267868995667,12.994046211242676,0.7356488108634949,0.3667662739753723,0.0,0.0,0.0,0.0,0.0,29.523393630981445,0.5,0.9031,0.0495,0.0231,0.0188,0.0052,0.0968,0.0472,0.0241,94.7,96.6,97.5,97.7,97.8,98.8,1217.96533203125,MANILA AVE,null,null,POINT (-122.30833 37.91667)
LightRailBridge,CA000014,null,null,null,null,D,0,0,5.0,null,0.29944267868995667,12.994046211242676,0.7356488108634949,0.3667662739753723,0.0,0.0,0.0,0.0,0.0,29.523393630981445,0.5,0.9031,0.0495,0.0231,0.0188,0.0052,0.0968,0.0472,0.0241,94.7,96.6,97.5,97.7,97.8,98.8,1217.96533203125,POTRERO AVE,null,null,POINT (-122.31167 37.92167)
LightRailBridge,CA000015,null,null,null,null,D,0,0,5.0,null,0.29944267868995667,12.994046211242676,0.7356488108634949,0.3667662739753723,0.0,0.0,0.0,0.0,0.0,29.523393630981445,0.5,0.9031,0.0495,0.0231,0.0188,0.0052,0.0968,0.0472,0.0241,94.7,96.6,97.5,97.7,97.8,98.8,1171.1204833984375,HILL ST,null,null,POINT (-122.315 37.925)
LightRailBridge,CA000016,null,null,null,null,D,0,0,5.0,null,0.28633642196655273,12.898520469665527,0.7165697813034058,0.3699047267436981,0.0,0.0,0.0,0.0,0.0,29.523393630981445,0.5,0.9007,0.0505,0.0237,0.0194,0.0055,0.0992,0.0487,0.0249,94.6,96.5,97.4,97.6,97.7,98.7,1217.8485107421875,37TH ST,null,null,POINT (-122.335 37.93167)
LightRailBridge,CA000017,null,null,null,null,D,0,0,5.0,null,0.28633642196655273,12.898520469665527,0.7165697813034058,0.3699047267436981,0.0,0.0,0.0,0.0,0.0,29.523393630981445,0.5,0.9007,0.0505,0.0237,0.0194,0.0055,0.0992,0.0487,0.0249,94.6,96.5,97.4,97.6,97.7,98.7,1217.8485107421875,37TH ST,null,null,POINT (-122.335 37.93167)
LightRailBridge,CA000018,null,null,null,null,D,0,0,5.0,null,0.28633642196655273,12.898520469665527,0.7165697813034058,0.3699047267436981,0.0,0.0,0.0,0.0,0.0,29.523393630981445,0.5,0.9007,0.0505,0.0237,0.0194,0.0055,0.0992,0.0487,0.0249,94.6,96.5,97.4,97.6,97.7,98.7,1022.9927368164062,MACDONALD AVE,null,null,POINT (-122.35167 37.93667)
LightRailBridge,CA000019,null,null,null,null,D,0,0,5.0,null,0.28633642196655273,12.898520469665527,0.7165697813034058,0.3699047267436981,0.0,0.0,0.0,0.0,0.0,29.523393630981445,0.5,0.9007,0.0505,0.0237,0.0194,0.0055,0.0992,0.0487,0.0249,94.6,96.5,97.4,97.6,97.7,98.7,1558.8460693359375,MACDONALD AVE,null,null,POINT (-122.35167 37.93667)
LightRailBridge,CA000020,null,null,null,null,D,0,0,5.0,null,0.28633642196655273,12.898520469665527,0.7165697813034058,0.3699047267436981,0.0,0.0,0.0,0.0,0.0,29.523393630981445,0.5,0.9007,0.0505,0.0237,0.0194,0.0055,0.0992,0.0487,0.0249,94.6,96.5,97.4,97.6,97.7,98.7,1558.8460693359375,MACDONALD AVE,null,null,POINT (-122.35167 37.93667)
LightRailBridge,CA000021,null,null,null,null,D,0,0,5.0,null,0.321115106344223,11.395089149475098,0.7213207483291626,0.3060084879398346,0.0,0.0,0.0,0.0,0.0,29.523393630981445,0.5,0.9453,0.0303,0.0128,0.0092,0.0021,0.0546,0.0242,0.0113,97.2,98.3,98.8,98.9,98.9,99.4,896.7527465820312,OAKLAND BLVD,null,null,POINT (-122.06833 37.90167)
LightRailBridge,CA000022,null,null,null,null,D,0,0,5.0,null,0.321115106344223,11.395089149475098,0.7213207483291626,0.3060084879398346,0.0,0.0,0.0,0.0,0.0,29.523393630981445,0.5,0.9453,0.0303,0.0128,0.0092,0.0021,0.0546,0.0242,0.0113,97.2,98.3,98.8,98.9,98.9,99.4,650.145751953125,PARKSIDE ROAD,null,null,POINT (-122.065 37.91167)
LightRailBridge,CA000023,null,null,null,null,D,0,0,5.0,null,0.3249405324459076,14.086722373962402,0.800311267375946,0.42130327224731445,0.0,0.0,0.0,0.0,0.0,29.523393630981445,0.5,0.8574,0.0677,0.0343,0.0304,0.01,0.1425,0.0748,0.0405,91.9,94.6,95.9,96.1,96.4,97.9,3881.16748046875,TREAT BLVD,null,null,POINT (-122.05833 37.92667)
LightRailBridge,CA000024,null,null,null,null,D,0,0,5.0,null,0.3249405324459076,14.086722373962402,0.800311267375946,0.42130327224731445,0.0,0.0,0.0,0.0,0.0,29.523393630981445,0.5,0.8574,0.0677,0.0343,0.0304,0.01,0.1425,0.0748,0.0405,91.9,94.6,95.9,96.1,96.4,97.9,2059.39501953125,BANCROFT ROAD,null,null,POINT (-122.04667 37.93333)
LightRailBridge,CA000029,null,null,null,null,D,0,0,5.0,null,0.3249405324459076,14.086722373962402,0.800311267375946,0.42130327224731445,0.0,0.0,0.0,0.0,0.0,29.523393630981445,0.5,0.8574,0.0677,0.0343,0.0304,0.01,0.1425,0.0748,0.0405,91.9,94.6,95.9,96.1,96.4,97.9,2059.39501953125,OAK GROVE ROAD,null,null,POINT (-122.02833 37.94167)
LightRailBridge,CA000030,null,null,null,null,D,0,0,5.0,null,0.3249405324459076,14.086722373962402,0.800311267375946,0.42130327224731445,0.0,0.0,0.0,0.0,0.0,29.523393630981445,0.5,0.8574,0.0677,0.0343,0.0304,0.01,0.1425,0.0748,0.0405,91.9,94.6,95.9,96.1,96.4,97.9,2138.6025390625,COWELL ROAD,null,null,POINT (-122.03 37.96833)
LightRailFlty,CA000075,FALSE,0,DFLT,LC,D,0,0,5.0,null,0.2561769485473633,8.608607292175293,0.5629810690879822,0.21416859328746796,0.0,0.0,0.0,0.0,0.0,29.523393630981445,0.5,0.0894,0.6482,0.1867,0.0618,0.0136,0.9105,0.2622,0.0754,81.8,90.6,93.7,94.0,94.7,97.7,1156503.375,Pittsburg/Bay Point,PITTSBURG,CA,POINT (-121.944398 38.018917)
LightRailFlty,CA000402,FALSE,0,DFLT,LC,D,0,0,5.0,null,0.24465948343276978,9.492355346679688,0.5979543924331665,0.2650364935398102,0.0,0.0,0.0,0.0,0.0,29.523393630981445,0.5,0.1006,0.6581,0.1746,0.055,0.0115,0.8993,0.2412,0.0665,83.3,91.6,94.5,94.7,95.4,98.0,1091466.5,Pittsburg Center,PITTSBURG,CA,POINT (-121.867902 38.01201)
LightRailFlty,CA000403,FALSE,0,DFLT,LC,D,0,0,5.0,null,0.22777557373046875,8.881070137023926,0.5582232475280762,0.24961048364639282,0.0,0.0,0.0,0.0,0.0,29.523393630981445,0.5,0.1198,0.6696,0.1562,0.0455,0.0088,0.8801,0.2105,0.0543,85.5,92.9,95.5,95.7,96.2,98.4,997194.375,Antioch,ANTIOCH,CA,POINT (-121.799797 37.998156)
OilFlty,CA000013,FALSE,null,DFLT,LC,D,0,0,5.0,null,0.2675885558128357,11.3576021194458,0.6570038199424744,0.31031322479248047,0.0,0.0,0.0,0.0,0.0,29.523393630981445,0.5,0.1673,0.4082,0.3352,0.0803,0.0088,0.8326,0.4244,0.0891,48.2,68.5,76.1,88.2,95.5,99.5,15065.060546875,CHEVRON PRODUCTS COMPANY RICHMOND REFINE,RICHMOND,CA,POINT (-122.40825 37.95587)
OilFlty,CA000014,FALSE,null,DFLT,LC,D,0,0,5.0,null,0.2675885558128357,11.3576021194458,0.6570038199424744,0.31031322479248047,0.0,0.0,0.0,0.0,0.0,29.523393630981445,0.5,0.1673,0.4082,0.3352,0.0803,0.0088,0.8326,0.4244,0.0891,48.2,68.5,76.1,88.2,95.5,99.5,15065.060546875,CHEVRON RESEARCH COMPANY A DIVISION OF C,RICHMOND,CA,POINT (-122.38526 37.93001)
OilFlty,CA000017,FALSE,null,DFLT,LC,D,0,0,5.0,null,0.26466062664985657,14.063728332519531,0.7253606915473938,0.4776362478733063,0.0,0.0,0.0,0.0,0.0,29.523393630981445,0.5,0.1719,0.4107,0.331,0.0778,0.0084,0.828,0.4172,0.0862,48.7,69.0,76.5,88.5,95.6,99.6,14781.2705078125,CRITERION CATALYST COMPANY LIMITED PARTN,PITTSBURG,CA,POINT (-121.94337 38.02688)
OilFlty,CA000039,FALSE,null,DFLT,LC,D,0,0,5.0,null,0.2821619212627411,10.5068941116333,0.6519501805305481,0.2861925959587097,0.0,0.0,0.0,0.0,0.0,29.523393630981445,0.5,0.1461,0.3945,0.355,0.0932,0.011,0.8538,0.4593,0.1043,45.9,65.8,73.9,86.8,94.7,99.5,16507.609375,HERCULES L.L.C. DBA NEW PACIFIC PROPERTI,HERCULES,CA,POINT (-122.26693 38.02716)
OilFlty,CA000043,FALSE,null,DFLT,LC,D,0,0,5.0,null,0.2891490161418915,9.848416328430176,0.6430376172065735,0.2624647915363312,0.0,0.0,0.0,0.0,0.0,29.523393630981445,0.5,0.137,0.3874,0.3636,0.0997,0.0121,0.8629,0.4755,0.1118,44.8,64.5,72.8,86.1,94.3,99.4,17207.94140625,IT CORP BAKER FAC,MARTINEZ,CA,POINT (-122.07917 38.02167)
OilFlty,CA000063,FALSE,null,DFLT,LC,D,0,0,5.0,null,0.2891490161418915,9.848416328430176,0.6430376172065735,0.2624647915363312,0.0,0.0,0.0,0.0,0.0,29.523393630981445,0.5,0.137,0.3874,0.3636,0.0997,0.0121,0.8629,0.4755,0.1118,44.8,64.5,72.8,86.1,94.3,99.4,17207.94140625,SHELL MARTINEZ REFINING COMPANY,MARTINEZ,CA,POINT (-122.11639 38.01944)
OilFlty,CA000068,FALSE,null,DFLT,LC,D,0,0,5.0,null,0.2965981960296631,10.486924171447754,0.6718616485595703,0.28059494495391846,0.0,0.0,0.0,0.0,0.0,29.523393630981445,0.5,0.1279,0.3796,0.3722,0.1067,0.0134,0.872,0.4924,0.1201,43.8,63.2,71.7,85.4,93.9,99.4,17963.142578125,TOSCO CORP AMORCO WHARF,MARTINEZ,CA,POINT (-122.1723 37.9807)
OilFlty,CA000075,FALSE,null,DFLT,LC,D,0,0,5.0,null,0.2821619212627411,10.5068941116333,0.6519501805305481,0.2861925959587097,0.0,0.0,0.0,0.0,0.0,29.523393630981445,0.5,0.1461,0.3945,0.355,0.0932,0.011,0.8538,0.4593,0.1043,45.9,65.8,73.9,86.8,94.7,99.5,16507.609375,TOSCO SAN FRANCISCO AREA REFINERY AT ROD,RODEO,CA,POINT (-122.2471 38.04054)
OilFlty,CA000076,FALSE,null,DFLT,LC,D,0,0,5.0,null,0.28632470965385437,10.346205711364746,0.6519268751144409,0.2789539396762848,0.0,0.0,0.0,0.0,0.0,29.523393630981445,0.5,0.1406,0.3903,0.3602,0.0971,0.0116,0.8593,0.469,0.1087,45.2,65.0,73.2,86.4,94.5,99.4,16921.791015625,TOSCO SFAR CARBON PLANT,RODEO,CA,POINT (-122.23426 38.01221)
OilFlty,CA000077,FALSE,null,DFLT,LC,D,0,0,5.0,null,0.305047869682312,12.021832466125488,0.7280945777893066,0.32921820878982544,0.0,0.0,0.0,0.0,0.0,29.523393630981445,0.5,0.1183,0.3705,0.3813,0.1147,0.015,0.8816,0.511,0.1297,42.6,61.8,70.5,84.5,93.4,99.3,18825.720703125,ULTRAMAR INCORPORATED,MARTINEZ,CA,POINT (-122.0599 38.02109)
OilFlty,CA000082,FALSE,null,DFLT,LC,D,0,0,5.0,null,0.2888011634349823,15.714386940002441,0.7670409679412842,0.5222808122634888,0.0,0.0,0.0,0.0,0.0,29.523393630981445,0.5,0.1374,0.3878,0.3632,0.0993,0.012,0.8625,0.4747,0.1114,44.9,64.6,72.9,86.1,94.3,99.4,17163.1015625,WICKLAND OIL MARTINEZ,MARTINEZ,CA,POINT (-122.09754 38.0267)
PortFlty,CA000218,FALSE,0,DFLT,LC,D,0,0,5.0,null,0.21314780414104462,7.018670558929443,0.4316202700138092,0.15840302407741547,0.0,0.0,0.0,0.0,0.0,29.523393630981445,0.5,0.1398,0.6759,0.1395,0.0379,0.0067,0.8601,0.1842,0.0446,87.4,94.0,96.3,96.4,96.9,98.7,611458.0,CHEVRON PRODUCTS CO RICHMOND POINT OR...,Richmond,CA,POINT (-122.42833 37.955556)
PortFlty,CA000219,FALSE,0,DFLT,LC,D,0,0,5.0,null,0.21314780414104462,7.018670558929443,0.4316202700138092,0.15840302407741547,0.0,0.0,0.0,0.0,0.0,29.523393630981445,0.5,0.1398,0.6759,0.1395,0.0379,0.0067,0.8601,0.1842,0.0446,87.4,94.0,96.3,96.4,96.9,98.7,611458.0,"PAKTANK CORP., TERMINAL NO. 4 WHARF",Richmond,CA,POINT (-122.42944 37.963056)
PortFlty,CA000304,FALSE,0,DFLT,LC,D,0,0,5.0,null,0.20771299302577972,6.336288928985596,0.387533575296402,0.13634732365608215,0.0,0.0,0.0,0.0,0.0,29.523393630981445,0.5,0.1481,0.6772,0.1332,0.0352,0.0061,0.8518,0.1745,0.0413,88.0,94.4,96.6,96.7,97.1,98.8,591827.0,INDEPENDENT RENDERERS WHALING STATION...,RICHMOND,CA,POINT (-122.394341 37.907848)
PortFlty,CA000305,FALSE,0,DFLT,LC,D,0,0,5.0,null,0.20771299302577972,6.336288928985596,0.387533575296402,0.13634732365608215,0.0,0.0,0.0,0.0,0.0,29.523393630981445,0.5,0.1481,0.6772,0.1332,0.0352,0.0061,0.8518,0.1745,0.0413,88.0,94.4,96.6,96.7,97.1,98.8,591827.0,FISHERIES MOORING DOCK - ROH,RICHMOND,CA,POINT (-122.394341 37.907848)
PortFlty,CA000306,FALSE,0,DFLT,LC,D,0,0,5.0,null,0.20771299302577972,6.336288928985596,0.387533575296402,0.13634732365608215,0.0,0.0,0.0,0.0,0.0,29.523393630981445,0.5,0.1481,0.6772,0.1332,0.0352,0.0061,0.8518,0.1745,0.0413,88.0,94.4,96.6,96.7,97.1,98.8,591827.0,CHEVRON PRODUCTS CO RICHMOND LONG WHARF,RICHMOND,CA,POINT (-122.41083 37.92194)
PortFlty,CA000307,FALSE,0,DFLT,LC,D,0,0,5.0,null,0.20771299302577972,6.336288928985596,0.387533575296402,0.13634732365608215,0.0,0.0,0.0,0.0,0.0,29.523393630981445,0.5,0.1481,0.6772,0.1332,0.0352,0.0061,0.8518,0.1745,0.0413,88.0,94.4,96.6,96.7,97.1,98.8,591827.0,"CHEVRON PRODUCTS CO., RICHMOND LONG W...",Richmond,CA,POINT (-122.41083 37.921944)
PortFlty,CA000308,FALSE,0,DFLT,LC,D,0,0,5.0,null,0.20771299302577972,6.336288928985596,0.387533575296402,0.13634732365608215,0.0,0.0,0.0,0.0,0.0,29.523393630981445,0.5,0.1481,0.6772,0.1332,0.0352,0.0061,0.8518,0.1745,0.0413,88.0,94.4,96.6,96.7,97.1,98.8,591827.0,"Chevron Products Co., Richmond Long W...",Richmond,CA,POINT (-122.40833 37.921667)
PortFlty,CA000309,FALSE,0,DFLT,LC,D,0,0,5.0,null,0.20771299302577972,6.336288928985596,0.387533575296402,0.13634732365608215,0.0,0.0,0.0,0.0,0.0,29.523393630981445,0.5,0.1481,0.6772,0.1332,0.0352,0.0061,0.8518,0.1745,0.0413,88.0,94.4,96.6,96.7,97.1,98.8,591827.0,PORT OF RICHMOND TERMINAL NO 1 WHARF,Richmond,CA,POINT (-122.38694 37.908333)
PortFlty,CA000310,FALSE,0,DFLT,LC,D,0,0,5.0,null,0.24413135647773743,8.268756866455078,0.5125021934509277,0.19292740523815155,0.0,0.0,0.0,0.0,0.0,29.523393630981445,0.5,0.1011,0.6585,0.1741,0.0547,0.0114,0.8988,0.2402,0.0661,83.4,91.6,94.5,94.8,95.4,98.0,726728.1875,PORT OF RICHMOND POINT POTRERO MARINE...,Richmond,CA,POINT (-122.37305 37.905556)
PortFlty,CA000311,FALSE,0,DFLT,LC,D,0,0,5.0,null,0.24413135647773743,8.268756866455078,0.5125021934509277,0.19292740523815155,0.0,0.0,0.0,0.0,0.0,29.523393630981445,0.5,0.1011,0.6585,0.1741,0.0547,0.0114,0.8988,0.2402,0.0661,83.4,91.6,94.5,94.8,95.4,98.0,726728.1875,PORT OF RICHMOND POINT POTRERO MARINE...,Richmond,CA,POINT (-122.37166 37.905)
PortFlty,CA000312,FALSE,0,DFLT,LC,D,0,0,5.0,null,0.24413135647773743,8.268756866455078,0.5125021934509277,0.19292740523815155,0.0,0.0,0.0,0.0,0.0,29.523393630981445,0.5,0.1011,0.6585,0.1741,0.0547,0.0114,0.8988,0.2402,0.0661,83.4,91.6,94.5,94.8,95.4,98.0,726728.1875,PORT OF RICHMOND POINT POTRERO MARINE...,Richmond,CA,POINT (-122.36638 37.904722)
PortFlty,CA000313,FALSE,0,DFLT,LC,D,0,0,5.0,null,0.24413135647773743,8.268756866455078,0.5125021934509277,0.19292740523815155,0.0,0.0,0.0,0.0,0.0,29.523393630981445,0.5,0.1011,0.6585,0.1741,0.0547,0.0114,0.8988,0.2402,0.0661,83.4,91.6,94.5,94.8,95.4,98.0,726728.1875,PORT OF RICHMOND POINT POTRERO MARINE...,Richmond,CA,POINT (-122.36416 37.905)
PortFlty,CA000314,FALSE,0,DFLT,LC,D,0,0,5.0,null,0.24413135647773743,8.268756866455078,0.5125021934509277,0.19292740523815155,0.0,0.0,0.0,0.0,0.0,29.523393630981445,0.5,0.1011,0.6585,0.1741,0.0547,0.0114,0.8988,0.2402,0.0661,83.4,91.6,94.5,94.8,95.4,98.0,726728.1875,BP PRODUCTS NORTH AMERICA INC. RICHMO...,Richmond,CA,POINT (-122.36472 37.911944)
PortFlty,CA000315,FALSE,0,DFLT,LC,D,0,0,5.0,null,0.24413135647773743,8.268756866455078,0.5125021934509277,0.19292740523815155,0.0,0.0,0.0,0.0,0.0,29.523393630981445,0.5,0.1011,0.6585,0.1741,0.0547,0.0114,0.8988,0.2402,0.0661,83.4,91.6,94.5,94.8,95.4,98.0,726728.1875,PASHA SERVICES (AUTOS) TERMINAL NO. 7,Richmond,CA,POINT (-122.36388 37.9075)
PortFlty,CA000316,FALSE,0,DFLT,LC,D,0,0,5.0,null,0.24413135647773743,8.268756866455078,0.5125021934509277,0.19292740523815155,0.0,0.0,0.0,0.0,0.0,29.523393630981445,0.5,0.1011,0.6585,0.1741,0.0547,0.0114,0.8988,0.2402,0.0661,83.4,91.6,94.5,94.8,95.4,98.0,726728.1875,RED AND WHITE FLEET RICHMOND FERRY DOCK,Richmond,CA,POINT (-122.36 37.909444)
PortFlty,CA000317,FALSE,0,DFLT,LC,D,0,0,5.0,null,0.20771299302577972,6.336288928985596,0.387533575296402,0.13634732365608215,0.0,0.0,0.0,0.0,0.0,29.523393630981445,0.5,0.1481,0.6772,0.1332,0.0352,0.0061,0.8518,0.1745,0.0413,88.0,94.4,96.6,96.7,97.1,98.8,591827.0,RICHMOND BOAT WORKS WHARF,Richmond,CA,POINT (-122.37555 37.924444)
PortFlty,CA000318,FALSE,0,DFLT,LC,D,0,0,5.0,null,0.24413135647773743,8.268756866455078,0.5125021934509277,0.19292740523815155,0.0,0.0,0.0,0.0,0.0,29.523393630981445,0.5,0.1011,0.6585,0.1741,0.0547,0.0114,0.8988,0.2402,0.0661,83.4,91.6,94.5,94.8,95.4,98.0,726728.1875,CASTROL NORTH AMERICA RICHMOND WHARF,Richmond,CA,POINT (-122.37388 37.9225)
PortFlty,CA000319,FALSE,0,DFLT,LC,D,0,0,5.0,null,0.24413135647773743,8.268756866455078,0.5125021934509277,0.19292740523815155,0.0,0.0,0.0,0.0,0.0,29.523393630981445,0.5,0.1011,0.6585,0.1741,0.0547,0.0114,0.8988,0.2402,0.0661,83.4,91.6,94.5,94.8,95.4,98.0,726728.1875,KEEFE KAPLAN MARITIME WHARF,Richmond,CA,POINT (-122.37388 37.923889)
PortFlty,CA000320,FALSE,0,DFLT,LC,D,0,0,5.0,null,0.24413135647773743,8.268756866455078,0.5125021934509277,0.19292740523815155,0.0,0.0,0.0,0.0,0.0,29.523393630981445,0.5,0.1011,0.6585,0.1741,0.0547,0.0114,0.8988,0.2402,0.0661,83.4,91.6,94.5,94.8,95.4,98.0,726728.1875,RICHMOND CANAL INDUSTRIAL PARK (RCIP),RICHMOND,CA,POINT (-122.37152 37.91304)
PortFlty,CA000321,FALSE,0,DFLT,LC,D,0,0,5.0,null,0.24413135647773743,8.268756866455078,0.5125021934509277,0.19292740523815155,0.0,0.0,0.0,0.0,0.0,29.523393630981445,0.5,0.1011,0.6585,0.1741,0.0547,0.0114,0.8988,0.2402,0.0661,83.4,91.6,94.5,94.8,95.4,98.0,726728.1875,PT. RICHMOND,RICHMOND,CA,POINT (-122.37152 37.91304)
PortFlty,CA000322,FALSE,0,DFLT,LC,D,0,0,5.0,null,0.24413135647773743,8.268756866455078,0.5125021934509277,0.19292740523815155,0.0,0.0,0.0,0.0,0.0,29.523393630981445,0.5,0.1011,0.6585,0.1741,0.0547,0.0114,0.8988,0.2402,0.0661,83.4,91.6,94.5,94.8,95.4,98.0,726728.1875,QUARRY PRODUCTS - SAN RAFAEL,RICHMOND,CA,POINT (-122.37152 37.91304)
PortFlty,CA000323,FALSE,0,DFLT,LC,D,0,0,5.0,null,0.24413135647773743,8.268756866455078,0.5125021934509277,0.19292740523815155,0.0,0.0,0.0,0.0,0.0,29.523393630981445,0.5,0.1011,0.6585,0.1741,0.0547,0.0114,0.8988,0.2402,0.0661,83.4,91.6,94.5,94.8,95.4,98.0,726728.1875,RICHMOND ANCHOR LIGHT,RICHMOND,CA,POINT (-122.37152 37.91304)
PortFlty,CA000324,FALSE,0,DFLT,LC,D,0,0,5.0,null,0.24413135647773743,8.268756866455078,0.5125021934509277,0.19292740523815155,0.0,0.0,0.0,0.0,0.0,29.523393630981445,0.5,0.1011,0.6585,0.1741,0.0547,0.0114,0.8988,0.2402,0.0661,83.4,91.6,94.5,94.8,95.4,98.0,726728.1875,POINT SAN PABLO YACHT HARBOR - ROH,RICHMOND,CA,POINT (-122.37152 37.91304)
PortFlty,CA000325,FALSE,0,DFLT,LC,D,0,0,5.0,null,0.24413135647773743,8.268756866455078,0.5125021934509277,0.19292740523815155,0.0,0.0,0.0,0.0,0.0,29.523393630981445,0.5,0.1011,0.6585,0.1741,0.0547,0.0114,0.8988,0.2402,0.0661,83.4,91.6,94.5,94.8,95.4,98.0,726728.1875,NATIONAL GYPSUM CO RICHMOND DOCK,Richmond,CA,POINT (-122.36833 37.919444)
PortFlty,CA000326,FALSE,0,DFLT,LC,D,0,0,5.0,null,0.24413135647773743,8.268756866455078,0.5125021934509277,0.19292740523815155,0.0,0.0,0.0,0.0,0.0,29.523393630981445,0.5,0.1011,0.6585,0.1741,0.0547,0.0114,0.8988,0.2402,0.0661,83.4,91.6,94.5,94.8,95.4,98.0,726728.1875,CONOCO PHILLIPS RICHMOND TANKER WHARF,Richmond,CA,POINT (-122.36527 37.915)
PortFlty,CA000327,FALSE,0,DFLT,LC,D,0,0,5.0,null,0.24413135647773743,8.268756866455078,0.5125021934509277,0.19292740523815155,0.0,0.0,0.0,0.0,0.0,29.523393630981445,0.5,0.1011,0.6585,0.1741,0.0547,0.0114,0.8988,0.2402,0.0661,83.4,91.6,94.5,94.8,95.4,98.0,726728.1875,CONOCO PHILLIPS RICHMOND BARGE WHARF,Richmond,CA,POINT (-122.36555 37.916111)
PortFlty,CA000328,FALSE,0,DFLT,LC,D,0,0,5.0,null,0.24413135647773743,8.268756866455078,0.5125021934509277,0.19292740523815155,0.0,0.0,0.0,0.0,0.0,29.523393630981445,0.5,0.1011,0.6585,0.1741,0.0547,0.0114,0.8988,0.2402,0.0661,83.4,91.6,94.5,94.8,95.4,98.0,726728.1875,SHORE TERMINALS RICHMOND WHARF,Richmond,CA,POINT (-122.36416 37.918056)
PortFlty,CA000329,FALSE,0,DFLT,LC,D,0,0,5.0,null,0.24413135647773743,8.268756866455078,0.5125021934509277,0.19292740523815155,0.0,0.0,0.0,0.0,0.0,29.523393630981445,0.5,0.1011,0.6585,0.1741,0.0547,0.0114,0.8988,0.2402,0.0661,83.4,91.6,94.5,94.8,95.4,98.0,726728.1875,BAY SHIP & YACHT CO WHARF,Richmond,CA,POINT (-122.37194 37.923056)
PortFlty,CA000330,FALSE,0,DFLT,LC,D,0,0,5.0,null,0.24413135647773743,8.268756866455078,0.5125021934509277,0.19292740523815155,0.0,0.0,0.0,0.0,0.0,29.523393630981445,0.5,0.1011,0.6585,0.1741,0.0547,0.0114,0.8988,0.2402,0.0661,83.4,91.6,94.5,94.8,95.4,98.0,726728.1875,IMTT RICHMOND CA RICHMOND WHARF,Richmond,CA,POINT (-122.36916 37.921111)
PortFlty,CA000331,FALSE,0,DFLT,LC,D,0,0,5.0,null,0.24413135647773743,8.268756866455078,0.5125021934509277,0.19292740523815155,0.0,0.0,0.0,0.0,0.0,29.523393630981445,0.5,0.1011,0.6585,0.1741,0.0547,0.0114,0.8988,0.2402,0.0661,83.4,91.6,94.5,94.8,95.4,98.0,726728.1875,"Manson Construction Co., Richmond Wharf.",Richmond,CA,POINT (-122.3675 37.922778)
PortFlty,CA000332,FALSE,0,DFLT,LC,D,0,0,5.0,null,0.24413135647773743,8.268756866455078,0.5125021934509277,0.19292740523815155,0.0,0.0,0.0,0.0,0.0,29.523393630981445,0.5,0.1011,0.6585,0.1741,0.0547,0.0114,0.8988,0.2402,0.0661,83.4,91.6,94.5,94.8,95.4,98.0,726728.1875,LEVIN RICHMOND TERMINAL CORP RICHMOND...,Richmond,CA,POINT (-122.36694 37.921111)
PortFlty,CA000333,FALSE,0,DFLT,LC,D,0,0,5.0,null,0.24413135647773743,8.268756866455078,0.5125021934509277,0.19292740523815155,0.0,0.0,0.0,0.0,0.0,29.523393630981445,0.5,0.1011,0.6585,0.1741,0.0547,0.0114,0.8988,0.2402,0.0661,83.4,91.6,94.5,94.8,95.4,98.0,726728.1875,"Manson Construction Co., Richmond Moo...",Richmond,CA,POINT (-122.36722 37.924167)
PortFlty,CA000334,FALSE,0,DFLT,LC,D,0,0,5.0,null,0.24413135647773743,8.268756866455078,0.5125021934509277,0.19292740523815155,0.0,0.0,0.0,0.0,0.0,29.523393630981445,0.5,0.1011,0.6585,0.1741,0.0547,0.0114,0.8988,0.2402,0.0661,83.4,91.6,94.5,94.8,95.4,98.0,726728.1875,MANSON CONSTRUCTION CO RICHMOND WHARF,RICHMOND,CA,POINT (-122.36722 37.92417)
PortFlty,CA000335,FALSE,0,DFLT,LC,D,0,0,5.0,null,0.24413135647773743,8.268756866455078,0.5125021934509277,0.19292740523815155,0.0,0.0,0.0,0.0,0.0,29.523393630981445,0.5,0.1011,0.6585,0.1741,0.0547,0.0114,0.8988,0.2402,0.0661,83.4,91.6,94.5,94.8,95.4,98.0,726728.1875,"City of Richmond, Port of Richmond Te...",Richmond,CA,POINT (-122.36222 37.915278)
PortFlty,CA000336,FALSE,0,DFLT,LC,D,0,0,5.0,null,0.24413135647773743,8.268756866455078,0.5125021934509277,0.19292740523815155,0.0,0.0,0.0,0.0,0.0,29.523393630981445,0.5,0.1011,0.6585,0.1741,0.0547,0.0114,0.8988,0.2402,0.0661,83.4,91.6,94.5,94.8,95.4,98.0,726728.1875,"California Oils Corp., Port of Richmo...",Richmond,CA,POINT (-122.36222 37.916389)
PortFlty,CA000337,FALSE,0,DFLT,LC,D,0,0,5.0,null,0.24413135647773743,8.268756866455078,0.5125021934509277,0.19292740523815155,0.0,0.0,0.0,0.0,0.0,29.523393630981445,0.5,0.1011,0.6585,0.1741,0.0547,0.0114,0.8988,0.2402,0.0661,83.4,91.6,94.5,94.8,95.4,98.0,726728.1875,PORT OF RICHMOND TERMINAL NO 2,RICHMOND,CA,POINT (-122.36222 37.91639)
PortFlty,CA000338,FALSE,0,DFLT,LC,D,0,0,5.0,null,0.24413135647773743,8.268756866455078,0.5125021934509277,0.19292740523815155,0.0,0.0,0.0,0.0,0.0,29.523393630981445,0.5,0.1011,0.6585,0.1741,0.0547,0.0114,0.8988,0.2402,0.0661,83.4,91.6,94.5,94.8,95.4,98.0,726728.1875,STEVEDORING SERVICES OF AMERICA AT PO...,Richmond,CA,POINT (-122.36166 37.913056)
PortFlty,CA000357,FALSE,0,DFLT,LC,D,0,0,5.0,null,0.24531030654907227,8.015959739685059,0.49714407324790955,0.20353952050209045,0.0,0.0,0.0,0.0,0.0,29.523393630981445,0.5,0.0999,0.6576,0.1753,0.0554,0.0116,0.9,0.2424,0.067,83.2,91.5,94.4,94.7,95.3,98.0,731111.8125,RODEO  SAN PABLO BAY,RODEO,CA,POINT (-122.2998 38.04927)
PortFlty,CA000359,FALSE,0,DFLT,LC,D,0,0,5.0,null,0.2821619212627411,10.5068941116333,0.6519501805305481,0.2861925959587097,0.0,0.0,0.0,0.0,0.0,29.523393630981445,0.5,0.0691,0.6217,0.2119,0.0778,0.0193,0.9308,0.309,0.0971,78.3,88.4,92.0,92.3,93.2,96.9,870892.1875,CONOCO PHILLIPS - RODEO OIL REFINERY,Oleum,CA,POINT (-122.26166 38.056667)
PortFlty,CA000360,FALSE,0,DFLT,LC,D,0,0,5.0,null,0.2821619212627411,10.5068941116333,0.6519501805305481,0.2861925959587097,0.0,0.0,0.0,0.0,0.0,29.523393630981445,0.5,0.0691,0.6217,0.2119,0.0778,0.0193,0.9308,0.309,0.0971,78.3,88.4,92.0,92.3,93.2,96.9,870892.1875,"SHORE TERMINALS, SELBY MARINE TERMINA...",Selby,CA,POINT (-122.245 38.058056)
PortFlty,CA000361,FALSE,0,DFLT,LC,D,0,0,5.0,null,0.2821619212627411,10.5068941116333,0.6519501805305481,0.2861925959587097,0.0,0.0,0.0,0.0,0.0,29.523393630981445,0.5,0.0691,0.6217,0.2119,0.0778,0.0193,0.9308,0.309,0.0971,78.3,88.4,92.0,92.3,93.2,96.9,870892.1875,"Shore Terminals, Selby Marine Termina...",Selby,CA,POINT (-122.24111 38.059167)
PortFlty,CA000362,FALSE,0,DFLT,LC,D,0,0,5.0,null,0.2821619212627411,10.5068941116333,0.6519501805305481,0.2861925959587097,0.0,0.0,0.0,0.0,0.0,29.523393630981445,0.5,0.0691,0.6217,0.2119,0.0778,0.0193,0.9308,0.309,0.0971,78.3,88.4,92.0,92.3,93.2,96.9,870892.1875,"NUSTAR ENERGY, CROCKETT TERMINAL",RODEO,CA,POINT (-122.24111 38.05917)
PortFlty,CA000369,FALSE,0,DFLT,LC,D,0,0,5.0,null,0.283579558134079,10.185131072998047,0.6457984447479248,0.2739821970462799,0.0,0.0,0.0,0.0,0.0,29.523393630981445,0.5,0.0682,0.6201,0.2131,0.0787,0.0196,0.9317,0.3115,0.0983,78.2,88.3,91.8,92.2,93.1,96.9,876000.0625,CALIFORNIA AND HAWAIIAN SUGAR CO BERT...,Crockett,CA,POINT (-122.22027 38.057222)
PortFlty,CA000370,FALSE,0,DFLT,LC,D,0,0,5.0,null,0.30169162154197693,13.794893264770508,0.7588165998458862,0.40651267766952515,0.0,0.0,0.0,0.0,0.0,29.523393630981445,0.5,0.0573,0.5991,0.2288,0.0903,0.0242,0.9426,0.3434,0.1146,75.8,86.7,90.5,90.9,92.0,96.3,944842.0,BENICIA JENSEN & REYNOLDS CONST DOCK,MARTINEZ,CA,POINT (-122.164478 38.033281)
PortFlty,CA000371,FALSE,0,DFLT,LC,D,0,0,5.0,null,0.30169162154197693,13.794893264770508,0.7588165998458862,0.40651267766952515,0.0,0.0,0.0,0.0,0.0,29.523393630981445,0.5,0.0573,0.5991,0.2288,0.0903,0.0242,0.9426,0.3434,0.1146,75.8,86.7,90.5,90.9,92.0,96.3,944842.0,DEFENSE FUEL SUPPLY CENTER OZOL WHARF,Ozol,CA,POINT (-122.16111 38.028611)
PortFlty,CA000377,FALSE,0,DFLT,LC,D,0,0,5.0,null,0.30169162154197693,13.794893264770508,0.7588165998458862,0.40651267766952515,0.0,0.0,0.0,0.0,0.0,29.523393630981445,0.5,0.0573,0.5991,0.2288,0.0903,0.0242,0.9426,0.3434,0.1146,75.8,86.7,90.5,90.9,92.0,96.3,944842.0,MARTINEZ MARINA MUNICIPAL PIER,Martinez,CA,POINT (-122.13944 38.0275)
PortFlty,CA000379,FALSE,0,DFLT,LC,D,0,0,5.0,null,0.30169162154197693,13.794893264770508,0.7588165998458862,0.40651267766952515,0.0,0.0,0.0,0.0,0.0,29.523393630981445,0.5,0.0573,0.5991,0.2288,0.0903,0.0242,0.9426,0.3434,0.1146,75.8,86.7,90.5,90.9,92.0,96.3,944842.0,MARTINEZ REFINING CO MARTINEZ REFINER...,Martinez,CA,POINT (-122.13166 38.031389)
PortFlty,CA000381,FALSE,0,DFLT,LC,D,0,0,5.0,null,0.2888011634349823,15.714386940002441,0.7670409679412842,0.5222808122634888,0.0,0.0,0.0,0.0,0.0,29.523393630981445,0.5,0.0648,0.6142,0.2178,0.082,0.0209,0.9351,0.3208,0.1029,77.5,87.8,91.5,91.8,92.8,96.7,895936.0625,"Tosco Refining Co., San Francisco Are...",Martinez,CA,POINT (-122.12388 38.035)
PortFlty,CA000382,FALSE,0,DFLT,LC,D,0,0,5.0,null,0.2888011634349823,15.714386940002441,0.7670409679412842,0.5222808122634888,0.0,0.0,0.0,0.0,0.0,29.523393630981445,0.5,0.0648,0.6142,0.2178,0.082,0.0209,0.9351,0.3208,0.1029,77.5,87.8,91.5,91.8,92.8,96.7,895936.0625,"TOSCO REFINING CO., SAN FRANCISCO ARE...",Martinez,CA,POINT (-122.12333 38.035556)
PortFlty,CA000383,FALSE,0,DFLT,LC,D,0,0,5.0,null,0.2888011634349823,15.714386940002441,0.7670409679412842,0.5222808122634888,0.0,0.0,0.0,0.0,0.0,29.523393630981445,0.5,0.0648,0.6142,0.2178,0.082,0.0209,0.9351,0.3208,0.1029,77.5,87.8,91.5,91.8,92.8,96.7,895936.0625,TOSCO REFINING CO SAN FRANCISCO AREA ...,MARTINEZ,CA,POINT (-122.12333 38.03556)
PortFlty,CA000384,FALSE,0,DFLT,LC,D,0,0,5.0,null,0.2888011634349823,15.714386940002441,0.7670409679412842,0.5222808122634888,0.0,0.0,0.0,0.0,0.0,29.523393630981445,0.5,0.0648,0.6142,0.2178,0.082,0.0209,0.9351,0.3208,0.1029,77.5,87.8,91.5,91.8,92.8,96.7,895936.0625,PACIFIC ATLANTIC TERMINALS,Martinez,CA,POINT (-122.10111 38.045556)
PortFlty,CA000387,FALSE,0,DFLT,LC,D,0,0,5.0,null,0.2888011634349823,15.714386940002441,0.7670409679412842,0.5222808122634888,0.0,0.0,0.0,0.0,0.0,29.523393630981445,0.5,0.0648,0.6142,0.2178,0.082,0.0209,0.9351,0.3208,0.1029,77.5,87.8,91.5,91.8,92.8,96.7,895936.0625,TESORO REFINING AT AVON,MARTINEZ,CA,POINT (-122.09222 38.04833)
PortFlty,CA000388,FALSE,0,DFLT,LC,D,0,0,5.0,null,0.2888011634349823,15.714386940002441,0.7670409679412842,0.5222808122634888,0.0,0.0,0.0,0.0,0.0,29.523393630981445,0.5,0.0648,0.6142,0.2178,0.082,0.0209,0.9351,0.3208,0.1029,77.5,87.8,91.5,91.8,92.8,96.7,895936.0625,"Tosco Refining Co., San Francisco Are...",Avon,CA,POINT (-122.09222 38.048333)
PortFlty,CA000389,FALSE,0,DFLT,LC,D,0,0,5.0,null,0.2888011634349823,15.714386940002441,0.7670409679412842,0.5222808122634888,0.0,0.0,0.0,0.0,0.0,29.523393630981445,0.5,0.0648,0.6142,0.2178,0.082,0.0209,0.9351,0.3208,0.1029,77.5,87.8,91.5,91.8,92.8,96.7,895936.0625,"Tosco Refining Co., San Francisco Are...",Avon,CA,POINT (-122.09222 38.048611)
PortFlty,CA000395,FALSE,0,DFLT,LC,D,0,0,5.0,null,0.2734396457672119,14.547263145446777,0.7414925694465637,0.49189117550849915,0.0,0.0,0.0,0.0,0.0,29.523393630981445,0.5,0.0753,0.6312,0.2037,0.0723,0.0173,0.9246,0.2934,0.0896,79.5,89.2,92.6,92.9,93.7,97.2,837614.8125,SAND ROSE (FOSS MARITIME),CONCORD,CA,POINT (-121.99909 38.06009)
PortFlty,CA000396,FALSE,0,DFLT,LC,D,0,0,5.0,null,0.26466062664985657,14.063728332519531,0.7253606915473938,0.4776362478733063,0.0,0.0,0.0,0.0,0.0,29.523393630981445,0.5,0.0822,0.6402,0.1952,0.0669,0.0154,0.9177,0.2775,0.0823,80.7,89.9,93.2,93.5,94.3,97.5,804375.5,CHIPPS ISLAND,PITTSBURG,CA,POINT (-121.967676 38.058459)
PortFlty,CA000398,FALSE,0,DFLT,LC,D,0,0,5.0,null,0.25543802976608276,13.52338695526123,0.7071109414100647,0.45895054936408997,0.0,0.0,0.0,0.0,0.0,29.523393630981445,0.5,0.0901,0.6489,0.1859,0.0613,0.0135,0.9098,0.2608,0.0749,81.9,90.7,93.8,94.1,94.8,97.7,769192.1875,PACIFIC GAS & ELECTRIC CO DELTA POWER...,Pittsburg,CA,POINT (-121.88666 38.041389)
PortFlty,CA000399,FALSE,0,DFLT,LC,D,0,0,5.0,null,0.24450528621673584,12.875670433044434,0.6858428120613098,0.43737316131591797,0.0,0.0,0.0,0.0,0.0,29.523393630981445,0.5,0.1007,0.6582,0.1745,0.0549,0.0115,0.8992,0.2409,0.0664,83.3,91.6,94.5,94.7,95.4,98.0,728214.875,"BAY AREA BULK TERMINAL, PITTSBURG",Pittsburg,CA,POINT (-121.87399 38.031303)
PortFlty,CA000400,FALSE,0,DFLT,LC,D,0,0,5.0,null,0.25543802976608276,13.52338695526123,0.7071109414100647,0.45895054936408997,0.0,0.0,0.0,0.0,0.0,29.523393630981445,0.5,0.0901,0.6489,0.1859,0.0613,0.0135,0.9098,0.2608,0.0749,81.9,90.7,93.8,94.1,94.8,97.7,769192.1875,DIABLO SERVICE CORP PITTSBURG WHARF,Pittsburg,CA,POINT (-121.87638 38.034444)
PortFlty,CA000401,FALSE,0,DFLT,LC,D,0,0,5.0,null,0.25543802976608276,13.52338695526123,0.7071109414100647,0.45895054936408997,0.0,0.0,0.0,0.0,0.0,29.523393630981445,0.5,0.0901,0.6489,0.1859,0.0613,0.0135,0.9098,0.2608,0.0749,81.9,90.7,93.8,94.1,94.8,97.7,769192.1875,PITTSBURGH CALIF,PITTSBURG,CA,POINT (-121.880549 38.037877)
PortFlty,CA000403,FALSE,0,DFLT,LC,D,0,0,5.0,null,0.24450528621673584,12.875670433044434,0.6858428120613098,0.43737316131591797,0.0,0.0,0.0,0.0,0.0,29.523393630981445,0.5,0.1007,0.6582,0.1745,0.0549,0.0115,0.8992,0.2409,0.0664,83.3,91.6,94.5,94.7,95.4,98.0,728214.875,USS - POSCO INDUSTRIES PITTSBURG WHARF,PITTSBURG,CA,POINT (-121.86056 38.03083)
PortFlty,CA000404,FALSE,0,DFLT,LC,D,0,0,5.0,null,0.24450528621673584,12.875670433044434,0.6858428120613098,0.43737316131591797,0.0,0.0,0.0,0.0,0.0,29.523393630981445,0.5,0.1007,0.6582,0.1745,0.0549,0.0115,0.8992,0.2409,0.0664,83.3,91.6,94.5,94.7,95.4,98.0,728214.875,"USS-POSCO INDUSTRIES, PITTSBURG WHARF",Pittsburg,CA,POINT (-121.86055 38.030833)
PortFlty,CA000405,FALSE,0,DFLT,LC,D,0,0,5.0,null,0.24450528621673584,12.875670433044434,0.6858428120613098,0.43737316131591797,0.0,0.0,0.0,0.0,0.0,29.523393630981445,0.5,0.1007,0.6582,0.1745,0.0549,0.0115,0.8992,0.2409,0.0664,83.3,91.6,94.5,94.7,95.4,98.0,728214.875,"USS-Posco Industries, Pittsburg Dock.",Pittsburg,CA,POINT (-121.85916 38.030278)
PortFlty,CA000406,FALSE,0,DFLT,LC,D,0,0,5.0,null,0.24450528621673584,12.875670433044434,0.6858428120613098,0.43737316131591797,0.0,0.0,0.0,0.0,0.0,29.523393630981445,0.5,0.1007,0.6582,0.1745,0.0549,0.0115,0.8992,0.2409,0.0664,83.3,91.6,94.5,94.7,95.4,98.0,728214.875,DOW CHEMICAL CO PITTSBURG PLANT WHARF,Pittsburg,CA,POINT (-121.849292 38.028526)
PortFlty,CA000407,FALSE,0,DFLT,LC,D,0,0,5.0,null,0.24450528621673584,12.875670433044434,0.6858428120613098,0.43737316131591797,0.0,0.0,0.0,0.0,0.0,29.523393630981445,0.5,0.1007,0.6582,0.1745,0.0549,0.0115,0.8992,0.2409,0.0664,83.3,91.6,94.5,94.7,95.4,98.0,728214.875,BROAD SLOUGH,PITTSBURG,CA,POINT (-121.848179 38.029666)
PortFlty,CA000411,FALSE,0,DFLT,LC,D,0,0,5.0,null,0.22777557373046875,8.881070137023926,0.5582232475280762,0.24961048364639282,0.0,0.0,0.0,0.0,0.0,29.523393630981445,0.5,0.1198,0.6696,0.1562,0.0455,0.0088,0.8801,0.2105,0.0543,85.5,92.9,95.5,95.7,96.2,98.4,665700.5625,ANTIOCH HARBOR,ANTIOCH,CA,POINT (-121.816998 38.021349)
PortFlty,CA000412,FALSE,0,DFLT,LC,D,0,0,5.0,null,0.22777557373046875,8.881070137023926,0.5582232475280762,0.24961048364639282,0.0,0.0,0.0,0.0,0.0,29.523393630981445,0.5,0.1198,0.6696,0.1562,0.0455,0.0088,0.8801,0.2105,0.0543,85.5,92.9,95.5,95.7,96.2,98.4,665700.5625,FULTON SHIPYARD PIER,Antioch,CA,POINT (-121.80083 38.0175)
PortFlty,CA000421,FALSE,0,DFLT,LC,D,0,0,5.0,null,0.22777557373046875,8.881070137023926,0.5582232475280762,0.24961048364639282,0.0,0.0,0.0,0.0,0.0,29.523393630981445,0.5,0.1198,0.6696,0.1562,0.0455,0.0088,0.8801,0.2105,0.0543,85.5,92.9,95.5,95.7,96.2,98.4,665700.5625,GEORGIA-PACIFIC CORP ANTIOCH PLANT WHARF,Antioch,CA,POINT (-121.78583 38.015833)
PortFlty,CA000425,FALSE,0,DFLT,LC,D,0,0,5.0,null,0.21277272701263428,8.365218162536621,0.5231019258499146,0.23649340867996216,0.0,0.0,0.0,0.0,0.0,29.523393630981445,0.5,0.1403,0.676,0.1391,0.0377,0.0067,0.8596,0.1835,0.0444,87.4,94.0,96.3,96.5,96.9,98.7,610276.375,KIE-CON INC,ANTIOCH,CA,POINT (-121.76492 38.02276)
PortFlty,CA000426,FALSE,0,DFLT,LC,D,0,0,5.0,null,0.21277272701263428,8.365218162536621,0.5231019258499146,0.23649340867996216,0.0,0.0,0.0,0.0,0.0,29.523393630981445,0.5,0.1403,0.676,0.1391,0.0377,0.0067,0.8596,0.1835,0.0444,87.4,94.0,96.3,96.5,96.9,98.7,610276.375,BIG BREAK HARBOR,ANTIOCH,CA,POINT (-121.76492 38.02276)
PortFlty,CA000427,FALSE,0,DFLT,LC,D,0,0,5.0,null,0.21277272701263428,8.365218162536621,0.5231019258499146,0.23649340867996216,0.0,0.0,0.0,0.0,0.0,29.523393630981445,0.5,0.1403,0.676,0.1391,0.0377,0.0067,0.8596,0.1835,0.0444,87.4,94.0,96.3,96.5,96.9,98.7,610276.375,PACIFIC GAS & ELECTRIC CO CONTRA COST...,Antioch,CA,POINT (-121.76333 38.02)
PortFlty,CA000429,FALSE,0,DFLT,LC,D,0,0,5.0,null,0.2105809450149536,10.867831230163574,0.608269453048706,0.3752506673336029,0.0,0.0,0.0,0.0,0.0,29.523393630981445,0.5,0.1436,0.6766,0.1366,0.0366,0.0064,0.8563,0.1796,0.043,87.7,94.2,96.4,96.6,97.0,98.7,602195.25,JERSEY ISLAND,BETHEL ISLAND,CA,POINT (-121.71654 38.03724)
PortFlty,CA000436,FALSE,0,DFLT,LC,D,0,0,5.0,null,0.2105809450149536,10.867831230163574,0.608269453048706,0.3752506673336029,0.0,0.0,0.0,0.0,0.0,29.523393630981445,0.5,0.1436,0.6766,0.1366,0.0366,0.0064,0.8563,0.1796,0.043,87.7,94.2,96.4,96.6,97.0,98.7,602195.25,BRADFORD 4 LDG,BETHEL ISLAND,CA,POINT (-121.68963 38.05464)
PortFlty,CA000437,FALSE,0,DFLT,LC,D,0,0,5.0,null,0.2105809450149536,10.867831230163574,0.608269453048706,0.3752506673336029,0.0,0.0,0.0,0.0,0.0,29.523393630981445,0.5,0.1436,0.6766,0.1366,0.0366,0.0064,0.8563,0.1796,0.043,87.7,94.2,96.4,96.6,97.0,98.7,602195.25,SHERMAN ISLAND LANDING,BETHEL ISLAND,CA,POINT (-121.6784 38.06516)
PortFlty,CA000676,FALSE,0,DFLT,LC,D,0,0,5.0,null,0.1811569631099701,7.833191394805908,0.47749584913253784,0.23718364536762238,0.0,0.0,0.0,0.0,0.0,29.523393630981445,0.5,0.1979,0.6731,0.1021,0.0232,0.0034,0.802,0.1289,0.0267,91.2,96.1,97.7,97.9,98.1,99.2,495959.09375,HOLLAND CUT,BRENTWOOD,CA,POINT (-121.580448 37.991772)
PortFlty,CA000677,FALSE,0,DFLT,LC,D,0,0,5.0,null,0.1946682631969452,9.948600769042969,0.5664122104644775,0.34615376591682434,0.0,0.0,0.0,0.0,0.0,29.523393630981445,0.5,0.1706,0.6775,0.118,0.029,0.0046,0.8293,0.1517,0.0337,89.6,95.2,97.2,97.3,97.6,99.0,544140.875,ORWOOD TRACT,BRENTWOOD,CA,POINT (-121.563975 37.943362)
PortFlty,CA000690,FALSE,0,DFLT,LC,D,0,0,5.0,null,0.1934071034193039,10.013659477233887,0.5639967322349548,0.34930551052093506,0.0,0.0,0.0,0.0,0.0,29.523393630981445,0.5,0.173,0.6773,0.1165,0.0285,0.0045,0.8269,0.1496,0.033,89.8,95.3,97.2,97.4,97.7,99.0,539871.5625,BRANNAN ISLAND,BETHEL ISLAND,CA,POINT (-121.629626 38.08996)
PotableWaterFlty,CA000009,FALSE,null,DFLT,LC,D,0,0,5.0,null,0.305047869682312,12.021832466125488,0.7280945777893066,0.32921820878982544,0.0,0.0,0.0,0.0,0.0,29.523393630981445,0.5,0.1183,0.3705,0.3813,0.1147,0.015,0.8816,0.511,0.1297,45.7,82.2,89.5,90.3,92.6,98.8,6268965.0,CONTRA COSTA COUNTY WATER DIST,MARTINEZ,CA,POINT (-122.07169 38.01139)
PotableWaterFlty,CA000019,FALSE,null,DFLT,LC,D,0,0,5.0,null,0.30203935503959656,10.406497955322266,0.664941132068634,0.2777739465236664,0.0,0.0,0.0,0.0,0.0,29.523393630981445,0.5,0.1216,0.3737,0.3781,0.1118,0.0144,0.8783,0.5045,0.1263,46.1,82.6,89.8,90.6,92.8,98.8,6164443.0,E B M U D ORINDA WATER TRTMNT PLANT,ORINDA,CA,POINT (-122.19917 37.89092)
PotableWaterFlty,CA000023,FALSE,null,DFLT,LC,D,0,0,5.0,null,0.2900336682796478,10.24950885772705,0.6505684852600098,0.2773606777191162,0.0,0.0,0.0,0.0,0.0,29.523393630981445,0.5,0.1358,0.3865,0.3647,0.1005,0.0123,0.8641,0.4775,0.1128,47.9,83.9,90.9,91.6,93.6,99.0,5761679.5,EAST BAY MUNICIPAL UTILITY DIS,EL SOBRANTE,CA,POINT (-122.27469 37.96647)
PotableWaterFlty,CA000024,FALSE,null,DFLT,LC,D,0,0,5.0,null,0.311388224363327,10.946950912475586,0.6955714821815491,0.293448805809021,0.0,0.0,0.0,0.0,0.0,29.523393630981445,0.5,0.1117,0.3635,0.3875,0.1209,0.0162,0.8882,0.5247,0.1371,44.9,81.5,88.9,89.8,92.2,98.7,6485082.0,EAST BAY MUNICIPAL UTILITY DIS,LAFAYETTE,CA,POINT (-122.14075 37.88928)
PotableWaterFlty,CA000025,FALSE,null,DFLT,LC,D,0,0,5.0,null,0.32553109526634216,12.258646011352539,0.7515487670898438,0.33662161231040955,0.0,0.0,0.0,0.0,0.0,29.523393630981445,0.5,0.0982,0.3475,0.4,0.1348,0.0192,0.9017,0.5541,0.154,43.0,79.8,87.5,88.5,91.2,98.5,6972917.0,EAST BAY MUNICIPAL UTILITY DIS,WALNUT CREEK,CA,POINT (-122.08147 37.91223)
PotableWaterFlty,CA000052,FALSE,null,DFLT,LC,D,0,0,5.0,null,0.30203935503959656,10.406497955322266,0.664941132068634,0.2777739465236664,0.0,0.0,0.0,0.0,0.0,29.523393630981445,0.5,0.1216,0.3737,0.3781,0.1118,0.0144,0.8783,0.5045,0.1263,46.1,82.6,89.8,90.6,92.8,98.8,6164443.0,ORINDA WATERSHED HDQUARTERS,ORINDA,CA,POINT (-122.20458 37.89289)
RailFlty,CA000003,FALSE,0,DFLT,LC,D,0,0,5.0,null,0.2965981960296631,10.486924171447754,0.6718616485595703,0.28059494495391846,0.0,0.0,0.0,0.0,0.0,29.523393630981445,0.5,0.0601,0.6052,0.2246,0.087,0.0229,0.9398,0.3345,0.1099,76.4,87.1,90.9,91.3,92.3,96.5,646736.1875,"Martinez, California",Martinez,CA,POINT (-122.136353 38.019733)
RailFlty,CA000046,FALSE,0,DFLT,LC,D,0,0,5.0,null,0.22777557373046875,8.881070137023926,0.5582232475280762,0.24961048364639282,0.0,0.0,0.0,0.0,0.0,29.523393630981445,0.5,0.1198,0.6696,0.1562,0.0455,0.0088,0.8801,0.2105,0.0543,85.5,92.9,95.5,95.7,96.2,98.4,465066.3125,"Antioch-Pittsburg, California",Antioch,CA,POINT (-121.815132 38.018085)
RailFlty,CA000069,FALSE,0,DFLT,LC,D,0,0,5.0,null,0.28633642196655273,12.898520469665527,0.7165697813034058,0.3699047267436981,0.0,0.0,0.0,0.0,0.0,29.523393630981445,0.5,0.0664,0.617,0.2156,0.0804,0.0203,0.9335,0.3164,0.1007,77.8,88.0,91.6,92.0,92.9,96.8,619307.25,"Richmond, California",Richmond,CA,POINT (-122.35305 37.936085)
RailFlty,CA000088,FALSE,0,DFLT,LC,D,0,0,5.0,null,0.20771299302577972,6.336288928985596,0.387533575296402,0.13634732365608215,0.0,0.0,0.0,0.0,0.0,29.523393630981445,0.5,0.1481,0.6772,0.1332,0.0352,0.0061,0.8518,0.1745,0.0413,88.0,94.4,96.6,96.7,97.1,98.8,413457.40625,BNSF-RICHMOND-CA,RICHMOND,CA,POINT (-122.38609 37.92024)
RailFlty,CA000128,FALSE,0,DFLT,LC,D,0,0,5.0,null,0.24413135647773743,8.268756866455078,0.5125021934509277,0.19292740523815155,0.0,0.0,0.0,0.0,0.0,29.523393630981445,0.5,0.1011,0.6585,0.1741,0.0547,0.0114,0.8988,0.2402,0.0661,83.4,91.6,94.5,94.8,95.4,98.0,507700.96875,"KINDER MORGAN ENERGY PARTNERS, L.P.-RICH",RICHMOND,CA,POINT (-122.36675 37.91135)
RailFlty,CA000150,FALSE,0,DFLT,LC,D,0,0,5.0,null,0.2675885558128357,11.3576021194458,0.6570038199424744,0.31031322479248047,0.0,0.0,0.0,0.0,0.0,29.523393630981445,0.5,0.0798,0.6372,0.1981,0.0687,0.016,0.9201,0.2828,0.0847,80.3,89.7,93.0,93.3,94.1,97.4,569669.0,PAKTANK - RICHMOND TERMINAL-RICHMOND-CA,RICHMOND,CA,POINT (-122.41675 37.95074)
RailFlty,CA000151,FALSE,0,DFLT,LC,D,0,0,5.0,null,0.24413135647773743,8.268756866455078,0.5125021934509277,0.19292740523815155,0.0,0.0,0.0,0.0,0.0,29.523393630981445,0.5,0.1011,0.6585,0.1741,0.0547,0.0114,0.8988,0.2402,0.0661,83.4,91.6,94.5,94.8,95.4,98.0,507700.96875,LEVIN RICHMOND TERMINAL CORPORATION-RICH,RICHMOND,CA,POINT (-122.36599 37.92124)
RailFlty,CA000152,FALSE,0,DFLT,LC,D,0,0,5.0,null,0.22777557373046875,8.881070137023926,0.5582232475280762,0.24961048364639282,0.0,0.0,0.0,0.0,0.0,29.523393630981445,0.5,0.1198,0.6696,0.1562,0.0455,0.0088,0.8801,0.2105,0.0543,85.5,92.9,95.5,95.7,96.2,98.4,465066.3125,ANTIOCH RAIL AND TRANSLOADING-ANTIOCH-CA,ANTIOCH,CA,POINT (-121.81385 38.01689)
RailFlty,CA000198,FALSE,0,DFLT,LC,D,0,0,5.0,null,0.28633642196655273,12.898520469665527,0.7165697813034058,0.3699047267436981,0.0,0.0,0.0,0.0,0.0,29.523393630981445,0.5,0.0664,0.617,0.2156,0.0804,0.0203,0.9335,0.3164,0.1007,77.8,88.0,91.6,92.0,92.9,96.8,619307.25,"BUDWAY ENTERPRISES, INC.-RICHMOND-CA",RICHMOND,CA,POINT (-122.35952 37.95477)
RailFlty,CA000199,FALSE,0,DFLT,LC,D,0,0,5.0,null,0.28633642196655273,12.898520469665527,0.7165697813034058,0.3699047267436981,0.0,0.0,0.0,0.0,0.0,29.523393630981445,0.5,0.0664,0.617,0.2156,0.0804,0.0203,0.9335,0.3164,0.1007,77.8,88.0,91.6,92.0,92.9,96.8,619307.25,"WESTERN INTERMODAL SERVICES, LTD.-RICHMO",RICHMOND,CA,POINT (-122.35534 37.97193)
RailwayBridge,CA000042,null,null,null,null,D,0,0,5.0,null,0.29944267868995667,12.994046211242676,0.7356488108634949,0.3667662739753723,0.0,0.0,0.0,0.0,0.0,29.523393630981445,0.5,0.9031,0.0495,0.0231,0.0188,0.0052,0.0968,0.0472,0.0241,94.7,96.6,97.5,97.7,97.8,98.8,75295.765625,POTRERO AVE; BARTD (R3003),null,null,POINT (-122.313635 37.921043)
RailwayBridge,CA000045,null,null,null,null,D,0,0,5.0,null,0.29944267868995667,12.994046211242676,0.7356488108634949,0.3667662739753723,0.0,0.0,0.0,0.0,0.0,29.523393630981445,0.5,0.9031,0.0495,0.0231,0.0188,0.0052,0.0968,0.0472,0.0241,94.7,96.6,97.5,97.7,97.8,98.8,75295.765625,MANILA AVE; BARTD (R3003),null,null,POINT (-122.310026 37.916411)
RailwayBridge,CA000047,null,null,null,null,D,0,0,5.0,null,0.2801668047904968,10.005664825439453,0.6286258697509766,0.27086547017097473,0.0,0.0,0.0,0.0,0.0,29.523393630981445,0.5,0.9644,0.0207,0.0081,0.0054,0.0011,0.0355,0.0147,0.0065,98.2,98.9,99.3,99.3,99.4,99.6,21161.109375,CUTTING BLVD; BARTD,null,null,POINT (-122.317424 37.925909)
RailwayBridge,CA000049,null,null,null,null,D,0,0,5.0,null,0.2965981960296631,10.486924171447754,0.6718616485595703,0.28059494495391846,0.0,0.0,0.0,0.0,0.0,29.523393630981445,0.5,0.9596,0.0233,0.0093,0.0063,0.0013,0.0403,0.017,0.0077,97.9,98.8,99.2,99.2,99.3,99.6,24569.419921875,SOUTHERN PACIFIC; STREAM/RIVER,null,null,POINT (-122.140623 38.019114)
RailwayBridge,CA000085,null,null,null,null,D,0,0,5.0,null,0.2965981960296631,10.486924171447754,0.6718616485595703,0.28059494495391846,0.0,0.0,0.0,0.0,0.0,29.523393630981445,0.5,0.9596,0.0233,0.0093,0.0063,0.0013,0.0403,0.017,0.0077,97.9,98.8,99.2,99.2,99.3,99.6,24569.419921875,SOUTHERN PACIFIC; STREAM/RIVER,null,null,POINT (-122.140633 38.019227)
RailwayBridge,CA000090,null,null,null,null,D,0,0,5.0,null,0.28632470965385437,10.346205711364746,0.6519268751144409,0.2789539396762848,0.0,0.0,0.0,0.0,0.0,29.523393630981445,0.5,0.9604,0.0228,0.0091,0.0062,0.0012,0.0395,0.0166,0.0075,98.0,98.8,99.2,99.2,99.3,99.6,23681.779296875,SYCAMORE ST; BNSF RY,null,null,POINT (-122.272672 38.011836)
RailwayBridge,CA000091,null,null,null,null,D,0,0,5.0,null,0.2773539423942566,10.04581356048584,0.6278798580169678,0.26528066396713257,0.0,0.0,0.0,0.0,0.0,29.523393630981445,0.5,0.967,0.0194,0.0075,0.0049,0.0009,0.0329,0.0134,0.0059,98.3,99.0,99.3,99.4,99.4,99.7,18816.830078125,"ATCHISON, TOPEKA & SANTA FE; STREAM/R...",null,null,POINT (-122.275966 38.011956)
RailwayBridge,CA000092,null,null,null,null,D,0,0,5.0,null,0.28632470965385437,10.346205711364746,0.6519268751144409,0.2789539396762848,0.0,0.0,0.0,0.0,0.0,29.523393630981445,0.5,0.9604,0.0228,0.0091,0.0062,0.0012,0.0395,0.0166,0.0075,98.0,98.8,99.2,99.2,99.3,99.6,23681.779296875,PALM AVE; BNSF RY,null,null,POINT (-122.259124 38.011152)
RailwayBridge,CA000093,null,null,null,null,D,0,0,5.0,null,0.2773539423942566,10.04581356048584,0.6278798580169678,0.26528066396713257,0.0,0.0,0.0,0.0,0.0,29.523393630981445,0.5,0.967,0.0194,0.0075,0.0049,0.0009,0.0329,0.0134,0.0059,98.3,99.0,99.3,99.4,99.4,99.7,18816.830078125,SOUTHERN PACIFIC; REFUGIO CREEK,null,null,POINT (-122.285276 38.021161)
RailwayBridge,CA000094,null,null,null,null,D,0,0,5.0,null,0.29472509026527405,10.590834617614746,0.6696973443031311,0.28908199071884155,0.0,0.0,0.0,0.0,0.0,29.523393630981445,0.5,0.9551,0.0255,0.0104,0.0072,0.0015,0.0448,0.0193,0.0088,97.7,98.6,99.0,99.1,99.2,99.5,27863.9296875,ROUTE 4 EB; BNSF RY,null,null,POINT (-122.209652 38.007911)
RailwayBridge,CA000095,null,null,null,null,D,0,0,5.0,null,0.2821619212627411,10.5068941116333,0.6519501805305481,0.2861925959587097,0.0,0.0,0.0,0.0,0.0,29.523393630981445,0.5,0.9566,0.0248,0.01,0.0069,0.0014,0.0433,0.0185,0.0084,97.8,98.7,99.1,99.1,99.2,99.5,26566.609375,SOUTHERN PACIFIC; RODEO CREEK,null,null,POINT (-122.267415 38.038859)
RailwayBridge,CA000096,null,null,null,null,D,0,0,5.0,null,0.28632470965385437,10.346205711364746,0.6519268751144409,0.2789539396762848,0.0,0.0,0.0,0.0,0.0,29.523393630981445,0.5,0.9604,0.0228,0.0091,0.0062,0.0012,0.0395,0.0166,0.0075,98.0,98.8,99.2,99.2,99.3,99.6,23681.779296875,"ATCHISON, TOPEKA & SANTA FE; STREAM/R...",null,null,POINT (-122.226856 38.011869)
RailwayBridge,CA000097,null,null,null,null,D,0,0,5.0,null,0.28632470965385437,10.346205711364746,0.6519268751144409,0.2789539396762848,0.0,0.0,0.0,0.0,0.0,29.523393630981445,0.5,0.9604,0.0228,0.0091,0.0062,0.0012,0.0395,0.0166,0.0075,98.0,98.8,99.2,99.2,99.3,99.6,23681.779296875,SR 4; BNSF RY,null,null,POINT (-122.251463 38.014471)
RailwayBridge,CA000098,null,null,null,null,D,0,0,5.0,null,0.28632470965385437,10.346205711364746,0.6519268751144409,0.2789539396762848,0.0,0.0,0.0,0.0,0.0,29.523393630981445,0.5,0.9604,0.0228,0.0091,0.0062,0.0012,0.0395,0.0166,0.0075,98.0,98.8,99.2,99.2,99.3,99.6,23681.779296875,"ATCHISON, TOPEKA & SANTA FE; RODEO CREEK",null,null,POINT (-122.251036 38.015297)
RailwayBridge,CA000112,null,null,null,null,D,0,0,5.0,null,0.29944267868995667,12.994046211242676,0.7356488108634949,0.3667662739753723,0.0,0.0,0.0,0.0,0.0,29.523393630981445,0.5,0.9031,0.0495,0.0231,0.0188,0.0052,0.0968,0.0472,0.0241,94.7,96.6,97.5,97.7,97.8,98.8,75295.765625,BARTD; CENTRAL AVE,null,null,POINT (-122.299455 37.903343)
RailwayBridge,CA000114,null,null,null,null,D,0,0,5.0,null,0.29944267868995667,12.994046211242676,0.7356488108634949,0.3667662739753723,0.0,0.0,0.0,0.0,0.0,29.523393630981445,0.5,0.9031,0.0495,0.0231,0.0188,0.0052,0.0968,0.0472,0.0241,94.7,96.6,97.5,97.7,97.8,98.8,75295.765625,BARTD (R3003); STOCKTON AVE,null,null,POINT (-122.303828 37.908704)
RailwayBridge,CA000116,null,null,null,null,D,0,0,5.0,null,0.2801668047904968,10.005664825439453,0.6286258697509766,0.27086547017097473,0.0,0.0,0.0,0.0,0.0,29.523393630981445,0.5,0.9644,0.0207,0.0081,0.0054,0.0011,0.0355,0.0147,0.0065,98.2,98.9,99.3,99.3,99.4,99.6,21161.109375,BARTD; SAN PABLO AVE,null,null,POINT (-122.321973 37.930356)
RailwayBridge,CA000119,null,null,null,null,D,0,0,5.0,null,0.29944267868995667,12.994046211242676,0.7356488108634949,0.3667662739753723,0.0,0.0,0.0,0.0,0.0,29.523393630981445,0.5,0.9031,0.0495,0.0231,0.0188,0.0052,0.0968,0.0472,0.0241,94.7,96.6,97.5,97.7,97.8,98.8,75295.765625,BARTD; FAIRMOUNT AVE,null,null,POINT (-122.298346 37.901945)
RailwayBridge,CA000121,null,null,null,null,D,0,0,5.0,null,0.29944267868995667,12.994046211242676,0.7356488108634949,0.3667662739753723,0.0,0.0,0.0,0.0,0.0,29.523393630981445,0.5,0.9031,0.0495,0.0231,0.0188,0.0052,0.0968,0.0472,0.0241,94.7,96.6,97.5,97.7,97.8,98.8,75295.765625,HILL ST; BARTD (R3003),null,null,POINT (-122.316043 37.924132)
RailwayBridge,CA000151,null,null,null,null,D,0,0,5.0,null,0.29944267868995667,12.994046211242676,0.7356488108634949,0.3667662739753723,0.0,0.0,0.0,0.0,0.0,29.523393630981445,0.5,0.9031,0.0495,0.0231,0.0188,0.0052,0.0968,0.0472,0.0241,94.7,96.6,97.5,97.7,97.8,98.8,75295.765625,MOESER LANE; MOESER LANE,null,null,POINT (-122.306599 37.912115)
RailwayBridge,CA000190,null,null,null,null,D,0,0,5.0,null,0.2773539423942566,10.04581356048584,0.6278798580169678,0.26528066396713257,0.0,0.0,0.0,0.0,0.0,29.523393630981445,0.5,0.967,0.0194,0.0075,0.0049,0.0009,0.0329,0.0134,0.0059,98.3,99.0,99.3,99.4,99.4,99.7,18816.830078125,"ATCHISON, TOPEKA & SANTA FE; PINOLE C...",null,null,POINT (-122.290531 38.00795)
RailwayBridge,CA000191,null,null,null,null,D,0,0,5.0,null,0.2773539423942566,10.04581356048584,0.6278798580169678,0.26528066396713257,0.0,0.0,0.0,0.0,0.0,29.523393630981445,0.5,0.967,0.0194,0.0075,0.0049,0.0009,0.0329,0.0134,0.0059,98.3,99.0,99.3,99.4,99.4,99.7,18816.830078125,TENNENT AVE; BNSF RY,null,null,POINT (-122.292755 38.008185)
RailwayBridge,CA000193,null,null,null,null,D,0,0,5.0,null,0.2773539423942566,10.04581356048584,0.6278798580169678,0.26528066396713257,0.0,0.0,0.0,0.0,0.0,29.523393630981445,0.5,0.967,0.0194,0.0075,0.0049,0.0009,0.0329,0.0134,0.0059,98.3,99.0,99.3,99.4,99.4,99.7,18816.830078125,SOUTHERN PACIFIC; PINOLE CREEK,null,null,POINT (-122.295098 38.01281)
RailwayBridge,CA000226,null,null,null,null,D,0,0,5.0,null,0.30203935503959656,10.406497955322266,0.664941132068634,0.2777739465236664,0.0,0.0,0.0,0.0,0.0,29.523393630981445,0.5,0.961,0.0225,0.009,0.0061,0.0012,0.0389,0.0163,0.0073,98.0,98.8,99.2,99.2,99.3,99.6,23442.80078125,ORINDA STA. - BART; CAMINO PABLO RD,null,null,POINT (-122.183603 37.878546)
RailwayBridge,CA000247,null,null,null,null,D,0,0,5.0,null,0.28633642196655273,12.898520469665527,0.7165697813034058,0.3699047267436981,0.0,0.0,0.0,0.0,0.0,29.523393630981445,0.5,0.9007,0.0505,0.0237,0.0194,0.0055,0.0992,0.0487,0.0249,94.6,96.5,97.4,97.6,97.7,98.7,78300.0859375,MACDONALD AVE; BARTD,null,null,POINT (-122.352157 37.9357)
RailwayBridge,CA000265,null,null,null,null,D,0,0,5.0,null,0.24413135647773743,8.268756866455078,0.5125021934509277,0.19292740523815155,0.0,0.0,0.0,0.0,0.0,29.523393630981445,0.5,0.9883,0.0085,0.0018,0.001,0.0001,0.0116,0.003,0.0011,99.5,99.7,99.8,99.8,99.8,99.9,4261.810546875,INTERSTATE 580; BNSF RY,null,null,POINT (-122.331848 37.919542)
RailwayBridge,CA000266,null,null,null,null,D,0,0,5.0,null,0.24413135647773743,8.268756866455078,0.5125021934509277,0.19292740523815155,0.0,0.0,0.0,0.0,0.0,29.523393630981445,0.5,0.9883,0.0085,0.0018,0.001,0.0001,0.0116,0.003,0.0011,99.5,99.7,99.8,99.8,99.8,99.9,4261.810546875,I 580; BNSF RY,null,null,POINT (-122.332729 37.920058)
RailwayBridge,CA000277,null,null,null,null,D,0,0,5.0,null,0.2965981960296631,10.486924171447754,0.6718616485595703,0.28059494495391846,0.0,0.0,0.0,0.0,0.0,29.523393630981445,0.5,0.9596,0.0233,0.0093,0.0063,0.0013,0.0403,0.017,0.0077,97.9,98.8,99.2,99.2,99.3,99.6,24569.419921875,ALHAMBRA AVE; BNSF RY,null,null,POINT (-122.127813 37.990315)
RailwayBridge,CA000296,null,null,null,null,D,0,0,5.0,null,0.28633642196655273,12.898520469665527,0.7165697813034058,0.3699047267436981,0.0,0.0,0.0,0.0,0.0,29.523393630981445,0.5,0.9007,0.0505,0.0237,0.0194,0.0055,0.0992,0.0487,0.0249,94.6,96.5,97.4,97.6,97.7,98.7,78300.0859375,MACDONALD AVE; BARTD (R5002 A&B),null,null,POINT (-122.351945 37.9357)
RailwayBridge,CA000299,null,null,null,null,D,0,0,5.0,null,0.28633642196655273,12.898520469665527,0.7165697813034058,0.3699047267436981,0.0,0.0,0.0,0.0,0.0,29.523393630981445,0.5,0.9007,0.0505,0.0237,0.0194,0.0055,0.0992,0.0487,0.0249,94.6,96.5,97.4,97.6,97.7,98.7,78300.0859375,SOUTHERN PACIFIC; SAN PABLO CREEK,null,null,POINT (-122.358964 37.966837)
RailwayBridge,CA000302,null,null,null,null,D,0,0,5.0,null,0.28633642196655273,12.898520469665527,0.7165697813034058,0.3699047267436981,0.0,0.0,0.0,0.0,0.0,29.523393630981445,0.5,0.9007,0.0505,0.0237,0.0194,0.0055,0.0992,0.0487,0.0249,94.6,96.5,97.4,97.6,97.7,98.7,78300.0859375,"BARRETT AVE; UP RR, BNSF RY, & AMTRAK",null,null,POINT (-122.354969 37.938424)
RailwayBridge,CA000307,null,null,null,null,D,0,0,5.0,null,0.28633642196655273,12.898520469665527,0.7165697813034058,0.3699047267436981,0.0,0.0,0.0,0.0,0.0,29.523393630981445,0.5,0.9007,0.0505,0.0237,0.0194,0.0055,0.0992,0.0487,0.0249,94.6,96.5,97.4,97.6,97.7,98.7,78300.0859375,"MACDONALD AVE; UP RR, BNSF RY, & AMTRAK",null,null,POINT (-122.352474 37.935703)
RailwayBridge,CA000311,null,null,null,null,D,0,0,5.0,null,0.28633642196655273,12.898520469665527,0.7165697813034058,0.3699047267436981,0.0,0.0,0.0,0.0,0.0,29.523393630981445,0.5,0.9007,0.0505,0.0237,0.0194,0.0055,0.0992,0.0487,0.0249,94.6,96.5,97.4,97.6,97.7,98.7,78300.0859375,BARRETT AVE; BARTD,null,null,POINT (-122.354576 37.938431)
RailwayBridge,CA000321,null,null,null,null,D,0,0,5.0,null,0.28633642196655273,12.898520469665527,0.7165697813034058,0.3699047267436981,0.0,0.0,0.0,0.0,0.0,29.523393630981445,0.5,0.9007,0.0505,0.0237,0.0194,0.0055,0.0992,0.0487,0.0249,94.6,96.5,97.4,97.6,97.7,98.7,78300.0859375,BARTD (R3005); 23RD STREET,null,null,POINT (-122.347371 37.932043)
RailwayBridge,CA000323,null,null,null,null,D,0,0,5.0,null,0.28633642196655273,12.898520469665527,0.7165697813034058,0.3699047267436981,0.0,0.0,0.0,0.0,0.0,29.523393630981445,0.5,0.9007,0.0505,0.0237,0.0194,0.0055,0.0992,0.0487,0.0249,94.6,96.5,97.4,97.6,97.7,98.7,78300.0859375,37TH ST; ABANDONED BNSF RY ROW,null,null,POINT (-122.334731 37.93131)
RailwayBridge,CA000354,null,null,null,null,D,0,0,5.0,null,0.28633642196655273,12.898520469665527,0.7165697813034058,0.3699047267436981,0.0,0.0,0.0,0.0,0.0,29.523393630981445,0.5,0.9007,0.0505,0.0237,0.0194,0.0055,0.0992,0.0487,0.0249,94.6,96.5,97.4,97.6,97.7,98.7,78300.0859375,37TH ST; BARTD (R5001),null,null,POINT (-122.334719 37.931411)
RailwayBridge,CA000355,null,null,null,null,D,0,0,5.0,null,0.28633642196655273,12.898520469665527,0.7165697813034058,0.3699047267436981,0.0,0.0,0.0,0.0,0.0,29.523393630981445,0.5,0.9007,0.0505,0.0237,0.0194,0.0055,0.0992,0.0487,0.0249,94.6,96.5,97.4,97.6,97.7,98.7,78300.0859375,"ATCHISON, TOPEKA & SANTA FE; SAN PABL...",null,null,POINT (-122.356614 37.966875)
RailwayBridge,CA000356,null,null,null,null,D,0,0,5.0,null,0.26603028178215027,9.676586151123047,0.5983084440231323,0.2606714069843292,0.0,0.0,0.0,0.0,0.0,29.523393630981445,0.5,0.9691,0.0182,0.007,0.0045,0.0008,0.0308,0.0125,0.0054,98.4,99.1,99.4,99.4,99.4,99.7,17246.388671875,SOUTHERN PACIFIC; STREAM/RIVER,null,null,POINT (-122.35791999999999 37.978805)
RailwayBridge,CA000358,null,null,null,null,D,0,0,5.0,null,0.28633642196655273,12.898520469665527,0.7165697813034058,0.3699047267436981,0.0,0.0,0.0,0.0,0.0,29.523393630981445,0.5,0.9007,0.0505,0.0237,0.0194,0.0055,0.0992,0.0487,0.0249,94.6,96.5,97.4,97.6,97.7,98.7,78300.0859375,"ATCHISON, TOPEKA & SANTA FE; WILDCAT ...",null,null,POINT (-122.357657 37.961031)
RailwayBridge,CA000359,null,null,null,null,D,0,0,5.0,null,0.26603028178215027,9.676586151123047,0.5983084440231323,0.2606714069843292,0.0,0.0,0.0,0.0,0.0,29.523393630981445,0.5,0.9691,0.0182,0.007,0.0045,0.0008,0.0308,0.0125,0.0054,98.4,99.1,99.4,99.4,99.4,99.7,17246.388671875,"ATCHISON, TOPEKA & SANTA FE; STREAM/R...",null,null,POINT (-122.353816 37.977233)
RailwayBridge,CA000360,null,null,null,null,D,0,0,5.0,null,0.26603028178215027,9.676586151123047,0.5983084440231323,0.2606714069843292,0.0,0.0,0.0,0.0,0.0,29.523393630981445,0.5,0.9691,0.0182,0.007,0.0045,0.0008,0.0308,0.0125,0.0054,98.4,99.1,99.4,99.4,99.4,99.7,17246.388671875,SOUTHERN PACIFIC; SWAMP/MARSH,null,null,POINT (-122.327911 38.002726)
RailwayBridge,CA000462,null,null,null,null,D,0,0,5.0,null,0.25543802976608276,13.52338695526123,0.7071109414100647,0.45895054936408997,0.0,0.0,0.0,0.0,0.0,29.523393630981445,0.5,0.8228,0.08,0.0425,0.04,0.0145,0.1771,0.0971,0.0545,89.6,92.9,94.5,94.8,95.1,97.2,172407.0,"ATCHISON, TOPEKA & SANTA FE; STREAM/R...",null,null,POINT (-121.914209 38.02692)
RailwayBridge,CA000464,null,null,null,null,D,0,0,5.0,null,0.26466062664985657,14.063728332519531,0.7253606915473938,0.4776362478733063,0.0,0.0,0.0,0.0,0.0,29.523393630981445,0.5,0.8049,0.0859,0.0467,0.0451,0.0171,0.195,0.109,0.0623,88.4,91.9,93.8,94.1,94.4,96.8,197374.71875,RAILROAD; STREAM/RIVER,null,null,POINT (-121.929792 38.030684)
RailwayBridge,CA000466,null,null,null,null,D,0,0,5.0,null,0.25543802976608276,13.52338695526123,0.7071109414100647,0.45895054936408997,0.0,0.0,0.0,0.0,0.0,29.523393630981445,0.5,0.8228,0.08,0.0425,0.04,0.0145,0.1771,0.0971,0.0545,89.6,92.9,94.5,94.8,95.1,97.2,172407.0,"ATCHISON, TOPEKA & SANTA FE; STREAM/R...",null,null,POINT (-121.905851 38.026464)
RailwayBridge,CA000468,null,null,null,null,D,0,0,5.0,null,0.25543802976608276,13.52338695526123,0.7071109414100647,0.45895054936408997,0.0,0.0,0.0,0.0,0.0,29.523393630981445,0.5,0.8228,0.08,0.0425,0.04,0.0145,0.1771,0.0971,0.0545,89.6,92.9,94.5,94.8,95.1,97.2,172407.0,RAILROAD AVE; BNSF RY & AMTRAK,null,null,POINT (-121.885928 38.026541)
RailwayBridge,CA000470,null,null,null,null,D,0,0,5.0,null,0.24465948343276978,9.492355346679688,0.5979543924331665,0.2650364935398102,0.0,0.0,0.0,0.0,0.0,29.523393630981445,0.5,0.9672,0.0193,0.0075,0.0049,0.0009,0.0327,0.0134,0.0059,98.4,99.1,99.3,99.4,99.4,99.7,18799.759765625,SOUTHERN PACIFIC; CANAL/DITCH,null,null,POINT (-121.863646 38.016072)
RailwayBridge,CA000520,null,null,null,null,D,0,0,5.0,null,0.21277272701263428,8.365218162536621,0.5231019258499146,0.23649340867996216,0.0,0.0,0.0,0.0,0.0,29.523393630981445,0.5,0.9788,0.0129,0.0047,0.0028,0.0005,0.0211,0.0081,0.0033,98.9,99.4,99.6,99.6,99.6,99.8,11169.4697265625,"BRIDGEHEAD ROAD; BNSF RY, UP RR, & AM...",null,null,POINT (-121.750776 38.009022)
RailwayBridge,CA000560,null,null,null,null,D,0,0,5.0,null,0.24465948343276978,9.492355346679688,0.5979543924331665,0.2650364935398102,0.0,0.0,0.0,0.0,0.0,29.523393630981445,0.5,0.9672,0.0193,0.0075,0.0049,0.0009,0.0327,0.0134,0.0059,98.4,99.1,99.3,99.4,99.4,99.7,18799.759765625,"ATCHISON, TOPEKA & SANTA FE; STREAM/R...",null,null,POINT (-121.838125 38.019025)
RailwayBridge,CA000565,null,null,null,null,D,0,0,5.0,null,0.2891490161418915,9.848416328430176,0.6430376172065735,0.2624647915363312,0.0,0.0,0.0,0.0,0.0,29.523393630981445,0.5,0.9683,0.0187,0.0072,0.0047,0.0009,0.0316,0.0128,0.0056,98.4,99.1,99.4,99.4,99.4,99.7,18276.279296875,RAILROAD; INTERSTATE ROUTE 680,null,null,POINT (-122.082379 38.005337)
RailwayBridge,CA000568,null,null,null,null,D,0,0,5.0,null,0.305047869682312,12.021832466125488,0.7280945777893066,0.32921820878982544,0.0,0.0,0.0,0.0,0.0,29.523393630981445,0.5,0.9305,0.0374,0.0164,0.0124,0.0031,0.0694,0.032,0.0155,96.3,97.7,98.4,98.5,98.6,99.2,49127.4609375,"ATCHISON, TOPEKA & SANTA FE; STREAM/R...",null,null,POINT (-122.069215 38.016295)
RailwayBridge,CA000652,null,null,null,null,D,0,0,5.0,null,0.24465948343276978,9.492355346679688,0.5979543924331665,0.2650364935398102,0.0,0.0,0.0,0.0,0.0,29.523393630981445,0.5,0.9672,0.0193,0.0075,0.0049,0.0009,0.0327,0.0134,0.0059,98.4,99.1,99.3,99.4,99.4,99.7,18799.759765625,"ATCHISON, TOPEKA & SANTA FE; STREAM/R...",null,null,POINT (-121.82649 38.018807)
RailwayBridge,CA000781,null,null,null,null,D,0,0,5.0,null,0.2888011634349823,15.714386940002441,0.7670409679412842,0.5222808122634888,0.0,0.0,0.0,0.0,0.0,29.523393630981445,0.5,0.7613,0.0991,0.0566,0.0582,0.0245,0.2386,0.1394,0.0828,85.4,89.5,91.7,92.1,92.6,95.6,264875.1875,SOUTHERN PACIFIC; STREAM/RIVER,null,null,POINT (-122.080275 38.031359)
RailwayBridge,CA000785,null,null,null,null,D,0,0,5.0,null,0.2888011634349823,15.714386940002441,0.7670409679412842,0.5222808122634888,0.0,0.0,0.0,0.0,0.0,29.523393630981445,0.5,0.7613,0.0991,0.0566,0.0582,0.0245,0.2386,0.1394,0.0828,85.4,89.5,91.7,92.1,92.6,95.6,264875.1875,SOUTHERN PACIFIC; STREAM/RIVER,null,null,POINT (-122.105479 38.026066)
RailwayBridge,CA000786,null,null,null,null,D,0,0,5.0,null,0.21277272701263428,8.365218162536621,0.5231019258499146,0.23649340867996216,0.0,0.0,0.0,0.0,0.0,29.523393630981445,0.5,0.9788,0.0129,0.0047,0.0028,0.0005,0.0211,0.0081,0.0033,98.9,99.4,99.6,99.6,99.6,99.8,11169.4697265625,SOUTHERN PACIFIC; CANAL/DITCH,null,null,POINT (-121.743469 37.983233)
RailwayBridge,CA000789,null,null,null,null,D,0,0,5.0,null,0.2891490161418915,9.848416328430176,0.6430376172065735,0.2624647915363312,0.0,0.0,0.0,0.0,0.0,29.523393630981445,0.5,0.9683,0.0187,0.0072,0.0047,0.0009,0.0316,0.0128,0.0056,98.4,99.1,99.4,99.4,99.4,99.7,18276.279296875,PACHECO ROAD; BNSF RY,null,null,POINT (-122.085909 38.004494)
RailwayBridge,CA000790,null,null,null,null,D,0,0,5.0,null,0.2055048793554306,8.71514892578125,0.5319892168045044,0.26307255029678345,0.0,0.0,0.0,0.0,0.0,29.523393630981445,0.5,0.9681,0.0188,0.0073,0.0047,0.0009,0.0318,0.013,0.0057,98.4,99.1,99.4,99.4,99.4,99.7,18338.869140625,"ATCHISON, TOPEKA & SANTA FE; CANAL/DITCH",null,null,POINT (-121.702936 37.994853)
RailwayBridge,CA000791,null,null,null,null,D,0,0,5.0,null,0.2891490161418915,9.848416328430176,0.6430376172065735,0.2624647915363312,0.0,0.0,0.0,0.0,0.0,29.523393630981445,0.5,0.9683,0.0187,0.0072,0.0047,0.0009,0.0316,0.0128,0.0056,98.4,99.1,99.4,99.4,99.4,99.7,18276.279296875,MORELLO AVE; BNSF RY,null,null,POINT (-122.102043 38.005241)
RailwayBridge,CA000880,null,null,null,null,D,0,0,5.0,null,0.25543802976608276,13.52338695526123,0.7071109414100647,0.45895054936408997,0.0,0.0,0.0,0.0,0.0,29.523393630981445,0.5,0.8228,0.08,0.0425,0.04,0.0145,0.1771,0.0971,0.0545,89.6,92.9,94.5,94.8,95.1,97.2,172407.0,RAILROAD; STREAM/RIVER,null,null,POINT (-121.921784 38.028652)
RailwayBridge,CA000883,null,null,null,null,D,0,0,5.0,null,0.25543802976608276,13.52338695526123,0.7071109414100647,0.45895054936408997,0.0,0.0,0.0,0.0,0.0,29.523393630981445,0.5,0.8228,0.08,0.0425,0.04,0.0145,0.1771,0.0971,0.0545,89.6,92.9,94.5,94.8,95.1,97.2,172407.0,SOUTHERN PACIFIC; STREAM/RIVER,null,null,POINT (-121.905653 38.025963)
RailwayBridge,CA000912,null,null,null,null,D,0,0,5.0,null,0.3249405324459076,14.086722373962402,0.800311267375946,0.42130327224731445,0.0,0.0,0.0,0.0,0.0,29.523393630981445,0.5,0.8574,0.0677,0.0343,0.0304,0.01,0.1425,0.0748,0.0405,91.9,94.6,95.9,96.1,96.4,97.9,127313.75,BARTD (C5022); BANCROFT ROAD,null,null,POINT (-122.046844 37.934035)
RailwayBridge,CA000913,null,null,null,null,D,0,0,5.0,null,0.2734396457672119,14.547263145446777,0.7414925694465637,0.49189117550849915,0.0,0.0,0.0,0.0,0.0,29.523393630981445,0.5,0.7911,0.0902,0.0499,0.0492,0.0193,0.2088,0.1185,0.0685,87.5,91.2,93.1,93.5,93.8,96.4,217915.625,RAILROAD; STREAM/RIVER,null,null,POINT (-121.996904 38.044763)
RailwayBridge,CA000916,null,null,null,null,D,0,0,5.0,null,0.28153252601623535,15.143756866455078,0.7559497356414795,0.5084457993507385,0.0,0.0,0.0,0.0,0.0,29.523393630981445,0.5,0.775,0.0951,0.0536,0.054,0.0221,0.2249,0.1298,0.0761,86.4,90.3,92.4,92.8,93.2,96.0,243196.28125,SOUTHERN PACIFIC; STREAM/RIVER,null,null,POINT (-122.070071 38.034214)
RailwayBridge,CA000918,null,null,null,null,D,0,0,5.0,null,0.25543802976608276,13.52338695526123,0.7071109414100647,0.45895054936408997,0.0,0.0,0.0,0.0,0.0,29.523393630981445,0.5,0.8228,0.08,0.0425,0.04,0.0145,0.1771,0.0971,0.0545,89.6,92.9,94.5,94.8,95.1,97.2,172407.0,RAILROAD; STREAM/RIVER,null,null,POINT (-121.9012 38.031935)
RailwayBridge,CA000922,null,null,null,null,D,0,0,5.0,null,0.2891490161418915,9.848416328430176,0.6430376172065735,0.2624647915363312,0.0,0.0,0.0,0.0,0.0,29.523393630981445,0.5,0.9683,0.0187,0.0072,0.0047,0.0009,0.0316,0.0128,0.0056,98.4,99.1,99.4,99.4,99.4,99.7,18276.279296875,"ATCHISON, TOPEKA & SANTA FE; STREAM/R...",null,null,POINT (-122.081361 38.005965)
RailwayBridge,CA000923,null,null,null,null,D,0,0,5.0,null,0.26466062664985657,14.063728332519531,0.7253606915473938,0.4776362478733063,0.0,0.0,0.0,0.0,0.0,29.523393630981445,0.5,0.8049,0.0859,0.0467,0.0451,0.0171,0.195,0.109,0.0623,88.4,91.9,93.8,94.1,94.4,96.8,197374.71875,"ATCHISON, TOPEKA & SANTA FE; UNREPRES...",null,null,POINT (-121.944116 38.034042)
RailwayBridge,CA000929,null,null,null,null,D,0,0,5.0,null,0.2734396457672119,14.547263145446777,0.7414925694465637,0.49189117550849915,0.0,0.0,0.0,0.0,0.0,29.523393630981445,0.5,0.7911,0.0902,0.0499,0.0492,0.0193,0.2088,0.1185,0.0685,87.5,91.2,93.1,93.5,93.8,96.4,217915.625,"ATCHISON, TOPEKA & SANTA FE; STREAM/R...",null,null,POINT (-121.990208 38.043985)
RailwayBridge,CA000932,null,null,null,null,D,0,0,5.0,null,0.25543802976608276,13.52338695526123,0.7071109414100647,0.45895054936408997,0.0,0.0,0.0,0.0,0.0,29.523393630981445,0.5,0.8228,0.08,0.0425,0.04,0.0145,0.1771,0.0971,0.0545,89.6,92.9,94.5,94.8,95.1,97.2,172407.0,"ATCHISON, TOPEKA & SANTA FE; STREAM/R...",null,null,POINT (-121.921825 38.028391)
RailwayBridge,CA000935,null,null,null,null,D,0,0,5.0,null,0.2734396457672119,14.547263145446777,0.7414925694465637,0.49189117550849915,0.0,0.0,0.0,0.0,0.0,29.523393630981445,0.5,0.7911,0.0902,0.0499,0.0492,0.0193,0.2088,0.1185,0.0685,87.5,91.2,93.1,93.5,93.8,96.4,217915.625,SOUTHERN PACIFIC; STREAM/RIVER,null,null,POINT (-121.997076 38.047483)
RailwayBridge,CA000944,null,null,null,null,D,0,0,5.0,null,0.20270222425460815,8.17469596862793,0.5067620277404785,0.23597131669521332,0.0,0.0,0.0,0.0,0.0,29.523393630981445,0.5,0.979,0.0128,0.0046,0.0028,0.0004,0.0209,0.008,0.0033,99.0,99.4,99.6,99.6,99.6,99.8,10537.8798828125,SOUTHERN PACIFIC; STREAM/RIVER,null,null,POINT (-121.617868 37.844244)
RailwayBridge,CA000945,null,null,null,null,D,0,0,5.0,null,0.2115025371313095,8.528155326843262,0.5292953252792358,0.24595637619495392,0.0,0.0,0.0,0.0,0.0,29.523393630981445,0.5,0.9753,0.0149,0.0055,0.0034,0.0006,0.0246,0.0097,0.0041,98.8,99.3,99.5,99.5,99.6,99.7,13297.5302734375,SOUTHERN PACIFIC; CANAL/DITCH,null,null,POINT (-121.597098 37.824068)
RailwayBridge,CA001023,null,null,null,null,D,0,0,5.0,null,0.321115106344223,11.395089149475098,0.7213207483291626,0.3060084879398346,0.0,0.0,0.0,0.0,0.0,29.523393630981445,0.5,0.9453,0.0303,0.0128,0.0092,0.0021,0.0546,0.0242,0.0113,97.2,98.3,98.8,98.9,98.9,99.4,36034.76953125,BARTD (C3008); OAKLAND BLVD,null,null,POINT (-122.069692 37.901824)
RailwayBridge,CA001025,null,null,null,null,D,0,0,5.0,null,0.321115106344223,11.395089149475098,0.7213207483291626,0.3060084879398346,0.0,0.0,0.0,0.0,0.0,29.523393630981445,0.5,0.9453,0.0303,0.0128,0.0092,0.0021,0.0546,0.0242,0.0113,97.2,98.3,98.8,98.9,98.9,99.4,36034.76953125,BARTD (C3010); N. CALIFORNIA BLVD,null,null,POINT (-122.06651599999999 37.90711)
RailwayBridge,CA001029,null,null,null,null,D,0,0,5.0,null,0.3249405324459076,14.086722373962402,0.800311267375946,0.42130327224731445,0.0,0.0,0.0,0.0,0.0,29.523393630981445,0.5,0.8574,0.0677,0.0343,0.0304,0.01,0.1425,0.0748,0.0405,91.9,94.6,95.9,96.1,96.4,97.9,127313.75,COWELL ROAD; BARTD (C3013),null,null,POINT (-122.031226 37.968443)
RailwayBridge,CA001030,null,null,null,null,D,0,0,5.0,null,0.321115106344223,11.395089149475098,0.7213207483291626,0.3060084879398346,0.0,0.0,0.0,0.0,0.0,29.523393630981445,0.5,0.9453,0.0303,0.0128,0.0092,0.0021,0.0546,0.0242,0.0113,97.2,98.3,98.8,98.9,98.9,99.4,36034.76953125,BARTD (C3010); PARKSIDE ROAD,null,null,POINT (-122.064049 37.91183)
RailwayBridge,CA001035,null,null,null,null,D,0,0,5.0,null,0.321115106344223,11.395089149475098,0.7213207483291626,0.3060084879398346,0.0,0.0,0.0,0.0,0.0,29.523393630981445,0.5,0.9453,0.0303,0.0128,0.0092,0.0021,0.0546,0.0242,0.0113,97.2,98.3,98.8,98.9,98.9,99.4,36034.76953125,BARTD (C3009); YGNACIO VALLEY RD,null,null,POINT (-122.068085 37.904503)
RailwayBridge,CA001037,null,null,null,null,D,0,0,5.0,null,0.28153252601623535,15.143756866455078,0.7559497356414795,0.5084457993507385,0.0,0.0,0.0,0.0,0.0,29.523393630981445,0.5,0.775,0.0951,0.0536,0.054,0.0221,0.2249,0.1298,0.0761,86.4,90.3,92.4,92.8,93.2,96.0,243196.28125,"ATCHISON, TOPEKA & SANTA FE; SWAMP/MARSH",null,null,POINT (-122.04271 38.035514)
RailwayBridge,CA001045,null,null,null,null,D,0,0,5.0,null,0.305047869682312,12.021832466125488,0.7280945777893066,0.32921820878982544,0.0,0.0,0.0,0.0,0.0,29.523393630981445,0.5,0.9305,0.0374,0.0164,0.0124,0.0031,0.0694,0.032,0.0155,96.3,97.7,98.4,98.5,98.6,99.2,49127.4609375,"ATCHISON, TOPEKA & SANTA FE; HASTINGS...",null,null,POINT (-122.058159 38.024862)
RailwayBridge,CA001050,null,null,null,null,D,0,0,5.0,null,0.2734396457672119,14.547263145446777,0.7414925694465637,0.49189117550849915,0.0,0.0,0.0,0.0,0.0,29.523393630981445,0.5,0.7911,0.0902,0.0499,0.0492,0.0193,0.2088,0.1185,0.0685,87.5,91.2,93.1,93.5,93.8,96.4,217915.625,"ATCHISON, TOPEKA & SANTA FE; STREAM/R...",null,null,POINT (-121.997258 38.045113)
RailwayBridge,CA001052,null,null,null,null,D,0,0,5.0,null,0.28153252601623535,15.143756866455078,0.7559497356414795,0.5084457993507385,0.0,0.0,0.0,0.0,0.0,29.523393630981445,0.5,0.775,0.0951,0.0536,0.054,0.0221,0.2249,0.1298,0.0761,86.4,90.3,92.4,92.8,93.2,96.0,243196.28125,"ATCHISON, TOPEKA & SANTA FE; SWAMP/MARSH",null,null,POINT (-122.038938 38.038111)
RailwayBridge,CA001056,null,null,null,null,D,0,0,5.0,null,0.26466062664985657,14.063728332519531,0.7253606915473938,0.4776362478733063,0.0,0.0,0.0,0.0,0.0,29.523393630981445,0.5,0.8049,0.0859,0.0467,0.0451,0.0171,0.195,0.109,0.0623,88.4,91.9,93.8,94.1,94.4,96.8,197374.71875,RAILROAD; UNREPRESENTED WATERBODY,null,null,POINT (-121.943921 38.034275)
RailwayBridge,CA001058,null,null,null,null,D,0,0,5.0,null,0.2734396457672119,14.547263145446777,0.7414925694465637,0.49189117550849915,0.0,0.0,0.0,0.0,0.0,29.523393630981445,0.5,0.7911,0.0902,0.0499,0.0492,0.0193,0.2088,0.1185,0.0685,87.5,91.2,93.1,93.5,93.8,96.4,217915.625,RAILROAD; SWAMP/MARSH,null,null,POINT (-122.019944 38.056491)
RailwayBridge,CA001061,null,null,null,null,D,0,0,5.0,null,0.26466062664985657,14.063728332519531,0.7253606915473938,0.4776362478733063,0.0,0.0,0.0,0.0,0.0,29.523393630981445,0.5,0.8049,0.0859,0.0467,0.0451,0.0171,0.195,0.109,0.0623,88.4,91.9,93.8,94.1,94.4,96.8,197374.71875,RAILROAD; STREAM/RIVER,null,null,POINT (-121.953017 38.036586)
RailwayBridge,CA001063,null,null,null,null,D,0,0,5.0,null,0.2734396457672119,14.547263145446777,0.7414925694465637,0.49189117550849915,0.0,0.0,0.0,0.0,0.0,29.523393630981445,0.5,0.7911,0.0902,0.0499,0.0492,0.0193,0.2088,0.1185,0.0685,87.5,91.2,93.1,93.5,93.8,96.4,217915.625,RAILROAD; PACIFIC OCEAN,null,null,POINT (-122.019693 38.056909)
RailwayBridge,CA001067,null,null,null,null,D,0,0,5.0,null,0.26466062664985657,14.063728332519531,0.7253606915473938,0.4776362478733063,0.0,0.0,0.0,0.0,0.0,29.523393630981445,0.5,0.8049,0.0859,0.0467,0.0451,0.0171,0.195,0.109,0.0623,88.4,91.9,93.8,94.1,94.4,96.8,197374.71875,"ATCHISON, TOPEKA & SANTA FE; STREAM/R...",null,null,POINT (-121.953226 38.036356)
RailwayBridge,CA001068,null,null,null,null,D,0,0,5.0,null,0.28153252601623535,15.143756866455078,0.7559497356414795,0.5084457993507385,0.0,0.0,0.0,0.0,0.0,29.523393630981445,0.5,0.775,0.0951,0.0536,0.054,0.0221,0.2249,0.1298,0.0761,86.4,90.3,92.4,92.8,93.2,96.0,243196.28125,SOUTHERN PACIFIC; HASTINGS SLOUGH,null,null,POINT (-122.053017 38.039044)
RailwayBridge,CA001072,null,null,null,null,D,0,0,5.0,null,0.26466062664985657,14.063728332519531,0.7253606915473938,0.4776362478733063,0.0,0.0,0.0,0.0,0.0,29.523393630981445,0.5,0.8049,0.0859,0.0467,0.0451,0.0171,0.195,0.109,0.0623,88.4,91.9,93.8,94.1,94.4,96.8,197374.71875,"ATCHISON, TOPEKA & SANTA FE; STREAM/R...",null,null,POINT (-121.953275 38.036142)
RailwayBridge,CA001093,null,null,null,null,D,0,0,5.0,null,0.2055048793554306,8.71514892578125,0.5319892168045044,0.26307255029678345,0.0,0.0,0.0,0.0,0.0,29.523393630981445,0.5,0.9681,0.0188,0.0073,0.0047,0.0009,0.0318,0.013,0.0057,98.4,99.1,99.4,99.4,99.4,99.7,18338.869140625,"ATCHISON, TOPEKA & SANTA FE; MARSH CREEK",null,null,POINT (-121.696117 37.991491)
RailwayBridge,CA001130,null,null,null,null,D,0,0,5.0,null,0.26466062664985657,14.063728332519531,0.7253606915473938,0.4776362478733063,0.0,0.0,0.0,0.0,0.0,29.523393630981445,0.5,0.8049,0.0859,0.0467,0.0451,0.0171,0.195,0.109,0.0623,88.4,91.9,93.8,94.1,94.4,96.8,197374.71875,UNREPRESENTED RAILROAD; UNREPRESENTED...,null,null,POINT (-121.93734 38.032601)
RailwayBridge,CA001131,null,null,null,null,D,0,0,5.0,null,0.26466062664985657,14.063728332519531,0.7253606915473938,0.4776362478733063,0.0,0.0,0.0,0.0,0.0,29.523393630981445,0.5,0.8049,0.0859,0.0467,0.0451,0.0171,0.195,0.109,0.0623,88.4,91.9,93.8,94.1,94.4,96.8,197374.71875,RAILROAD; STREAM/RIVER,null,null,POINT (-121.931717 38.031171)
RailwayBridge,CA001132,null,null,null,null,D,0,0,5.0,null,0.26466062664985657,14.063728332519531,0.7253606915473938,0.4776362478733063,0.0,0.0,0.0,0.0,0.0,29.523393630981445,0.5,0.8049,0.0859,0.0467,0.0451,0.0171,0.195,0.109,0.0623,88.4,91.9,93.8,94.1,94.4,96.8,197374.71875,"ATCHISON, TOPEKA & SANTA FE; UNREPRES...",null,null,POINT (-121.937471 38.032356)
RailwayBridge,CA001133,null,null,null,null,D,0,0,5.0,null,0.26466062664985657,14.063728332519531,0.7253606915473938,0.4776362478733063,0.0,0.0,0.0,0.0,0.0,29.523393630981445,0.5,0.8049,0.0859,0.0467,0.0451,0.0171,0.195,0.109,0.0623,88.4,91.9,93.8,94.1,94.4,96.8,197374.71875,"ATCHISON, TOPEKA & SANTA FE; STREAM/R...",null,null,POINT (-121.931953 38.030951)
RailwayBridge,CA001139,null,null,null,null,D,0,0,5.0,null,0.2734396457672119,14.547263145446777,0.7414925694465637,0.49189117550849915,0.0,0.0,0.0,0.0,0.0,29.523393630981445,0.5,0.7911,0.0902,0.0499,0.0492,0.0193,0.2088,0.1185,0.0685,87.5,91.2,93.1,93.5,93.8,96.4,217915.625,"ATCHISON, TOPEKA & SANTA FE; STREAM/R...",null,null,POINT (-121.990398 38.044319)
RailwayBridge,CA001140,null,null,null,null,D,0,0,5.0,null,0.25543802976608276,13.52338695526123,0.7071109414100647,0.45895054936408997,0.0,0.0,0.0,0.0,0.0,29.523393630981445,0.5,0.8228,0.08,0.0425,0.04,0.0145,0.1771,0.0971,0.0545,89.6,92.9,94.5,94.8,95.1,97.2,172407.0,"ATCHISON, TOPEKA & SANTA FE; STREAM/R...",null,null,POINT (-121.905825 38.026379)
RailwayBridge,CA001141,null,null,null,null,D,0,0,5.0,null,0.24465948343276978,9.492355346679688,0.5979543924331665,0.2650364935398102,0.0,0.0,0.0,0.0,0.0,29.523393630981445,0.5,0.9672,0.0193,0.0075,0.0049,0.0009,0.0327,0.0134,0.0059,98.4,99.1,99.3,99.4,99.4,99.7,18799.759765625,UPRR SPUR; STATE ROUTE 4,null,null,POINT (-121.866732 38.011735)
RailwayBridge,CA001159,null,null,null,null,D,0,0,5.0,null,0.24465948343276978,9.492355346679688,0.5979543924331665,0.2650364935398102,0.0,0.0,0.0,0.0,0.0,29.523393630981445,0.5,0.9672,0.0193,0.0075,0.0049,0.0009,0.0327,0.0134,0.0059,98.4,99.1,99.3,99.4,99.4,99.7,18799.759765625,SOUTHERN PACIFIC; STREAM/RIVER,null,null,POINT (-121.84478 38.009846)
RailwayBridge,CA001185,null,null,null,null,D,0,0,5.0,null,0.3249405324459076,14.086722373962402,0.800311267375946,0.42130327224731445,0.0,0.0,0.0,0.0,0.0,29.523393630981445,0.5,0.8574,0.0677,0.0343,0.0304,0.01,0.1425,0.0748,0.0405,91.9,94.6,95.9,96.1,96.4,97.9,127313.75,RAILROAD; WALNUT CREEK,null,null,POINT (-122.047647 37.933623)
RailwayBridge,CA001192,null,null,null,null,D,0,0,5.0,null,0.3249405324459076,14.086722373962402,0.800311267375946,0.42130327224731445,0.0,0.0,0.0,0.0,0.0,29.523393630981445,0.5,0.8574,0.0677,0.0343,0.0304,0.01,0.1425,0.0748,0.0405,91.9,94.6,95.9,96.1,96.4,97.9,127313.75,BARTD (C3011); TREAT BLVD,null,null,POINT (-122.058325 37.926498)
RailwayBridge,CA001199,null,null,null,null,D,0,0,5.0,null,0.3249405324459076,14.086722373962402,0.800311267375946,0.42130327224731445,0.0,0.0,0.0,0.0,0.0,29.523393630981445,0.5,0.8574,0.0677,0.0343,0.0304,0.01,0.1425,0.0748,0.0405,91.9,94.6,95.9,96.1,96.4,97.9,127313.75,OAK GROVE ROAD; BARTD (C5023),null,null,POINT (-122.029141 37.943155)
RailwayBridge,CA001244,null,null,null,null,D,0,0,5.0,null,0.25543802976608276,13.52338695526123,0.7071109414100647,0.45895054936408997,0.0,0.0,0.0,0.0,0.0,29.523393630981445,0.5,0.8228,0.08,0.0425,0.04,0.0145,0.1771,0.0971,0.0545,89.6,92.9,94.5,94.8,95.1,97.2,172407.0,WILLOW PASS ROAD; UP RR,null,null,POINT (-121.917929 38.027515)
RailwayBridge,CA001246,null,null,null,null,D,0,0,5.0,null,0.25543802976608276,13.52338695526123,0.7071109414100647,0.45895054936408997,0.0,0.0,0.0,0.0,0.0,29.523393630981445,0.5,0.8228,0.08,0.0425,0.04,0.0145,0.1771,0.0971,0.0545,89.6,92.9,94.5,94.8,95.1,97.2,172407.0,"WILLOW PASS RD; BNSF RY & AMTRAK, UP RR",null,null,POINT (-121.917845 38.02778)
RailwayBridge,CA001259,null,null,null,null,D,0,0,5.0,null,0.24465948343276978,9.492355346679688,0.5979543924331665,0.2650364935398102,0.0,0.0,0.0,0.0,0.0,29.523393630981445,0.5,0.9672,0.0193,0.0075,0.0049,0.0009,0.0327,0.0134,0.0059,98.4,99.1,99.3,99.4,99.4,99.7,18799.759765625,SOUTHERN PACIFIC; KIRKER CREEK,null,null,POINT (-121.869522 38.018057)
RailwayBridge,CA001262,null,null,null,null,D,0,0,5.0,null,0.25543802976608276,13.52338695526123,0.7071109414100647,0.45895054936408997,0.0,0.0,0.0,0.0,0.0,29.523393630981445,0.5,0.8228,0.08,0.0425,0.04,0.0145,0.1771,0.0971,0.0545,89.6,92.9,94.5,94.8,95.1,97.2,172407.0,SOLARI ST; BNSF RY & AMTRAK,null,null,POINT (-121.881212 38.026267)
RailwayBridge,CA001265,null,null,null,null,D,0,0,5.0,null,0.25543802976608276,13.52338695526123,0.7071109414100647,0.45895054936408997,0.0,0.0,0.0,0.0,0.0,29.523393630981445,0.5,0.8228,0.08,0.0425,0.04,0.0145,0.1771,0.0971,0.0545,89.6,92.9,94.5,94.8,95.1,97.2,172407.0,"HARBOR ST; BNSF RY, UP RR, & AMTRAK",null,null,POINT (-121.878643 38.025715)
RailwayBridge,CA001268,null,null,null,null,D,0,0,5.0,null,0.25543802976608276,13.52338695526123,0.7071109414100647,0.45895054936408997,0.0,0.0,0.0,0.0,0.0,29.523393630981445,0.5,0.8228,0.08,0.0425,0.04,0.0145,0.1771,0.0971,0.0545,89.6,92.9,94.5,94.8,95.1,97.2,172407.0,RAILROAD; STREAM/RIVER,null,null,POINT (-121.914174 38.027182)
RailwayBridge,CA001272,null,null,null,null,D,0,0,5.0,null,0.26466062664985657,14.063728332519531,0.7253606915473938,0.4776362478733063,0.0,0.0,0.0,0.0,0.0,29.523393630981445,0.5,0.8049,0.0859,0.0467,0.0451,0.0171,0.195,0.109,0.0623,88.4,91.9,93.8,94.1,94.4,96.8,197374.71875,"ATCHISON, TOPEKA & SANTA FE; STREAM/R...",null,null,POINT (-121.930053 38.030472)
RailwayBridge,CA001326,null,null,null,null,D,0,0,5.0,null,0.22777557373046875,8.881070137023926,0.5582232475280762,0.24961048364639282,0.0,0.0,0.0,0.0,0.0,29.523393630981445,0.5,0.9738,0.0157,0.0059,0.0037,0.0006,0.0261,0.0103,0.0044,98.7,99.3,99.5,99.5,99.5,99.7,14042.919921875,CAVALLO ROAD; UP RR,null,null,POINT (-121.797155 37.999977)
RailwayBridge,CA001330,null,null,null,null,D,0,0,5.0,null,0.22777557373046875,8.881070137023926,0.5582232475280762,0.24961048364639282,0.0,0.0,0.0,0.0,0.0,29.523393630981445,0.5,0.9738,0.0157,0.0059,0.0037,0.0006,0.0261,0.0103,0.0044,98.7,99.3,99.5,99.5,99.5,99.7,14042.919921875,L ST; UP RR,null,null,POINT (-121.819895 38.004556)
RailwayBridge,CA001334,null,null,null,null,D,0,0,5.0,null,0.22777557373046875,8.881070137023926,0.5582232475280762,0.24961048364639282,0.0,0.0,0.0,0.0,0.0,29.523393630981445,0.5,0.9738,0.0157,0.0059,0.0037,0.0006,0.0261,0.0103,0.0044,98.7,99.3,99.5,99.5,99.5,99.7,14042.919921875,"ATCHISON, TOPEKA & SANTA FE; STREAM/R...",null,null,POINT (-121.807498 38.016455)
RailwayBridge,CA001343,null,null,null,null,D,0,0,5.0,null,0.21633027493953705,8.538278579711914,0.5344128608703613,0.242532417178154,0.0,0.0,0.0,0.0,0.0,29.523393630981445,0.5,0.9766,0.0142,0.0052,0.0032,0.0005,0.0233,0.0091,0.0038,98.8,99.3,99.5,99.6,99.6,99.8,12187.9794921875,SOUTHERN PACIFIC; CANAL/DITCH,null,null,POINT (-121.684176 37.917982)
RailwayBridge,CA001345,null,null,null,null,D,0,0,5.0,null,0.18962785601615906,8.181800842285156,0.49769753217697144,0.24763405323028564,0.0,0.0,0.0,0.0,0.0,29.523393630981445,0.5,0.9746,0.0153,0.0057,0.0036,0.0006,0.0253,0.01,0.0042,98.7,99.3,99.5,99.5,99.6,99.7,13741.3505859375,"ATCHISON, TOPEKA & SANTA FE; CANAL/DITCH",null,null,POINT (-121.61236 37.940001)
RailwayBridge,CA001353,null,null,null,null,D,0,0,5.0,null,0.20696081221103668,8.135555267333984,0.5083907246589661,0.2299475073814392,0.0,0.0,0.0,0.0,0.0,29.523393630981445,0.5,0.9811,0.0117,0.0041,0.0025,0.0004,0.0188,0.0071,0.0029,99.1,99.5,99.6,99.7,99.7,99.8,9695.759765625,SOUTHERN PACIFIC; PIPELINE,null,null,POINT (-121.71671 37.954105)
RailwayBridge,CA001355,null,null,null,null,D,0,0,5.0,null,0.20696081221103668,8.135555267333984,0.5083907246589661,0.2299475073814392,0.0,0.0,0.0,0.0,0.0,29.523393630981445,0.5,0.9811,0.0117,0.0041,0.0025,0.0004,0.0188,0.0071,0.0029,99.1,99.5,99.6,99.7,99.7,99.8,9695.759765625,SOUTHERN PACIFIC; MARSH CREEK,null,null,POINT (-121.706394 37.942663)
RailwayBridge,CA001357,null,null,null,null,D,0,0,5.0,null,0.20009920001029968,7.23261833190918,0.46664437651634216,0.19327041506767273,0.0,0.0,0.0,0.0,0.0,29.523393630981445,0.5,0.991,0.0058,0.0019,0.001,0.0001,0.0089,0.003,0.0011,99.5,99.7,99.8,99.8,99.8,99.9,3846.440185546875,SOUTHERN PACIFIC; STREAM/RIVER,null,null,POINT (-121.633763 37.861937)
RailwayBridge,CA001360,null,null,null,null,D,0,0,5.0,null,0.2039269059896469,8.07902717590332,0.5036103129386902,0.2297649383544922,0.0,0.0,0.0,0.0,0.0,29.523393630981445,0.5,0.9812,0.0116,0.0041,0.0025,0.0004,0.0187,0.0071,0.0029,99.1,99.5,99.6,99.7,99.7,99.8,9678.6904296875,SOUTHERN PACIFIC; CANAL/DITCH,null,null,POINT (-121.651736 37.881917)
RailwayBridge,CA001363,null,null,null,null,D,0,0,5.0,null,0.20270222425460815,8.17469596862793,0.5067620277404785,0.23597131669521332,0.0,0.0,0.0,0.0,0.0,29.523393630981445,0.5,0.979,0.0128,0.0046,0.0028,0.0004,0.0209,0.008,0.0033,99.0,99.4,99.6,99.6,99.6,99.8,10537.8798828125,SOUTHERN PACIFIC; STREAM/RIVER,null,null,POINT (-121.609422 37.834827)
RailwayBridge,CA001366,null,null,null,null,D,0,0,5.0,null,0.20270222425460815,8.17469596862793,0.5067620277404785,0.23597131669521332,0.0,0.0,0.0,0.0,0.0,29.523393630981445,0.5,0.979,0.0128,0.0046,0.0028,0.0004,0.0209,0.008,0.0033,99.0,99.4,99.6,99.6,99.6,99.8,10537.8798828125,SOUTHERN PACIFIC; BRUSHY CREEK,null,null,POINT (-121.609985 37.835455)
RailwayBridge,CA001369,null,null,null,null,D,0,0,5.0,null,0.2115025371313095,8.528155326843262,0.5292953252792358,0.24595637619495392,0.0,0.0,0.0,0.0,0.0,29.523393630981445,0.5,0.9753,0.0149,0.0055,0.0034,0.0006,0.0246,0.0097,0.0041,98.8,99.3,99.5,99.5,99.6,99.7,13297.5302734375,SOUTHERN PACIFIC; CANAL/DITCH,null,null,POINT (-121.595368 37.822987)
RailwayBridge,CA001371,null,null,null,null,D,0,0,5.0,null,0.2115025371313095,8.528155326843262,0.5292953252792358,0.24595637619495392,0.0,0.0,0.0,0.0,0.0,29.523393630981445,0.5,0.9753,0.0149,0.0055,0.0034,0.0006,0.0246,0.0097,0.0041,98.8,99.3,99.5,99.5,99.6,99.7,13297.5302734375,SOUTHERN PACIFIC; CANAL/DITCH,null,null,POINT (-121.578365 37.81243)
RailwayBridge,CA001377,null,null,null,null,D,0,0,5.0,null,0.321115106344223,11.395089149475098,0.7213207483291626,0.3060084879398346,0.0,0.0,0.0,0.0,0.0,29.523393630981445,0.5,0.9453,0.0303,0.0128,0.0092,0.0021,0.0546,0.0242,0.0113,97.2,98.3,98.8,98.9,98.9,99.4,36034.76953125,INTERSTATE RTE 680; BARTD (C007),null,null,POINT (-122.069615 37.90197)
RailwayBridge,CA001378,null,null,null,null,D,0,0,5.0,null,0.321115106344223,11.395089149475098,0.7213207483291626,0.3060084879398346,0.0,0.0,0.0,0.0,0.0,29.523393630981445,0.5,0.9453,0.0303,0.0128,0.0092,0.0021,0.0546,0.0242,0.0113,97.2,98.3,98.8,98.9,98.9,99.4,36034.76953125,INTERSTATE RTE 680; BARTD (C007),null,null,POINT (-122.069615 37.90197)
RailwayBridge,CA001379,null,null,null,null,D,0,0,5.0,null,0.321115106344223,11.395089149475098,0.7213207483291626,0.3060084879398346,0.0,0.0,0.0,0.0,0.0,29.523393630981445,0.5,0.9453,0.0303,0.0128,0.0092,0.0021,0.0546,0.0242,0.0113,97.2,98.3,98.8,98.9,98.9,99.4,36034.76953125,INTERSTATE RTE 680; BARTD (C007),null,null,POINT (-122.069615 37.90197)
RailwayBridge,CA001385,null,null,null,null,D,0,0,5.0,null,0.321115106344223,11.395089149475098,0.7213207483291626,0.3060084879398346,0.0,0.0,0.0,0.0,0.0,29.523393630981445,0.5,0.9453,0.0303,0.0128,0.0092,0.0021,0.0546,0.0242,0.0113,97.2,98.3,98.8,98.9,98.9,99.4,36034.76953125,INTERSTATE RTE 680; BARTD (C007),null,null,POINT (-122.069615 37.90197)
RailwayBridge,CA001387,null,null,null,null,D,0,0,5.0,null,0.321115106344223,11.395089149475098,0.7213207483291626,0.3060084879398346,0.0,0.0,0.0,0.0,0.0,29.523393630981445,0.5,0.9453,0.0303,0.0128,0.0092,0.0021,0.0546,0.0242,0.0113,97.2,98.3,98.8,98.9,98.9,99.4,36034.76953125,INTERSTATE RTE 680; BARTD (C007),null,null,POINT (-122.069615 37.90197)
RailwayTunnel,CA000001,null,null,null,null,D,0,0,5.0,null,0.2891490161418915,9.848416328430176,0.6430376172065735,0.2624647915363312,0.0,0.0,0.0,0.0,0.0,29.523393630981445,0.5,0.8193,0.1103,0.0702,0.0,0.0,0.1806,0.0702,0.0,99.9,99.9,99.9,99.9,99.9,99.9,1782.2288818359375,BN&SF RR,null,null,POINT (-122.12 37.99333)
RailwayTunnel,CA000002,null,null,null,null,D,0,0,5.0,null,0.32553109526634216,12.258646011352539,0.7515487670898438,0.33662161231040955,0.0,0.0,0.0,0.0,0.0,29.523393630981445,0.5,0.7627,0.1362,0.1009,0.0,0.0,0.2372,0.1009,0.0,99.9,99.9,99.9,99.9,99.9,99.9,52993.24609375,WALNUT CREEK UC (BARTD),null,null,POINT (-122.07666999999999 37.89167)
WasteWaterFlty,CA000009,FALSE,null,DFLT,LC,D,0,0,5.0,null,0.2055048793554306,8.71514892578125,0.5319892168045044,0.26307255029678345,0.0,0.0,0.0,0.0,0.0,29.523393630981445,0.5,0.2998,0.4359,0.2271,0.0343,0.0027,0.7001,0.2641,0.037,46.8,79.9,94.4,96.4,96.8,99.4,13608266.0,IRONHOUSE SD WRF,OAKLEY,CA,POINT (-121.707001 37.997799)
WasteWaterFlty,CA000072,FALSE,null,DFLT,LC,D,0,0,5.0,null,0.1987956464290619,8.536466598510742,0.5197939872741699,0.25990328192710876,0.0,0.0,0.0,0.0,0.0,29.523393630981445,0.5,0.3193,0.4342,0.2136,0.0304,0.0023,0.6806,0.2464,0.0328,48.5,81.1,94.9,96.8,97.1,99.5,12774299.0,DISCOVERY BAY WWTP,DISCOVERY BAY,CA,POINT (-121.586998 37.894699)
WasteWaterFlty,CA000088,FALSE,null,DFLT,LC,D,0,0,5.0,null,0.2821619212627411,10.5068941116333,0.6519501805305481,0.2861925959587097,0.0,0.0,0.0,0.0,0.0,29.523393630981445,0.5,0.1461,0.3945,0.355,0.0932,0.011,0.8538,0.4593,0.1043,32.2,65.9,86.7,90.0,91.0,98.2,24055198.0,RODEO SD WPCF,RODEO,CA,POINT (-122.264 38.0401)
WasteWaterFlty,CA000146,FALSE,null,DFLT,LC,D,0,0,5.0,null,0.305047869682312,12.021832466125488,0.7280945777893066,0.32921820878982544,0.0,0.0,0.0,0.0,0.0,29.523393630981445,0.5,0.1183,0.3705,0.3813,0.1147,0.015,0.8816,0.511,0.1297,29.1,62.0,84.0,87.6,88.8,97.7,27433192.0,CENTRAL CONTRA COSTA SD WWTP,MARTINEZ,CA,POINT (-122.069 37.998501)
WasteWaterFlty,CA000170,FALSE,null,DFLT,LC,D,0,0,5.0,null,0.2773539423942566,10.04581356048584,0.6278798580169678,0.26528066396713257,0.0,0.0,0.0,0.0,0.0,29.523393630981445,0.5,0.1528,0.3992,0.3487,0.0889,0.0102,0.8471,0.4479,0.0992,32.9,66.8,87.2,90.5,91.4,98.3,23351914.0,HERCULES WWTP,HERCULES,CA,POINT (-122.289002 38.016701)
WasteWaterFlty,CA000177,FALSE,null,DFLT,LC,D,0,0,5.0,null,0.2675885558128357,11.3576021194458,0.6570038199424744,0.31031322479248047,0.0,0.0,0.0,0.0,0.0,29.523393630981445,0.5,0.1673,0.4082,0.3352,0.0803,0.0088,0.8326,0.4244,0.0891,34.4,68.5,88.3,91.4,92.3,98.5,21953088.0,UNKNOWN, ,CA,POINT (-122.376 37.941601)
WasteWaterFlty,CA000198,FALSE,null,DFLT,LC,D,0,0,5.0,null,0.24465948343276978,9.492355346679688,0.5979543924331665,0.2650364935398102,0.0,0.0,0.0,0.0,0.0,29.523393630981445,0.5,0.2074,0.4255,0.2995,0.0613,0.006,0.7925,0.3669,0.0674,38.4,72.6,90.8,93.5,94.2,98.9,18739306.0,DELTA DIABLO SAN. DIST. WWTP,ANTIOCH,CA,POINT (-121.842003 38.012501)
WasteWaterFlty,CA000238,FALSE,null,DFLT,LC,D,0,0,5.0,null,0.283579558134079,10.185131072998047,0.6457984447479248,0.2739821970462799,0.0,0.0,0.0,0.0,0.0,29.523393630981445,0.5,0.1442,0.3931,0.3568,0.0945,0.0112,0.8557,0.4626,0.1058,32.0,65.7,86.5,89.8,90.9,98.2,24258102.0,PORT COSTA WWTP,PORT COSTA,CA,POINT (-122.183998 38.048199)
WasteWaterFlty,CA000262,FALSE,null,DFLT,LC,D,0,0,5.0,null,0.20696081221103668,8.135555267333984,0.5083907246589661,0.2299475073814392,0.0,0.0,0.0,0.0,0.0,29.523393630981445,0.5,0.2958,0.4361,0.23,0.0352,0.0028,0.7041,0.268,0.038,46.5,79.6,94.2,96.3,96.7,99.4,13794834.0,BRENTWOOD WWTP,BRENTWOOD,CA,POINT (-121.691002 37.954601)
WasteWaterFlty,CA000267,FALSE,null,DFLT,LC,D,0,0,5.0,null,0.29944267868995667,12.994046211242676,0.7356488108634949,0.3667662739753723,0.0,0.0,0.0,0.0,0.0,29.523393630981445,0.5,0.1246,0.3766,0.3754,0.1094,0.0139,0.8753,0.4987,0.1233,29.8,63.0,84.7,88.2,89.4,97.8,26597506.0,STEGE SD-WET WTHR SEWER BYPASS,EL CERRITO,CA,POINT (-122.300003 37.918201)
WasteWaterFlty,CA000277,FALSE,null,DFLT,LC,D,0,0,5.0,null,0.2675885558128357,11.3576021194458,0.6570038199424744,0.31031322479248047,0.0,0.0,0.0,0.0,0.0,29.523393630981445,0.5,0.1673,0.4082,0.3352,0.0803,0.0088,0.8326,0.4244,0.0891,34.4,68.5,88.3,91.4,92.3,98.5,21953088.0,UNKNOWN, ,CA,POINT (-122.376 37.941601)
WasteWaterFlty,CA000289,FALSE,null,DFLT,LC,D,0,0,5.0,null,0.2891490161418915,9.848416328430176,0.6430376172065735,0.2624647915363312,0.0,0.0,0.0,0.0,0.0,29.523393630981445,0.5,0.137,0.3874,0.3636,0.0997,0.0121,0.8629,0.4755,0.1118,31.2,64.7,85.9,89.3,90.4,98.1,25075730.0,MT VIEW SD WWTP,MARTINEZ,CA,POINT (-122.099999 38.0196)
WasteWaterFlty,CA000326,FALSE,null,DFLT,LC,D,0,0,5.0,null,0.2773539423942566,10.04581356048584,0.6278798580169678,0.26528066396713257,0.0,0.0,0.0,0.0,0.0,29.523393630981445,0.5,0.1528,0.3992,0.3487,0.0889,0.0102,0.8471,0.4479,0.0992,32.9,66.8,87.2,90.5,91.4,98.3,23351914.0,PINOLE-HERCULES WPCP,PINOLE,CA,POINT (-122.295998 38.012901)
WasteWaterFlty,CA000341,FALSE,null,DFLT,LC,D,0,0,5.0,null,0.20771299302577972,6.336288928985596,0.387533575296402,0.13634732365608215,0.0,0.0,0.0,0.0,0.0,29.523393630981445,0.5,0.2937,0.4362,0.2315,0.0356,0.0028,0.7062,0.27,0.0385,46.3,79.5,94.2,96.3,96.7,99.4,13875651.0,WEST COUNTY AGENCY COMMON OUTFALL,RICHMOND,CA,POINT (-122.377998 37.920898)
