{
"type": "FeatureCollection",
"features": [
{ "type": "Feature", "properties": { "FacilityType": "AirportFlty", "FacilityId": "CA000043", "Anchor": "FALSE", "FoundationType": "null", "eqBldgType": "DFLT", "DesignLevel": "LC", "SoilType": "D", "LqfSusCat": 0, "LndSusCat": 0, "WaterDepth": 5.0, "Distance": "null", "PGA": 0.20009920001029968, "PGV": 7.2326183319091797, "Sa03": 0.46664437651634216, "Sa10": 0.19327041506767273, "LqfSettlPGD": 0.0, "LqfSprPGD": 0.0, "LqfProb": 0.0, "LndPGD": 0.0, "LndProb": 0.0, "SufFltRuptPGD": 29.523393630981445, "SurfFltRuptProb": 0.5, "PDsNone": 0.1608, "PDsSlight": 0.6779, "PDsModerate": 0.1243, "PDsExtensive": 0.0315, "PDsComplete": 0.0052, "PDsExceedSlight": 0.8391, "PDsExceedModerate": 0.1612, "PDsExceedExtensive": 0.0368, "FunctDay1": 89.0, "FunctDay3": 94.9, "FunctDay7": 96.9, "FunctDay14": 97.1, "FunctDay30": 97.4, "FunctDay90": 98.9, "EconLoss": 783923.0625, "Name": "BYRON", "City": "CONCORD", "State": "CA" }, "geometry": { "type": "Point", "coordinates": [ -121.625833, 37.828444 ] } },
{ "type": "Feature", "properties": { "FacilityType": "AirportFlty", "FacilityId": "CA000077", "Anchor": "FALSE", "FoundationType": "null", "eqBldgType": "DFLT", "DesignLevel": "LC", "SoilType": "D", "LqfSusCat": 0, "LndSusCat": 0, "WaterDepth": 5.0, "Distance": "null", "PGA": 0.30504786968231201, "PGV": 12.021832466125488, "Sa03": 0.72809457778930664, "Sa10": 0.32921820878982544, "LqfSettlPGD": 0.0, "LqfSprPGD": 0.0, "LqfProb": 0.0, "LndPGD": 0.0, "LndProb": 0.0, "SufFltRuptPGD": 29.523393630981445, "SurfFltRuptProb": 0.5, "PDsNone": 0.0555, "PDsSlight": 0.5951, "PDsModerate": 0.2316, "PDsExtensive": 0.0924, "PDsComplete": 0.0251, "PDsExceedSlight": 0.9444, "PDsExceedModerate": 0.3493, "PDsExceedExtensive": 0.1176, "FunctDay1": 75.3, "FunctDay3": 86.4, "FunctDay7": 90.3, "FunctDay14": 90.7, "FunctDay30": 91.8, "FunctDay90": 96.2, "EconLoss": 3354626.75, "Name": "BUCHANAN FIELD", "City": "CONCORD", "State": "CA" }, "geometry": { "type": "Point", "coordinates": [ -122.056902, 37.989657 ] } },
{ "type": "Feature", "properties": { "FacilityType": "AirportFlty", "FacilityId": "CA000078", "Anchor": "FALSE", "FoundationType": "null", "eqBldgType": "DFLT", "DesignLevel": "LC", "SoilType": "D", "LqfSusCat": 0, "LndSusCat": 0, "WaterDepth": 5.0, "Distance": "null", "PGA": 0.27343964576721191, "PGV": 14.547263145446777, "Sa03": 0.74149256944656372, "Sa10": 0.49189117550849915, "LqfSettlPGD": 0.0, "LqfSprPGD": 0.0, "LqfProb": 0.0, "LndPGD": 0.0, "LndProb": 0.0, "SufFltRuptPGD": 29.523393630981445, "SurfFltRuptProb": 0.5, "PDsNone": 0.0753, "PDsSlight": 0.6312, "PDsModerate": 0.2037, "PDsExtensive": 0.0723, "PDsComplete": 0.0173, "PDsExceedSlight": 0.9246, "PDsExceedModerate": 0.2934, "PDsExceedExtensive": 0.0896, "FunctDay1": 79.5, "FunctDay3": 89.2, "FunctDay7": 92.6, "FunctDay14": 92.9, "FunctDay30": 93.7, "FunctDay90": 97.2, "EconLoss": 1164622.125, "Name": "Q AREA", "City": "CONCORD", "State": "CA" }, "geometry": { "type": "Point", "coordinates": [ -122.007289, 38.045142 ] } },
{ "type": "Feature", "properties": { "FacilityType": "CommunicationFlty", "FacilityId": "CA000043", "Anchor": "FALSE", "FoundationType": "null", "eqBldgType": "DFLT", "DesignLevel": "LC", "SoilType": "D", "LqfSusCat": 0, "LndSusCat": 0, "WaterDepth": 5.0, "Distance": "null", "PGA": 0.26402413845062256, "PGV": 8.7904863357543945, "Sa03": 0.57512694597244263, "Sa10": 0.2169787585735321, "LqfSettlPGD": 0.0, "LqfSprPGD": 0.0, "LqfProb": 0.0, "LndPGD": 0.0, "LndProb": 0.0, "SufFltRuptPGD": 29.523393630981445, "SurfFltRuptProb": 0.5, "PDsNone": 0.0988, "PDsSlight": 0.3889, "PDsModerate": 0.3269, "PDsExtensive": 0.1712, "PDsComplete": 0.014, "PDsExceedSlight": 0.9011, "PDsExceedModerate": 0.5122, "PDsExceedExtensive": 0.1852, "FunctDay1": 68.4, "FunctDay3": 85.8, "FunctDay7": 90.3, "FunctDay14": 96.2, "FunctDay30": 99.1, "FunctDay90": 99.8, "EconLoss": 34030.2578125, "Name": "KFTL  CH  64", "City": "STOCKTON", "State": "CA" }, "geometry": { "type": "Point", "coordinates": [ -121.90051, 37.89298 ] } },
{ "type": "Feature", "properties": { "FacilityType": "CommunicationFlty", "FacilityId": "CA000044", "Anchor": "FALSE", "FoundationType": "null", "eqBldgType": "DFLT", "DesignLevel": "LC", "SoilType": "D", "LqfSusCat": 0, "LndSusCat": 0, "WaterDepth": 5.0, "Distance": "null", "PGA": 0.26402413845062256, "PGV": 8.7904863357543945, "Sa03": 0.57512694597244263, "Sa10": 0.2169787585735321, "LqfSettlPGD": 0.0, "LqfSprPGD": 0.0, "LqfProb": 0.0, "LndPGD": 0.0, "LndProb": 0.0, "SufFltRuptPGD": 29.523393630981445, "SurfFltRuptProb": 0.5, "PDsNone": 0.0988, "PDsSlight": 0.3889, "PDsModerate": 0.3269, "PDsExtensive": 0.1712, "PDsComplete": 0.014, "PDsExceedSlight": 0.9011, "PDsExceedModerate": 0.5122, "PDsExceedExtensive": 0.1852, "FunctDay1": 68.4, "FunctDay3": 85.8, "FunctDay7": 90.3, "FunctDay14": 96.2, "FunctDay30": 99.1, "FunctDay90": 99.8, "EconLoss": 34030.2578125, "Name": "KTNC-TV  CH  42", "City": "CONCORD", "State": "CA" }, "geometry": { "type": "Point", "coordinates": [ -121.89912, 37.8927 ] } },
{ "type": "Feature", "properties": { "FacilityType": "CommunicationFlty", "FacilityId": "CA000197", "Anchor": "FALSE", "FoundationType": "null", "eqBldgType": "DFLT", "DesignLevel": "LC", "SoilType": "D", "LqfSusCat": 0, "LndSusCat": 0, "WaterDepth": 5.0, "Distance": "null", "PGA": 0.29740694165229797, "PGV": 11.480756759643555, "Sa03": 0.70742017030715942, "Sa10": 0.31338182091712952, "LqfSettlPGD": 0.0, "LqfSprPGD": 0.0, "LqfProb": 0.0, "LndPGD": 0.0, "LndProb": 0.0, "SufFltRuptPGD": 29.523393630981445, "SurfFltRuptProb": 0.5, "PDsNone": 0.0662, "PDsSlight": 0.3278, "PDsModerate": 0.365, "PDsExtensive": 0.2183, "PDsComplete": 0.0225, "PDsExceedSlight": 0.9337, "PDsExceedModerate": 0.6059, "PDsExceedExtensive": 0.2408, "FunctDay1": 62.0, "FunctDay3": 81.6, "FunctDay7": 87.2, "FunctDay14": 94.8, "FunctDay30": 98.6, "FunctDay90": 99.7, "EconLoss": 40015.09765625, "Name": "KCKC   1480", "City": "CONCORD", "State": "CA" }, "geometry": { "type": "Point", "coordinates": [ -121.94635, 37.96242 ] } },
{ "type": "Feature", "properties": { "FacilityType": "CommunicationFlty", "FacilityId": "CA000394", "Anchor": "FALSE", "FoundationType": "null", "eqBldgType": "DFLT", "DesignLevel": "LC", "SoilType": "D", "LqfSusCat": 0, "LndSusCat": 0, "WaterDepth": 5.0, "Distance": "null", "PGA": 0.24413135647773743, "PGV": 8.2687568664550781, "Sa03": 0.51250219345092773, "Sa10": 0.19292740523815155, "LqfSettlPGD": 0.0, "LqfSprPGD": 0.0, "LqfProb": 0.0, "LndPGD": 0.0, "LndProb": 0.0, "SufFltRuptPGD": 29.523393630981445, "SurfFltRuptProb": 0.5, "PDsNone": 0.1259, "PDsSlight": 0.4241, "PDsModerate": 0.2964, "PDsExtensive": 0.1433, "PDsComplete": 0.0101, "PDsExceedSlight": 0.874, "PDsExceedModerate": 0.4498, "PDsExceedExtensive": 0.1534, "FunctDay1": 72.5, "FunctDay3": 88.2, "FunctDay7": 92.0, "FunctDay14": 96.9, "FunctDay30": 99.3, "FunctDay90": 99.8, "EconLoss": 30280.923828125, "Name": "KNEW   910", "City": "OAKLAND", "State": "CA" }, "geometry": { "type": "Point", "coordinates": [ -122.3258, 37.89492 ] } },
{ "type": "Feature", "properties": { "FacilityType": "CommunicationFlty", "FacilityId": "CA000444", "Anchor": "FALSE", "FoundationType": "null", "eqBldgType": "DFLT", "DesignLevel": "LC", "SoilType": "D", "LqfSusCat": 0, "LndSusCat": 0, "WaterDepth": 5.0, "Distance": "null", "PGA": 0.31861957907676697, "PGV": 10.963915824890137, "Sa03": 0.69456857442855835, "Sa10": 0.28741380572319031, "LqfSettlPGD": 0.0, "LqfSprPGD": 0.0, "LqfProb": 0.0, "LndPGD": 0.0, "LndProb": 0.0, "SufFltRuptPGD": 29.523393630981445, "SurfFltRuptProb": 0.5, "PDsNone": 0.0515, "PDsSlight": 0.2905, "PDsModerate": 0.381, "PDsExtensive": 0.2476, "PDsComplete": 0.0292, "PDsExceedSlight": 0.9484, "PDsExceedModerate": 0.6578, "PDsExceedExtensive": 0.2768, "FunctDay1": 58.3, "FunctDay3": 78.9, "FunctDay7": 85.2, "FunctDay14": 93.8, "FunctDay30": 98.2, "FunctDay90": 99.6, "EconLoss": 43594.2734375, "Name": "KSMC  CH 208", "City": "MORAGA", "State": "CA" }, "geometry": { "type": "Point", "coordinates": [ -122.11108, 37.8402 ] } },
{ "type": "Feature", "properties": { "FacilityType": "CommunicationFlty", "FacilityId": "CA000562", "Anchor": "FALSE", "FoundationType": "null", "eqBldgType": "DFLT", "DesignLevel": "LC", "SoilType": "D", "LqfSusCat": 0, "LndSusCat": 0, "WaterDepth": 5.0, "Distance": "null", "PGA": 0.27343964576721191, "PGV": 14.547263145446777, "Sa03": 0.74149256944656372, "Sa10": 0.49189117550849915, "LqfSettlPGD": 0.0, "LqfSprPGD": 0.0, "LqfProb": 0.0, "LndPGD": 0.0, "LndProb": 0.0, "SufFltRuptPGD": 29.523393630981445, "SurfFltRuptProb": 0.5, "PDsNone": 0.0882, "PDsSlight": 0.3716, "PDsModerate": 0.3393, "PDsExtensive": 0.1845, "PDsComplete": 0.0162, "PDsExceedSlight": 0.9117, "PDsExceedModerate": 0.5401, "PDsExceedExtensive": 0.2007, "FunctDay1": 66.5, "FunctDay3": 84.6, "FunctDay7": 89.4, "FunctDay14": 95.8, "FunctDay30": 98.9, "FunctDay90": 99.8, "EconLoss": 35763.9140625, "Name": "KVHS  CH 213", "City": "CONCORD", "State": "CA" }, "geometry": { "type": "Point", "coordinates": [ -122.00218, 38.0302 ] } },
{ "type": "Feature", "properties": { "FacilityType": "CommunicationFlty", "FacilityId": "CA000582", "Anchor": "FALSE", "FoundationType": "null", "eqBldgType": "DFLT", "DesignLevel": "LC", "SoilType": "D", "LqfSusCat": 0, "LndSusCat": 0, "WaterDepth": 5.0, "Distance": "null", "PGA": 0.29944267868995667, "PGV": 12.994046211242676, "Sa03": 0.73564881086349487, "Sa10": 0.36676627397537231, "LqfSettlPGD": 0.0, "LqfSprPGD": 0.0, "LqfProb": 0.0, "LndPGD": 0.0, "LndProb": 0.0, "SufFltRuptPGD": 29.523393630981445, "SurfFltRuptProb": 0.5, "PDsNone": 0.0646, "PDsSlight": 0.3241, "PDsModerate": 0.3668, "PDsExtensive": 0.2211, "PDsComplete": 0.0231, "PDsExceedSlight": 0.9353, "PDsExceedModerate": 0.6112, "PDsExceedExtensive": 0.2443, "FunctDay1": 61.7, "FunctDay3": 81.3, "FunctDay7": 87.0, "FunctDay14": 94.7, "FunctDay30": 98.5, "FunctDay90": 99.7, "EconLoss": 40362.13671875, "Name": "KECG  CH 201", "City": "EL CERRITO", "State": "CA" }, "geometry": { "type": "Point", "coordinates": [ -122.29525, 37.90826 ] } },
{ "type": "Feature", "properties": { "FacilityType": "CommunicationFlty", "FacilityId": "CA000679", "Anchor": "FALSE", "FoundationType": "null", "eqBldgType": "DFLT", "DesignLevel": "LC", "SoilType": "D", "LqfSusCat": 0, "LndSusCat": 0, "WaterDepth": 5.0, "Distance": "null", "PGA": 0.32553109526634216, "PGV": 12.258646011352539, "Sa03": 0.75154876708984375, "Sa10": 0.33662161231040955, "LqfSettlPGD": 0.0, "LqfSprPGD": 0.0, "LqfProb": 0.0, "LndPGD": 0.0, "LndProb": 0.0, "SufFltRuptPGD": 29.523393630981445, "SurfFltRuptProb": 0.5, "PDsNone": 0.0475, "PDsSlight": 0.2789, "PDsModerate": 0.3849, "PDsExtensive": 0.2569, "PDsComplete": 0.0315, "PDsExceedSlight": 0.9524, "PDsExceedModerate": 0.6734, "PDsExceedExtensive": 0.2885, "FunctDay1": 57.2, "FunctDay3": 78.1, "FunctDay7": 84.6, "FunctDay14": 93.5, "FunctDay30": 98.0, "FunctDay90": 99.6, "EconLoss": 44704.65625, "Name": "KFJO  CH 211", "City": "WALNUT CREEK", "State": "CA" }, "geometry": { "type": "Point", "coordinates": [ -122.09496, 37.89965 ] } },
{ "type": "Feature", "properties": { "FacilityType": "CommunicationFlty", "FacilityId": "CA000930", "Anchor": "FALSE", "FoundationType": "null", "eqBldgType": "DFLT", "DesignLevel": "LC", "SoilType": "D", "LqfSusCat": 0, "LndSusCat": 0, "WaterDepth": 5.0, "Distance": "null", "PGA": 0.24457155168056488, "PGV": 8.5601329803466797, "Sa03": 0.55401581525802612, "Sa10": 0.23476307094097137, "LqfSettlPGD": 0.0, "LqfSprPGD": 0.0, "LqfProb": 0.0, "LndPGD": 0.0, "LndProb": 0.0, "SufFltRuptPGD": 29.523393630981445, "SurfFltRuptProb": 0.5, "PDsNone": 0.1252, "PDsSlight": 0.4234, "PDsModerate": 0.2971, "PDsExtensive": 0.1439, "PDsComplete": 0.0101, "PDsExceedSlight": 0.8747, "PDsExceedModerate": 0.4513, "PDsExceedExtensive": 0.1541, "FunctDay1": 72.4, "FunctDay3": 88.1, "FunctDay7": 91.9, "FunctDay14": 96.9, "FunctDay30": 99.3, "FunctDay90": 99.8, "EconLoss": 30354.0859375, "Name": "KSTN-FM  CH 297", "City": "STOCKTON", "State": "CA" }, "geometry": { "type": "Point", "coordinates": [ -121.78134, 37.82131 ] } },
{ "type": "Feature", "properties": { "FacilityType": "ElectricPowerFlty", "FacilityId": "CA000016", "Anchor": "FALSE", "FoundationType": "null", "eqBldgType": "DFLT", "DesignLevel": "LC", "SoilType": "D", "LqfSusCat": 0, "LndSusCat": 0, "WaterDepth": 5.0, "Distance": "null", "PGA": 0.2888011634349823, "PGV": 15.714386940002441, "Sa03": 0.76704096794128418, "Sa10": 0.52228081226348877, "LqfSettlPGD": 0.0, "LqfSprPGD": 0.0, "LqfProb": 0.0, "LndPGD": 0.0, "LndProb": 0.0, "SufFltRuptPGD": 29.523393630981445, "SurfFltRuptProb": 0.5, "PDsNone": 0.0169, "PDsSlight": 0.1276, "PDsModerate": 0.6284, "PDsExtensive": 0.1244, "PDsComplete": 0.1024, "PDsExceedSlight": 0.983, "PDsExceedModerate": 0.8554, "PDsExceedExtensive": 0.2269, "FunctDay1": 31.3, "FunctDay3": 44.1, "FunctDay7": 69.6, "FunctDay14": 81.9, "FunctDay30": 86.6, "FunctDay90": 97.8, "EconLoss": 8489969.0, "Name": "MARTINEZ SULFURIC ACID REGENERATION PLT", "City": "MARTINEZ", "State": "CA" }, "geometry": { "type": "Point", "coordinates": [ -122.116022, 38.033075 ] } },
{ "type": "Feature", "properties": { "FacilityType": "ElectricPowerFlty", "FacilityId": "CA000022", "Anchor": "FALSE", "FoundationType": "null", "eqBldgType": "DFLT", "DesignLevel": "LC", "SoilType": "D", "LqfSusCat": 0, "LndSusCat": 0, "WaterDepth": 5.0, "Distance": "null", "PGA": 0.20283620059490204, "PGV": 7.0127658843994141, "Sa03": 0.45789074897766113, "Sa10": 0.18078689277172089, "LqfSettlPGD": 0.0, "LqfSprPGD": 0.0, "LqfProb": 0.0, "LndPGD": 0.0, "LndProb": 0.0, "SufFltRuptPGD": 29.523393630981445, "SurfFltRuptProb": 0.5, "PDsNone": 0.0786, "PDsSlight": 0.2833, "PDsModerate": 0.5652, "PDsExtensive": 0.0446, "PDsComplete": 0.028, "PDsExceedSlight": 0.9213, "PDsExceedModerate": 0.638, "PDsExceedExtensive": 0.0727, "FunctDay1": 50.2, "FunctDay3": 61.5, "FunctDay7": 84.0, "FunctDay14": 94.2, "FunctDay30": 95.9, "FunctDay90": 99.4, "EconLoss": 22317776.0, "Name": "BUENA VISTA ENERGY LLC", "City": "BYRON", "State": "CA" }, "geometry": { "type": "Point", "coordinates": [ -121.6672, 37.805 ] } },
{ "type": "Feature", "properties": { "FacilityType": "ElectricPowerFlty", "FacilityId": "CA000029", "Anchor": "FALSE", "FoundationType": "null", "eqBldgType": "DFLT", "DesignLevel": "LC", "SoilType": "D", "LqfSusCat": 0, "LndSusCat": 0, "WaterDepth": 5.0, "Distance": "null", "PGA": 0.28632470965385437, "PGV": 10.346205711364746, "Sa03": 0.65192687511444092, "Sa10": 0.27895393967628479, "LqfSettlPGD": 0.0, "LqfSprPGD": 0.0, "LqfProb": 0.0, "LndPGD": 0.0, "LndProb": 0.0, "SufFltRuptPGD": 29.523393630981445, "SurfFltRuptProb": 0.5, "PDsNone": 0.0176, "PDsSlight": 0.1308, "PDsModerate": 0.6296, "PDsExtensive": 0.122, "PDsComplete": 0.0996, "PDsExceedSlight": 0.9823, "PDsExceedModerate": 0.8514, "PDsExceedExtensive": 0.2217, "FunctDay1": 31.7, "FunctDay3": 44.5, "FunctDay7": 70.1, "FunctDay14": 82.4, "FunctDay30": 86.9, "FunctDay90": 97.9, "EconLoss": 19749168.0, "Name": "PHILLIPS 66 CARBON PLANT", "City": "RODEO", "State": "CA" }, "geometry": { "type": "Point", "coordinates": [ -122.2344, 38.018056 ] } },
{ "type": "Feature", "properties": { "FacilityType": "ElectricPowerFlty", "FacilityId": "CA000141", "Anchor": "FALSE", "FoundationType": "null", "eqBldgType": "DFLT", "DesignLevel": "LC", "SoilType": "D", "LqfSusCat": 0, "LndSusCat": 0, "WaterDepth": 5.0, "Distance": "null", "PGA": 0.24465948343276978, "PGV": 9.4923553466796875, "Sa03": 0.5979543924331665, "Sa10": 0.26503649353981018, "LqfSettlPGD": 0.0, "LqfSprPGD": 0.0, "LqfProb": 0.0, "LndPGD": 0.0, "LndProb": 0.0, "SufFltRuptPGD": 29.523393630981445, "SurfFltRuptProb": 0.5, "PDsNone": 0.0367, "PDsSlight": 0.1964, "PDsModerate": 0.6268, "PDsExtensive": 0.0816, "PDsComplete": 0.0582, "PDsExceedSlight": 0.9632, "PDsExceedModerate": 0.7667, "PDsExceedExtensive": 0.1398, "FunctDay1": 39.4, "FunctDay3": 52.1, "FunctDay7": 77.2, "FunctDay14": 88.9, "FunctDay30": 91.9, "FunctDay90": 98.7, "EconLoss": 18265236.0, "Name": "COLUMBIA 1", "City": "UNINCORPORATED", "State": "CA" }, "geometry": { "type": "Point", "coordinates": [ -121.863859, 38.0195 ] } },
{ "type": "Feature", "properties": { "FacilityType": "ElectricPowerFlty", "FacilityId": "CA000235", "Anchor": "FALSE", "FoundationType": "null", "eqBldgType": "DFLT", "DesignLevel": "LC", "SoilType": "D", "LqfSusCat": 0, "LndSusCat": 0, "WaterDepth": 5.0, "Distance": "null", "PGA": 0.28357955813407898, "PGV": 10.185131072998047, "Sa03": 0.6457984447479248, "Sa10": 0.27398219704627991, "LqfSettlPGD": 0.0, "LqfSprPGD": 0.0, "LqfProb": 0.0, "LndPGD": 0.0, "LndProb": 0.0, "SufFltRuptPGD": 29.523393630981445, "SurfFltRuptProb": 0.5, "PDsNone": 0.0185, "PDsSlight": 0.1345, "PDsModerate": 0.6308, "PDsExtensive": 0.1194, "PDsComplete": 0.0966, "PDsExceedSlight": 0.9814, "PDsExceedModerate": 0.8469, "PDsExceedExtensive": 0.216, "FunctDay1": 32.1, "FunctDay3": 45.0, "FunctDay7": 70.5, "FunctDay14": 82.8, "FunctDay30": 87.2, "FunctDay90": 98.0, "EconLoss": 16657809.0, "Name": "C&H SUGAR PLANT", "City": "CROCKETT", "State": "CA" }, "geometry": { "type": "Point", "coordinates": [ -122.218889, 38.057222 ] } },
{ "type": "Feature", "properties": { "FacilityType": "ElectricPowerFlty", "FacilityId": "CA000250", "Anchor": "FALSE", "FoundationType": "null", "eqBldgType": "DFLT", "DesignLevel": "LC", "SoilType": "D", "LqfSusCat": 0, "LndSusCat": 0, "WaterDepth": 5.0, "Distance": "null", "PGA": 0.26758855581283569, "PGV": 11.357602119445801, "Sa03": 0.65700381994247437, "Sa10": 0.31031322479248047, "LqfSettlPGD": 0.0, "LqfSprPGD": 0.0, "LqfProb": 0.0, "LndPGD": 0.0, "LndProb": 0.0, "SufFltRuptPGD": 29.523393630981445, "SurfFltRuptProb": 0.5, "PDsNone": 0.0504, "PDsSlight": 0.3104, "PDsModerate": 0.5259, "PDsExtensive": 0.0979, "PDsComplete": 0.0151, "PDsExceedSlight": 0.9495, "PDsExceedModerate": 0.639, "PDsExceedExtensive": 0.1131, "FunctDay1": 50.0, "FunctDay3": 60.7, "FunctDay7": 81.9, "FunctDay14": 92.0, "FunctDay30": 95.2, "FunctDay90": 99.6, "EconLoss": 74371640.0, "Name": "RICHMOND COGEN", "City": "RICHMOND", "State": "CA" }, "geometry": { "type": "Point", "coordinates": [ -122.390557, 37.942586 ] } },
{ "type": "Feature", "properties": { "FacilityType": "ElectricPowerFlty", "FacilityId": "CA000305", "Anchor": "FALSE", "FoundationType": "null", "eqBldgType": "DFLT", "DesignLevel": "LC", "SoilType": "D", "LqfSusCat": 0, "LndSusCat": 0, "WaterDepth": 5.0, "Distance": "null", "PGA": 0.21277272701263428, "PGV": 8.3652181625366211, "Sa03": 0.52310192584991455, "Sa10": 0.23649340867996216, "LqfSettlPGD": 0.0, "LqfSprPGD": 0.0, "LqfProb": 0.0, "LndPGD": 0.0, "LndProb": 0.0, "SufFltRuptPGD": 29.523393630981445, "SurfFltRuptProb": 0.5, "PDsNone": 0.1041, "PDsSlight": 0.42, "PDsModerate": 0.4281, "PDsExtensive": 0.0432, "PDsComplete": 0.0043, "PDsExceedSlight": 0.8958, "PDsExceedModerate": 0.4757, "PDsExceedExtensive": 0.0476, "FunctDay1": 63.1, "FunctDay3": 71.7, "FunctDay7": 88.8, "FunctDay14": 96.6, "FunctDay30": 98.0, "FunctDay90": 99.8, "EconLoss": 238793440.0, "Name": "OAKLEY GENERATING STATION", "City": "OAKLEY", "State": "CA" }, "geometry": { "type": "Point", "coordinates": [ -121.7475, 38.01 ] } },
{ "type": "Feature", "properties": { "FacilityType": "ElectricPowerFlty", "FacilityId": "CA000353", "Anchor": "FALSE", "FoundationType": "null", "eqBldgType": "DFLT", "DesignLevel": "LC", "SoilType": "D", "LqfSusCat": 0, "LndSusCat": 0, "WaterDepth": 5.0, "Distance": "null", "PGA": 0.24450528621673584, "PGV": 12.875670433044434, "Sa03": 0.68584281206130981, "Sa10": 0.43737316131591797, "LqfSettlPGD": 0.0, "LqfSprPGD": 0.0, "LqfProb": 0.0, "LndPGD": 0.0, "LndProb": 0.0, "SufFltRuptPGD": 29.523393630981445, "SurfFltRuptProb": 0.5, "PDsNone": 0.068, "PDsSlight": 0.3557, "PDsModerate": 0.4939, "PDsExtensive": 0.0727, "PDsComplete": 0.0094, "PDsExceedSlight": 0.9319, "PDsExceedModerate": 0.5761, "PDsExceedExtensive": 0.0822, "FunctDay1": 55.1, "FunctDay3": 65.1, "FunctDay7": 84.9, "FunctDay14": 94.2, "FunctDay30": 96.5, "FunctDay90": 99.7, "EconLoss": 289613952.0, "Name": "LOS MEDANOS ENERGY CENTER", "City": "PITTSBURG", "State": "CA" }, "geometry": { "type": "Point", "coordinates": [ -121.873004, 38.030071 ] } },
{ "type": "Feature", "properties": { "FacilityType": "ElectricPowerFlty", "FacilityId": "CA000383", "Anchor": "FALSE", "FoundationType": "null", "eqBldgType": "DFLT", "DesignLevel": "LC", "SoilType": "D", "LqfSusCat": 0, "LndSusCat": 0, "WaterDepth": 5.0, "Distance": "null", "PGA": 0.24465948343276978, "PGV": 9.4923553466796875, "Sa03": 0.5979543924331665, "Sa10": 0.26503649353981018, "LqfSettlPGD": 0.0, "LqfSprPGD": 0.0, "LqfProb": 0.0, "LndPGD": 0.0, "LndProb": 0.0, "SufFltRuptPGD": 29.523393630981445, "SurfFltRuptProb": 0.5, "PDsNone": 0.0679, "PDsSlight": 0.3554, "PDsModerate": 0.4941, "PDsExtensive": 0.0728, "PDsComplete": 0.0095, "PDsExceedSlight": 0.932, "PDsExceedModerate": 0.5765, "PDsExceedExtensive": 0.0824, "FunctDay1": 55.1, "FunctDay3": 65.1, "FunctDay7": 84.9, "FunctDay14": 94.2, "FunctDay30": 96.5, "FunctDay90": 99.7, "EconLoss": 403180288.0, "Name": "DELTA ENERGY CENTER", "City": "PITTSBURGH", "State": "CA" }, "geometry": { "type": "Point", "coordinates": [ -121.845152, 38.017125 ] } },
{ "type": "Feature", "properties": { "FacilityType": "ElectricPowerFlty", "FacilityId": "CA000409", "Anchor": "FALSE", "FoundationType": "null", "eqBldgType": "DFLT", "DesignLevel": "LC", "SoilType": "D", "LqfSusCat": 0, "LndSusCat": 0, "WaterDepth": 5.0, "Distance": "null", "PGA": 0.28914901614189148, "PGV": 9.8484163284301758, "Sa03": 0.64303761720657349, "Sa10": 0.26246479153633118, "LqfSettlPGD": 0.0, "LqfSprPGD": 0.0, "LqfProb": 0.0, "LndPGD": 0.0, "LndProb": 0.0, "SufFltRuptPGD": 29.523393630981445, "SurfFltRuptProb": 0.5, "PDsNone": 0.0383, "PDsSlight": 0.2712, "PDsModerate": 0.5446, "PDsExtensive": 0.1235, "PDsComplete": 0.0222, "PDsExceedSlight": 0.9616, "PDsExceedModerate": 0.6903, "PDsExceedExtensive": 0.1457, "FunctDay1": 45.7, "FunctDay3": 56.8, "FunctDay7": 79.0, "FunctDay14": 89.7, "FunctDay30": 93.6, "FunctDay90": 99.5, "EconLoss": 52493980.0, "Name": "MARTINEZ REFINING", "City": "MARTINEZ", "State": "CA" }, "geometry": { "type": "Point", "coordinates": [ -122.1117, 38.0169 ] } },
{ "type": "Feature", "properties": { "FacilityType": "ElectricPowerFlty", "FacilityId": "CA000411", "Anchor": "FALSE", "FoundationType": "null", "eqBldgType": "DFLT", "DesignLevel": "LC", "SoilType": "D", "LqfSusCat": 0, "LndSusCat": 0, "WaterDepth": 5.0, "Distance": "null", "PGA": 0.21277272701263428, "PGV": 8.3652181625366211, "Sa03": 0.52310192584991455, "Sa10": 0.23649340867996216, "LqfSettlPGD": 0.0, "LqfSprPGD": 0.0, "LqfProb": 0.0, "LndPGD": 0.0, "LndProb": 0.0, "SufFltRuptPGD": 29.523393630981445, "SurfFltRuptProb": 0.5, "PDsNone": 0.1041, "PDsSlight": 0.42, "PDsModerate": 0.4281, "PDsExtensive": 0.0432, "PDsComplete": 0.0043, "PDsExceedSlight": 0.8958, "PDsExceedModerate": 0.4757, "PDsExceedExtensive": 0.0476, "FunctDay1": 63.1, "FunctDay3": 71.7, "FunctDay7": 88.8, "FunctDay14": 96.6, "FunctDay30": 98.0, "FunctDay90": 99.8, "EconLoss": 294096352.0, "Name": "MARSH LANDING GENERATING STATION", "City": "ANTIOCH", "State": "CA" }, "geometry": { "type": "Point", "coordinates": [ -121.765, 38.016944 ] } },
{ "type": "Feature", "properties": { "FacilityType": "ElectricPowerFlty", "FacilityId": "CA000486", "Anchor": "FALSE", "FoundationType": "null", "eqBldgType": "DFLT", "DesignLevel": "LC", "SoilType": "D", "LqfSusCat": 0, "LndSusCat": 0, "WaterDepth": 5.0, "Distance": "null", "PGA": 0.21277272701263428, "PGV": 8.3652181625366211, "Sa03": 0.52310192584991455, "Sa10": 0.23649340867996216, "LqfSettlPGD": 0.0, "LqfSprPGD": 0.0, "LqfProb": 0.0, "LndPGD": 0.0, "LndProb": 0.0, "SufFltRuptPGD": 29.523393630981445, "SurfFltRuptProb": 0.5, "PDsNone": 0.1041, "PDsSlight": 0.42, "PDsModerate": 0.4281, "PDsExtensive": 0.0432, "PDsComplete": 0.0043, "PDsExceedSlight": 0.8958, "PDsExceedModerate": 0.4757, "PDsExceedExtensive": 0.0476, "FunctDay1": 63.1, "FunctDay3": 71.7, "FunctDay7": 88.8, "FunctDay14": 96.6, "FunctDay30": 98.0, "FunctDay90": 99.8, "EconLoss": 220110496.0, "Name": "GATEWAY GENERATING STATION", "City": "ANTIOCH", "State": "CA" }, "geometry": { "type": "Point", "coordinates": [ -121.7587, 38.0175 ] } },
{ "type": "Feature", "properties": { "FacilityType": "ElectricPowerFlty", "FacilityId": "CA000492", "Anchor": "FALSE", "FoundationType": "null", "eqBldgType": "DFLT", "DesignLevel": "LC", "SoilType": "D", "LqfSusCat": 0, "LndSusCat": 0, "WaterDepth": 5.0, "Distance": "null", "PGA": 0.28216192126274109, "PGV": 10.506894111633301, "Sa03": 0.6519501805305481, "Sa10": 0.28619259595870972, "LqfSettlPGD": 0.0, "LqfSprPGD": 0.0, "LqfProb": 0.0, "LndPGD": 0.0, "LndProb": 0.0, "SufFltRuptPGD": 29.523393630981445, "SurfFltRuptProb": 0.5, "PDsNone": 0.019, "PDsSlight": 0.1364, "PDsModerate": 0.6314, "PDsExtensive": 0.118, "PDsComplete": 0.095, "PDsExceedSlight": 0.9809, "PDsExceedModerate": 0.8445, "PDsExceedExtensive": 0.2131, "FunctDay1": 32.4, "FunctDay3": 45.2, "FunctDay7": 70.8, "FunctDay14": 83.1, "FunctDay30": 87.4, "FunctDay90": 98.0, "EconLoss": 36699372.0, "Name": "PHILLIPS 66 RODEO REFINERY", "City": "RODEO", "State": "CA" }, "geometry": { "type": "Point", "coordinates": [ -122.2583, 38.0417 ] } },
{ "type": "Feature", "properties": { "FacilityType": "ElectricPowerFlty", "FacilityId": "CA000554", "Anchor": "FALSE", "FoundationType": "null", "eqBldgType": "DFLT", "DesignLevel": "LC", "SoilType": "D", "LqfSusCat": 0, "LndSusCat": 0, "WaterDepth": 5.0, "Distance": "null", "PGA": 0.30504786968231201, "PGV": 12.021832466125488, "Sa03": 0.72809457778930664, "Sa10": 0.32921820878982544, "LqfSettlPGD": 0.0, "LqfSprPGD": 0.0, "LqfProb": 0.0, "LndPGD": 0.0, "LndProb": 0.0, "SufFltRuptPGD": 29.523393630981445, "SurfFltRuptProb": 0.5, "PDsNone": 0.0128, "PDsSlight": 0.1082, "PDsModerate": 0.6176, "PDsExtensive": 0.1398, "PDsComplete": 0.1213, "PDsExceedSlight": 0.9871, "PDsExceedModerate": 0.8788, "PDsExceedExtensive": 0.2612, "FunctDay1": 29.0, "FunctDay3": 41.6, "FunctDay7": 66.8, "FunctDay14": 79.1, "FunctDay30": 84.4, "FunctDay90": 97.5, "EconLoss": 2537982.25, "Name": "CCCSD WASTEWATER TREATMENT PLNT", "City": "MARTINEZ", "State": "CA" }, "geometry": { "type": "Point", "coordinates": [ -122.0697, 37.9978 ] } },
{ "type": "Feature", "properties": { "FacilityType": "ElectricPowerFlty", "FacilityId": "CA000655", "Anchor": "FALSE", "FoundationType": "null", "eqBldgType": "DFLT", "DesignLevel": "LC", "SoilType": "D", "LqfSusCat": 0, "LndSusCat": 0, "WaterDepth": 5.0, "Distance": "null", "PGA": 0.28357955813407898, "PGV": 10.185131072998047, "Sa03": 0.6457984447479248, "Sa10": 0.27398219704627991, "LqfSettlPGD": 0.0, "LqfSprPGD": 0.0, "LqfProb": 0.0, "LndPGD": 0.0, "LndProb": 0.0, "SufFltRuptPGD": 29.523393630981445, "SurfFltRuptProb": 0.5, "PDsNone": 0.0411, "PDsSlight": 0.281, "PDsModerate": 0.5407, "PDsExtensive": 0.1167, "PDsComplete": 0.0202, "PDsExceedSlight": 0.9588, "PDsExceedModerate": 0.6778, "PDsExceedExtensive": 0.137, "FunctDay1": 46.8, "FunctDay3": 57.8, "FunctDay7": 79.7, "FunctDay14": 90.3, "FunctDay30": 94.0, "FunctDay90": 99.5, "EconLoss": 126867760.0, "Name": "CROCKETT COGEN PROJECT", "City": "CROCKETT", "State": "CA" }, "geometry": { "type": "Point", "coordinates": [ -122.2161, 38.0569 ] } },
{ "type": "Feature", "properties": { "FacilityType": "ElectricPowerFlty", "FacilityId": "CA000659", "Anchor": "FALSE", "FoundationType": "null", "eqBldgType": "DFLT", "DesignLevel": "LC", "SoilType": "D", "LqfSusCat": 0, "LndSusCat": 0, "WaterDepth": 5.0, "Distance": "null", "PGA": 0.25543802976608276, "PGV": 13.52338695526123, "Sa03": 0.7071109414100647, "Sa10": 0.45895054936408997, "LqfSettlPGD": 0.0, "LqfSprPGD": 0.0, "LqfProb": 0.0, "LndPGD": 0.0, "LndProb": 0.0, "SufFltRuptPGD": 29.523393630981445, "SurfFltRuptProb": 0.5, "PDsNone": 0.059, "PDsSlight": 0.3339, "PDsModerate": 0.5107, "PDsExtensive": 0.0843, "PDsComplete": 0.0119, "PDsExceedSlight": 0.9409, "PDsExceedModerate": 0.607, "PDsExceedExtensive": 0.0963, "FunctDay1": 52.6, "FunctDay3": 63.0, "FunctDay7": 83.5, "FunctDay14": 93.2, "FunctDay30": 95.9, "FunctDay90": 99.7, "EconLoss": 633575424.0, "Name": "PITTSBURG POWER", "City": "PITTSBURG", "State": "CA" }, "geometry": { "type": "Point", "coordinates": [ -121.894469, 38.039168 ] } },
{ "type": "Feature", "properties": { "FacilityType": "ElectricPowerFlty", "FacilityId": "CA000723", "Anchor": "FALSE", "FoundationType": "null", "eqBldgType": "DFLT", "DesignLevel": "LC", "SoilType": "D", "LqfSusCat": 0, "LndSusCat": 0, "WaterDepth": 5.0, "Distance": "null", "PGA": 0.21494640409946442, "PGV": 7.41326904296875, "Sa03": 0.48333194851875305, "Sa10": 0.18968106806278229, "LqfSettlPGD": 0.0, "LqfSprPGD": 0.0, "LqfProb": 0.0, "LndPGD": 0.0, "LndProb": 0.0, "SufFltRuptPGD": 29.523393630981445, "SurfFltRuptProb": 0.5, "PDsNone": 0.0629, "PDsSlight": 0.2565, "PDsModerate": 0.5903, "PDsExtensive": 0.0546, "PDsComplete": 0.0355, "PDsExceedSlight": 0.937, "PDsExceedModerate": 0.6805, "PDsExceedExtensive": 0.0901, "FunctDay1": 46.7, "FunctDay3": 58.6, "FunctDay7": 82.1, "FunctDay14": 92.9, "FunctDay30": 94.9, "FunctDay90": 99.2, "EconLoss": 49420704.0, "Name": "VASCO WINDS", "City": "LIVERMORE", "State": "CA" }, "geometry": { "type": "Point", "coordinates": [ -121.718055, 37.790833 ] } },
{ "type": "Feature", "properties": { "FacilityType": "ElectricPowerFlty", "FacilityId": "CA000743", "Anchor": "FALSE", "FoundationType": "null", "eqBldgType": "DFLT", "DesignLevel": "LC", "SoilType": "D", "LqfSusCat": 0, "LndSusCat": 0, "WaterDepth": 5.0, "Distance": "null", "PGA": 0.30504786968231201, "PGV": 12.021832466125488, "Sa03": 0.72809457778930664, "Sa10": 0.32921820878982544, "LqfSettlPGD": 0.0, "LqfSprPGD": 0.0, "LqfProb": 0.0, "LndPGD": 0.0, "LndProb": 0.0, "SufFltRuptPGD": 29.523393630981445, "SurfFltRuptProb": 0.5, "PDsNone": 0.0315, "PDsSlight": 0.2446, "PDsModerate": 0.5522, "PDsExtensive": 0.143, "PDsComplete": 0.0285, "PDsExceedSlight": 0.9684, "PDsExceedModerate": 0.7238, "PDsExceedExtensive": 0.1715, "FunctDay1": 42.9, "FunctDay3": 54.2, "FunctDay7": 76.7, "FunctDay14": 87.8, "FunctDay30": 92.4, "FunctDay90": 99.3, "EconLoss": 63425652.0, "Name": "FOSTER WHEELER MARTINEZ", "City": "MARTINEZ", "State": "CA" }, "geometry": { "type": "Point", "coordinates": [ -122.0589, 38.0244 ] } },
{ "type": "Feature", "properties": { "FacilityType": "ElectricPowerFlty", "FacilityId": "CA000747", "Anchor": "FALSE", "FoundationType": "null", "eqBldgType": "DFLT", "DesignLevel": "LC", "SoilType": "D", "LqfSusCat": 0, "LndSusCat": 0, "WaterDepth": 5.0, "Distance": "null", "PGA": 0.22777557373046875, "PGV": 8.8810701370239258, "Sa03": 0.55822324752807617, "Sa10": 0.24961048364639282, "LqfSettlPGD": 0.0, "LqfSprPGD": 0.0, "LqfProb": 0.0, "LndPGD": 0.0, "LndProb": 0.0, "SufFltRuptPGD": 29.523393630981445, "SurfFltRuptProb": 0.5, "PDsNone": 0.0498, "PDsSlight": 0.2293, "PDsModerate": 0.6102, "PDsExtensive": 0.0658, "PDsComplete": 0.0446, "PDsExceedSlight": 0.9501, "PDsExceedModerate": 0.7207, "PDsExceedExtensive": 0.1105, "FunctDay1": 43.3, "FunctDay3": 55.6, "FunctDay7": 80.0, "FunctDay14": 91.3, "FunctDay30": 93.7, "FunctDay90": 99.0, "EconLoss": 24707566.0, "Name": "RIVERVIEW ENERGY CENTER", "City": "ANTIOCH", "State": "CA" }, "geometry": { "type": "Point", "coordinates": [ -121.790679, 38.014423 ] } },
{ "type": "Feature", "properties": { "FacilityType": "ElectricPowerFlty", "FacilityId": "CA000879", "Anchor": "FALSE", "FoundationType": "null", "eqBldgType": "DFLT", "DesignLevel": "LC", "SoilType": "D", "LqfSusCat": 0, "LndSusCat": 0, "WaterDepth": 5.0, "Distance": "null", "PGA": 0.26758855581283569, "PGV": 11.357602119445801, "Sa03": 0.65700381994247437, "Sa10": 0.31031322479248047, "LqfSettlPGD": 0.0, "LqfSprPGD": 0.0, "LqfProb": 0.0, "LndPGD": 0.0, "LndProb": 0.0, "SufFltRuptPGD": 29.523393630981445, "SurfFltRuptProb": 0.5, "PDsNone": 0.0245, "PDsSlight": 0.1576, "PDsModerate": 0.6342, "PDsExtensive": 0.1038, "PDsComplete": 0.0797, "PDsExceedSlight": 0.9754, "PDsExceedModerate": 0.8178, "PDsExceedExtensive": 0.1836, "FunctDay1": 34.9, "FunctDay3": 47.7, "FunctDay7": 73.3, "FunctDay14": 85.5, "FunctDay30": 89.3, "FunctDay90": 98.3, "EconLoss": 5100860.5, "Name": "NOVE POWER PLANT", "City": "RICHMOND", "State": "CA" }, "geometry": { "type": "Point", "coordinates": [ -122.382, 37.9676 ] } },
{ "type": "Feature", "properties": { "FacilityType": "ElectricPowerFlty", "FacilityId": "CA000887", "Anchor": "FALSE", "FoundationType": "null", "eqBldgType": "DFLT", "DesignLevel": "LC", "SoilType": "D", "LqfSusCat": 0, "LndSusCat": 0, "WaterDepth": 5.0, "Distance": "null", "PGA": 0.26758855581283569, "PGV": 11.357602119445801, "Sa03": 0.65700381994247437, "Sa10": 0.31031322479248047, "LqfSettlPGD": 0.0, "LqfSprPGD": 0.0, "LqfProb": 0.0, "LndPGD": 0.0, "LndProb": 0.0, "SufFltRuptPGD": 29.523393630981445, "SurfFltRuptProb": 0.5, "PDsNone": 0.0245, "PDsSlight": 0.1576, "PDsModerate": 0.6342, "PDsExtensive": 0.1038, "PDsComplete": 0.0797, "PDsExceedSlight": 0.9754, "PDsExceedModerate": 0.8178, "PDsExceedExtensive": 0.1836, "FunctDay1": 34.9, "FunctDay3": 47.7, "FunctDay7": 73.3, "FunctDay14": 85.5, "FunctDay30": 89.3, "FunctDay90": 98.3, "EconLoss": 11037778.0, "Name": "MARIN CLEAN ENERGY SOLAR ONE", "City": "RICHMOND", "State": "CA" }, "geometry": { "type": "Point", "coordinates": [ -122.377202, 37.945296 ] } },
{ "type": "Feature", "properties": { "FacilityType": "ElectricPowerFlty", "FacilityId": "CA000975", "Anchor": "FALSE", "FoundationType": "null", "eqBldgType": "DFLT", "DesignLevel": "LC", "SoilType": "D", "LqfSusCat": 0, "LndSusCat": 0, "WaterDepth": 5.0, "Distance": "null", "PGA": 0.25617694854736328, "PGV": 8.608607292175293, "Sa03": 0.56298106908798218, "Sa10": 0.21416859328746796, "LqfSettlPGD": 0.0, "LqfSprPGD": 0.0, "LqfProb": 0.0, "LndPGD": 0.0, "LndProb": 0.0, "SufFltRuptPGD": 29.523393630981445, "SurfFltRuptProb": 0.5, "PDsNone": 0.0299, "PDsSlight": 0.1761, "PDsModerate": 0.6325, "PDsExtensive": 0.0927, "PDsComplete": 0.0686, "PDsExceedSlight": 0.97, "PDsExceedModerate": 0.7939, "PDsExceedExtensive": 0.1613, "FunctDay1": 37.0, "FunctDay3": 49.8, "FunctDay7": 75.3, "FunctDay14": 87.2, "FunctDay30": 90.6, "FunctDay90": 98.5, "EconLoss": 6158692.5, "Name": "AMERESCO KELLER CANYON", "City": "BAY POINT", "State": "CA" }, "geometry": { "type": "Point", "coordinates": [ -121.934491, 38.003928 ] } },
{ "type": "Feature", "properties": { "FacilityType": "HighwayBridge", "FacilityId": "CA000019", "Anchor": "null", "FoundationType": "null", "eqBldgType": "null", "DesignLevel": "null", "SoilType": "D", "LqfSusCat": 0, "LndSusCat": 0, "WaterDepth": 5.0, "Distance": "null", "PGA": 0.21150253713130951, "PGV": 8.5281553268432617, "Sa03": 0.52929532527923584, "Sa10": 0.24595637619495392, "LqfSettlPGD": 0.0, "LqfSprPGD": 0.0, "LqfProb": 0.0, "LndPGD": 0.0, "LndProb": 0.0, "SufFltRuptPGD": 29.523393630981445, "SurfFltRuptProb": 0.5, "PDsNone": 0.9753, "PDsSlight": 0.0149, "PDsModerate": 0.0055, "PDsExtensive": 0.0034, "PDsComplete": 0.0006, "PDsExceedSlight": 0.0246, "PDsExceedModerate": 0.0097, "PDsExceedExtensive": 0.0041, "FunctDay1": 98.8, "FunctDay3": 99.3, "FunctDay7": 99.5, "FunctDay14": 99.5, "FunctDay30": 99.6, "FunctDay90": 99.7, "EconLoss": 832.05633544921875, "Name": "'Delta-Mendota Canal'", "City": "null", "State": "null" }, "geometry": { "type": "Point", "coordinates": [ -121.5785, 37.8124 ] } },
{ "type": "Feature", "properties": { "FacilityType": "HighwayBridge", "FacilityId": "CA000076", "Anchor": "null", "FoundationType": "null", "eqBldgType": "null", "DesignLevel": "null", "SoilType": "D", "LqfSusCat": 0, "LndSusCat": 0, "WaterDepth": 5.0, "Distance": "null", "PGA": 0.30044370889663696, "PGV": 10.422507286071777, "Sa03": 0.67442941665649414, "Sa10": 0.26809030771255493, "LqfSettlPGD": 0.0, "LqfSprPGD": 0.0, "LqfProb": 0.0, "LndPGD": 0.0, "LndProb": 0.0, "SufFltRuptPGD": 29.523393630981445, "SurfFltRuptProb": 0.5, "PDsNone": 0.9649, "PDsSlight": 0.0208, "PDsModerate": 0.0078, "PDsExtensive": 0.0052, "PDsComplete": 0.001, "PDsExceedSlight": 0.035, "PDsExceedModerate": 0.0141, "PDsExceedExtensive": 0.0062, "FunctDay1": 98.2, "FunctDay3": 99.0, "FunctDay7": 99.3, "FunctDay14": 99.3, "FunctDay30": 99.4, "FunctDay90": 99.6, "EconLoss": 1017.828125, "Name": "'Galinda Creek'", "City": "null", "State": "null" }, "geometry": { "type": "Point", "coordinates": [ -122.022, 37.965069 ] } },
{ "type": "Feature", "properties": { "FacilityType": "HighwayBridge", "FacilityId": "CA005339", "Anchor": "null", "FoundationType": "null", "eqBldgType": "null", "DesignLevel": "null", "SoilType": "D", "LqfSusCat": 0, "LndSusCat": 0, "WaterDepth": 5.0, "Distance": "null", "PGA": 0.28357955813407898, "PGV": 10.185131072998047, "Sa03": 0.6457984447479248, "Sa10": 0.27398219704627991, "LqfSettlPGD": 0.0, "LqfSprPGD": 0.0, "LqfProb": 0.0, "LndPGD": 0.0, "LndProb": 0.0, "SufFltRuptPGD": 29.523393630981445, "SurfFltRuptProb": 0.5, "PDsNone": 0.7358, "PDsSlight": 0.106, "PDsModerate": 0.099, "PDsExtensive": 0.0352, "PDsComplete": 0.0237, "PDsExceedSlight": 0.2641, "PDsExceedModerate": 0.158, "PDsExceedExtensive": 0.0589, "FunctDay1": 84.5, "FunctDay3": 90.0, "FunctDay7": 93.8, "FunctDay14": 94.3, "FunctDay30": 94.6, "FunctDay90": 96.5, "EconLoss": 4201046.0, "Name": "'CARQUINEZ STRAIT UP RR'", "City": "null", "State": "null" }, "geometry": { "type": "Point", "coordinates": [ -122.224908, 38.054722 ] } },
{ "type": "Feature", "properties": { "FacilityType": "HighwayBridge", "FacilityId": "CA006853", "Anchor": "null", "FoundationType": "null", "eqBldgType": "null", "DesignLevel": "null", "SoilType": "D", "LqfSusCat": 0, "LndSusCat": 0, "WaterDepth": 5.0, "Distance": "null", "PGA": 0.21277272701263428, "PGV": 8.3652181625366211, "Sa03": 0.52310192584991455, "Sa10": 0.23649340867996216, "LqfSettlPGD": 0.0, "LqfSprPGD": 0.0, "LqfProb": 0.0, "LndPGD": 0.0, "LndProb": 0.0, "SufFltRuptPGD": 29.523393630981445, "SurfFltRuptProb": 0.5, "PDsNone": 0.987, "PDsSlight": 0.0, "PDsModerate": 0.0077, "PDsExtensive": 0.0041, "PDsComplete": 0.001, "PDsExceedSlight": 0.0129, "PDsExceedModerate": 0.0129, "PDsExceedExtensive": 0.0052, "FunctDay1": 98.9, "FunctDay3": 99.1, "FunctDay7": 99.4, "FunctDay14": 99.5, "FunctDay30": 99.5, "FunctDay90": 99.7, "EconLoss": 510128.375, "Name": "'SAN JOAQUIN RIVR ANTIOCH'", "City": "null", "State": "null" }, "geometry": { "type": "Point", "coordinates": [ -121.751478, 38.0168 ] } },
{ "type": "Feature", "properties": { "FacilityType": "HighwayBridge", "FacilityId": "CA006854", "Anchor": "null", "FoundationType": "null", "eqBldgType": "null", "DesignLevel": "null", "SoilType": "D", "LqfSusCat": 0, "LndSusCat": 0, "WaterDepth": 5.0, "Distance": "null", "PGA": 0.21277272701263428, "PGV": 8.3652181625366211, "Sa03": 0.52310192584991455, "Sa10": 0.23649340867996216, "LqfSettlPGD": 0.0, "LqfSprPGD": 0.0, "LqfProb": 0.0, "LndPGD": 0.0, "LndProb": 0.0, "SufFltRuptPGD": 29.523393630981445, "SurfFltRuptProb": 0.5, "PDsNone": 0.9396, "PDsSlight": 0.0474, "PDsModerate": 0.0077, "PDsExtensive": 0.0041, "PDsComplete": 0.001, "PDsExceedSlight": 0.0603, "PDsExceedModerate": 0.0129, "PDsExceedExtensive": 0.0052, "FunctDay1": 97.7, "FunctDay3": 99.1, "FunctDay7": 99.4, "FunctDay14": 99.5, "FunctDay30": 99.5, "FunctDay90": 99.7, "EconLoss": 14216.5361328125, "Name": "'BNSF RY  UP RR  & AMTRAK'", "City": "null", "State": "null" }, "geometry": { "type": "Point", "coordinates": [ -121.752933, 38.009083 ] } },
{ "type": "Feature", "properties": { "FacilityType": "HighwayBridge", "FacilityId": "CA006855", "Anchor": "null", "FoundationType": "null", "eqBldgType": "null", "DesignLevel": "null", "SoilType": "D", "LqfSusCat": 0, "LndSusCat": 0, "WaterDepth": 5.0, "Distance": "null", "PGA": 0.21277272701263428, "PGV": 8.3652181625366211, "Sa03": 0.52310192584991455, "Sa10": 0.23649340867996216, "LqfSettlPGD": 0.0, "LqfSprPGD": 0.0, "LqfProb": 0.0, "LndPGD": 0.0, "LndProb": 0.0, "SufFltRuptPGD": 29.523393630981445, "SurfFltRuptProb": 0.5, "PDsNone": 0.9396, "PDsSlight": 0.0474, "PDsModerate": 0.0077, "PDsExtensive": 0.0041, "PDsComplete": 0.001, "PDsExceedSlight": 0.0603, "PDsExceedModerate": 0.0129, "PDsExceedExtensive": 0.0052, "FunctDay1": 97.7, "FunctDay3": 99.1, "FunctDay7": 99.4, "FunctDay14": 99.5, "FunctDay30": 99.5, "FunctDay90": 99.7, "EconLoss": 13354.927734375, "Name": "'BNSF RY  UP RR  & AMTRAK'", "City": "null", "State": "null" }, "geometry": { "type": "Point", "coordinates": [ -121.752617, 38.009033 ] } },
{ "type": "Feature", "properties": { "FacilityType": "HighwayBridge", "FacilityId": "CA006856", "Anchor": "null", "FoundationType": "null", "eqBldgType": "null", "DesignLevel": "null", "SoilType": "D", "LqfSusCat": 0, "LndSusCat": 0, "WaterDepth": 5.0, "Distance": "null", "PGA": 0.21277272701263428, "PGV": 8.3652181625366211, "Sa03": 0.52310192584991455, "Sa10": 0.23649340867996216, "LqfSettlPGD": 0.0, "LqfSprPGD": 0.0, "LqfProb": 0.0, "LndPGD": 0.0, "LndProb": 0.0, "SufFltRuptPGD": 29.523393630981445, "SurfFltRuptProb": 0.5, "PDsNone": 0.9788, "PDsSlight": 0.0127, "PDsModerate": 0.0048, "PDsExtensive": 0.0029, "PDsComplete": 0.0005, "PDsExceedSlight": 0.0211, "PDsExceedModerate": 0.0084, "PDsExceedExtensive": 0.0035, "FunctDay1": 98.9, "FunctDay3": 99.4, "FunctDay7": 99.6, "FunctDay14": 99.6, "FunctDay30": 99.6, "FunctDay90": 99.8, "EconLoss": 5471.99462890625, "Name": "'WILBUR AVENUE'", "City": "null", "State": "null" }, "geometry": { "type": "Point", "coordinates": [ -121.752239, 38.012075 ] } },
{ "type": "Feature", "properties": { "FacilityType": "HighwayBridge", "FacilityId": "CA006857", "Anchor": "null", "FoundationType": "null", "eqBldgType": "null", "DesignLevel": "null", "SoilType": "D", "LqfSusCat": 0, "LndSusCat": 0, "WaterDepth": 5.0, "Distance": "null", "PGA": 0.21277272701263428, "PGV": 8.3652181625366211, "Sa03": 0.52310192584991455, "Sa10": 0.23649340867996216, "LqfSettlPGD": 0.0, "LqfSprPGD": 0.0, "LqfProb": 0.0, "LndPGD": 0.0, "LndProb": 0.0, "SufFltRuptPGD": 29.523393630981445, "SurfFltRuptProb": 0.5, "PDsNone": 0.9788, "PDsSlight": 0.0127, "PDsModerate": 0.0048, "PDsExtensive": 0.0029, "PDsComplete": 0.0005, "PDsExceedSlight": 0.0211, "PDsExceedModerate": 0.0084, "PDsExceedExtensive": 0.0035, "FunctDay1": 98.9, "FunctDay3": 99.4, "FunctDay7": 99.6, "FunctDay14": 99.6, "FunctDay30": 99.6, "FunctDay90": 99.8, "EconLoss": 5471.99462890625, "Name": "'WILBUR AVENUE'", "City": "null", "State": "null" }, "geometry": { "type": "Point", "coordinates": [ -121.75195, 38.012058 ] } },
{ "type": "Feature", "properties": { "FacilityType": "HighwayBridge", "FacilityId": "CA006858", "Anchor": "null", "FoundationType": "null", "eqBldgType": "null", "DesignLevel": "null", "SoilType": "D", "LqfSusCat": 0, "LndSusCat": 0, "WaterDepth": 5.0, "Distance": "null", "PGA": 0.19879564642906189, "PGV": 8.5364665985107422, "Sa03": 0.51979398727416992, "Sa10": 0.25990328192710876, "LqfSettlPGD": 0.0, "LqfSprPGD": 0.0, "LqfProb": 0.0, "LndPGD": 0.0, "LndProb": 0.0, "SufFltRuptPGD": 29.523393630981445, "SurfFltRuptProb": 0.5, "PDsNone": 0.9807, "PDsSlight": 0.0, "PDsModerate": 0.0111, "PDsExtensive": 0.0063, "PDsComplete": 0.0017, "PDsExceedSlight": 0.0192, "PDsExceedModerate": 0.0192, "PDsExceedExtensive": 0.008, "FunctDay1": 98.4, "FunctDay3": 98.7, "FunctDay7": 99.1, "FunctDay14": 99.2, "FunctDay30": 99.2, "FunctDay90": 99.6, "EconLoss": 4851.47900390625, "Name": "'KELLOGG CREEK'", "City": "null", "State": "null" }, "geometry": { "type": "Point", "coordinates": [ -121.618575, 37.889322 ] } },
{ "type": "Feature", "properties": { "FacilityType": "HighwayBridge", "FacilityId": "CA006859", "Anchor": "null", "FoundationType": "null", "eqBldgType": "null", "DesignLevel": "null", "SoilType": "D", "LqfSusCat": 0, "LndSusCat": 0, "WaterDepth": 5.0, "Distance": "null", "PGA": 0.19879564642906189, "PGV": 8.5364665985107422, "Sa03": 0.51979398727416992, "Sa10": 0.25990328192710876, "LqfSettlPGD": 0.0, "LqfSprPGD": 0.0, "LqfProb": 0.0, "LndPGD": 0.0, "LndProb": 0.0, "SufFltRuptPGD": 29.523393630981445, "SurfFltRuptProb": 0.5, "PDsNone": 0.9807, "PDsSlight": 0.0, "PDsModerate": 0.0111, "PDsExtensive": 0.0063, "PDsComplete": 0.0017, "PDsExceedSlight": 0.0192, "PDsExceedModerate": 0.0192, "PDsExceedExtensive": 0.008, "FunctDay1": 98.4, "FunctDay3": 98.7, "FunctDay7": 99.1, "FunctDay14": 99.2, "FunctDay30": 99.2, "FunctDay90": 99.6, "EconLoss": 3093.986083984375, "Name": "'KENDALL CREEK OVERFLOW'", "City": "null", "State": "null" }, "geometry": { "type": "Point", "coordinates": [ -121.613881, 37.889289 ] } },
{ "type": "Feature", "properties": { "FacilityType": "HighwayBridge", "FacilityId": "CA006860", "Anchor": "null", "FoundationType": "null", "eqBldgType": "null", "DesignLevel": "null", "SoilType": "D", "LqfSusCat": 0, "LndSusCat": 0, "WaterDepth": 5.0, "Distance": "null", "PGA": 0.29944267868995667, "PGV": 12.994046211242676, "Sa03": 0.73564881086349487, "Sa10": 0.36676627397537231, "LqfSettlPGD": 0.0, "LqfSprPGD": 0.0, "LqfProb": 0.0, "LndPGD": 0.0, "LndProb": 0.0, "SufFltRuptPGD": 29.523393630981445, "SurfFltRuptProb": 0.5, "PDsNone": 0.9326, "PDsSlight": 0.0, "PDsModerate": 0.0337, "PDsExtensive": 0.0241, "PDsComplete": 0.0094, "PDsExceedSlight": 0.0673, "PDsExceedModerate": 0.0673, "PDsExceedExtensive": 0.0335, "FunctDay1": 94.3, "FunctDay3": 95.3, "FunctDay7": 96.6, "FunctDay14": 96.8, "FunctDay30": 97.0, "FunctDay90": 98.2, "EconLoss": 165587.171875, "Name": "'POTRERO AVE & S80 ON RMP'", "City": "null", "State": "null" }, "geometry": { "type": "Point", "coordinates": [ -122.317494, 37.920642 ] } },
{ "type": "Feature", "properties": { "FacilityType": "HighwayBridge", "FacilityId": "CA006861", "Anchor": "null", "FoundationType": "null", "eqBldgType": "null", "DesignLevel": "null", "SoilType": "D", "LqfSusCat": 0, "LndSusCat": 0, "WaterDepth": 5.0, "Distance": "null", "PGA": 0.28632470965385437, "PGV": 10.346205711364746, "Sa03": 0.65192687511444092, "Sa10": 0.27895393967628479, "LqfSettlPGD": 0.0, "LqfSprPGD": 0.0, "LqfProb": 0.0, "LndPGD": 0.0, "LndProb": 0.0, "SufFltRuptPGD": 29.523393630981445, "SurfFltRuptProb": 0.5, "PDsNone": 0.9153, "PDsSlight": 0.0, "PDsModerate": 0.0409, "PDsExtensive": 0.0307, "PDsComplete": 0.013, "PDsExceedSlight": 0.0846, "PDsExceedModerate": 0.0846, "PDsExceedExtensive": 0.0437, "FunctDay1": 92.8, "FunctDay3": 94.0, "FunctDay7": 95.6, "FunctDay14": 95.8, "FunctDay30": 96.1, "FunctDay90": 97.7, "EconLoss": 40623.37109375, "Name": "'RODEO CREEK'", "City": "null", "State": "null" }, "geometry": { "type": "Point", "coordinates": [ -122.23865, 38.014158 ] } },
{ "type": "Feature", "properties": { "FacilityType": "HighwayBridge", "FacilityId": "CA006862", "Anchor": "null", "FoundationType": "null", "eqBldgType": "null", "DesignLevel": "null", "SoilType": "D", "LqfSusCat": 0, "LndSusCat": 0, "WaterDepth": 5.0, "Distance": "null", "PGA": 0.28632470965385437, "PGV": 10.346205711364746, "Sa03": 0.65192687511444092, "Sa10": 0.27895393967628479, "LqfSettlPGD": 0.0, "LqfSprPGD": 0.0, "LqfProb": 0.0, "LndPGD": 0.0, "LndProb": 0.0, "SufFltRuptPGD": 29.523393630981445, "SurfFltRuptProb": 0.5, "PDsNone": 0.8991, "PDsSlight": 0.0706, "PDsModerate": 0.0167, "PDsExtensive": 0.0103, "PDsComplete": 0.0031, "PDsExceedSlight": 0.1008, "PDsExceedModerate": 0.0302, "PDsExceedExtensive": 0.0135, "FunctDay1": 95.7, "FunctDay3": 97.9, "FunctDay7": 98.6, "FunctDay14": 98.7, "FunctDay30": 98.7, "FunctDay90": 99.3, "EconLoss": 9445.2421875, "Name": "'RODEO CREEK'", "City": "null", "State": "null" }, "geometry": { "type": "Point", "coordinates": [ -122.23845, 38.013889 ] } },
{ "type": "Feature", "properties": { "FacilityType": "HighwayBridge", "FacilityId": "CA006863", "Anchor": "null", "FoundationType": "null", "eqBldgType": "null", "DesignLevel": "null", "SoilType": "D", "LqfSusCat": 0, "LndSusCat": 0, "WaterDepth": 5.0, "Distance": "null", "PGA": 0.32494053244590759, "PGV": 14.086722373962402, "Sa03": 0.80031126737594604, "Sa10": 0.42130327224731445, "LqfSettlPGD": 0.0, "LqfSprPGD": 0.0, "LqfProb": 0.0, "LndPGD": 0.0, "LndProb": 0.0, "SufFltRuptPGD": 29.523393630981445, "SurfFltRuptProb": 0.5, "PDsNone": 0.897, "PDsSlight": 0.0, "PDsModerate": 0.048, "PDsExtensive": 0.0376, "PDsComplete": 0.0171, "PDsExceedSlight": 0.1029, "PDsExceedModerate": 0.1029, "PDsExceedExtensive": 0.0548, "FunctDay1": 91.2, "FunctDay3": 92.6, "FunctDay7": 94.5, "FunctDay14": 94.8, "FunctDay30": 95.0, "FunctDay90": 97.0, "EconLoss": 476548.15625, "Name": "'INTERSTATE 680'", "City": "null", "State": "null" }, "geometry": { "type": "Point", "coordinates": [ -122.052953, 37.957658 ] } },
{ "type": "Feature", "properties": { "FacilityType": "HighwayBridge", "FacilityId": "CA006864", "Anchor": "null", "FoundationType": "null", "eqBldgType": "null", "DesignLevel": "null", "SoilType": "D", "LqfSusCat": 0, "LndSusCat": 0, "WaterDepth": 5.0, "Distance": "null", "PGA": 0.32494053244590759, "PGV": 14.086722373962402, "Sa03": 0.80031126737594604, "Sa10": 0.42130327224731445, "LqfSettlPGD": 0.0, "LqfSprPGD": 0.0, "LqfProb": 0.0, "LndPGD": 0.0, "LndProb": 0.0, "SufFltRuptPGD": 29.523393630981445, "SurfFltRuptProb": 0.5, "PDsNone": 0.8, "PDsSlight": 0.0, "PDsModerate": 0.0801, "PDsExtensive": 0.0745, "PDsComplete": 0.0452, "PDsExceedSlight": 0.1999, "PDsExceedModerate": 0.1999, "PDsExceedExtensive": 0.1197, "FunctDay1": 82.6, "FunctDay3": 85.0, "FunctDay7": 88.1, "FunctDay14": 88.6, "FunctDay30": 89.2, "FunctDay90": 93.2, "EconLoss": 402774.96875, "Name": "'WALNUT CREEK'", "City": "null", "State": "null" }, "geometry": { "type": "Point", "coordinates": [ -122.051858, 37.958678 ] } },
{ "type": "Feature", "properties": { "FacilityType": "HighwayBridge", "FacilityId": "CA006865", "Anchor": "null", "FoundationType": "null", "eqBldgType": "null", "DesignLevel": "null", "SoilType": "D", "LqfSusCat": 0, "LndSusCat": 0, "WaterDepth": 5.0, "Distance": "null", "PGA": 0.21277272701263428, "PGV": 8.3652181625366211, "Sa03": 0.52310192584991455, "Sa10": 0.23649340867996216, "LqfSettlPGD": 0.0, "LqfSprPGD": 0.0, "LqfProb": 0.0, "LndPGD": 0.0, "LndProb": 0.0, "SufFltRuptPGD": 29.523393630981445, "SurfFltRuptProb": 0.5, "PDsNone": 0.9788, "PDsSlight": 0.0126, "PDsModerate": 0.0049, "PDsExtensive": 0.003, "PDsComplete": 0.0005, "PDsExceedSlight": 0.0211, "PDsExceedModerate": 0.0084, "PDsExceedExtensive": 0.0035, "FunctDay1": 98.9, "FunctDay3": 99.4, "FunctDay7": 99.6, "FunctDay14": 99.6, "FunctDay30": 99.6, "FunctDay90": 99.8, "EconLoss": 10747.955078125, "Name": "'E 18TH STREET'", "City": "null", "State": "null" }, "geometry": { "type": "Point", "coordinates": [ -121.753903, 38.004908 ] } },
{ "type": "Feature", "properties": { "FacilityType": "HighwayBridge", "FacilityId": "CA006866", "Anchor": "null", "FoundationType": "null", "eqBldgType": "null", "DesignLevel": "null", "SoilType": "D", "LqfSusCat": 0, "LndSusCat": 0, "WaterDepth": 5.0, "Distance": "null", "PGA": 0.21277272701263428, "PGV": 8.3652181625366211, "Sa03": 0.52310192584991455, "Sa10": 0.23649340867996216, "LqfSettlPGD": 0.0, "LqfSprPGD": 0.0, "LqfProb": 0.0, "LndPGD": 0.0, "LndProb": 0.0, "SufFltRuptPGD": 29.523393630981445, "SurfFltRuptProb": 0.5, "PDsNone": 0.9788, "PDsSlight": 0.0126, "PDsModerate": 0.0049, "PDsExtensive": 0.003, "PDsComplete": 0.0005, "PDsExceedSlight": 0.0211, "PDsExceedModerate": 0.0084, "PDsExceedExtensive": 0.0035, "FunctDay1": 98.9, "FunctDay3": 99.4, "FunctDay7": 99.6, "FunctDay14": 99.6, "FunctDay30": 99.6, "FunctDay90": 99.8, "EconLoss": 8015.423828125, "Name": "'E 18TH STREET'", "City": "null", "State": "null" }, "geometry": { "type": "Point", "coordinates": [ -121.753519, 38.004911 ] } },
{ "type": "Feature", "properties": { "FacilityType": "HighwayBridge", "FacilityId": "CA006867", "Anchor": "null", "FoundationType": "null", "eqBldgType": "null", "DesignLevel": "null", "SoilType": "D", "LqfSusCat": 0, "LndSusCat": 0, "WaterDepth": 5.0, "Distance": "null", "PGA": 0.32553109526634216, "PGV": 12.258646011352539, "Sa03": 0.75154876708984375, "Sa10": 0.33662161231040955, "LqfSettlPGD": 0.0, "LqfSprPGD": 0.0, "LqfProb": 0.0, "LndPGD": 0.0, "LndProb": 0.0, "SufFltRuptPGD": 29.523393630981445, "SurfFltRuptProb": 0.5, "PDsNone": 0.8322, "PDsSlight": 0.1171, "PDsModerate": 0.0263, "PDsExtensive": 0.0178, "PDsComplete": 0.0063, "PDsExceedSlight": 0.1677, "PDsExceedModerate": 0.0506, "PDsExceedExtensive": 0.0242, "FunctDay1": 92.8, "FunctDay3": 96.5, "FunctDay7": 97.5, "FunctDay14": 97.7, "FunctDay30": 97.8, "FunctDay90": 98.7, "EconLoss": 26376.076171875, "Name": "'MOUNT DIABLO BOULEVARD'", "City": "null", "State": "null" }, "geometry": { "type": "Point", "coordinates": [ -122.097431, 37.896783 ] } },
{ "type": "Feature", "properties": { "FacilityType": "HighwayBridge", "FacilityId": "CA006868", "Anchor": "null", "FoundationType": "null", "eqBldgType": "null", "DesignLevel": "null", "SoilType": "D", "LqfSusCat": 0, "LndSusCat": 0, "WaterDepth": 5.0, "Distance": "null", "PGA": 0.26758855581283569, "PGV": 11.357602119445801, "Sa03": 0.65700381994247437, "Sa10": 0.31031322479248047, "LqfSettlPGD": 0.0, "LqfSprPGD": 0.0, "LqfProb": 0.0, "LndPGD": 0.0, "LndProb": 0.0, "SufFltRuptPGD": 29.523393630981445, "SurfFltRuptProb": 0.5, "PDsNone": 0.962, "PDsSlight": 0.0, "PDsModerate": 0.0205, "PDsExtensive": 0.0131, "PDsComplete": 0.0043, "PDsExceedSlight": 0.0379, "PDsExceedModerate": 0.0379, "PDsExceedExtensive": 0.0174, "FunctDay1": 96.8, "FunctDay3": 97.4, "FunctDay7": 98.2, "FunctDay14": 98.3, "FunctDay30": 98.4, "FunctDay90": 99.1, "EconLoss": 33711.0078125, "Name": "'BNSF RY & GARRARD BLVD'", "City": "null", "State": "null" }, "geometry": { "type": "Point", "coordinates": [ -122.381161, 37.92725 ] } },
{ "type": "Feature", "properties": { "FacilityType": "HighwayBridge", "FacilityId": "CA006869", "Anchor": "null", "FoundationType": "null", "eqBldgType": "null", "DesignLevel": "null", "SoilType": "D", "LqfSusCat": 0, "LndSusCat": 0, "WaterDepth": 5.0, "Distance": "null", "PGA": 0.26758855581283569, "PGV": 11.357602119445801, "Sa03": 0.65700381994247437, "Sa10": 0.31031322479248047, "LqfSettlPGD": 0.0, "LqfSprPGD": 0.0, "LqfProb": 0.0, "LndPGD": 0.0, "LndProb": 0.0, "SufFltRuptPGD": 29.523393630981445, "SurfFltRuptProb": 0.5, "PDsNone": 0.9592, "PDsSlight": 0.0, "PDsModerate": 0.0218, "PDsExtensive": 0.0141, "PDsComplete": 0.0047, "PDsExceedSlight": 0.0407, "PDsExceedModerate": 0.0407, "PDsExceedExtensive": 0.0189, "FunctDay1": 96.6, "FunctDay3": 97.2, "FunctDay7": 98.0, "FunctDay14": 98.2, "FunctDay30": 98.3, "FunctDay90": 99.0, "EconLoss": 67004.7890625, "Name": "'BNSF RY & GARRARD BLVD'", "City": "null", "State": "null" }, "geometry": { "type": "Point", "coordinates": [ -122.381306, 37.927183 ] } },
{ "type": "Feature", "properties": { "FacilityType": "HighwayBridge", "FacilityId": "CA006870", "Anchor": "null", "FoundationType": "null", "eqBldgType": "null", "DesignLevel": "null", "SoilType": "D", "LqfSusCat": 0, "LndSusCat": 0, "WaterDepth": 5.0, "Distance": "null", "PGA": 0.26758855581283569, "PGV": 11.357602119445801, "Sa03": 0.65700381994247437, "Sa10": 0.31031322479248047, "LqfSettlPGD": 0.0, "LqfSprPGD": 0.0, "LqfProb": 0.0, "LndPGD": 0.0, "LndProb": 0.0, "SufFltRuptPGD": 29.523393630981445, "SurfFltRuptProb": 0.5, "PDsNone": 0.9599, "PDsSlight": 0.0, "PDsModerate": 0.0215, "PDsExtensive": 0.0139, "PDsComplete": 0.0046, "PDsExceedSlight": 0.04, "PDsExceedModerate": 0.04, "PDsExceedExtensive": 0.0185, "FunctDay1": 96.6, "FunctDay3": 97.2, "FunctDay7": 98.1, "FunctDay14": 98.2, "FunctDay30": 98.3, "FunctDay90": 99.0, "EconLoss": 126760.90625, "Name": "'BNSF RY & GARRARD BLVD'", "City": "null", "State": "null" }, "geometry": { "type": "Point", "coordinates": [ -122.380953, 37.927475 ] } },
{ "type": "Feature", "properties": { "FacilityType": "HighwayBridge", "FacilityId": "CA006871", "Anchor": "null", "FoundationType": "null", "eqBldgType": "null", "DesignLevel": "null", "SoilType": "D", "LqfSusCat": 0, "LndSusCat": 0, "WaterDepth": 5.0, "Distance": "null", "PGA": 0.26758855581283569, "PGV": 11.357602119445801, "Sa03": 0.65700381994247437, "Sa10": 0.31031322479248047, "LqfSettlPGD": 0.0, "LqfSprPGD": 0.0, "LqfProb": 0.0, "LndPGD": 0.0, "LndProb": 0.0, "SufFltRuptPGD": 29.523393630981445, "SurfFltRuptProb": 0.5, "PDsNone": 0.9599, "PDsSlight": 0.0, "PDsModerate": 0.0215, "PDsExtensive": 0.0139, "PDsComplete": 0.0046, "PDsExceedSlight": 0.04, "PDsExceedModerate": 0.04, "PDsExceedExtensive": 0.0185, "FunctDay1": 96.6, "FunctDay3": 97.2, "FunctDay7": 98.1, "FunctDay14": 98.2, "FunctDay30": 98.3, "FunctDay90": 99.0, "EconLoss": 133021.03125, "Name": "'BNSF RY & GARRARD BLVD'", "City": "null", "State": "null" }, "geometry": { "type": "Point", "coordinates": [ -122.3808, 37.927658 ] } },
{ "type": "Feature", "properties": { "FacilityType": "HighwayBridge", "FacilityId": "CA006872", "Anchor": "null", "FoundationType": "null", "eqBldgType": "null", "DesignLevel": "null", "SoilType": "D", "LqfSusCat": 0, "LndSusCat": 0, "WaterDepth": 5.0, "Distance": "null", "PGA": 0.26758855581283569, "PGV": 11.357602119445801, "Sa03": 0.65700381994247437, "Sa10": 0.31031322479248047, "LqfSettlPGD": 0.0, "LqfSprPGD": 0.0, "LqfProb": 0.0, "LndPGD": 0.0, "LndProb": 0.0, "SufFltRuptPGD": 29.523393630981445, "SurfFltRuptProb": 0.5, "PDsNone": 0.9602, "PDsSlight": 0.0, "PDsModerate": 0.0213, "PDsExtensive": 0.0138, "PDsComplete": 0.0046, "PDsExceedSlight": 0.0397, "PDsExceedModerate": 0.0397, "PDsExceedExtensive": 0.0184, "FunctDay1": 96.6, "FunctDay3": 97.3, "FunctDay7": 98.1, "FunctDay14": 98.2, "FunctDay30": 98.3, "FunctDay90": 99.0, "EconLoss": 95323.3671875, "Name": "'BNSF RY & GARRARD BLVD'", "City": "null", "State": "null" }, "geometry": { "type": "Point", "coordinates": [ -122.380714, 37.927869 ] } },
{ "type": "Feature", "properties": { "FacilityType": "HighwayBridge", "FacilityId": "CA006873", "Anchor": "null", "FoundationType": "null", "eqBldgType": "null", "DesignLevel": "null", "SoilType": "D", "LqfSusCat": 0, "LndSusCat": 0, "WaterDepth": 5.0, "Distance": "null", "PGA": 0.32041805982589722, "PGV": 12.237601280212402, "Sa03": 0.74365264177322388, "Sa10": 0.33581742644309998, "LqfSettlPGD": 0.0, "LqfSprPGD": 0.0, "LqfProb": 0.0, "LndPGD": 0.0, "LndProb": 0.0, "SufFltRuptPGD": 29.523393630981445, "SurfFltRuptProb": 0.5, "PDsNone": 0.926, "PDsSlight": 0.0109, "PDsModerate": 0.0296, "PDsExtensive": 0.0254, "PDsComplete": 0.0078, "PDsExceedSlight": 0.0739, "PDsExceedModerate": 0.063, "PDsExceedExtensive": 0.0333, "FunctDay1": 94.3, "FunctDay3": 95.5, "FunctDay7": 96.6, "FunctDay14": 96.8, "FunctDay30": 97.0, "FunctDay90": 98.3, "EconLoss": 4145.111328125, "Name": "'SAN RAMON CREEK'", "City": "null", "State": "null" }, "geometry": { "type": "Point", "coordinates": [ -121.976989, 37.781214 ] } },
{ "type": "Feature", "properties": { "FacilityType": "HighwayBridge", "FacilityId": "CA006874", "Anchor": "null", "FoundationType": "null", "eqBldgType": "null", "DesignLevel": "null", "SoilType": "D", "LqfSusCat": 0, "LndSusCat": 0, "WaterDepth": 5.0, "Distance": "null", "PGA": 0.32111510634422302, "PGV": 11.395089149475098, "Sa03": 0.7213207483291626, "Sa10": 0.30600848793983459, "LqfSettlPGD": 0.0, "LqfSprPGD": 0.0, "LqfProb": 0.0, "LndPGD": 0.0, "LndProb": 0.0, "SufFltRuptPGD": 29.523393630981445, "SurfFltRuptProb": 0.5, "PDsNone": 0.9639, "PDsSlight": 0.0, "PDsModerate": 0.0196, "PDsExtensive": 0.0124, "PDsComplete": 0.004, "PDsExceedSlight": 0.036, "PDsExceedModerate": 0.036, "PDsExceedExtensive": 0.0164, "FunctDay1": 97.0, "FunctDay3": 97.5, "FunctDay7": 98.3, "FunctDay14": 98.4, "FunctDay30": 98.5, "FunctDay90": 99.1, "EconLoss": 163778.546875, "Name": "'RUDGEAR ROAD'", "City": "null", "State": "null" }, "geometry": { "type": "Point", "coordinates": [ -122.048786, 37.879117 ] } },
{ "type": "Feature", "properties": { "FacilityType": "HighwayBridge", "FacilityId": "CA006875", "Anchor": "null", "FoundationType": "null", "eqBldgType": "null", "DesignLevel": "null", "SoilType": "D", "LqfSusCat": 0, "LndSusCat": 0, "WaterDepth": 5.0, "Distance": "null", "PGA": 0.28914901614189148, "PGV": 9.8484163284301758, "Sa03": 0.64303761720657349, "Sa10": 0.26246479153633118, "LqfSettlPGD": 0.0, "LqfSprPGD": 0.0, "LqfProb": 0.0, "LndPGD": 0.0, "LndProb": 0.0, "SufFltRuptPGD": 29.523393630981445, "SurfFltRuptProb": 0.5, "PDsNone": 0.9683, "PDsSlight": 0.0085, "PDsModerate": 0.0122, "PDsExtensive": 0.0087, "PDsComplete": 0.0019, "PDsExceedSlight": 0.0316, "PDsExceedModerate": 0.023, "PDsExceedExtensive": 0.0107, "FunctDay1": 97.8, "FunctDay3": 98.4, "FunctDay7": 98.8, "FunctDay14": 98.9, "FunctDay30": 99.0, "FunctDay90": 99.4, "EconLoss": 29927.2734375, "Name": "'ABANDONED BNSF RY SPUR'", "City": "null", "State": "null" }, "geometry": { "type": "Point", "coordinates": [ -122.124956, 37.992114 ] } },
{ "type": "Feature", "properties": { "FacilityType": "HighwayBridge", "FacilityId": "CA006876", "Anchor": "null", "FoundationType": "null", "eqBldgType": "null", "DesignLevel": "null", "SoilType": "D", "LqfSusCat": 0, "LndSusCat": 0, "WaterDepth": 5.0, "Distance": "null", "PGA": 0.21277272701263428, "PGV": 8.3652181625366211, "Sa03": 0.52310192584991455, "Sa10": 0.23649340867996216, "LqfSettlPGD": 0.0, "LqfSprPGD": 0.0, "LqfProb": 0.0, "LndPGD": 0.0, "LndProb": 0.0, "SufFltRuptPGD": 29.523393630981445, "SurfFltRuptProb": 0.5, "PDsNone": 0.9396, "PDsSlight": 0.0449, "PDsModerate": 0.0091, "PDsExtensive": 0.005, "PDsComplete": 0.0013, "PDsExceedSlight": 0.0603, "PDsExceedModerate": 0.0154, "PDsExceedExtensive": 0.0063, "FunctDay1": 97.6, "FunctDay3": 98.9, "FunctDay7": 99.3, "FunctDay14": 99.3, "FunctDay30": 99.4, "FunctDay90": 99.6, "EconLoss": 12993.50390625, "Name": "'UP RR'", "City": "null", "State": "null" }, "geometry": { "type": "Point", "coordinates": [ -121.757931, 37.992547 ] } },
{ "type": "Feature", "properties": { "FacilityType": "HighwayBridge", "FacilityId": "CA006877", "Anchor": "null", "FoundationType": "null", "eqBldgType": "null", "DesignLevel": "null", "SoilType": "D", "LqfSusCat": 0, "LndSusCat": 0, "WaterDepth": 5.0, "Distance": "null", "PGA": 0.21277272701263428, "PGV": 8.3652181625366211, "Sa03": 0.52310192584991455, "Sa10": 0.23649340867996216, "LqfSettlPGD": 0.0, "LqfSprPGD": 0.0, "LqfProb": 0.0, "LndPGD": 0.0, "LndProb": 0.0, "SufFltRuptPGD": 29.523393630981445, "SurfFltRuptProb": 0.5, "PDsNone": 0.9396, "PDsSlight": 0.0472, "PDsModerate": 0.0078, "PDsExtensive": 0.0042, "PDsComplete": 0.001, "PDsExceedSlight": 0.0603, "PDsExceedModerate": 0.0131, "PDsExceedExtensive": 0.0052, "FunctDay1": 97.7, "FunctDay3": 99.1, "FunctDay7": 99.4, "FunctDay14": 99.4, "FunctDay30": 99.5, "FunctDay90": 99.7, "EconLoss": 12198.72265625, "Name": "'UP RR'", "City": "null", "State": "null" }, "geometry": { "type": "Point", "coordinates": [ -121.756858, 37.992122 ] } },
{ "type": "Feature", "properties": { "FacilityType": "HighwayBridge", "FacilityId": "CA006878", "Anchor": "null", "FoundationType": "null", "eqBldgType": "null", "DesignLevel": "null", "SoilType": "D", "LqfSusCat": 0, "LndSusCat": 0, "WaterDepth": 5.0, "Distance": "null", "PGA": 0.28016680479049683, "PGV": 10.005664825439453, "Sa03": 0.62862586975097656, "Sa10": 0.27086547017097473, "LqfSettlPGD": 0.0, "LqfSprPGD": 0.0, "LqfProb": 0.0, "LndPGD": 0.0, "LndProb": 0.0, "SufFltRuptPGD": 29.523393630981445, "SurfFltRuptProb": 0.5, "PDsNone": 0.8465, "PDsSlight": 0.1038, "PDsModerate": 0.0349, "PDsExtensive": 0.0128, "PDsComplete": 0.0018, "PDsExceedSlight": 0.1534, "PDsExceedModerate": 0.0496, "PDsExceedExtensive": 0.0146, "FunctDay1": 93.4, "FunctDay3": 97.0, "FunctDay7": 98.4, "FunctDay14": 98.6, "FunctDay30": 98.7, "FunctDay90": 99.3, "EconLoss": 76549.3203125, "Name": "'CUTTING BLVD'", "City": "null", "State": "null" }, "geometry": { "type": "Point", "coordinates": [ -122.320786, 37.925183 ] } },
{ "type": "Feature", "properties": { "FacilityType": "HighwayBridge", "FacilityId": "CA006879", "Anchor": "null", "FoundationType": "null", "eqBldgType": "null", "DesignLevel": "null", "SoilType": "D", "LqfSusCat": 0, "LndSusCat": 0, "WaterDepth": 5.0, "Distance": "null", "PGA": 0.28016680479049683, "PGV": 10.005664825439453, "Sa03": 0.62862586975097656, "Sa10": 0.27086547017097473, "LqfSettlPGD": 0.0, "LqfSprPGD": 0.0, "LqfProb": 0.0, "LndPGD": 0.0, "LndProb": 0.0, "SufFltRuptPGD": 29.523393630981445, "SurfFltRuptProb": 0.5, "PDsNone": 0.8465, "PDsSlight": 0.1038, "PDsModerate": 0.0349, "PDsExtensive": 0.0128, "PDsComplete": 0.0018, "PDsExceedSlight": 0.1534, "PDsExceedModerate": 0.0496, "PDsExceedExtensive": 0.0146, "FunctDay1": 93.4, "FunctDay3": 97.0, "FunctDay7": 98.4, "FunctDay14": 98.6, "FunctDay30": 98.7, "FunctDay90": 99.3, "EconLoss": 87829.1875, "Name": "'CUTTING BLVD'", "City": "null", "State": "null" }, "geometry": { "type": "Point", "coordinates": [ -122.320219, 37.92515 ] } },
{ "type": "Feature", "properties": { "FacilityType": "HighwayBridge", "FacilityId": "CA006880", "Anchor": "null", "FoundationType": "null", "eqBldgType": "null", "DesignLevel": "null", "SoilType": "D", "LqfSusCat": 0, "LndSusCat": 0, "WaterDepth": 5.0, "Distance": "null", "PGA": 0.28016680479049683, "PGV": 10.005664825439453, "Sa03": 0.62862586975097656, "Sa10": 0.27086547017097473, "LqfSettlPGD": 0.0, "LqfSprPGD": 0.0, "LqfProb": 0.0, "LndPGD": 0.0, "LndProb": 0.0, "SufFltRuptPGD": 29.523393630981445, "SurfFltRuptProb": 0.5, "PDsNone": 0.9644, "PDsSlight": 0.016, "PDsModerate": 0.0105, "PDsExtensive": 0.0073, "PDsComplete": 0.0015, "PDsExceedSlight": 0.0355, "PDsExceedModerate": 0.0194, "PDsExceedExtensive": 0.0089, "FunctDay1": 97.9, "FunctDay3": 98.6, "FunctDay7": 99.0, "FunctDay14": 99.1, "FunctDay30": 99.1, "FunctDay90": 99.5, "EconLoss": 22175.251953125, "Name": "'RICHMOND GREENWAY TRAIL'", "City": "null", "State": "null" }, "geometry": { "type": "Point", "coordinates": [ -122.324731, 37.931372 ] } },
{ "type": "Feature", "properties": { "FacilityType": "HighwayBridge", "FacilityId": "CA006881", "Anchor": "null", "FoundationType": "null", "eqBldgType": "null", "DesignLevel": "null", "SoilType": "D", "LqfSusCat": 0, "LndSusCat": 0, "WaterDepth": 5.0, "Distance": "null", "PGA": 0.28633642196655273, "PGV": 12.898520469665527, "Sa03": 0.71656978130340576, "Sa10": 0.36990472674369812, "LqfSettlPGD": 0.0, "LqfSprPGD": 0.0, "LqfProb": 0.0, "LndPGD": 0.0, "LndProb": 0.0, "SufFltRuptPGD": 29.523393630981445, "SurfFltRuptProb": 0.5, "PDsNone": 0.9007, "PDsSlight": 0.0253, "PDsModerate": 0.0339, "PDsExtensive": 0.03, "PDsComplete": 0.0098, "PDsExceedSlight": 0.0992, "PDsExceedModerate": 0.0738, "PDsExceedExtensive": 0.0399, "FunctDay1": 93.0, "FunctDay3": 94.6, "FunctDay7": 96.0, "FunctDay14": 96.2, "FunctDay30": 96.4, "FunctDay90": 98.0, "EconLoss": 252674.25, "Name": "'MACDONALD AVE & E80 OFF'", "City": "null", "State": "null" }, "geometry": { "type": "Point", "coordinates": [ -122.325556, 37.932489 ] } },
{ "type": "Feature", "properties": { "FacilityType": "HighwayBridge", "FacilityId": "CA006882", "Anchor": "null", "FoundationType": "null", "eqBldgType": "null", "DesignLevel": "null", "SoilType": "D", "LqfSusCat": 0, "LndSusCat": 0, "WaterDepth": 5.0, "Distance": "null", "PGA": 0.28633642196655273, "PGV": 12.898520469665527, "Sa03": 0.71656978130340576, "Sa10": 0.36990472674369812, "LqfSettlPGD": 0.0, "LqfSprPGD": 0.0, "LqfProb": 0.0, "LndPGD": 0.0, "LndProb": 0.0, "SufFltRuptPGD": 29.523393630981445, "SurfFltRuptProb": 0.5, "PDsNone": 0.8982, "PDsSlight": 0.0, "PDsModerate": 0.0476, "PDsExtensive": 0.0372, "PDsComplete": 0.0168, "PDsExceedSlight": 0.1017, "PDsExceedModerate": 0.1017, "PDsExceedExtensive": 0.0541, "FunctDay1": 91.3, "FunctDay3": 92.7, "FunctDay7": 94.5, "FunctDay14": 94.8, "FunctDay30": 95.1, "FunctDay90": 97.1, "EconLoss": 77715.0703125, "Name": "'MACDONALD AVE & E80 OFF'", "City": "null", "State": "null" }, "geometry": { "type": "Point", "coordinates": [ -122.325283, 37.932264 ] } },
{ "type": "Feature", "properties": { "FacilityType": "HighwayBridge", "FacilityId": "CA006883", "Anchor": "null", "FoundationType": "null", "eqBldgType": "null", "DesignLevel": "null", "SoilType": "D", "LqfSusCat": 0, "LndSusCat": 0, "WaterDepth": 5.0, "Distance": "null", "PGA": 0.28633642196655273, "PGV": 12.898520469665527, "Sa03": 0.71656978130340576, "Sa10": 0.36990472674369812, "LqfSettlPGD": 0.0, "LqfSprPGD": 0.0, "LqfProb": 0.0, "LndPGD": 0.0, "LndProb": 0.0, "SufFltRuptPGD": 29.523393630981445, "SurfFltRuptProb": 0.5, "PDsNone": 0.9306, "PDsSlight": 0.0, "PDsModerate": 0.0345, "PDsExtensive": 0.0248, "PDsComplete": 0.0098, "PDsExceedSlight": 0.0693, "PDsExceedModerate": 0.0693, "PDsExceedExtensive": 0.0347, "FunctDay1": 94.1, "FunctDay3": 95.1, "FunctDay7": 96.4, "FunctDay14": 96.7, "FunctDay30": 96.8, "FunctDay90": 98.1, "EconLoss": 117266.40625, "Name": "'BARRETT AVENUE'", "City": "null", "State": "null" }, "geometry": { "type": "Point", "coordinates": [ -122.326625, 37.935294 ] } },
{ "type": "Feature", "properties": { "FacilityType": "HighwayBridge", "FacilityId": "CA006884", "Anchor": "null", "FoundationType": "null", "eqBldgType": "null", "DesignLevel": "null", "SoilType": "D", "LqfSusCat": 0, "LndSusCat": 0, "WaterDepth": 5.0, "Distance": "null", "PGA": 0.28633642196655273, "PGV": 12.898520469665527, "Sa03": 0.71656978130340576, "Sa10": 0.36990472674369812, "LqfSettlPGD": 0.0, "LqfSprPGD": 0.0, "LqfProb": 0.0, "LndPGD": 0.0, "LndProb": 0.0, "SufFltRuptPGD": 29.523393630981445, "SurfFltRuptProb": 0.5, "PDsNone": 0.9007, "PDsSlight": 0.0505, "PDsModerate": 0.0237, "PDsExtensive": 0.0194, "PDsComplete": 0.0055, "PDsExceedSlight": 0.0992, "PDsExceedModerate": 0.0487, "PDsExceedExtensive": 0.0249, "FunctDay1": 94.6, "FunctDay3": 96.5, "FunctDay7": 97.4, "FunctDay14": 97.6, "FunctDay30": 97.7, "FunctDay90": 98.7, "EconLoss": 21748.806640625, "Name": "'BARRETT AVENUE'", "City": "null", "State": "null" }, "geometry": { "type": "Point", "coordinates": [ -122.326439, 37.935333 ] } },
{ "type": "Feature", "properties": { "FacilityType": "HighwayBridge", "FacilityId": "CA006885", "Anchor": "null", "FoundationType": "null", "eqBldgType": "null", "DesignLevel": "null", "SoilType": "D", "LqfSusCat": 0, "LndSusCat": 0, "WaterDepth": 5.0, "Distance": "null", "PGA": 0.28633642196655273, "PGV": 12.898520469665527, "Sa03": 0.71656978130340576, "Sa10": 0.36990472674369812, "LqfSettlPGD": 0.0, "LqfSprPGD": 0.0, "LqfProb": 0.0, "LndPGD": 0.0, "LndProb": 0.0, "SufFltRuptPGD": 29.523393630981445, "SurfFltRuptProb": 0.5, "PDsNone": 0.9007, "PDsSlight": 0.0089, "PDsModerate": 0.0401, "PDsExtensive": 0.0371, "PDsComplete": 0.0131, "PDsExceedSlight": 0.0992, "PDsExceedModerate": 0.0903, "PDsExceedExtensive": 0.0502, "FunctDay1": 92.0, "FunctDay3": 93.4, "FunctDay7": 95.0, "FunctDay14": 95.2, "FunctDay30": 95.5, "FunctDay90": 97.4, "EconLoss": 270779.625, "Name": "'SAN PABLO AVENUE'", "City": "null", "State": "null" }, "geometry": { "type": "Point", "coordinates": [ -122.326019, 37.937008 ] } },
{ "type": "Feature", "properties": { "FacilityType": "HighwayBridge", "FacilityId": "CA006886", "Anchor": "null", "FoundationType": "null", "eqBldgType": "null", "DesignLevel": "null", "SoilType": "D", "LqfSusCat": 0, "LndSusCat": 0, "WaterDepth": 5.0, "Distance": "null", "PGA": 0.28633642196655273, "PGV": 12.898520469665527, "Sa03": 0.71656978130340576, "Sa10": 0.36990472674369812, "LqfSettlPGD": 0.0, "LqfSprPGD": 0.0, "LqfProb": 0.0, "LndPGD": 0.0, "LndProb": 0.0, "SufFltRuptPGD": 29.523393630981445, "SurfFltRuptProb": 0.5, "PDsNone": 0.9007, "PDsSlight": 0.0313, "PDsModerate": 0.0316, "PDsExtensive": 0.0275, "PDsComplete": 0.0087, "PDsExceedSlight": 0.0992, "PDsExceedModerate": 0.0679, "PDsExceedExtensive": 0.0363, "FunctDay1": 93.4, "FunctDay3": 95.1, "FunctDay7": 96.3, "FunctDay14": 96.5, "FunctDay30": 96.7, "FunctDay90": 98.2, "EconLoss": 32398.4296875, "Name": "'SAN PABLO AVENUE'", "City": "null", "State": "null" }, "geometry": { "type": "Point", "coordinates": [ -122.326428, 37.937647 ] } },
{ "type": "Feature", "properties": { "FacilityType": "HighwayBridge", "FacilityId": "CA006887", "Anchor": "null", "FoundationType": "null", "eqBldgType": "null", "DesignLevel": "null", "SoilType": "D", "LqfSusCat": 0, "LndSusCat": 0, "WaterDepth": 5.0, "Distance": "null", "PGA": 0.28016680479049683, "PGV": 10.005664825439453, "Sa03": 0.62862586975097656, "Sa10": 0.27086547017097473, "LqfSettlPGD": 0.0, "LqfSprPGD": 0.0, "LqfProb": 0.0, "LndPGD": 0.0, "LndProb": 0.0, "SufFltRuptPGD": 29.523393630981445, "SurfFltRuptProb": 0.5, "PDsNone": 0.9757, "PDsSlight": 0.0, "PDsModerate": 0.0137, "PDsExtensive": 0.0081, "PDsComplete": 0.0023, "PDsExceedSlight": 0.0242, "PDsExceedModerate": 0.0242, "PDsExceedExtensive": 0.0105, "FunctDay1": 98.0, "FunctDay3": 98.3, "FunctDay7": 98.9, "FunctDay14": 99.0, "FunctDay30": 99.0, "FunctDay90": 99.4, "EconLoss": 24509.7890625, "Name": "'INTERSTATE 80'", "City": "null", "State": "null" }, "geometry": { "type": "Point", "coordinates": [ -122.324083, 37.943269 ] } },
{ "type": "Feature", "properties": { "FacilityType": "HighwayBridge", "FacilityId": "CA006888", "Anchor": "null", "FoundationType": "null", "eqBldgType": "null", "DesignLevel": "null", "SoilType": "D", "LqfSusCat": 0, "LndSusCat": 0, "WaterDepth": 5.0, "Distance": "null", "PGA": 0.28633642196655273, "PGV": 12.898520469665527, "Sa03": 0.71656978130340576, "Sa10": 0.36990472674369812, "LqfSettlPGD": 0.0, "LqfSprPGD": 0.0, "LqfProb": 0.0, "LndPGD": 0.0, "LndProb": 0.0, "SufFltRuptPGD": 29.523393630981445, "SurfFltRuptProb": 0.5, "PDsNone": 0.9308, "PDsSlight": 0.0, "PDsModerate": 0.0345, "PDsExtensive": 0.0248, "PDsComplete": 0.0098, "PDsExceedSlight": 0.0691, "PDsExceedModerate": 0.0691, "PDsExceedExtensive": 0.0346, "FunctDay1": 94.1, "FunctDay3": 95.1, "FunctDay7": 96.5, "FunctDay14": 96.7, "FunctDay30": 96.9, "FunctDay90": 98.2, "EconLoss": 115700.75, "Name": "'INTERSTATE 80'", "City": "null", "State": "null" }, "geometry": { "type": "Point", "coordinates": [ -122.326322, 37.948492 ] } },
{ "type": "Feature", "properties": { "FacilityType": "HighwayBridge", "FacilityId": "CA006889", "Anchor": "null", "FoundationType": "null", "eqBldgType": "null", "DesignLevel": "null", "SoilType": "D", "LqfSusCat": 0, "LndSusCat": 0, "WaterDepth": 5.0, "Distance": "null", "PGA": 0.28633642196655273, "PGV": 12.898520469665527, "Sa03": 0.71656978130340576, "Sa10": 0.36990472674369812, "LqfSettlPGD": 0.0, "LqfSprPGD": 0.0, "LqfProb": 0.0, "LndPGD": 0.0, "LndProb": 0.0, "SufFltRuptPGD": 29.523393630981445, "SurfFltRuptProb": 0.5, "PDsNone": 0.7899, "PDsSlight": 0.126, "PDsModerate": 0.0406, "PDsExtensive": 0.0305, "PDsComplete": 0.0128, "PDsExceedSlight": 0.21, "PDsExceedModerate": 0.084, "PDsExceedExtensive": 0.0433, "FunctDay1": 89.7, "FunctDay3": 94.0, "FunctDay7": 95.6, "FunctDay14": 95.9, "FunctDay30": 96.1, "FunctDay90": 97.7, "EconLoss": 64254.02734375, "Name": "'INTERSTATE 80'", "City": "null", "State": "null" }, "geometry": { "type": "Point", "coordinates": [ -122.329981, 37.955761 ] } },
{ "type": "Feature", "properties": { "FacilityType": "HighwayBridge", "FacilityId": "CA006890", "Anchor": "null", "FoundationType": "null", "eqBldgType": "null", "DesignLevel": "null", "SoilType": "D", "LqfSusCat": 0, "LndSusCat": 0, "WaterDepth": 5.0, "Distance": "null", "PGA": 0.29944267868995667, "PGV": 12.994046211242676, "Sa03": 0.73564881086349487, "Sa10": 0.36676627397537231, "LqfSettlPGD": 0.0, "LqfSprPGD": 0.0, "LqfProb": 0.0, "LndPGD": 0.0, "LndProb": 0.0, "SufFltRuptPGD": 29.523393630981445, "SurfFltRuptProb": 0.5, "PDsNone": 0.9326, "PDsSlight": 0.0, "PDsModerate": 0.0337, "PDsExtensive": 0.0241, "PDsComplete": 0.0094, "PDsExceedSlight": 0.0673, "PDsExceedModerate": 0.0673, "PDsExceedExtensive": 0.0335, "FunctDay1": 94.3, "FunctDay3": 95.3, "FunctDay7": 96.6, "FunctDay14": 96.8, "FunctDay30": 97.0, "FunctDay90": 98.2, "EconLoss": 35532.015625, "Name": "'RUST DRAIN'", "City": "null", "State": "null" }, "geometry": { "type": "Point", "coordinates": [ -122.318653, 37.905978 ] } },
{ "type": "Feature", "properties": { "FacilityType": "HighwayBridge", "FacilityId": "CA006891", "Anchor": "null", "FoundationType": "null", "eqBldgType": "null", "DesignLevel": "null", "SoilType": "D", "LqfSusCat": 0, "LndSusCat": 0, "WaterDepth": 5.0, "Distance": "null", "PGA": 0.29944267868995667, "PGV": 12.994046211242676, "Sa03": 0.73564881086349487, "Sa10": 0.36676627397537231, "LqfSettlPGD": 0.0, "LqfSprPGD": 0.0, "LqfProb": 0.0, "LndPGD": 0.0, "LndProb": 0.0, "SufFltRuptPGD": 29.523393630981445, "SurfFltRuptProb": 0.5, "PDsNone": 0.9031, "PDsSlight": 0.0495, "PDsModerate": 0.0231, "PDsExtensive": 0.0188, "PDsComplete": 0.0052, "PDsExceedSlight": 0.0968, "PDsExceedModerate": 0.0472, "PDsExceedExtensive": 0.0241, "FunctDay1": 94.7, "FunctDay3": 96.6, "FunctDay7": 97.5, "FunctDay14": 97.7, "FunctDay30": 97.8, "FunctDay90": 98.8, "EconLoss": 28477.298828125, "Name": "'STEGE DRAIN'", "City": "null", "State": "null" }, "geometry": { "type": "Point", "coordinates": [ -122.323397, 37.91175 ] } },
{ "type": "Feature", "properties": { "FacilityType": "HighwayBridge", "FacilityId": "CA006892", "Anchor": "null", "FoundationType": "null", "eqBldgType": "null", "DesignLevel": "null", "SoilType": "D", "LqfSusCat": 0, "LndSusCat": 0, "WaterDepth": 5.0, "Distance": "null", "PGA": 0.25617694854736328, "PGV": 8.608607292175293, "Sa03": 0.56298106908798218, "Sa10": 0.21416859328746796, "LqfSettlPGD": 0.0, "LqfSprPGD": 0.0, "LqfProb": 0.0, "LndPGD": 0.0, "LndProb": 0.0, "SufFltRuptPGD": 29.523393630981445, "SurfFltRuptProb": 0.5, "PDsNone": 0.9826, "PDsSlight": 0.0122, "PDsModerate": 0.003, "PDsExtensive": 0.0017, "PDsComplete": 0.0002, "PDsExceedSlight": 0.0173, "PDsExceedModerate": 0.0051, "PDsExceedExtensive": 0.002, "FunctDay1": 99.2, "FunctDay3": 99.6, "FunctDay7": 99.7, "FunctDay14": 99.7, "FunctDay30": 99.8, "FunctDay90": 99.8, "EconLoss": 2855.790771484375, "Name": "'CONTRA COSTA CANAL'", "City": "null", "State": "null" }, "geometry": { "type": "Point", "coordinates": [ -121.938289, 38.019008 ] } },
{ "type": "Feature", "properties": { "FacilityType": "HighwayBridge", "FacilityId": "CA006893", "Anchor": "null", "FoundationType": "null", "eqBldgType": "null", "DesignLevel": "null", "SoilType": "D", "LqfSusCat": 0, "LndSusCat": 0, "WaterDepth": 5.0, "Distance": "null", "PGA": 0.25617694854736328, "PGV": 8.608607292175293, "Sa03": 0.56298106908798218, "Sa10": 0.21416859328746796, "LqfSettlPGD": 0.0, "LqfSprPGD": 0.0, "LqfProb": 0.0, "LndPGD": 0.0, "LndProb": 0.0, "SufFltRuptPGD": 29.523393630981445, "SurfFltRuptProb": 0.5, "PDsNone": 0.9826, "PDsSlight": 0.0122, "PDsModerate": 0.003, "PDsExtensive": 0.0017, "PDsComplete": 0.0002, "PDsExceedSlight": 0.0173, "PDsExceedModerate": 0.0051, "PDsExceedExtensive": 0.002, "FunctDay1": 99.2, "FunctDay3": 99.6, "FunctDay7": 99.7, "FunctDay14": 99.7, "FunctDay30": 99.8, "FunctDay90": 99.8, "EconLoss": 2855.790771484375, "Name": "'CONTRA COSTA CANAL'", "City": "null", "State": "null" }, "geometry": { "type": "Point", "coordinates": [ -121.938311, 38.018581 ] } },
{ "type": "Feature", "properties": { "FacilityType": "HighwayBridge", "FacilityId": "CA006894", "Anchor": "null", "FoundationType": "null", "eqBldgType": "null", "DesignLevel": "null", "SoilType": "D", "LqfSusCat": 0, "LndSusCat": 0, "WaterDepth": 5.0, "Distance": "null", "PGA": 0.26758855581283569, "PGV": 11.357602119445801, "Sa03": 0.65700381994247437, "Sa10": 0.31031322479248047, "LqfSettlPGD": 0.0, "LqfSprPGD": 0.0, "LqfProb": 0.0, "LndPGD": 0.0, "LndProb": 0.0, "SufFltRuptPGD": 29.523393630981445, "SurfFltRuptProb": 0.5, "PDsNone": 0.6639, "PDsSlight": 0.1228, "PDsModerate": 0.1257, "PDsExtensive": 0.0496, "PDsComplete": 0.0379, "PDsExceedSlight": 0.336, "PDsExceedModerate": 0.2132, "PDsExceedExtensive": 0.0875, "FunctDay1": 79.4, "FunctDay3": 86.1, "FunctDay7": 90.9, "FunctDay14": 91.6, "FunctDay30": 92.0, "FunctDay90": 94.7, "EconLoss": 28685364.0, "Name": "'SAN PABLO BAY'", "City": "null", "State": "null" }, "geometry": { "type": "Point", "coordinates": [ -122.405325, 37.932625 ] } },
{ "type": "Feature", "properties": { "FacilityType": "HighwayBridge", "FacilityId": "CA006895", "Anchor": "null", "FoundationType": "null", "eqBldgType": "null", "DesignLevel": "null", "SoilType": "D", "LqfSusCat": 0, "LndSusCat": 0, "WaterDepth": 5.0, "Distance": "null", "PGA": 0.30203935503959656, "PGV": 10.406497955322266, "Sa03": 0.66494113206863403, "Sa10": 0.27777394652366638, "LqfSettlPGD": 0.0, "LqfSprPGD": 0.0, "LqfProb": 0.0, "LndPGD": 0.0, "LndProb": 0.0, "SufFltRuptPGD": 29.523393630981445, "SurfFltRuptProb": 0.5, "PDsNone": 0.961, "PDsSlight": 0.0221, "PDsModerate": 0.0092, "PDsExtensive": 0.0062, "PDsComplete": 0.0013, "PDsExceedSlight": 0.0389, "PDsExceedModerate": 0.0168, "PDsExceedExtensive": 0.0075, "FunctDay1": 98.0, "FunctDay3": 98.8, "FunctDay7": 99.2, "FunctDay14": 99.2, "FunctDay30": 99.3, "FunctDay90": 99.6, "EconLoss": 7670.693359375, "Name": "'CAMINO PABLO'", "City": "null", "State": "null" }, "geometry": { "type": "Point", "coordinates": [ -122.185011, 37.879211 ] } },
{ "type": "Feature", "properties": { "FacilityType": "HighwayBridge", "FacilityId": "CA006896", "Anchor": "null", "FoundationType": "null", "eqBldgType": "null", "DesignLevel": "null", "SoilType": "D", "LqfSusCat": 0, "LndSusCat": 0, "WaterDepth": 5.0, "Distance": "null", "PGA": 0.30203935503959656, "PGV": 10.406497955322266, "Sa03": 0.66494113206863403, "Sa10": 0.27777394652366638, "LqfSettlPGD": 0.0, "LqfSprPGD": 0.0, "LqfProb": 0.0, "LndPGD": 0.0, "LndProb": 0.0, "SufFltRuptPGD": 29.523393630981445, "SurfFltRuptProb": 0.5, "PDsNone": 0.961, "PDsSlight": 0.0221, "PDsModerate": 0.0092, "PDsExtensive": 0.0062, "PDsComplete": 0.0013, "PDsExceedSlight": 0.0389, "PDsExceedModerate": 0.0168, "PDsExceedExtensive": 0.0075, "FunctDay1": 98.0, "FunctDay3": 98.8, "FunctDay7": 99.2, "FunctDay14": 99.2, "FunctDay30": 99.3, "FunctDay90": 99.6, "EconLoss": 13447.37109375, "Name": "'CAMINO PABLO'", "City": "null", "State": "null" }, "geometry": { "type": "Point", "coordinates": [ -122.184797, 37.879086 ] } },
{ "type": "Feature", "properties": { "FacilityType": "HighwayBridge", "FacilityId": "CA006897", "Anchor": "null", "FoundationType": "null", "eqBldgType": "null", "DesignLevel": "null", "SoilType": "D", "LqfSusCat": 0, "LndSusCat": 0, "WaterDepth": 5.0, "Distance": "null", "PGA": 0.30203935503959656, "PGV": 10.406497955322266, "Sa03": 0.66494113206863403, "Sa10": 0.27777394652366638, "LqfSettlPGD": 0.0, "LqfSprPGD": 0.0, "LqfProb": 0.0, "LndPGD": 0.0, "LndProb": 0.0, "SufFltRuptPGD": 29.523393630981445, "SurfFltRuptProb": 0.5, "PDsNone": 0.961, "PDsSlight": 0.0221, "PDsModerate": 0.0092, "PDsExtensive": 0.0062, "PDsComplete": 0.0013, "PDsExceedSlight": 0.0389, "PDsExceedModerate": 0.0168, "PDsExceedExtensive": 0.0075, "FunctDay1": 98.0, "FunctDay3": 98.8, "FunctDay7": 99.2, "FunctDay14": 99.2, "FunctDay30": 99.3, "FunctDay90": 99.6, "EconLoss": 12838.0751953125, "Name": "'CAMINO PABLO'", "City": "null", "State": "null" }, "geometry": { "type": "Point", "coordinates": [ -122.183344, 37.878236 ] } },
{ "type": "Feature", "properties": { "FacilityType": "HighwayBridge", "FacilityId": "CA006898", "Anchor": "null", "FoundationType": "null", "eqBldgType": "null", "DesignLevel": "null", "SoilType": "D", "LqfSusCat": 0, "LndSusCat": 0, "WaterDepth": 5.0, "Distance": "null", "PGA": 0.32494053244590759, "PGV": 14.086722373962402, "Sa03": 0.80031126737594604, "Sa10": 0.42130327224731445, "LqfSettlPGD": 0.0, "LqfSprPGD": 0.0, "LqfProb": 0.0, "LndPGD": 0.0, "LndProb": 0.0, "SufFltRuptPGD": 29.523393630981445, "SurfFltRuptProb": 0.5, "PDsNone": 0.897, "PDsSlight": 0.0, "PDsModerate": 0.048, "PDsExtensive": 0.0376, "PDsComplete": 0.0171, "PDsExceedSlight": 0.1029, "PDsExceedModerate": 0.1029, "PDsExceedExtensive": 0.0548, "FunctDay1": 91.2, "FunctDay3": 92.6, "FunctDay7": 94.5, "FunctDay14": 94.8, "FunctDay30": 95.0, "FunctDay90": 97.0, "EconLoss": 955766.3125, "Name": "'MONUMENT BOULEVARD'", "City": "null", "State": "null" }, "geometry": { "type": "Point", "coordinates": [ -122.058236, 37.944556 ] } },
{ "type": "Feature", "properties": { "FacilityType": "HighwayBridge", "FacilityId": "CA006899", "Anchor": "null", "FoundationType": "null", "eqBldgType": "null", "DesignLevel": "null", "SoilType": "D", "LqfSusCat": 0, "LndSusCat": 0, "WaterDepth": 5.0, "Distance": "null", "PGA": 0.24465948343276978, "PGV": 9.4923553466796875, "Sa03": 0.5979543924331665, "Sa10": 0.26503649353981018, "LqfSettlPGD": 0.0, "LqfSprPGD": 0.0, "LqfProb": 0.0, "LndPGD": 0.0, "LndProb": 0.0, "SufFltRuptPGD": 29.523393630981445, "SurfFltRuptProb": 0.5, "PDsNone": 0.9791, "PDsSlight": 0.0, "PDsModerate": 0.0119, "PDsExtensive": 0.0069, "PDsComplete": 0.0019, "PDsExceedSlight": 0.0208, "PDsExceedModerate": 0.0208, "PDsExceedExtensive": 0.0088, "FunctDay1": 98.2, "FunctDay3": 98.6, "FunctDay7": 99.0, "FunctDay14": 99.1, "FunctDay30": 99.2, "FunctDay90": 99.5, "EconLoss": 10225.345703125, "Name": "'MAINTENANCE ACCESS'", "City": "null", "State": "null" }, "geometry": { "type": "Point", "coordinates": [ -121.855889, 38.008914 ] } },
{ "type": "Feature", "properties": { "FacilityType": "HighwayBridge", "FacilityId": "CA006900", "Anchor": "null", "FoundationType": "null", "eqBldgType": "null", "DesignLevel": "null", "SoilType": "D", "LqfSusCat": 0, "LndSusCat": 0, "WaterDepth": 5.0, "Distance": "null", "PGA": 0.32553109526634216, "PGV": 12.258646011352539, "Sa03": 0.75154876708984375, "Sa10": 0.33662161231040955, "LqfSettlPGD": 0.0, "LqfSprPGD": 0.0, "LqfProb": 0.0, "LndPGD": 0.0, "LndProb": 0.0, "SufFltRuptPGD": 29.523393630981445, "SurfFltRuptProb": 0.5, "PDsNone": 0.8322, "PDsSlight": 0.1154, "PDsModerate": 0.0271, "PDsExtensive": 0.0184, "PDsComplete": 0.0066, "PDsExceedSlight": 0.1677, "PDsExceedModerate": 0.0522, "PDsExceedExtensive": 0.0251, "FunctDay1": 92.7, "FunctDay3": 96.4, "FunctDay7": 97.4, "FunctDay14": 97.6, "FunctDay30": 97.7, "FunctDay90": 98.7, "EconLoss": 39685.12890625, "Name": "'PLEASANT HILL ROAD'", "City": "null", "State": "null" }, "geometry": { "type": "Point", "coordinates": [ -122.096386, 37.898008 ] } },
{ "type": "Feature", "properties": { "FacilityType": "HighwayBridge", "FacilityId": "CA006901", "Anchor": "null", "FoundationType": "null", "eqBldgType": "null", "DesignLevel": "null", "SoilType": "D", "LqfSusCat": 0, "LndSusCat": 0, "WaterDepth": 5.0, "Distance": "null", "PGA": 0.32553109526634216, "PGV": 12.258646011352539, "Sa03": 0.75154876708984375, "Sa10": 0.33662161231040955, "LqfSettlPGD": 0.0, "LqfSprPGD": 0.0, "LqfProb": 0.0, "LndPGD": 0.0, "LndProb": 0.0, "SufFltRuptPGD": 29.523393630981445, "SurfFltRuptProb": 0.5, "PDsNone": 0.8322, "PDsSlight": 0.1154, "PDsModerate": 0.0271, "PDsExtensive": 0.0184, "PDsComplete": 0.0066, "PDsExceedSlight": 0.1677, "PDsExceedModerate": 0.0522, "PDsExceedExtensive": 0.0251, "FunctDay1": 92.7, "FunctDay3": 96.4, "FunctDay7": 97.4, "FunctDay14": 97.6, "FunctDay30": 97.7, "FunctDay90": 98.7, "EconLoss": 70817.421875, "Name": "'PLEASANT HILL ROAD'", "City": "null", "State": "null" }, "geometry": { "type": "Point", "coordinates": [ -122.096322, 37.897811 ] } },
{ "type": "Feature", "properties": { "FacilityType": "HighwayBridge", "FacilityId": "CA006902", "Anchor": "null", "FoundationType": "null", "eqBldgType": "null", "DesignLevel": "null", "SoilType": "D", "LqfSusCat": 0, "LndSusCat": 0, "WaterDepth": 5.0, "Distance": "null", "PGA": 0.32553109526634216, "PGV": 12.258646011352539, "Sa03": 0.75154876708984375, "Sa10": 0.33662161231040955, "LqfSettlPGD": 0.0, "LqfSprPGD": 0.0, "LqfProb": 0.0, "LndPGD": 0.0, "LndProb": 0.0, "SufFltRuptPGD": 29.523393630981445, "SurfFltRuptProb": 0.5, "PDsNone": 0.8322, "PDsSlight": 0.1166, "PDsModerate": 0.0265, "PDsExtensive": 0.018, "PDsComplete": 0.0064, "PDsExceedSlight": 0.1677, "PDsExceedModerate": 0.051, "PDsExceedExtensive": 0.0244, "FunctDay1": 92.7, "FunctDay3": 96.4, "FunctDay7": 97.5, "FunctDay14": 97.6, "FunctDay30": 97.8, "FunctDay90": 98.7, "EconLoss": 69910.640625, "Name": "'PLEASANT HILL ROAD'", "City": "null", "State": "null" }, "geometry": { "type": "Point", "coordinates": [ -122.096256, 37.897447 ] } },
{ "type": "Feature", "properties": { "FacilityType": "HighwayBridge", "FacilityId": "CA006903", "Anchor": "null", "FoundationType": "null", "eqBldgType": "null", "DesignLevel": "null", "SoilType": "D", "LqfSusCat": 0, "LndSusCat": 0, "WaterDepth": 5.0, "Distance": "null", "PGA": 0.32553109526634216, "PGV": 12.258646011352539, "Sa03": 0.75154876708984375, "Sa10": 0.33662161231040955, "LqfSettlPGD": 0.0, "LqfSprPGD": 0.0, "LqfProb": 0.0, "LndPGD": 0.0, "LndProb": 0.0, "SufFltRuptPGD": 29.523393630981445, "SurfFltRuptProb": 0.5, "PDsNone": 0.8322, "PDsSlight": 0.1166, "PDsModerate": 0.0265, "PDsExtensive": 0.018, "PDsComplete": 0.0064, "PDsExceedSlight": 0.1677, "PDsExceedModerate": 0.051, "PDsExceedExtensive": 0.0244, "FunctDay1": 92.7, "FunctDay3": 96.4, "FunctDay7": 97.5, "FunctDay14": 97.6, "FunctDay30": 97.8, "FunctDay90": 98.7, "EconLoss": 39176.97265625, "Name": "'PLEASANT HILL ROAD'", "City": "null", "State": "null" }, "geometry": { "type": "Point", "coordinates": [ -122.096222, 37.897286 ] } },
{ "type": "Feature", "properties": { "FacilityType": "HighwayBridge", "FacilityId": "CA006904", "Anchor": "null", "FoundationType": "null", "eqBldgType": "null", "DesignLevel": "null", "SoilType": "D", "LqfSusCat": 0, "LndSusCat": 0, "WaterDepth": 5.0, "Distance": "null", "PGA": 0.28633642196655273, "PGV": 12.898520469665527, "Sa03": 0.71656978130340576, "Sa10": 0.36990472674369812, "LqfSettlPGD": 0.0, "LqfSprPGD": 0.0, "LqfProb": 0.0, "LndPGD": 0.0, "LndProb": 0.0, "SufFltRuptPGD": 29.523393630981445, "SurfFltRuptProb": 0.5, "PDsNone": 0.8751, "PDsSlight": 0.0, "PDsModerate": 0.052, "PDsExtensive": 0.0519, "PDsComplete": 0.0208, "PDsExceedSlight": 0.1248, "PDsExceedModerate": 0.1248, "PDsExceedExtensive": 0.0728, "FunctDay1": 89.2, "FunctDay3": 90.7, "FunctDay7": 92.7, "FunctDay14": 93.1, "FunctDay30": 93.5, "FunctDay90": 96.2, "EconLoss": 9610.517578125, "Name": "'SAN PABLO CREEK'", "City": "null", "State": "null" }, "geometry": { "type": "Point", "coordinates": [ -122.328639, 37.962503 ] } },
{ "type": "Feature", "properties": { "FacilityType": "HighwayBridge", "FacilityId": "CA006905", "Anchor": "null", "FoundationType": "null", "eqBldgType": "null", "DesignLevel": "null", "SoilType": "D", "LqfSusCat": 0, "LndSusCat": 0, "WaterDepth": 5.0, "Distance": "null", "PGA": 0.21277272701263428, "PGV": 8.3652181625366211, "Sa03": 0.52310192584991455, "Sa10": 0.23649340867996216, "LqfSettlPGD": 0.0, "LqfSprPGD": 0.0, "LqfProb": 0.0, "LndPGD": 0.0, "LndProb": 0.0, "SufFltRuptPGD": 29.523393630981445, "SurfFltRuptProb": 0.5, "PDsNone": 0.9396, "PDsSlight": 0.0468, "PDsModerate": 0.008, "PDsExtensive": 0.0043, "PDsComplete": 0.001, "PDsExceedSlight": 0.0603, "PDsExceedModerate": 0.0134, "PDsExceedExtensive": 0.0054, "FunctDay1": 97.7, "FunctDay3": 99.1, "FunctDay7": 99.4, "FunctDay14": 99.4, "FunctDay30": 99.5, "FunctDay90": 99.7, "EconLoss": 18140.44140625, "Name": "'STATE ROUTE 160'", "City": "null", "State": "null" }, "geometry": { "type": "Point", "coordinates": [ -121.755861, 37.997728 ] } },
{ "type": "Feature", "properties": { "FacilityType": "HighwayBridge", "FacilityId": "CA006906", "Anchor": "null", "FoundationType": "null", "eqBldgType": "null", "DesignLevel": "null", "SoilType": "D", "LqfSusCat": 0, "LndSusCat": 0, "WaterDepth": 5.0, "Distance": "null", "PGA": 0.31138822436332703, "PGV": 10.946950912475586, "Sa03": 0.69557148218154907, "Sa10": 0.293448805809021, "LqfSettlPGD": 0.0, "LqfSprPGD": 0.0, "LqfProb": 0.0, "LndPGD": 0.0, "LndProb": 0.0, "SufFltRuptPGD": 29.523393630981445, "SurfFltRuptProb": 0.5, "PDsNone": 0.9526, "PDsSlight": 0.0234, "PDsModerate": 0.0126, "PDsExtensive": 0.009, "PDsComplete": 0.002, "PDsExceedSlight": 0.0473, "PDsExceedModerate": 0.0238, "PDsExceedExtensive": 0.0111, "FunctDay1": 97.4, "FunctDay3": 98.3, "FunctDay7": 98.8, "FunctDay14": 98.9, "FunctDay30": 98.9, "FunctDay90": 99.4, "EconLoss": 8266.8681640625, "Name": "'ACALANES ROAD'", "City": "null", "State": "null" }, "geometry": { "type": "Point", "coordinates": [ -122.154667, 37.892397 ] } },
{ "type": "Feature", "properties": { "FacilityType": "HighwayBridge", "FacilityId": "CA006907", "Anchor": "null", "FoundationType": "null", "eqBldgType": "null", "DesignLevel": "null", "SoilType": "D", "LqfSusCat": 0, "LndSusCat": 0, "WaterDepth": 5.0, "Distance": "null", "PGA": 0.31138822436332703, "PGV": 10.946950912475586, "Sa03": 0.69557148218154907, "Sa10": 0.293448805809021, "LqfSettlPGD": 0.0, "LqfSprPGD": 0.0, "LqfProb": 0.0, "LndPGD": 0.0, "LndProb": 0.0, "SufFltRuptPGD": 29.523393630981445, "SurfFltRuptProb": 0.5, "PDsNone": 0.9526, "PDsSlight": 0.0234, "PDsModerate": 0.0126, "PDsExtensive": 0.009, "PDsComplete": 0.002, "PDsExceedSlight": 0.0473, "PDsExceedModerate": 0.0238, "PDsExceedExtensive": 0.0111, "FunctDay1": 97.4, "FunctDay3": 98.3, "FunctDay7": 98.8, "FunctDay14": 98.9, "FunctDay30": 98.9, "FunctDay90": 99.4, "EconLoss": 17388.931640625, "Name": "'ACALANES ROAD'", "City": "null", "State": "null" }, "geometry": { "type": "Point", "coordinates": [ -122.154597, 37.892133 ] } },
{ "type": "Feature", "properties": { "FacilityType": "HighwayBridge", "FacilityId": "CA006908", "Anchor": "null", "FoundationType": "null", "eqBldgType": "null", "DesignLevel": "null", "SoilType": "D", "LqfSusCat": 0, "LndSusCat": 0, "WaterDepth": 5.0, "Distance": "null", "PGA": 0.31138822436332703, "PGV": 10.946950912475586, "Sa03": 0.69557148218154907, "Sa10": 0.293448805809021, "LqfSettlPGD": 0.0, "LqfSprPGD": 0.0, "LqfProb": 0.0, "LndPGD": 0.0, "LndProb": 0.0, "SufFltRuptPGD": 29.523393630981445, "SurfFltRuptProb": 0.5, "PDsNone": 0.9526, "PDsSlight": 0.0234, "PDsModerate": 0.0126, "PDsExtensive": 0.009, "PDsComplete": 0.002, "PDsExceedSlight": 0.0473, "PDsExceedModerate": 0.0238, "PDsExceedExtensive": 0.0111, "FunctDay1": 97.4, "FunctDay3": 98.3, "FunctDay7": 98.8, "FunctDay14": 98.9, "FunctDay30": 98.9, "FunctDay90": 99.4, "EconLoss": 15427.75390625, "Name": "'ACALANES ROAD'", "City": "null", "State": "null" }, "geometry": { "type": "Point", "coordinates": [ -122.154511, 37.891747 ] } },
{ "type": "Feature", "properties": { "FacilityType": "HighwayBridge", "FacilityId": "CA006909", "Anchor": "null", "FoundationType": "null", "eqBldgType": "null", "DesignLevel": "null", "SoilType": "D", "LqfSusCat": 0, "LndSusCat": 0, "WaterDepth": 5.0, "Distance": "null", "PGA": 0.31138822436332703, "PGV": 10.946950912475586, "Sa03": 0.69557148218154907, "Sa10": 0.293448805809021, "LqfSettlPGD": 0.0, "LqfSprPGD": 0.0, "LqfProb": 0.0, "LndPGD": 0.0, "LndProb": 0.0, "SufFltRuptPGD": 29.523393630981445, "SurfFltRuptProb": 0.5, "PDsNone": 0.9526, "PDsSlight": 0.0241, "PDsModerate": 0.0123, "PDsExtensive": 0.0088, "PDsComplete": 0.002, "PDsExceedSlight": 0.0473, "PDsExceedModerate": 0.0232, "PDsExceedExtensive": 0.0108, "FunctDay1": 97.4, "FunctDay3": 98.4, "FunctDay7": 98.8, "FunctDay14": 98.9, "FunctDay30": 99.0, "FunctDay90": 99.4, "EconLoss": 7682.2138671875, "Name": "'ACALANES ROAD'", "City": "null", "State": "null" }, "geometry": { "type": "Point", "coordinates": [ -122.154469, 37.891581 ] } },
{ "type": "Feature", "properties": { "FacilityType": "HighwayBridge", "FacilityId": "CA006910", "Anchor": "null", "FoundationType": "null", "eqBldgType": "null", "DesignLevel": "null", "SoilType": "D", "LqfSusCat": 0, "LndSusCat": 0, "WaterDepth": 5.0, "Distance": "null", "PGA": 0.31138822436332703, "PGV": 10.946950912475586, "Sa03": 0.69557148218154907, "Sa10": 0.293448805809021, "LqfSettlPGD": 0.0, "LqfSprPGD": 0.0, "LqfProb": 0.0, "LndPGD": 0.0, "LndProb": 0.0, "SufFltRuptPGD": 29.523393630981445, "SurfFltRuptProb": 0.5, "PDsNone": 0.8833, "PDsSlight": 0.0857, "PDsModerate": 0.017, "PDsExtensive": 0.0105, "PDsComplete": 0.0032, "PDsExceedSlight": 0.1166, "PDsExceedModerate": 0.0308, "PDsExceedExtensive": 0.0138, "FunctDay1": 95.2, "FunctDay3": 97.9, "FunctDay7": 98.5, "FunctDay14": 98.6, "FunctDay30": 98.7, "FunctDay90": 99.3, "EconLoss": 35384.2421875, "Name": "'STATE ROUTE 24 & BARTD'", "City": "null", "State": "null" }, "geometry": { "type": "Point", "coordinates": [ -122.171486, 37.891989 ] } },
{ "type": "Feature", "properties": { "FacilityType": "HighwayBridge", "FacilityId": "CA006911", "Anchor": "null", "FoundationType": "null", "eqBldgType": "null", "DesignLevel": "null", "SoilType": "D", "LqfSusCat": 0, "LndSusCat": 0, "WaterDepth": 5.0, "Distance": "null", "PGA": 0.29944267868995667, "PGV": 12.994046211242676, "Sa03": 0.73564881086349487, "Sa10": 0.36676627397537231, "LqfSettlPGD": 0.0, "LqfSprPGD": 0.0, "LqfProb": 0.0, "LndPGD": 0.0, "LndProb": 0.0, "SufFltRuptPGD": 29.523393630981445, "SurfFltRuptProb": 0.5, "PDsNone": 0.6972, "PDsSlight": 0.1993, "PDsModerate": 0.0669, "PDsExtensive": 0.0305, "PDsComplete": 0.0058, "PDsExceedSlight": 0.3027, "PDsExceedModerate": 0.1033, "PDsExceedExtensive": 0.0364, "FunctDay1": 86.6, "FunctDay3": 93.6, "FunctDay7": 96.1, "FunctDay14": 96.5, "FunctDay30": 96.7, "FunctDay90": 98.3, "EconLoss": 293040.84375, "Name": "'CENTRAL AVENUE'", "City": "null", "State": "null" }, "geometry": { "type": "Point", "coordinates": [ -122.310389, 37.900708 ] } },
{ "type": "Feature", "properties": { "FacilityType": "HighwayBridge", "FacilityId": "CA006912", "Anchor": "null", "FoundationType": "null", "eqBldgType": "null", "DesignLevel": "null", "SoilType": "D", "LqfSusCat": 0, "LndSusCat": 0, "WaterDepth": 5.0, "Distance": "null", "PGA": 0.32494053244590759, "PGV": 14.086722373962402, "Sa03": 0.80031126737594604, "Sa10": 0.42130327224731445, "LqfSettlPGD": 0.0, "LqfSprPGD": 0.0, "LqfProb": 0.0, "LndPGD": 0.0, "LndProb": 0.0, "SufFltRuptPGD": 29.523393630981445, "SurfFltRuptProb": 0.5, "PDsNone": 0.8942, "PDsSlight": 0.0, "PDsModerate": 0.0491, "PDsExtensive": 0.0387, "PDsComplete": 0.0178, "PDsExceedSlight": 0.1057, "PDsExceedModerate": 0.1057, "PDsExceedExtensive": 0.0565, "FunctDay1": 91.0, "FunctDay3": 92.4, "FunctDay7": 94.3, "FunctDay14": 94.6, "FunctDay30": 94.9, "FunctDay90": 96.9, "EconLoss": 296414.15625, "Name": "'I 680  N MAIN STREET'", "City": "null", "State": "null" }, "geometry": { "type": "Point", "coordinates": [ -122.0609, 37.93335 ] } },
{ "type": "Feature", "properties": { "FacilityType": "HighwayBridge", "FacilityId": "CA006913", "Anchor": "null", "FoundationType": "null", "eqBldgType": "null", "DesignLevel": "null", "SoilType": "D", "LqfSusCat": 0, "LndSusCat": 0, "WaterDepth": 5.0, "Distance": "null", "PGA": 0.32111510634422302, "PGV": 11.395089149475098, "Sa03": 0.7213207483291626, "Sa10": 0.30600848793983459, "LqfSettlPGD": 0.0, "LqfSprPGD": 0.0, "LqfProb": 0.0, "LndPGD": 0.0, "LndProb": 0.0, "SufFltRuptPGD": 29.523393630981445, "SurfFltRuptProb": 0.5, "PDsNone": 0.9608, "PDsSlight": 0.0, "PDsModerate": 0.021, "PDsExtensive": 0.0135, "PDsComplete": 0.0044, "PDsExceedSlight": 0.0391, "PDsExceedModerate": 0.0391, "PDsExceedExtensive": 0.018, "FunctDay1": 96.7, "FunctDay3": 97.3, "FunctDay7": 98.1, "FunctDay14": 98.2, "FunctDay30": 98.3, "FunctDay90": 99.0, "EconLoss": 65157.90625, "Name": "'INTERSTATE 680'", "City": "null", "State": "null" }, "geometry": { "type": "Point", "coordinates": [ -122.071286, 37.901531 ] } },
{ "type": "Feature", "properties": { "FacilityType": "HighwayBridge", "FacilityId": "CA006914", "Anchor": "null", "FoundationType": "null", "eqBldgType": "null", "DesignLevel": "null", "SoilType": "D", "LqfSusCat": 0, "LndSusCat": 0, "WaterDepth": 5.0, "Distance": "null", "PGA": 0.32111510634422302, "PGV": 11.395089149475098, "Sa03": 0.7213207483291626, "Sa10": 0.30600848793983459, "LqfSettlPGD": 0.0, "LqfSprPGD": 0.0, "LqfProb": 0.0, "LndPGD": 0.0, "LndProb": 0.0, "SufFltRuptPGD": 29.523393630981445, "SurfFltRuptProb": 0.5, "PDsNone": 0.9394, "PDsSlight": 0.0, "PDsModerate": 0.0307, "PDsExtensive": 0.0215, "PDsComplete": 0.0081, "PDsExceedSlight": 0.0605, "PDsExceedModerate": 0.0605, "PDsExceedExtensive": 0.0297, "FunctDay1": 94.9, "FunctDay3": 95.8, "FunctDay7": 96.9, "FunctDay14": 97.1, "FunctDay30": 97.3, "FunctDay90": 98.4, "EconLoss": 99332.8359375, "Name": "'YGNACIO VALLEY ROAD'", "City": "null", "State": "null" }, "geometry": { "type": "Point", "coordinates": [ -122.069892, 37.905481 ] } },
{ "type": "Feature", "properties": { "FacilityType": "HighwayBridge", "FacilityId": "CA006915", "Anchor": "null", "FoundationType": "null", "eqBldgType": "null", "DesignLevel": "null", "SoilType": "D", "LqfSusCat": 0, "LndSusCat": 0, "WaterDepth": 5.0, "Distance": "null", "PGA": 0.32111510634422302, "PGV": 11.395089149475098, "Sa03": 0.7213207483291626, "Sa10": 0.30600848793983459, "LqfSettlPGD": 0.0, "LqfSprPGD": 0.0, "LqfProb": 0.0, "LndPGD": 0.0, "LndProb": 0.0, "SufFltRuptPGD": 29.523393630981445, "SurfFltRuptProb": 0.5, "PDsNone": 0.9424, "PDsSlight": 0.0, "PDsModerate": 0.0294, "PDsExtensive": 0.0204, "PDsComplete": 0.0076, "PDsExceedSlight": 0.0575, "PDsExceedModerate": 0.0575, "PDsExceedExtensive": 0.028, "FunctDay1": 95.1, "FunctDay3": 96.0, "FunctDay7": 97.1, "FunctDay14": 97.3, "FunctDay30": 97.4, "FunctDay90": 98.5, "EconLoss": 137385.234375, "Name": "'YGNACIO VALLEY ROAD'", "City": "null", "State": "null" }, "geometry": { "type": "Point", "coordinates": [ -122.069717, 37.904731 ] } },
{ "type": "Feature", "properties": { "FacilityType": "HighwayBridge", "FacilityId": "CA006916", "Anchor": "null", "FoundationType": "null", "eqBldgType": "null", "DesignLevel": "null", "SoilType": "D", "LqfSusCat": 0, "LndSusCat": 0, "WaterDepth": 5.0, "Distance": "null", "PGA": 0.32111510634422302, "PGV": 11.395089149475098, "Sa03": 0.7213207483291626, "Sa10": 0.30600848793983459, "LqfSettlPGD": 0.0, "LqfSprPGD": 0.0, "LqfProb": 0.0, "LndPGD": 0.0, "LndProb": 0.0, "SufFltRuptPGD": 29.523393630981445, "SurfFltRuptProb": 0.5, "PDsNone": 0.9453, "PDsSlight": 0.0157, "PDsModerate": 0.0195, "PDsExtensive": 0.0153, "PDsComplete": 0.004, "PDsExceedSlight": 0.0546, "PDsExceedModerate": 0.0389, "PDsExceedExtensive": 0.0193, "FunctDay1": 96.3, "FunctDay3": 97.2, "FunctDay7": 98.0, "FunctDay14": 98.1, "FunctDay30": 98.2, "FunctDay90": 99.0, "EconLoss": 69426.1015625, "Name": "'YGNACIO VALLEY ROAD'", "City": "null", "State": "null" }, "geometry": { "type": "Point", "coordinates": [ -122.069336, 37.90505 ] } },
{ "type": "Feature", "properties": { "FacilityType": "HighwayBridge", "FacilityId": "CA006917", "Anchor": "null", "FoundationType": "null", "eqBldgType": "null", "DesignLevel": "null", "SoilType": "D", "LqfSusCat": 0, "LndSusCat": 0, "WaterDepth": 5.0, "Distance": "null", "PGA": 0.32111510634422302, "PGV": 11.395089149475098, "Sa03": 0.7213207483291626, "Sa10": 0.30600848793983459, "LqfSettlPGD": 0.0, "LqfSprPGD": 0.0, "LqfProb": 0.0, "LndPGD": 0.0, "LndProb": 0.0, "SufFltRuptPGD": 29.523393630981445, "SurfFltRuptProb": 0.5, "PDsNone": 0.9453, "PDsSlight": 0.0233, "PDsModerate": 0.0161, "PDsExtensive": 0.0121, "PDsComplete": 0.003, "PDsExceedSlight": 0.0546, "PDsExceedModerate": 0.0313, "PDsExceedExtensive": 0.0151, "FunctDay1": 96.7, "FunctDay3": 97.8, "FunctDay7": 98.4, "FunctDay14": 98.5, "FunctDay30": 98.6, "FunctDay90": 99.2, "EconLoss": 66575.5625, "Name": "'PARKSIDE DRIVE'", "City": "null", "State": "null" }, "geometry": { "type": "Point", "coordinates": [ -122.067433, 37.910892 ] } },
{ "type": "Feature", "properties": { "FacilityType": "HighwayBridge", "FacilityId": "CA006918", "Anchor": "null", "FoundationType": "null", "eqBldgType": "null", "DesignLevel": "null", "SoilType": "D", "LqfSusCat": 0, "LndSusCat": 0, "WaterDepth": 5.0, "Distance": "null", "PGA": 0.32111510634422302, "PGV": 11.395089149475098, "Sa03": 0.7213207483291626, "Sa10": 0.30600848793983459, "LqfSettlPGD": 0.0, "LqfSprPGD": 0.0, "LqfProb": 0.0, "LndPGD": 0.0, "LndProb": 0.0, "SufFltRuptPGD": 29.523393630981445, "SurfFltRuptProb": 0.5, "PDsNone": 0.909, "PDsSlight": 0.0, "PDsModerate": 0.0434, "PDsExtensive": 0.0331, "PDsComplete": 0.0144, "PDsExceedSlight": 0.0909, "PDsExceedModerate": 0.0909, "PDsExceedExtensive": 0.0475, "FunctDay1": 92.3, "FunctDay3": 93.5, "FunctDay7": 95.2, "FunctDay14": 95.5, "FunctDay30": 95.7, "FunctDay90": 97.5, "EconLoss": 465449.875, "Name": "'INTERSTATE 680'", "City": "null", "State": "null" }, "geometry": { "type": "Point", "coordinates": [ -122.066022, 37.916344 ] } },
{ "type": "Feature", "properties": { "FacilityType": "HighwayBridge", "FacilityId": "CA006919", "Anchor": "null", "FoundationType": "null", "eqBldgType": "null", "DesignLevel": "null", "SoilType": "D", "LqfSusCat": 0, "LndSusCat": 0, "WaterDepth": 5.0, "Distance": "null", "PGA": 0.32494053244590759, "PGV": 14.086722373962402, "Sa03": 0.80031126737594604, "Sa10": 0.42130327224731445, "LqfSettlPGD": 0.0, "LqfSprPGD": 0.0, "LqfProb": 0.0, "LndPGD": 0.0, "LndProb": 0.0, "SufFltRuptPGD": 29.523393630981445, "SurfFltRuptProb": 0.5, "PDsNone": 0.8962, "PDsSlight": 0.0, "PDsModerate": 0.0483, "PDsExtensive": 0.038, "PDsComplete": 0.0173, "PDsExceedSlight": 0.1037, "PDsExceedModerate": 0.1037, "PDsExceedExtensive": 0.0553, "FunctDay1": 91.1, "FunctDay3": 92.5, "FunctDay7": 94.4, "FunctDay14": 94.7, "FunctDay30": 95.0, "FunctDay90": 97.0, "EconLoss": 384653.375, "Name": "'INTERSTATE 680'", "City": "null", "State": "null" }, "geometry": { "type": "Point", "coordinates": [ -122.061025, 37.926292 ] } },
{ "type": "Feature", "properties": { "FacilityType": "HighwayBridge", "FacilityId": "CA006920", "Anchor": "null", "FoundationType": "null", "eqBldgType": "null", "DesignLevel": "null", "SoilType": "D", "LqfSusCat": 0, "LndSusCat": 0, "WaterDepth": 5.0, "Distance": "null", "PGA": 0.27735394239425659, "PGV": 10.04581356048584, "Sa03": 0.62787985801696777, "Sa10": 0.26528066396713257, "LqfSettlPGD": 0.0, "LqfSprPGD": 0.0, "LqfProb": 0.0, "LndPGD": 0.0, "LndProb": 0.0, "SufFltRuptPGD": 29.523393630981445, "SurfFltRuptProb": 0.5, "PDsNone": 0.967, "PDsSlight": 0.0186, "PDsModerate": 0.0079, "PDsExtensive": 0.0052, "PDsComplete": 0.001, "PDsExceedSlight": 0.0329, "PDsExceedModerate": 0.0142, "PDsExceedExtensive": 0.0063, "FunctDay1": 98.3, "FunctDay3": 99.0, "FunctDay7": 99.3, "FunctDay14": 99.3, "FunctDay30": 99.4, "FunctDay90": 99.6, "EconLoss": 25458.431640625, "Name": "'PINOLE VALLEY ROAD'", "City": "null", "State": "null" }, "geometry": { "type": "Point", "coordinates": [ -122.286164, 37.9969 ] } },
{ "type": "Feature", "properties": { "FacilityType": "HighwayBridge", "FacilityId": "CA006921", "Anchor": "null", "FoundationType": "null", "eqBldgType": "null", "DesignLevel": "null", "SoilType": "D", "LqfSusCat": 0, "LndSusCat": 0, "WaterDepth": 5.0, "Distance": "null", "PGA": 0.28016680479049683, "PGV": 10.005664825439453, "Sa03": 0.62862586975097656, "Sa10": 0.27086547017097473, "LqfSettlPGD": 0.0, "LqfSprPGD": 0.0, "LqfProb": 0.0, "LndPGD": 0.0, "LndProb": 0.0, "SufFltRuptPGD": 29.523393630981445, "SurfFltRuptProb": 0.5, "PDsNone": 0.9725, "PDsSlight": 0.0, "PDsModerate": 0.0153, "PDsExtensive": 0.0093, "PDsComplete": 0.0027, "PDsExceedSlight": 0.0274, "PDsExceedModerate": 0.0274, "PDsExceedExtensive": 0.0121, "FunctDay1": 97.7, "FunctDay3": 98.1, "FunctDay7": 98.7, "FunctDay14": 98.8, "FunctDay30": 98.9, "FunctDay90": 99.4, "EconLoss": 33711.6328125, "Name": "'EL PORTAL DRIVE'", "City": "null", "State": "null" }, "geometry": { "type": "Point", "coordinates": [ -122.322414, 37.966083 ] } },
{ "type": "Feature", "properties": { "FacilityType": "HighwayBridge", "FacilityId": "CA006922", "Anchor": "null", "FoundationType": "null", "eqBldgType": "null", "DesignLevel": "null", "SoilType": "D", "LqfSusCat": 0, "LndSusCat": 0, "WaterDepth": 5.0, "Distance": "null", "PGA": 0.29944267868995667, "PGV": 12.994046211242676, "Sa03": 0.73564881086349487, "Sa10": 0.36676627397537231, "LqfSettlPGD": 0.0, "LqfSprPGD": 0.0, "LqfProb": 0.0, "LndPGD": 0.0, "LndProb": 0.0, "SufFltRuptPGD": 29.523393630981445, "SurfFltRuptProb": 0.5, "PDsNone": 0.8863, "PDsSlight": 0.0, "PDsModerate": 0.052, "PDsExtensive": 0.0418, "PDsComplete": 0.0197, "PDsExceedSlight": 0.1136, "PDsExceedModerate": 0.1136, "PDsExceedExtensive": 0.0615, "FunctDay1": 90.3, "FunctDay3": 91.8, "FunctDay7": 93.8, "FunctDay14": 94.1, "FunctDay30": 94.4, "FunctDay90": 96.7, "EconLoss": 201961.0625, "Name": "'CARLSON BLVD'", "City": "null", "State": "null" }, "geometry": { "type": "Point", "coordinates": [ -122.316925, 37.9106 ] } },
{ "type": "Feature", "properties": { "FacilityType": "HighwayBridge", "FacilityId": "CA006923", "Anchor": "null", "FoundationType": "null", "eqBldgType": "null", "DesignLevel": "null", "SoilType": "D", "LqfSusCat": 0, "LndSusCat": 0, "WaterDepth": 5.0, "Distance": "null", "PGA": 0.32553109526634216, "PGV": 12.258646011352539, "Sa03": 0.75154876708984375, "Sa10": 0.33662161231040955, "LqfSettlPGD": 0.0, "LqfSprPGD": 0.0, "LqfProb": 0.0, "LndPGD": 0.0, "LndProb": 0.0, "SufFltRuptPGD": 29.523393630981445, "SurfFltRuptProb": 0.5, "PDsNone": 0.8322, "PDsSlight": 0.114, "PDsModerate": 0.0277, "PDsExtensive": 0.0189, "PDsComplete": 0.0069, "PDsExceedSlight": 0.1677, "PDsExceedModerate": 0.0536, "PDsExceedExtensive": 0.0259, "FunctDay1": 92.6, "FunctDay3": 96.3, "FunctDay7": 97.3, "FunctDay14": 97.5, "FunctDay30": 97.6, "FunctDay90": 98.6, "EconLoss": 89698.859375, "Name": "'STATE ROUTE 24 & BARTD'", "City": "null", "State": "null" }, "geometry": { "type": "Point", "coordinates": [ -122.085286, 37.898519 ] } },
{ "type": "Feature", "properties": { "FacilityType": "HighwayBridge", "FacilityId": "CA006924", "Anchor": "null", "FoundationType": "null", "eqBldgType": "null", "DesignLevel": "null", "SoilType": "D", "LqfSusCat": 0, "LndSusCat": 0, "WaterDepth": 5.0, "Distance": "null", "PGA": 0.32553109526634216, "PGV": 12.258646011352539, "Sa03": 0.75154876708984375, "Sa10": 0.33662161231040955, "LqfSettlPGD": 0.0, "LqfSprPGD": 0.0, "LqfProb": 0.0, "LndPGD": 0.0, "LndProb": 0.0, "SufFltRuptPGD": 29.523393630981445, "SurfFltRuptProb": 0.5, "PDsNone": 0.9493, "PDsSlight": 0.0, "PDsModerate": 0.0263, "PDsExtensive": 0.0178, "PDsComplete": 0.0063, "PDsExceedSlight": 0.0506, "PDsExceedModerate": 0.0506, "PDsExceedExtensive": 0.0242, "FunctDay1": 95.7, "FunctDay3": 96.5, "FunctDay7": 97.5, "FunctDay14": 97.7, "FunctDay30": 97.8, "FunctDay90": 98.7, "EconLoss": 203749.4375, "Name": "'N680-W24  CAMINO DIABLO'", "City": "null", "State": "null" }, "geometry": { "type": "Point", "coordinates": [ -122.075775, 37.896103 ] } },
{ "type": "Feature", "properties": { "FacilityType": "HighwayBridge", "FacilityId": "CA006925", "Anchor": "null", "FoundationType": "null", "eqBldgType": "null", "DesignLevel": "null", "SoilType": "D", "LqfSusCat": 0, "LndSusCat": 0, "WaterDepth": 5.0, "Distance": "null", "PGA": 0.32111510634422302, "PGV": 11.395089149475098, "Sa03": 0.7213207483291626, "Sa10": 0.30600848793983459, "LqfSettlPGD": 0.0, "LqfSprPGD": 0.0, "LqfProb": 0.0, "LndPGD": 0.0, "LndProb": 0.0, "SufFltRuptPGD": 29.523393630981445, "SurfFltRuptProb": 0.5, "PDsNone": 0.9639, "PDsSlight": 0.0, "PDsModerate": 0.0196, "PDsExtensive": 0.0124, "PDsComplete": 0.004, "PDsExceedSlight": 0.036, "PDsExceedModerate": 0.036, "PDsExceedExtensive": 0.0164, "FunctDay1": 97.0, "FunctDay3": 97.5, "FunctDay7": 98.3, "FunctDay14": 98.4, "FunctDay30": 98.5, "FunctDay90": 99.1, "EconLoss": 305647.65625, "Name": "'N680\/W24 CONN I-680 C.D.'", "City": "null", "State": "null" }, "geometry": { "type": "Point", "coordinates": [ -122.071986, 37.896914 ] } },
{ "type": "Feature", "properties": { "FacilityType": "HighwayBridge", "FacilityId": "CA006926", "Anchor": "null", "FoundationType": "null", "eqBldgType": "null", "DesignLevel": "null", "SoilType": "D", "LqfSusCat": 0, "LndSusCat": 0, "WaterDepth": 5.0, "Distance": "null", "PGA": 0.32111510634422302, "PGV": 11.395089149475098, "Sa03": 0.7213207483291626, "Sa10": 0.30600848793983459, "LqfSettlPGD": 0.0, "LqfSprPGD": 0.0, "LqfProb": 0.0, "LndPGD": 0.0, "LndProb": 0.0, "SufFltRuptPGD": 29.523393630981445, "SurfFltRuptProb": 0.5, "PDsNone": 0.9596, "PDsSlight": 0.0, "PDsModerate": 0.0216, "PDsExtensive": 0.014, "PDsComplete": 0.0046, "PDsExceedSlight": 0.0403, "PDsExceedModerate": 0.0403, "PDsExceedExtensive": 0.0187, "FunctDay1": 96.6, "FunctDay3": 97.2, "FunctDay7": 98.1, "FunctDay14": 98.2, "FunctDay30": 98.3, "FunctDay90": 99.0, "EconLoss": 53357.2421875, "Name": "'BOULEVARD WAY'", "City": "null", "State": "null" }, "geometry": { "type": "Point", "coordinates": [ -122.072625, 37.895278 ] } },
{ "type": "Feature", "properties": { "FacilityType": "HighwayBridge", "FacilityId": "CA006927", "Anchor": "null", "FoundationType": "null", "eqBldgType": "null", "DesignLevel": "null", "SoilType": "D", "LqfSusCat": 0, "LndSusCat": 0, "WaterDepth": 5.0, "Distance": "null", "PGA": 0.32111510634422302, "PGV": 11.395089149475098, "Sa03": 0.7213207483291626, "Sa10": 0.30600848793983459, "LqfSettlPGD": 0.0, "LqfSprPGD": 0.0, "LqfProb": 0.0, "LndPGD": 0.0, "LndProb": 0.0, "SufFltRuptPGD": 29.523393630981445, "SurfFltRuptProb": 0.5, "PDsNone": 0.9639, "PDsSlight": 0.0, "PDsModerate": 0.0196, "PDsExtensive": 0.0124, "PDsComplete": 0.004, "PDsExceedSlight": 0.036, "PDsExceedModerate": 0.036, "PDsExceedExtensive": 0.0164, "FunctDay1": 97.0, "FunctDay3": 97.5, "FunctDay7": 98.3, "FunctDay14": 98.4, "FunctDay30": 98.5, "FunctDay90": 99.1, "EconLoss": 73197.953125, "Name": "'MT DIABLO BOULEVARD'", "City": "null", "State": "null" }, "geometry": { "type": "Point", "coordinates": [ -122.070672, 37.896214 ] } },
{ "type": "Feature", "properties": { "FacilityType": "HighwayBridge", "FacilityId": "CA006928", "Anchor": "null", "FoundationType": "null", "eqBldgType": "null", "DesignLevel": "null", "SoilType": "D", "LqfSusCat": 0, "LndSusCat": 0, "WaterDepth": 5.0, "Distance": "null", "PGA": 0.32111510634422302, "PGV": 11.395089149475098, "Sa03": 0.7213207483291626, "Sa10": 0.30600848793983459, "LqfSettlPGD": 0.0, "LqfSprPGD": 0.0, "LqfProb": 0.0, "LndPGD": 0.0, "LndProb": 0.0, "SufFltRuptPGD": 29.523393630981445, "SurfFltRuptProb": 0.5, "PDsNone": 0.9604, "PDsSlight": 0.0, "PDsModerate": 0.0212, "PDsExtensive": 0.0137, "PDsComplete": 0.0045, "PDsExceedSlight": 0.0395, "PDsExceedModerate": 0.0395, "PDsExceedExtensive": 0.0182, "FunctDay1": 96.7, "FunctDay3": 97.3, "FunctDay7": 98.1, "FunctDay14": 98.2, "FunctDay30": 98.3, "FunctDay90": 99.0, "EconLoss": 59427.6171875, "Name": "'MT DIABLO BOULEVARD'", "City": "null", "State": "null" }, "geometry": { "type": "Point", "coordinates": [ -122.070308, 37.896206 ] } },
{ "type": "Feature", "properties": { "FacilityType": "HighwayBridge", "FacilityId": "CA006929", "Anchor": "null", "FoundationType": "null", "eqBldgType": "null", "DesignLevel": "null", "SoilType": "D", "LqfSusCat": 0, "LndSusCat": 0, "WaterDepth": 5.0, "Distance": "null", "PGA": 0.32111510634422302, "PGV": 11.395089149475098, "Sa03": 0.7213207483291626, "Sa10": 0.30600848793983459, "LqfSettlPGD": 0.0, "LqfSprPGD": 0.0, "LqfProb": 0.0, "LndPGD": 0.0, "LndProb": 0.0, "SufFltRuptPGD": 29.523393630981445, "SurfFltRuptProb": 0.5, "PDsNone": 0.9639, "PDsSlight": 0.0, "PDsModerate": 0.0196, "PDsExtensive": 0.0124, "PDsComplete": 0.004, "PDsExceedSlight": 0.036, "PDsExceedModerate": 0.036, "PDsExceedExtensive": 0.0164, "FunctDay1": 97.0, "FunctDay3": 97.5, "FunctDay7": 98.3, "FunctDay14": 98.4, "FunctDay30": 98.5, "FunctDay90": 99.1, "EconLoss": 281712.34375, "Name": "'OLYMPIC BLVD I-680'", "City": "null", "State": "null" }, "geometry": { "type": "Point", "coordinates": [ -122.073731, 37.896353 ] } },
{ "type": "Feature", "properties": { "FacilityType": "HighwayBridge", "FacilityId": "CA006930", "Anchor": "null", "FoundationType": "null", "eqBldgType": "null", "DesignLevel": "null", "SoilType": "D", "LqfSusCat": 0, "LndSusCat": 0, "WaterDepth": 5.0, "Distance": "null", "PGA": 0.32553109526634216, "PGV": 12.258646011352539, "Sa03": 0.75154876708984375, "Sa10": 0.33662161231040955, "LqfSettlPGD": 0.0, "LqfSprPGD": 0.0, "LqfProb": 0.0, "LndPGD": 0.0, "LndProb": 0.0, "SufFltRuptPGD": 29.523393630981445, "SurfFltRuptProb": 0.5, "PDsNone": 0.8322, "PDsSlight": 0.1162, "PDsModerate": 0.0267, "PDsExtensive": 0.0181, "PDsComplete": 0.0065, "PDsExceedSlight": 0.1677, "PDsExceedModerate": 0.0514, "PDsExceedExtensive": 0.0246, "FunctDay1": 92.7, "FunctDay3": 96.4, "FunctDay7": 97.4, "FunctDay14": 97.6, "FunctDay30": 97.7, "FunctDay90": 98.7, "EconLoss": 47418.60546875, "Name": "'BROWN AVENUE'", "City": "null", "State": "null" }, "geometry": { "type": "Point", "coordinates": [ -122.110922, 37.895297 ] } },
{ "type": "Feature", "properties": { "FacilityType": "HighwayBridge", "FacilityId": "CA006931", "Anchor": "null", "FoundationType": "null", "eqBldgType": "null", "DesignLevel": "null", "SoilType": "D", "LqfSusCat": 0, "LndSusCat": 0, "WaterDepth": 5.0, "Distance": "null", "PGA": 0.31138822436332703, "PGV": 10.946950912475586, "Sa03": 0.69557148218154907, "Sa10": 0.293448805809021, "LqfSettlPGD": 0.0, "LqfSprPGD": 0.0, "LqfProb": 0.0, "LndPGD": 0.0, "LndProb": 0.0, "SufFltRuptPGD": 29.523393630981445, "SurfFltRuptProb": 0.5, "PDsNone": 0.8833, "PDsSlight": 0.0851, "PDsModerate": 0.0173, "PDsExtensive": 0.0107, "PDsComplete": 0.0033, "PDsExceedSlight": 0.1166, "PDsExceedModerate": 0.0314, "PDsExceedExtensive": 0.0141, "FunctDay1": 95.2, "FunctDay3": 97.8, "FunctDay7": 98.5, "FunctDay14": 98.6, "FunctDay30": 98.7, "FunctDay90": 99.2, "EconLoss": 28838.01171875, "Name": "'HAPPY VALLEY ROAD'", "City": "null", "State": "null" }, "geometry": { "type": "Point", "coordinates": [ -122.126433, 37.892869 ] } },
{ "type": "Feature", "properties": { "FacilityType": "HighwayBridge", "FacilityId": "CA006932", "Anchor": "null", "FoundationType": "null", "eqBldgType": "null", "DesignLevel": "null", "SoilType": "D", "LqfSusCat": 0, "LndSusCat": 0, "WaterDepth": 5.0, "Distance": "null", "PGA": 0.31138822436332703, "PGV": 10.946950912475586, "Sa03": 0.69557148218154907, "Sa10": 0.293448805809021, "LqfSettlPGD": 0.0, "LqfSprPGD": 0.0, "LqfProb": 0.0, "LndPGD": 0.0, "LndProb": 0.0, "SufFltRuptPGD": 29.523393630981445, "SurfFltRuptProb": 0.5, "PDsNone": 0.8833, "PDsSlight": 0.0851, "PDsModerate": 0.0173, "PDsExtensive": 0.0107, "PDsComplete": 0.0033, "PDsExceedSlight": 0.1166, "PDsExceedModerate": 0.0314, "PDsExceedExtensive": 0.0141, "FunctDay1": 95.2, "FunctDay3": 97.8, "FunctDay7": 98.5, "FunctDay14": 98.6, "FunctDay30": 98.7, "FunctDay90": 99.2, "EconLoss": 28838.01171875, "Name": "'HAPPY VALLEY ROAD'", "City": "null", "State": "null" }, "geometry": { "type": "Point", "coordinates": [ -122.126353, 37.892453 ] } },
{ "type": "Feature", "properties": { "FacilityType": "HighwayBridge", "FacilityId": "CA006933", "Anchor": "null", "FoundationType": "null", "eqBldgType": "null", "DesignLevel": "null", "SoilType": "D", "LqfSusCat": 0, "LndSusCat": 0, "WaterDepth": 5.0, "Distance": "null", "PGA": 0.32553109526634216, "PGV": 12.258646011352539, "Sa03": 0.75154876708984375, "Sa10": 0.33662161231040955, "LqfSettlPGD": 0.0, "LqfSprPGD": 0.0, "LqfProb": 0.0, "LndPGD": 0.0, "LndProb": 0.0, "SufFltRuptPGD": 29.523393630981445, "SurfFltRuptProb": 0.5, "PDsNone": 0.8322, "PDsSlight": 0.0958, "PDsModerate": 0.0356, "PDsExtensive": 0.0258, "PDsComplete": 0.0103, "PDsExceedSlight": 0.1677, "PDsExceedModerate": 0.0718, "PDsExceedExtensive": 0.0361, "FunctDay1": 91.5, "FunctDay3": 94.9, "FunctDay7": 96.3, "FunctDay14": 96.5, "FunctDay30": 96.7, "FunctDay90": 98.1, "EconLoss": 80599.21875, "Name": "'OAK HILL ROAD'", "City": "null", "State": "null" }, "geometry": { "type": "Point", "coordinates": [ -122.12165, 37.893994 ] } },
{ "type": "Feature", "properties": { "FacilityType": "HighwayBridge", "FacilityId": "CA006934", "Anchor": "null", "FoundationType": "null", "eqBldgType": "null", "DesignLevel": "null", "SoilType": "D", "LqfSusCat": 0, "LndSusCat": 0, "WaterDepth": 5.0, "Distance": "null", "PGA": 0.32553109526634216, "PGV": 12.258646011352539, "Sa03": 0.75154876708984375, "Sa10": 0.33662161231040955, "LqfSettlPGD": 0.0, "LqfSprPGD": 0.0, "LqfProb": 0.0, "LndPGD": 0.0, "LndProb": 0.0, "SufFltRuptPGD": 29.523393630981445, "SurfFltRuptProb": 0.5, "PDsNone": 0.8322, "PDsSlight": 0.1079, "PDsModerate": 0.0304, "PDsExtensive": 0.0212, "PDsComplete": 0.008, "PDsExceedSlight": 0.1677, "PDsExceedModerate": 0.0597, "PDsExceedExtensive": 0.0292, "FunctDay1": 92.2, "FunctDay3": 95.8, "FunctDay7": 97.0, "FunctDay14": 97.2, "FunctDay30": 97.3, "FunctDay90": 98.4, "EconLoss": 59820.73046875, "Name": "'OAK HILL ROAD'", "City": "null", "State": "null" }, "geometry": { "type": "Point", "coordinates": [ -122.121253, 37.893639 ] } },
{ "type": "Feature", "properties": { "FacilityType": "HighwayBridge", "FacilityId": "CA006935", "Anchor": "null", "FoundationType": "null", "eqBldgType": "null", "DesignLevel": "null", "SoilType": "D", "LqfSusCat": 0, "LndSusCat": 0, "WaterDepth": 5.0, "Distance": "null", "PGA": 0.31138822436332703, "PGV": 10.946950912475586, "Sa03": 0.69557148218154907, "Sa10": 0.293448805809021, "LqfSettlPGD": 0.0, "LqfSprPGD": 0.0, "LqfProb": 0.0, "LndPGD": 0.0, "LndProb": 0.0, "SufFltRuptPGD": 29.523393630981445, "SurfFltRuptProb": 0.5, "PDsNone": 0.9526, "PDsSlight": 0.0163, "PDsModerate": 0.0159, "PDsExtensive": 0.012, "PDsComplete": 0.0029, "PDsExceedSlight": 0.0473, "PDsExceedModerate": 0.0309, "PDsExceedExtensive": 0.0149, "FunctDay1": 96.9, "FunctDay3": 97.8, "FunctDay7": 98.4, "FunctDay14": 98.5, "FunctDay30": 98.6, "FunctDay90": 99.2, "EconLoss": 27575.05078125, "Name": "'DOLORES DRIVE'", "City": "null", "State": "null" }, "geometry": { "type": "Point", "coordinates": [ -122.128867, 37.892275 ] } },
{ "type": "Feature", "properties": { "FacilityType": "HighwayBridge", "FacilityId": "CA006936", "Anchor": "null", "FoundationType": "null", "eqBldgType": "null", "DesignLevel": "null", "SoilType": "D", "LqfSusCat": 0, "LndSusCat": 0, "WaterDepth": 5.0, "Distance": "null", "PGA": 0.31138822436332703, "PGV": 10.946950912475586, "Sa03": 0.69557148218154907, "Sa10": 0.293448805809021, "LqfSettlPGD": 0.0, "LqfSprPGD": 0.0, "LqfProb": 0.0, "LndPGD": 0.0, "LndProb": 0.0, "SufFltRuptPGD": 29.523393630981445, "SurfFltRuptProb": 0.5, "PDsNone": 0.9526, "PDsSlight": 0.0268, "PDsModerate": 0.011, "PDsExtensive": 0.0077, "PDsComplete": 0.0017, "PDsExceedSlight": 0.0473, "PDsExceedModerate": 0.0205, "PDsExceedExtensive": 0.0094, "FunctDay1": 97.6, "FunctDay3": 98.6, "FunctDay7": 99.0, "FunctDay14": 99.1, "FunctDay30": 99.1, "FunctDay90": 99.5, "EconLoss": 9930.7890625, "Name": "'DOLORES DRIVE'", "City": "null", "State": "null" }, "geometry": { "type": "Point", "coordinates": [ -122.128669, 37.891883 ] } },
{ "type": "Feature", "properties": { "FacilityType": "HighwayBridge", "FacilityId": "CA006937", "Anchor": "null", "FoundationType": "null", "eqBldgType": "null", "DesignLevel": "null", "SoilType": "D", "LqfSusCat": 0, "LndSusCat": 0, "WaterDepth": 5.0, "Distance": "null", "PGA": 0.32111510634422302, "PGV": 11.395089149475098, "Sa03": 0.7213207483291626, "Sa10": 0.30600848793983459, "LqfSettlPGD": 0.0, "LqfSprPGD": 0.0, "LqfProb": 0.0, "LndPGD": 0.0, "LndProb": 0.0, "SufFltRuptPGD": 29.523393630981445, "SurfFltRuptProb": 0.5, "PDsNone": 0.958, "PDsSlight": 0.0, "PDsModerate": 0.0223, "PDsExtensive": 0.0146, "PDsComplete": 0.0049, "PDsExceedSlight": 0.0419, "PDsExceedModerate": 0.0419, "PDsExceedExtensive": 0.0195, "FunctDay1": 96.5, "FunctDay3": 97.1, "FunctDay7": 98.0, "FunctDay14": 98.1, "FunctDay30": 98.2, "FunctDay90": 99.0, "EconLoss": 63172.23828125, "Name": "'CANAL & BIKE PATH'", "City": "null", "State": "null" }, "geometry": { "type": "Point", "coordinates": [ -122.061386, 37.921714 ] } },
{ "type": "Feature", "properties": { "FacilityType": "HighwayBridge", "FacilityId": "CA006939", "Anchor": "null", "FoundationType": "null", "eqBldgType": "null", "DesignLevel": "null", "SoilType": "D", "LqfSusCat": 0, "LndSusCat": 0, "WaterDepth": 5.0, "Distance": "null", "PGA": 0.31138822436332703, "PGV": 10.946950912475586, "Sa03": 0.69557148218154907, "Sa10": 0.293448805809021, "LqfSettlPGD": 0.0, "LqfSprPGD": 0.0, "LqfProb": 0.0, "LndPGD": 0.0, "LndProb": 0.0, "SufFltRuptPGD": 29.523393630981445, "SurfFltRuptProb": 0.5, "PDsNone": 0.8833, "PDsSlight": 0.0857, "PDsModerate": 0.017, "PDsExtensive": 0.0105, "PDsComplete": 0.0032, "PDsExceedSlight": 0.1166, "PDsExceedModerate": 0.0308, "PDsExceedExtensive": 0.0138, "FunctDay1": 95.2, "FunctDay3": 97.9, "FunctDay7": 98.5, "FunctDay14": 98.6, "FunctDay30": 98.7, "FunctDay90": 99.3, "EconLoss": 81890.3125, "Name": "'EL NIDO RANCH RD AQUEDUC'", "City": "null", "State": "null" }, "geometry": { "type": "Point", "coordinates": [ -122.146083, 37.891369 ] } },
{ "type": "Feature", "properties": { "FacilityType": "HighwayBridge", "FacilityId": "CA006940", "Anchor": "null", "FoundationType": "null", "eqBldgType": "null", "DesignLevel": "null", "SoilType": "D", "LqfSusCat": 0, "LndSusCat": 0, "WaterDepth": 5.0, "Distance": "null", "PGA": 0.31138822436332703, "PGV": 10.946950912475586, "Sa03": 0.69557148218154907, "Sa10": 0.293448805809021, "LqfSettlPGD": 0.0, "LqfSprPGD": 0.0, "LqfProb": 0.0, "LndPGD": 0.0, "LndProb": 0.0, "SufFltRuptPGD": 29.523393630981445, "SurfFltRuptProb": 0.5, "PDsNone": 0.8833, "PDsSlight": 0.0857, "PDsModerate": 0.017, "PDsExtensive": 0.0105, "PDsComplete": 0.0032, "PDsExceedSlight": 0.1166, "PDsExceedModerate": 0.0308, "PDsExceedExtensive": 0.0138, "FunctDay1": 95.2, "FunctDay3": 97.9, "FunctDay7": 98.5, "FunctDay14": 98.6, "FunctDay30": 98.7, "FunctDay90": 99.3, "EconLoss": 88420.2109375, "Name": "'EL NIDO RANCH RD'", "City": "null", "State": "null" }, "geometry": { "type": "Point", "coordinates": [ -122.145339, 37.890869 ] } },
{ "type": "Feature", "properties": { "FacilityType": "HighwayBridge", "FacilityId": "CA006941", "Anchor": "null", "FoundationType": "null", "eqBldgType": "null", "DesignLevel": "null", "SoilType": "D", "LqfSusCat": 0, "LndSusCat": 0, "WaterDepth": 5.0, "Distance": "null", "PGA": 0.26758855581283569, "PGV": 11.357602119445801, "Sa03": 0.65700381994247437, "Sa10": 0.31031322479248047, "LqfSettlPGD": 0.0, "LqfSprPGD": 0.0, "LqfProb": 0.0, "LndPGD": 0.0, "LndProb": 0.0, "SufFltRuptPGD": 29.523393630981445, "SurfFltRuptProb": 0.5, "PDsNone": 0.962, "PDsSlight": 0.0, "PDsModerate": 0.0205, "PDsExtensive": 0.0131, "PDsComplete": 0.0043, "PDsExceedSlight": 0.0379, "PDsExceedModerate": 0.0379, "PDsExceedExtensive": 0.0174, "FunctDay1": 96.8, "FunctDay3": 97.4, "FunctDay7": 98.2, "FunctDay14": 98.3, "FunctDay30": 98.4, "FunctDay90": 99.1, "EconLoss": 65679.2890625, "Name": "'MARINE STREET'", "City": "null", "State": "null" }, "geometry": { "type": "Point", "coordinates": [ -122.391117, 37.931156 ] } },
{ "type": "Feature", "properties": { "FacilityType": "HighwayBridge", "FacilityId": "CA006942", "Anchor": "null", "FoundationType": "null", "eqBldgType": "null", "DesignLevel": "null", "SoilType": "D", "LqfSusCat": 0, "LndSusCat": 0, "WaterDepth": 5.0, "Distance": "null", "PGA": 0.26758855581283569, "PGV": 11.357602119445801, "Sa03": 0.65700381994247437, "Sa10": 0.31031322479248047, "LqfSettlPGD": 0.0, "LqfSprPGD": 0.0, "LqfProb": 0.0, "LndPGD": 0.0, "LndProb": 0.0, "SufFltRuptPGD": 29.523393630981445, "SurfFltRuptProb": 0.5, "PDsNone": 0.962, "PDsSlight": 0.0, "PDsModerate": 0.0205, "PDsExtensive": 0.0131, "PDsComplete": 0.0043, "PDsExceedSlight": 0.0379, "PDsExceedModerate": 0.0379, "PDsExceedExtensive": 0.0174, "FunctDay1": 96.8, "FunctDay3": 97.4, "FunctDay7": 98.2, "FunctDay14": 98.3, "FunctDay30": 98.4, "FunctDay90": 99.1, "EconLoss": 138246.375, "Name": "'SCOFIELD AVENUE'", "City": "null", "State": "null" }, "geometry": { "type": "Point", "coordinates": [ -122.397981, 37.932344 ] } },
{ "type": "Feature", "properties": { "FacilityType": "HighwayBridge", "FacilityId": "CA006943", "Anchor": "null", "FoundationType": "null", "eqBldgType": "null", "DesignLevel": "null", "SoilType": "D", "LqfSusCat": 0, "LndSusCat": 0, "WaterDepth": 5.0, "Distance": "null", "PGA": 0.26758855581283569, "PGV": 11.357602119445801, "Sa03": 0.65700381994247437, "Sa10": 0.31031322479248047, "LqfSettlPGD": 0.0, "LqfSprPGD": 0.0, "LqfProb": 0.0, "LndPGD": 0.0, "LndProb": 0.0, "SufFltRuptPGD": 29.523393630981445, "SurfFltRuptProb": 0.5, "PDsNone": 0.962, "PDsSlight": 0.0, "PDsModerate": 0.0205, "PDsExtensive": 0.0131, "PDsComplete": 0.0043, "PDsExceedSlight": 0.0379, "PDsExceedModerate": 0.0379, "PDsExceedExtensive": 0.0174, "FunctDay1": 96.8, "FunctDay3": 97.4, "FunctDay7": 98.2, "FunctDay14": 98.3, "FunctDay30": 98.4, "FunctDay90": 99.1, "EconLoss": 165177.46875, "Name": "'SCOFIELD AVENUE'", "City": "null", "State": "null" }, "geometry": { "type": "Point", "coordinates": [ -122.397614, 37.932642 ] } },
{ "type": "Feature", "properties": { "FacilityType": "HighwayBridge", "FacilityId": "CA006944", "Anchor": "null", "FoundationType": "null", "eqBldgType": "null", "DesignLevel": "null", "SoilType": "D", "LqfSusCat": 0, "LndSusCat": 0, "WaterDepth": 5.0, "Distance": "null", "PGA": 0.26758855581283569, "PGV": 11.357602119445801, "Sa03": 0.65700381994247437, "Sa10": 0.31031322479248047, "LqfSettlPGD": 0.0, "LqfSprPGD": 0.0, "LqfProb": 0.0, "LndPGD": 0.0, "LndProb": 0.0, "SufFltRuptPGD": 29.523393630981445, "SurfFltRuptProb": 0.5, "PDsNone": 0.9293, "PDsSlight": 0.0, "PDsModerate": 0.0, "PDsExtensive": 0.0532, "PDsComplete": 0.0174, "PDsExceedSlight": 0.0706, "PDsExceedModerate": 0.0706, "PDsExceedExtensive": 0.0706, "FunctDay1": 93.1, "FunctDay3": 93.1, "FunctDay7": 93.2, "FunctDay14": 93.3, "FunctDay30": 93.7, "FunctDay90": 96.5, "EconLoss": 126887.8046875, "Name": "'STENMARK DR SB ON-RAMP'", "City": "null", "State": "null" }, "geometry": { "type": "Point", "coordinates": [ -122.401203, 37.932206 ] } },
{ "type": "Feature", "properties": { "FacilityType": "HighwayBridge", "FacilityId": "CA006945", "Anchor": "null", "FoundationType": "null", "eqBldgType": "null", "DesignLevel": "null", "SoilType": "D", "LqfSusCat": 0, "LndSusCat": 0, "WaterDepth": 5.0, "Distance": "null", "PGA": 0.28632470965385437, "PGV": 10.346205711364746, "Sa03": 0.65192687511444092, "Sa10": 0.27895393967628479, "LqfSettlPGD": 0.0, "LqfSprPGD": 0.0, "LqfProb": 0.0, "LndPGD": 0.0, "LndProb": 0.0, "SufFltRuptPGD": 29.523393630981445, "SurfFltRuptProb": 0.5, "PDsNone": 0.9745, "PDsSlight": 0.0, "PDsModerate": 0.0143, "PDsExtensive": 0.0085, "PDsComplete": 0.0025, "PDsExceedSlight": 0.0254, "PDsExceedModerate": 0.0254, "PDsExceedExtensive": 0.0111, "FunctDay1": 97.9, "FunctDay3": 98.3, "FunctDay7": 98.8, "FunctDay14": 98.9, "FunctDay30": 99.0, "FunctDay90": 99.4, "EconLoss": 184270.40625, "Name": "'BNSF SYCAMORE WILLOW'", "City": "null", "State": "null" }, "geometry": { "type": "Point", "coordinates": [ -122.272983, 38.010753 ] } },
{ "type": "Feature", "properties": { "FacilityType": "HighwayBridge", "FacilityId": "CA006946", "Anchor": "null", "FoundationType": "null", "eqBldgType": "null", "DesignLevel": "null", "SoilType": "D", "LqfSusCat": 0, "LndSusCat": 0, "WaterDepth": 5.0, "Distance": "null", "PGA": 0.28632470965385437, "PGV": 10.346205711364746, "Sa03": 0.65192687511444092, "Sa10": 0.27895393967628479, "LqfSettlPGD": 0.0, "LqfSprPGD": 0.0, "LqfProb": 0.0, "LndPGD": 0.0, "LndProb": 0.0, "SufFltRuptPGD": 29.523393630981445, "SurfFltRuptProb": 0.5, "PDsNone": 0.9745, "PDsSlight": 0.0, "PDsModerate": 0.0143, "PDsExtensive": 0.0085, "PDsComplete": 0.0025, "PDsExceedSlight": 0.0254, "PDsExceedModerate": 0.0254, "PDsExceedExtensive": 0.0111, "FunctDay1": 97.9, "FunctDay3": 98.3, "FunctDay7": 98.8, "FunctDay14": 98.9, "FunctDay30": 99.0, "FunctDay90": 99.4, "EconLoss": 46832.6875, "Name": "'BNSF  WILLOW  SYCAMORE'", "City": "null", "State": "null" }, "geometry": { "type": "Point", "coordinates": [ -122.272144, 38.012803 ] } },
{ "type": "Feature", "properties": { "FacilityType": "HighwayBridge", "FacilityId": "CA006947", "Anchor": "null", "FoundationType": "null", "eqBldgType": "null", "DesignLevel": "null", "SoilType": "D", "LqfSusCat": 0, "LndSusCat": 0, "WaterDepth": 5.0, "Distance": "null", "PGA": 0.32553109526634216, "PGV": 12.258646011352539, "Sa03": 0.75154876708984375, "Sa10": 0.33662161231040955, "LqfSettlPGD": 0.0, "LqfSprPGD": 0.0, "LqfProb": 0.0, "LndPGD": 0.0, "LndProb": 0.0, "SufFltRuptPGD": 29.523393630981445, "SurfFltRuptProb": 0.5, "PDsNone": 0.8322, "PDsSlight": 0.0111, "PDsModerate": 0.0669, "PDsExtensive": 0.0581, "PDsComplete": 0.0314, "PDsExceedSlight": 0.1677, "PDsExceedModerate": 0.1565, "PDsExceedExtensive": 0.0895, "FunctDay1": 86.2, "FunctDay3": 88.4, "FunctDay7": 91.0, "FunctDay14": 91.5, "FunctDay30": 91.9, "FunctDay90": 95.0, "EconLoss": 361427.6875, "Name": "'EBMUD AQUEDUCT  BROWN AV'", "City": "null", "State": "null" }, "geometry": { "type": "Point", "coordinates": [ -122.112303, 37.895503 ] } },
{ "type": "Feature", "properties": { "FacilityType": "HighwayBridge", "FacilityId": "CA006948", "Anchor": "null", "FoundationType": "null", "eqBldgType": "null", "DesignLevel": "null", "SoilType": "D", "LqfSusCat": 0, "LndSusCat": 0, "WaterDepth": 5.0, "Distance": "null", "PGA": 0.32553109526634216, "PGV": 12.258646011352539, "Sa03": 0.75154876708984375, "Sa10": 0.33662161231040955, "LqfSettlPGD": 0.0, "LqfSprPGD": 0.0, "LqfProb": 0.0, "LndPGD": 0.0, "LndProb": 0.0, "SufFltRuptPGD": 29.523393630981445, "SurfFltRuptProb": 0.5, "PDsNone": 0.8322, "PDsSlight": 0.0044, "PDsModerate": 0.0691, "PDsExtensive": 0.0607, "PDsComplete": 0.0334, "PDsExceedSlight": 0.1677, "PDsExceedModerate": 0.1632, "PDsExceedExtensive": 0.0941, "FunctDay1": 85.8, "FunctDay3": 87.9, "FunctDay7": 90.6, "FunctDay14": 91.0, "FunctDay30": 91.5, "FunctDay90": 94.7, "EconLoss": 314352.46875, "Name": "'EBMUD AQUEDUCT'", "City": "null", "State": "null" }, "geometry": { "type": "Point", "coordinates": [ -122.113019, 37.89495 ] } },
{ "type": "Feature", "properties": { "FacilityType": "HighwayBridge", "FacilityId": "CA006949", "Anchor": "null", "FoundationType": "null", "eqBldgType": "null", "DesignLevel": "null", "SoilType": "D", "LqfSusCat": 0, "LndSusCat": 0, "WaterDepth": 5.0, "Distance": "null", "PGA": 0.27735394239425659, "PGV": 10.04581356048584, "Sa03": 0.62787985801696777, "Sa10": 0.26528066396713257, "LqfSettlPGD": 0.0, "LqfSprPGD": 0.0, "LqfProb": 0.0, "LndPGD": 0.0, "LndProb": 0.0, "SufFltRuptPGD": 29.523393630981445, "SurfFltRuptProb": 0.5, "PDsNone": 0.9131, "PDsSlight": 0.0647, "PDsModerate": 0.0126, "PDsExtensive": 0.0074, "PDsComplete": 0.0021, "PDsExceedSlight": 0.0868, "PDsExceedModerate": 0.0221, "PDsExceedExtensive": 0.0095, "FunctDay1": 96.5, "FunctDay3": 98.5, "FunctDay7": 99.0, "FunctDay14": 99.0, "FunctDay30": 99.1, "FunctDay90": 99.5, "EconLoss": 16270.365234375, "Name": "'INTERSTATE 80'", "City": "null", "State": "null" }, "geometry": { "type": "Point", "coordinates": [ -122.302236, 37.993639 ] } },
{ "type": "Feature", "properties": { "FacilityType": "HighwayBridge", "FacilityId": "CA006950", "Anchor": "null", "FoundationType": "null", "eqBldgType": "null", "DesignLevel": "null", "SoilType": "D", "LqfSusCat": 0, "LndSusCat": 0, "WaterDepth": 5.0, "Distance": "null", "PGA": 0.30504786968231201, "PGV": 12.021832466125488, "Sa03": 0.72809457778930664, "Sa10": 0.32921820878982544, "LqfSettlPGD": 0.0, "LqfSprPGD": 0.0, "LqfProb": 0.0, "LndPGD": 0.0, "LndProb": 0.0, "SufFltRuptPGD": 29.523393630981445, "SurfFltRuptProb": 0.5, "PDsNone": 0.9305, "PDsSlight": 0.0352, "PDsModerate": 0.0174, "PDsExtensive": 0.0133, "PDsComplete": 0.0033, "PDsExceedSlight": 0.0694, "PDsExceedModerate": 0.0341, "PDsExceedExtensive": 0.0167, "FunctDay1": 96.2, "FunctDay3": 97.6, "FunctDay7": 98.3, "FunctDay14": 98.4, "FunctDay30": 98.5, "FunctDay90": 99.1, "EconLoss": 44326.0390625, "Name": "'HOLBROOK CHANNEL'", "City": "null", "State": "null" }, "geometry": { "type": "Point", "coordinates": [ -122.038742, 37.995372 ] } },
{ "type": "Feature", "properties": { "FacilityType": "HighwayBridge", "FacilityId": "CA006951", "Anchor": "null", "FoundationType": "null", "eqBldgType": "null", "DesignLevel": "null", "SoilType": "D", "LqfSusCat": 0, "LndSusCat": 0, "WaterDepth": 5.0, "Distance": "null", "PGA": 0.28632470965385437, "PGV": 10.346205711364746, "Sa03": 0.65192687511444092, "Sa10": 0.27895393967628479, "LqfSettlPGD": 0.0, "LqfSprPGD": 0.0, "LqfProb": 0.0, "LndPGD": 0.0, "LndProb": 0.0, "SufFltRuptPGD": 29.523393630981445, "SurfFltRuptProb": 0.5, "PDsNone": 0.8991, "PDsSlight": 0.0754, "PDsModerate": 0.0143, "PDsExtensive": 0.0085, "PDsComplete": 0.0025, "PDsExceedSlight": 0.1008, "PDsExceedModerate": 0.0254, "PDsExceedExtensive": 0.0111, "FunctDay1": 95.9, "FunctDay3": 98.3, "FunctDay7": 98.8, "FunctDay14": 98.9, "FunctDay30": 99.0, "FunctDay90": 99.4, "EconLoss": 99428.984375, "Name": "'STATE ROUTE 4 & RAMPS'", "City": "null", "State": "null" }, "geometry": { "type": "Point", "coordinates": [ -122.269478, 38.014667 ] } },
{ "type": "Feature", "properties": { "FacilityType": "HighwayBridge", "FacilityId": "CA006952", "Anchor": "null", "FoundationType": "null", "eqBldgType": "null", "DesignLevel": "null", "SoilType": "D", "LqfSusCat": 0, "LndSusCat": 0, "WaterDepth": 5.0, "Distance": "null", "PGA": 0.28216192126274109, "PGV": 10.506894111633301, "Sa03": 0.6519501805305481, "Sa10": 0.28619259595870972, "LqfSettlPGD": 0.0, "LqfSprPGD": 0.0, "LqfProb": 0.0, "LndPGD": 0.0, "LndProb": 0.0, "SufFltRuptPGD": 29.523393630981445, "SurfFltRuptProb": 0.5, "PDsNone": 0.5312, "PDsSlight": 0.2252, "PDsModerate": 0.0845, "PDsExtensive": 0.1118, "PDsComplete": 0.0469, "PDsExceedSlight": 0.4687, "PDsExceedModerate": 0.2434, "PDsExceedExtensive": 0.1588, "FunctDay1": 72.9, "FunctDay3": 81.0, "FunctDay7": 84.3, "FunctDay14": 85.0, "FunctDay30": 85.8, "FunctDay90": 91.7, "EconLoss": 404629.25, "Name": "'INTERSTATE 80'", "City": "null", "State": "null" }, "geometry": { "type": "Point", "coordinates": [ -122.238644, 38.045175 ] } },
{ "type": "Feature", "properties": { "FacilityType": "HighwayBridge", "FacilityId": "CA006953", "Anchor": "null", "FoundationType": "null", "eqBldgType": "null", "DesignLevel": "null", "SoilType": "D", "LqfSusCat": 0, "LndSusCat": 0, "WaterDepth": 5.0, "Distance": "null", "PGA": 0.28632470965385437, "PGV": 10.346205711364746, "Sa03": 0.65192687511444092, "Sa10": 0.27895393967628479, "LqfSettlPGD": 0.0, "LqfSprPGD": 0.0, "LqfProb": 0.0, "LndPGD": 0.0, "LndProb": 0.0, "SufFltRuptPGD": 29.523393630981445, "SurfFltRuptProb": 0.5, "PDsNone": 0.8346, "PDsSlight": 0.1232, "PDsModerate": 0.0301, "PDsExtensive": 0.0105, "PDsComplete": 0.0014, "PDsExceedSlight": 0.1653, "PDsExceedModerate": 0.042, "PDsExceedExtensive": 0.0119, "FunctDay1": 93.5, "FunctDay3": 97.5, "FunctDay7": 98.7, "FunctDay14": 98.8, "FunctDay30": 98.9, "FunctDay90": 99.4, "EconLoss": 139851.28125, "Name": "'WILLOW AVENUE'", "City": "null", "State": "null" }, "geometry": { "type": "Point", "coordinates": [ -122.262539, 38.022411 ] } },
{ "type": "Feature", "properties": { "FacilityType": "HighwayBridge", "FacilityId": "CA006954", "Anchor": "null", "FoundationType": "null", "eqBldgType": "null", "DesignLevel": "null", "SoilType": "D", "LqfSusCat": 0, "LndSusCat": 0, "WaterDepth": 5.0, "Distance": "null", "PGA": 0.28632470965385437, "PGV": 10.346205711364746, "Sa03": 0.65192687511444092, "Sa10": 0.27895393967628479, "LqfSettlPGD": 0.0, "LqfSprPGD": 0.0, "LqfProb": 0.0, "LndPGD": 0.0, "LndProb": 0.0, "SufFltRuptPGD": 29.523393630981445, "SurfFltRuptProb": 0.5, "PDsNone": 0.9727, "PDsSlight": 0.0, "PDsModerate": 0.0152, "PDsExtensive": 0.0092, "PDsComplete": 0.0027, "PDsExceedSlight": 0.0272, "PDsExceedModerate": 0.0272, "PDsExceedExtensive": 0.0119, "FunctDay1": 97.7, "FunctDay3": 98.1, "FunctDay7": 98.7, "FunctDay14": 98.8, "FunctDay30": 98.9, "FunctDay90": 99.4, "EconLoss": 17921.07421875, "Name": "'WILLOW AVENUE'", "City": "null", "State": "null" }, "geometry": { "type": "Point", "coordinates": [ -122.262389, 38.022261 ] } },
{ "type": "Feature", "properties": { "FacilityType": "HighwayBridge", "FacilityId": "CA006955", "Anchor": "null", "FoundationType": "null", "eqBldgType": "null", "DesignLevel": "null", "SoilType": "D", "LqfSusCat": 0, "LndSusCat": 0, "WaterDepth": 5.0, "Distance": "null", "PGA": 0.2888011634349823, "PGV": 15.714386940002441, "Sa03": 0.76704096794128418, "Sa10": 0.52228081226348877, "LqfSettlPGD": 0.0, "LqfSprPGD": 0.0, "LqfProb": 0.0, "LndPGD": 0.0, "LndProb": 0.0, "SufFltRuptPGD": 29.523393630981445, "SurfFltRuptProb": 0.5, "PDsNone": 0.5914, "PDsSlight": 0.2263, "PDsModerate": 0.0749, "PDsExtensive": 0.0826, "PDsComplete": 0.0245, "PDsExceedSlight": 0.4085, "PDsExceedModerate": 0.1822, "PDsExceedExtensive": 0.1072, "FunctDay1": 78.5, "FunctDay3": 86.4, "FunctDay7": 89.3, "FunctDay14": 89.9, "FunctDay30": 90.5, "FunctDay90": 94.7, "EconLoss": 10142522.0, "Name": "'UP BNSF AMTRAK SUISUN BA'", "City": "null", "State": "null" }, "geometry": { "type": "Point", "coordinates": [ -122.117283, 38.033219 ] } },
{ "type": "Feature", "properties": { "FacilityType": "HighwayBridge", "FacilityId": "CA006956", "Anchor": "null", "FoundationType": "null", "eqBldgType": "null", "DesignLevel": "null", "SoilType": "D", "LqfSusCat": 0, "LndSusCat": 0, "WaterDepth": 5.0, "Distance": "null", "PGA": 0.2888011634349823, "PGV": 15.714386940002441, "Sa03": 0.76704096794128418, "Sa10": 0.52228081226348877, "LqfSettlPGD": 0.0, "LqfSprPGD": 0.0, "LqfProb": 0.0, "LndPGD": 0.0, "LndProb": 0.0, "SufFltRuptPGD": 29.523393630981445, "SurfFltRuptProb": 0.5, "PDsNone": 0.5914, "PDsSlight": 0.2263, "PDsModerate": 0.0749, "PDsExtensive": 0.0826, "PDsComplete": 0.0245, "PDsExceedSlight": 0.4085, "PDsExceedModerate": 0.1822, "PDsExceedExtensive": 0.1072, "FunctDay1": 78.5, "FunctDay3": 86.4, "FunctDay7": 89.3, "FunctDay14": 89.9, "FunctDay30": 90.5, "FunctDay90": 94.7, "EconLoss": 12726616.0, "Name": "'UP BNSF AMTRAK SUISUN BA'", "City": "null", "State": "null" }, "geometry": { "type": "Point", "coordinates": [ -122.116639, 38.031817 ] } },
{ "type": "Feature", "properties": { "FacilityType": "HighwayBridge", "FacilityId": "CA006957", "Anchor": "null", "FoundationType": "null", "eqBldgType": "null", "DesignLevel": "null", "SoilType": "D", "LqfSusCat": 0, "LndSusCat": 0, "WaterDepth": 5.0, "Distance": "null", "PGA": 0.28216192126274109, "PGV": 10.506894111633301, "Sa03": 0.6519501805305481, "Sa10": 0.28619259595870972, "LqfSettlPGD": 0.0, "LqfSprPGD": 0.0, "LqfProb": 0.0, "LndPGD": 0.0, "LndProb": 0.0, "SufFltRuptPGD": 29.523393630981445, "SurfFltRuptProb": 0.5, "PDsNone": 0.5312, "PDsSlight": 0.2916, "PDsModerate": 0.0677, "PDsExtensive": 0.0809, "PDsComplete": 0.0283, "PDsExceedSlight": 0.4687, "PDsExceedModerate": 0.177, "PDsExceedExtensive": 0.1092, "FunctDay1": 77.2, "FunctDay3": 86.5, "FunctDay7": 89.2, "FunctDay14": 89.7, "FunctDay30": 90.2, "FunctDay90": 94.5, "EconLoss": 144228.375, "Name": "'REFINERY ACCESS RD'", "City": "null", "State": "null" }, "geometry": { "type": "Point", "coordinates": [ -122.246539, 38.039028 ] } },
{ "type": "Feature", "properties": { "FacilityType": "HighwayBridge", "FacilityId": "CA006958", "Anchor": "null", "FoundationType": "null", "eqBldgType": "null", "DesignLevel": "null", "SoilType": "D", "LqfSusCat": 0, "LndSusCat": 0, "WaterDepth": 5.0, "Distance": "null", "PGA": 0.28216192126274109, "PGV": 10.506894111633301, "Sa03": 0.6519501805305481, "Sa10": 0.28619259595870972, "LqfSettlPGD": 0.0, "LqfSprPGD": 0.0, "LqfProb": 0.0, "LndPGD": 0.0, "LndProb": 0.0, "SufFltRuptPGD": 29.523393630981445, "SurfFltRuptProb": 0.5, "PDsNone": 0.9566, "PDsSlight": 0.0248, "PDsModerate": 0.01, "PDsExtensive": 0.0069, "PDsComplete": 0.0014, "PDsExceedSlight": 0.0433, "PDsExceedModerate": 0.0185, "PDsExceedExtensive": 0.0084, "FunctDay1": 97.8, "FunctDay3": 98.7, "FunctDay7": 99.1, "FunctDay14": 99.1, "FunctDay30": 99.2, "FunctDay90": 99.5, "EconLoss": 8072.20654296875, "Name": "'REFINERY ACCESS RD'", "City": "null", "State": "null" }, "geometry": { "type": "Point", "coordinates": [ -122.251392, 38.034117 ] } },
{ "type": "Feature", "properties": { "FacilityType": "HighwayBridge", "FacilityId": "CA006959", "Anchor": "null", "FoundationType": "null", "eqBldgType": "null", "DesignLevel": "null", "SoilType": "D", "LqfSusCat": 0, "LndSusCat": 0, "WaterDepth": 5.0, "Distance": "null", "PGA": 0.32111510634422302, "PGV": 11.395089149475098, "Sa03": 0.7213207483291626, "Sa10": 0.30600848793983459, "LqfSettlPGD": 0.0, "LqfSprPGD": 0.0, "LqfProb": 0.0, "LndPGD": 0.0, "LndProb": 0.0, "SufFltRuptPGD": 29.523393630981445, "SurfFltRuptProb": 0.5, "PDsNone": 0.9638, "PDsSlight": 0.0, "PDsModerate": 0.0196, "PDsExtensive": 0.0124, "PDsComplete": 0.004, "PDsExceedSlight": 0.0361, "PDsExceedModerate": 0.0361, "PDsExceedExtensive": 0.0165, "FunctDay1": 97.0, "FunctDay3": 97.5, "FunctDay7": 98.3, "FunctDay14": 98.4, "FunctDay30": 98.5, "FunctDay90": 99.1, "EconLoss": 133903.703125, "Name": "'NEWELL AVENUE'", "City": "null", "State": "null" }, "geometry": { "type": "Point", "coordinates": [ -122.062261, 37.891997 ] } },
{ "type": "Feature", "properties": { "FacilityType": "HighwayBridge", "FacilityId": "CA006960", "Anchor": "null", "FoundationType": "null", "eqBldgType": "null", "DesignLevel": "null", "SoilType": "D", "LqfSusCat": 0, "LndSusCat": 0, "WaterDepth": 5.0, "Distance": "null", "PGA": 0.32111510634422302, "PGV": 11.395089149475098, "Sa03": 0.7213207483291626, "Sa10": 0.30600848793983459, "LqfSettlPGD": 0.0, "LqfSprPGD": 0.0, "LqfProb": 0.0, "LndPGD": 0.0, "LndProb": 0.0, "SufFltRuptPGD": 29.523393630981445, "SurfFltRuptProb": 0.5, "PDsNone": 0.9634, "PDsSlight": 0.0, "PDsModerate": 0.0198, "PDsExtensive": 0.0126, "PDsComplete": 0.0041, "PDsExceedSlight": 0.0365, "PDsExceedModerate": 0.0365, "PDsExceedExtensive": 0.0167, "FunctDay1": 96.9, "FunctDay3": 97.5, "FunctDay7": 98.3, "FunctDay14": 98.4, "FunctDay30": 98.5, "FunctDay90": 99.1, "EconLoss": 163080.0, "Name": "'OLYMPIC BOULEVARD'", "City": "null", "State": "null" }, "geometry": { "type": "Point", "coordinates": [ -122.066439, 37.893825 ] } },
{ "type": "Feature", "properties": { "FacilityType": "HighwayBridge", "FacilityId": "CA006961", "Anchor": "null", "FoundationType": "null", "eqBldgType": "null", "DesignLevel": "null", "SoilType": "D", "LqfSusCat": 0, "LndSusCat": 0, "WaterDepth": 5.0, "Distance": "null", "PGA": 0.32111510634422302, "PGV": 11.395089149475098, "Sa03": 0.7213207483291626, "Sa10": 0.30600848793983459, "LqfSettlPGD": 0.0, "LqfSprPGD": 0.0, "LqfProb": 0.0, "LndPGD": 0.0, "LndProb": 0.0, "SufFltRuptPGD": 29.523393630981445, "SurfFltRuptProb": 0.5, "PDsNone": 0.9618, "PDsSlight": 0.0, "PDsModerate": 0.0205, "PDsExtensive": 0.0132, "PDsComplete": 0.0043, "PDsExceedSlight": 0.0381, "PDsExceedModerate": 0.0381, "PDsExceedExtensive": 0.0175, "FunctDay1": 96.8, "FunctDay3": 97.4, "FunctDay7": 98.2, "FunctDay14": 98.3, "FunctDay30": 98.4, "FunctDay90": 99.1, "EconLoss": 93154.6953125, "Name": "'LAS TRAMPAS CREEK'", "City": "null", "State": "null" }, "geometry": { "type": "Point", "coordinates": [ -122.063133, 37.892344 ] } },
{ "type": "Feature", "properties": { "FacilityType": "HighwayBridge", "FacilityId": "CA006962", "Anchor": "null", "FoundationType": "null", "eqBldgType": "null", "DesignLevel": "null", "SoilType": "D", "LqfSusCat": 0, "LndSusCat": 0, "WaterDepth": 5.0, "Distance": "null", "PGA": 0.32111510634422302, "PGV": 11.395089149475098, "Sa03": 0.7213207483291626, "Sa10": 0.30600848793983459, "LqfSettlPGD": 0.0, "LqfSprPGD": 0.0, "LqfProb": 0.0, "LndPGD": 0.0, "LndProb": 0.0, "SufFltRuptPGD": 29.523393630981445, "SurfFltRuptProb": 0.5, "PDsNone": 0.9453, "PDsSlight": 0.0289, "PDsModerate": 0.0135, "PDsExtensive": 0.0098, "PDsComplete": 0.0023, "PDsExceedSlight": 0.0546, "PDsExceedModerate": 0.0256, "PDsExceedExtensive": 0.0121, "FunctDay1": 97.1, "FunctDay3": 98.2, "FunctDay7": 98.7, "FunctDay14": 98.8, "FunctDay30": 98.9, "FunctDay90": 99.4, "EconLoss": 27515.482421875, "Name": "'LAS TRAMPAS CREEK'", "City": "null", "State": "null" }, "geometry": { "type": "Point", "coordinates": [ -122.063644, 37.891897 ] } },
{ "type": "Feature", "properties": { "FacilityType": "HighwayBridge", "FacilityId": "CA006963", "Anchor": "null", "FoundationType": "null", "eqBldgType": "null", "DesignLevel": "null", "SoilType": "D", "LqfSusCat": 0, "LndSusCat": 0, "WaterDepth": 5.0, "Distance": "null", "PGA": 0.32111510634422302, "PGV": 11.395089149475098, "Sa03": 0.7213207483291626, "Sa10": 0.30600848793983459, "LqfSettlPGD": 0.0, "LqfSprPGD": 0.0, "LqfProb": 0.0, "LndPGD": 0.0, "LndProb": 0.0, "SufFltRuptPGD": 29.523393630981445, "SurfFltRuptProb": 0.5, "PDsNone": 0.9453, "PDsSlight": 0.0303, "PDsModerate": 0.0128, "PDsExtensive": 0.0092, "PDsComplete": 0.0021, "PDsExceedSlight": 0.0546, "PDsExceedModerate": 0.0242, "PDsExceedExtensive": 0.0113, "FunctDay1": 97.2, "FunctDay3": 98.3, "FunctDay7": 98.8, "FunctDay14": 98.9, "FunctDay30": 98.9, "FunctDay90": 99.4, "EconLoss": 14951.974609375, "Name": "'LAS TRAMPAS CREEK'", "City": "null", "State": "null" }, "geometry": { "type": "Point", "coordinates": [ -122.063036, 37.892428 ] } },
{ "type": "Feature", "properties": { "FacilityType": "HighwayBridge", "FacilityId": "CA006964", "Anchor": "null", "FoundationType": "null", "eqBldgType": "null", "DesignLevel": "null", "SoilType": "D", "LqfSusCat": 0, "LndSusCat": 0, "WaterDepth": 5.0, "Distance": "null", "PGA": 0.32494053244590759, "PGV": 14.086722373962402, "Sa03": 0.80031126737594604, "Sa10": 0.42130327224731445, "LqfSettlPGD": 0.0, "LqfSprPGD": 0.0, "LqfProb": 0.0, "LndPGD": 0.0, "LndProb": 0.0, "SufFltRuptPGD": 29.523393630981445, "SurfFltRuptProb": 0.5, "PDsNone": 0.897, "PDsSlight": 0.0, "PDsModerate": 0.048, "PDsExtensive": 0.0376, "PDsComplete": 0.0171, "PDsExceedSlight": 0.1029, "PDsExceedModerate": 0.1029, "PDsExceedExtensive": 0.0548, "FunctDay1": 91.2, "FunctDay3": 92.6, "FunctDay7": 94.5, "FunctDay14": 94.8, "FunctDay30": 95.0, "FunctDay90": 97.0, "EconLoss": 232686.015625, "Name": "'WILLOW PASS ROAD'", "City": "null", "State": "null" }, "geometry": { "type": "Point", "coordinates": [ -122.047697, 37.970906 ] } },
{ "type": "Feature", "properties": { "FacilityType": "HighwayBridge", "FacilityId": "CA006965", "Anchor": "null", "FoundationType": "null", "eqBldgType": "null", "DesignLevel": "null", "SoilType": "D", "LqfSusCat": 0, "LndSusCat": 0, "WaterDepth": 5.0, "Distance": "null", "PGA": 0.32494053244590759, "PGV": 14.086722373962402, "Sa03": 0.80031126737594604, "Sa10": 0.42130327224731445, "LqfSettlPGD": 0.0, "LqfSprPGD": 0.0, "LqfProb": 0.0, "LndPGD": 0.0, "LndProb": 0.0, "SufFltRuptPGD": 29.523393630981445, "SurfFltRuptProb": 0.5, "PDsNone": 0.7221, "PDsSlight": 0.1168, "PDsModerate": 0.0683, "PDsExtensive": 0.0598, "PDsComplete": 0.0327, "PDsExceedSlight": 0.2778, "PDsExceedModerate": 0.1609, "PDsExceedExtensive": 0.0925, "FunctDay1": 83.2, "FunctDay3": 88.1, "FunctDay7": 90.7, "FunctDay14": 91.2, "FunctDay30": 91.6, "FunctDay90": 94.8, "EconLoss": 104547.796875, "Name": "'PINE CREEK'", "City": "null", "State": "null" }, "geometry": { "type": "Point", "coordinates": [ -122.047528, 37.970769 ] } },
{ "type": "Feature", "properties": { "FacilityType": "HighwayBridge", "FacilityId": "CA006966", "Anchor": "null", "FoundationType": "null", "eqBldgType": "null", "DesignLevel": "null", "SoilType": "D", "LqfSusCat": 0, "LndSusCat": 0, "WaterDepth": 5.0, "Distance": "null", "PGA": 0.32494053244590759, "PGV": 14.086722373962402, "Sa03": 0.80031126737594604, "Sa10": 0.42130327224731445, "LqfSettlPGD": 0.0, "LqfSprPGD": 0.0, "LqfProb": 0.0, "LndPGD": 0.0, "LndProb": 0.0, "SufFltRuptPGD": 29.523393630981445, "SurfFltRuptProb": 0.5, "PDsNone": 0.8574, "PDsSlight": 0.0394, "PDsModerate": 0.0446, "PDsExtensive": 0.0426, "PDsComplete": 0.0158, "PDsExceedSlight": 0.1425, "PDsExceedModerate": 0.1031, "PDsExceedExtensive": 0.0584, "FunctDay1": 90.1, "FunctDay3": 92.4, "FunctDay7": 94.1, "FunctDay14": 94.4, "FunctDay30": 94.7, "FunctDay90": 97.0, "EconLoss": 31679.69921875, "Name": "'PINE CREEK'", "City": "null", "State": "null" }, "geometry": { "type": "Point", "coordinates": [ -122.047178, 37.970619 ] } },
{ "type": "Feature", "properties": { "FacilityType": "HighwayBridge", "FacilityId": "CA006967", "Anchor": "null", "FoundationType": "null", "eqBldgType": "null", "DesignLevel": "null", "SoilType": "D", "LqfSusCat": 0, "LndSusCat": 0, "WaterDepth": 5.0, "Distance": "null", "PGA": 0.32111510634422302, "PGV": 11.395089149475098, "Sa03": 0.7213207483291626, "Sa10": 0.30600848793983459, "LqfSettlPGD": 0.0, "LqfSprPGD": 0.0, "LqfProb": 0.0, "LndPGD": 0.0, "LndProb": 0.0, "SufFltRuptPGD": 29.523393630981445, "SurfFltRuptProb": 0.5, "PDsNone": 0.9055, "PDsSlight": 0.0, "PDsModerate": 0.0448, "PDsExtensive": 0.0344, "PDsComplete": 0.0151, "PDsExceedSlight": 0.0944, "PDsExceedModerate": 0.0944, "PDsExceedExtensive": 0.0496, "FunctDay1": 92.0, "FunctDay3": 93.2, "FunctDay7": 95.0, "FunctDay14": 95.3, "FunctDay30": 95.5, "FunctDay90": 97.3, "EconLoss": 252567.4375, "Name": "'LILAC DRIVE'", "City": "null", "State": "null" }, "geometry": { "type": "Point", "coordinates": [ -122.058678, 37.890172 ] } },
{ "type": "Feature", "properties": { "FacilityType": "HighwayBridge", "FacilityId": "CA006968", "Anchor": "null", "FoundationType": "null", "eqBldgType": "null", "DesignLevel": "null", "SoilType": "D", "LqfSusCat": 0, "LndSusCat": 0, "WaterDepth": 5.0, "Distance": "null", "PGA": 0.32111510634422302, "PGV": 11.395089149475098, "Sa03": 0.7213207483291626, "Sa10": 0.30600848793983459, "LqfSettlPGD": 0.0, "LqfSprPGD": 0.0, "LqfProb": 0.0, "LndPGD": 0.0, "LndProb": 0.0, "SufFltRuptPGD": 29.523393630981445, "SurfFltRuptProb": 0.5, "PDsNone": 0.9438, "PDsSlight": 0.0, "PDsModerate": 0.0269, "PDsExtensive": 0.0225, "PDsComplete": 0.0067, "PDsExceedSlight": 0.0561, "PDsExceedModerate": 0.0561, "PDsExceedExtensive": 0.0292, "FunctDay1": 95.2, "FunctDay3": 96.0, "FunctDay7": 97.0, "FunctDay14": 97.2, "FunctDay30": 97.4, "FunctDay90": 98.5, "EconLoss": 189794.46875, "Name": "'SOUTH MAIN STREET'", "City": "null", "State": "null" }, "geometry": { "type": "Point", "coordinates": [ -122.055236, 37.886006 ] } },
{ "type": "Feature", "properties": { "FacilityType": "HighwayBridge", "FacilityId": "CA006969", "Anchor": "null", "FoundationType": "null", "eqBldgType": "null", "DesignLevel": "null", "SoilType": "D", "LqfSusCat": 0, "LndSusCat": 0, "WaterDepth": 5.0, "Distance": "null", "PGA": 0.28914901614189148, "PGV": 9.8484163284301758, "Sa03": 0.64303761720657349, "Sa10": 0.26246479153633118, "LqfSettlPGD": 0.0, "LqfSprPGD": 0.0, "LqfProb": 0.0, "LndPGD": 0.0, "LndProb": 0.0, "SufFltRuptPGD": 29.523393630981445, "SurfFltRuptProb": 0.5, "PDsNone": 0.9159, "PDsSlight": 0.0641, "PDsModerate": 0.0115, "PDsExtensive": 0.0066, "PDsComplete": 0.0018, "PDsExceedSlight": 0.084, "PDsExceedModerate": 0.0199, "PDsExceedExtensive": 0.0084, "FunctDay1": 96.7, "FunctDay3": 98.6, "FunctDay7": 99.1, "FunctDay14": 99.2, "FunctDay30": 99.2, "FunctDay90": 99.5, "EconLoss": 13524.470703125, "Name": "'INTERSTATE ROUTE 680'", "City": "null", "State": "null" }, "geometry": { "type": "Point", "coordinates": [ -122.085436, 38.007881 ] } },
{ "type": "Feature", "properties": { "FacilityType": "HighwayBridge", "FacilityId": "CA006970", "Anchor": "null", "FoundationType": "null", "eqBldgType": "null", "DesignLevel": "null", "SoilType": "D", "LqfSusCat": 0, "LndSusCat": 0, "WaterDepth": 5.0, "Distance": "null", "PGA": 0.28914901614189148, "PGV": 9.8484163284301758, "Sa03": 0.64303761720657349, "Sa10": 0.26246479153633118, "LqfSettlPGD": 0.0, "LqfSprPGD": 0.0, "LqfProb": 0.0, "LndPGD": 0.0, "LndProb": 0.0, "SufFltRuptPGD": 29.523393630981445, "SurfFltRuptProb": 0.5, "PDsNone": 0.98, "PDsSlight": 0.0, "PDsModerate": 0.0115, "PDsExtensive": 0.0066, "PDsComplete": 0.0018, "PDsExceedSlight": 0.0199, "PDsExceedModerate": 0.0199, "PDsExceedExtensive": 0.0084, "FunctDay1": 98.3, "FunctDay3": 98.6, "FunctDay7": 99.1, "FunctDay14": 99.2, "FunctDay30": 99.2, "FunctDay90": 99.5, "EconLoss": 31125.787109375, "Name": "'ARTHUR ROAD'", "City": "null", "State": "null" }, "geometry": { "type": "Point", "coordinates": [ -122.088114, 38.010864 ] } },
{ "type": "Feature", "properties": { "FacilityType": "HighwayBridge", "FacilityId": "CA006971", "Anchor": "null", "FoundationType": "null", "eqBldgType": "null", "DesignLevel": "null", "SoilType": "D", "LqfSusCat": 0, "LndSusCat": 0, "WaterDepth": 5.0, "Distance": "null", "PGA": 0.28914901614189148, "PGV": 9.8484163284301758, "Sa03": 0.64303761720657349, "Sa10": 0.26246479153633118, "LqfSettlPGD": 0.0, "LqfSprPGD": 0.0, "LqfProb": 0.0, "LndPGD": 0.0, "LndProb": 0.0, "SufFltRuptPGD": 29.523393630981445, "SurfFltRuptProb": 0.5, "PDsNone": 0.8586, "PDsSlight": 0.1097, "PDsModerate": 0.0231, "PDsExtensive": 0.0075, "PDsComplete": 0.0009, "PDsExceedSlight": 0.1413, "PDsExceedModerate": 0.0316, "PDsExceedExtensive": 0.0084, "FunctDay1": 94.7, "FunctDay3": 98.1, "FunctDay7": 99.0, "FunctDay14": 99.1, "FunctDay30": 99.2, "FunctDay90": 99.6, "EconLoss": 616607.0625, "Name": "'UPRR MARINA VISTA MOCOCO'", "City": "null", "State": "null" }, "geometry": { "type": "Point", "coordinates": [ -122.109953, 38.024678 ] } },
{ "type": "Feature", "properties": { "FacilityType": "HighwayBridge", "FacilityId": "CA006972", "Anchor": "null", "FoundationType": "null", "eqBldgType": "null", "DesignLevel": "null", "SoilType": "D", "LqfSusCat": 0, "LndSusCat": 0, "WaterDepth": 5.0, "Distance": "null", "PGA": 0.28914901614189148, "PGV": 9.8484163284301758, "Sa03": 0.64303761720657349, "Sa10": 0.26246479153633118, "LqfSettlPGD": 0.0, "LqfSprPGD": 0.0, "LqfProb": 0.0, "LndPGD": 0.0, "LndProb": 0.0, "SufFltRuptPGD": 29.523393630981445, "SurfFltRuptProb": 0.5, "PDsNone": 0.98, "PDsSlight": 0.0, "PDsModerate": 0.0115, "PDsExtensive": 0.0066, "PDsComplete": 0.0018, "PDsExceedSlight": 0.0199, "PDsExceedModerate": 0.0199, "PDsExceedExtensive": 0.0084, "FunctDay1": 98.3, "FunctDay3": 98.6, "FunctDay7": 99.1, "FunctDay14": 99.2, "FunctDay30": 99.2, "FunctDay90": 99.5, "EconLoss": 21115.626953125, "Name": "'MARSH WETLANDS'", "City": "null", "State": "null" }, "geometry": { "type": "Point", "coordinates": [ -122.112472, 38.024306 ] } },
{ "type": "Feature", "properties": { "FacilityType": "HighwayBridge", "FacilityId": "CA006973", "Anchor": "null", "FoundationType": "null", "eqBldgType": "null", "DesignLevel": "null", "SoilType": "D", "LqfSusCat": 0, "LndSusCat": 0, "WaterDepth": 5.0, "Distance": "null", "PGA": 0.30504786968231201, "PGV": 12.021832466125488, "Sa03": 0.72809457778930664, "Sa10": 0.32921820878982544, "LqfSettlPGD": 0.0, "LqfSprPGD": 0.0, "LqfProb": 0.0, "LndPGD": 0.0, "LndProb": 0.0, "SufFltRuptPGD": 29.523393630981445, "SurfFltRuptProb": 0.5, "PDsNone": 0.9173, "PDsSlight": 0.0, "PDsModerate": 0.0401, "PDsExtensive": 0.0299, "PDsComplete": 0.0125, "PDsExceedSlight": 0.0826, "PDsExceedModerate": 0.0826, "PDsExceedExtensive": 0.0425, "FunctDay1": 93.0, "FunctDay3": 94.1, "FunctDay7": 95.7, "FunctDay14": 95.9, "FunctDay30": 96.2, "FunctDay90": 97.7, "EconLoss": 150464.953125, "Name": "'BLUM ROAD'", "City": "null", "State": "null" }, "geometry": { "type": "Point", "coordinates": [ -122.074044, 37.99825 ] } },
{ "type": "Feature", "properties": { "FacilityType": "HighwayBridge", "FacilityId": "CA006974", "Anchor": "null", "FoundationType": "null", "eqBldgType": "null", "DesignLevel": "null", "SoilType": "D", "LqfSusCat": 0, "LndSusCat": 0, "WaterDepth": 5.0, "Distance": "null", "PGA": 0.30504786968231201, "PGV": 12.021832466125488, "Sa03": 0.72809457778930664, "Sa10": 0.32921820878982544, "LqfSettlPGD": 0.0, "LqfSprPGD": 0.0, "LqfProb": 0.0, "LndPGD": 0.0, "LndProb": 0.0, "SufFltRuptPGD": 29.523393630981445, "SurfFltRuptProb": 0.5, "PDsNone": 0.9173, "PDsSlight": 0.0, "PDsModerate": 0.0401, "PDsExtensive": 0.0299, "PDsComplete": 0.0125, "PDsExceedSlight": 0.0826, "PDsExceedModerate": 0.0826, "PDsExceedExtensive": 0.0425, "FunctDay1": 93.0, "FunctDay3": 94.1, "FunctDay7": 95.7, "FunctDay14": 95.9, "FunctDay30": 96.2, "FunctDay90": 97.7, "EconLoss": 47469.48828125, "Name": "'BLUM ROAD'", "City": "null", "State": "null" }, "geometry": { "type": "Point", "coordinates": [ -122.074042, 37.997708 ] } },
{ "type": "Feature", "properties": { "FacilityType": "HighwayBridge", "FacilityId": "CA006975", "Anchor": "null", "FoundationType": "null", "eqBldgType": "null", "DesignLevel": "null", "SoilType": "D", "LqfSusCat": 0, "LndSusCat": 0, "WaterDepth": 5.0, "Distance": "null", "PGA": 0.28633642196655273, "PGV": 12.898520469665527, "Sa03": 0.71656978130340576, "Sa10": 0.36990472674369812, "LqfSettlPGD": 0.0, "LqfSprPGD": 0.0, "LqfProb": 0.0, "LndPGD": 0.0, "LndProb": 0.0, "SufFltRuptPGD": 29.523393630981445, "SurfFltRuptProb": 0.5, "PDsNone": 0.9007, "PDsSlight": 0.0505, "PDsModerate": 0.0237, "PDsExtensive": 0.0194, "PDsComplete": 0.0055, "PDsExceedSlight": 0.0992, "PDsExceedModerate": 0.0487, "PDsExceedExtensive": 0.0249, "FunctDay1": 94.6, "FunctDay3": 96.5, "FunctDay7": 97.4, "FunctDay14": 97.6, "FunctDay30": 97.7, "FunctDay90": 98.7, "EconLoss": 2871.857421875, "Name": "'WILDCAT CREEK'", "City": "null", "State": "null" }, "geometry": { "type": "Point", "coordinates": [ -122.327114, 37.951239 ] } },
{ "type": "Feature", "properties": { "FacilityType": "HighwayBridge", "FacilityId": "CA006976", "Anchor": "null", "FoundationType": "null", "eqBldgType": "null", "DesignLevel": "null", "SoilType": "D", "LqfSusCat": 0, "LndSusCat": 0, "WaterDepth": 5.0, "Distance": "null", "PGA": 0.32494053244590759, "PGV": 14.086722373962402, "Sa03": 0.80031126737594604, "Sa10": 0.42130327224731445, "LqfSettlPGD": 0.0, "LqfSprPGD": 0.0, "LqfProb": 0.0, "LndPGD": 0.0, "LndProb": 0.0, "SufFltRuptPGD": 29.523393630981445, "SurfFltRuptProb": 0.5, "PDsNone": 0.8947, "PDsSlight": 0.0, "PDsModerate": 0.0489, "PDsExtensive": 0.0385, "PDsComplete": 0.0177, "PDsExceedSlight": 0.1052, "PDsExceedModerate": 0.1052, "PDsExceedExtensive": 0.0562, "FunctDay1": 91.0, "FunctDay3": 92.4, "FunctDay7": 94.3, "FunctDay14": 94.6, "FunctDay30": 94.9, "FunctDay90": 97.0, "EconLoss": 162110.09375, "Name": "'WILLOW PASS ROAD'", "City": "null", "State": "null" }, "geometry": { "type": "Point", "coordinates": [ -122.055172, 37.966597 ] } },
{ "type": "Feature", "properties": { "FacilityType": "HighwayBridge", "FacilityId": "CA006977", "Anchor": "null", "FoundationType": "null", "eqBldgType": "null", "DesignLevel": "null", "SoilType": "D", "LqfSusCat": 0, "LndSusCat": 0, "WaterDepth": 5.0, "Distance": "null", "PGA": 0.30504786968231201, "PGV": 12.021832466125488, "Sa03": 0.72809457778930664, "Sa10": 0.32921820878982544, "LqfSettlPGD": 0.0, "LqfSprPGD": 0.0, "LqfProb": 0.0, "LndPGD": 0.0, "LndProb": 0.0, "SufFltRuptPGD": 29.523393630981445, "SurfFltRuptProb": 0.5, "PDsNone": 0.8414, "PDsSlight": 0.1084, "PDsModerate": 0.0261, "PDsExtensive": 0.0176, "PDsComplete": 0.0063, "PDsExceedSlight": 0.1585, "PDsExceedModerate": 0.0501, "PDsExceedExtensive": 0.0239, "FunctDay1": 93.0, "FunctDay3": 96.5, "FunctDay7": 97.5, "FunctDay14": 97.7, "FunctDay30": 97.8, "FunctDay90": 98.7, "EconLoss": 38095.74609375, "Name": "'INTERSTATE 680'", "City": "null", "State": "null" }, "geometry": { "type": "Point", "coordinates": [ -122.070272, 37.994469 ] } },
{ "type": "Feature", "properties": { "FacilityType": "HighwayBridge", "FacilityId": "CA006978", "Anchor": "null", "FoundationType": "null", "eqBldgType": "null", "DesignLevel": "null", "SoilType": "D", "LqfSusCat": 0, "LndSusCat": 0, "WaterDepth": 5.0, "Distance": "null", "PGA": 0.30504786968231201, "PGV": 12.021832466125488, "Sa03": 0.72809457778930664, "Sa10": 0.32921820878982544, "LqfSettlPGD": 0.0, "LqfSprPGD": 0.0, "LqfProb": 0.0, "LndPGD": 0.0, "LndProb": 0.0, "SufFltRuptPGD": 29.523393630981445, "SurfFltRuptProb": 0.5, "PDsNone": 0.8414, "PDsSlight": 0.1084, "PDsModerate": 0.0261, "PDsExtensive": 0.0176, "PDsComplete": 0.0063, "PDsExceedSlight": 0.1585, "PDsExceedModerate": 0.0501, "PDsExceedExtensive": 0.0239, "FunctDay1": 93.0, "FunctDay3": 96.5, "FunctDay7": 97.5, "FunctDay14": 97.7, "FunctDay30": 97.8, "FunctDay90": 98.7, "EconLoss": 38095.74609375, "Name": "'INTERSTATE 680'", "City": "null", "State": "null" }, "geometry": { "type": "Point", "coordinates": [ -122.070072, 37.994308 ] } },
{ "type": "Feature", "properties": { "FacilityType": "HighwayBridge", "FacilityId": "CA006979", "Anchor": "null", "FoundationType": "null", "eqBldgType": "null", "DesignLevel": "null", "SoilType": "D", "LqfSusCat": 0, "LndSusCat": 0, "WaterDepth": 5.0, "Distance": "null", "PGA": 0.30504786968231201, "PGV": 12.021832466125488, "Sa03": 0.72809457778930664, "Sa10": 0.32921820878982544, "LqfSettlPGD": 0.0, "LqfSprPGD": 0.0, "LqfProb": 0.0, "LndPGD": 0.0, "LndProb": 0.0, "SufFltRuptPGD": 29.523393630981445, "SurfFltRuptProb": 0.5, "PDsNone": 0.8789, "PDsSlight": 0.0, "PDsModerate": 0.0547, "PDsExtensive": 0.0446, "PDsComplete": 0.0216, "PDsExceedSlight": 0.121, "PDsExceedModerate": 0.121, "PDsExceedExtensive": 0.0662, "FunctDay1": 89.6, "FunctDay3": 91.2, "FunctDay7": 93.3, "FunctDay14": 93.7, "FunctDay30": 94.0, "FunctDay90": 96.4, "EconLoss": 369549.03125, "Name": "'GRAYSON CREEK'", "City": "null", "State": "null" }, "geometry": { "type": "Point", "coordinates": [ -122.067394, 37.991022 ] } },
{ "type": "Feature", "properties": { "FacilityType": "HighwayBridge", "FacilityId": "CA006980", "Anchor": "null", "FoundationType": "null", "eqBldgType": "null", "DesignLevel": "null", "SoilType": "D", "LqfSusCat": 0, "LndSusCat": 0, "WaterDepth": 5.0, "Distance": "null", "PGA": 0.30504786968231201, "PGV": 12.021832466125488, "Sa03": 0.72809457778930664, "Sa10": 0.32921820878982544, "LqfSettlPGD": 0.0, "LqfSprPGD": 0.0, "LqfProb": 0.0, "LndPGD": 0.0, "LndProb": 0.0, "SufFltRuptPGD": 29.523393630981445, "SurfFltRuptProb": 0.5, "PDsNone": 0.8789, "PDsSlight": 0.0, "PDsModerate": 0.0547, "PDsExtensive": 0.0446, "PDsComplete": 0.0216, "PDsExceedSlight": 0.121, "PDsExceedModerate": 0.121, "PDsExceedExtensive": 0.0662, "FunctDay1": 89.6, "FunctDay3": 91.2, "FunctDay7": 93.3, "FunctDay14": 93.7, "FunctDay30": 94.0, "FunctDay90": 96.4, "EconLoss": 67559.5546875, "Name": "'GRAYSON CREEK'", "City": "null", "State": "null" }, "geometry": { "type": "Point", "coordinates": [ -122.067792, 37.990239 ] } },
{ "type": "Feature", "properties": { "FacilityType": "HighwayBridge", "FacilityId": "CA006981", "Anchor": "null", "FoundationType": "null", "eqBldgType": "null", "DesignLevel": "null", "SoilType": "D", "LqfSusCat": 0, "LndSusCat": 0, "WaterDepth": 5.0, "Distance": "null", "PGA": 0.30504786968231201, "PGV": 12.021832466125488, "Sa03": 0.72809457778930664, "Sa10": 0.32921820878982544, "LqfSettlPGD": 0.0, "LqfSprPGD": 0.0, "LqfProb": 0.0, "LndPGD": 0.0, "LndProb": 0.0, "SufFltRuptPGD": 29.523393630981445, "SurfFltRuptProb": 0.5, "PDsNone": 0.9531, "PDsSlight": 0.0, "PDsModerate": 0.0246, "PDsExtensive": 0.0164, "PDsComplete": 0.0057, "PDsExceedSlight": 0.0468, "PDsExceedModerate": 0.0468, "PDsExceedExtensive": 0.0221, "FunctDay1": 96.0, "FunctDay3": 96.8, "FunctDay7": 97.7, "FunctDay14": 97.9, "FunctDay30": 98.0, "FunctDay90": 98.8, "EconLoss": 50286.06640625, "Name": "'CENTER AVE'", "City": "null", "State": "null" }, "geometry": { "type": "Point", "coordinates": [ -122.065947, 37.983383 ] } },
{ "type": "Feature", "properties": { "FacilityType": "HighwayBridge", "FacilityId": "CA006982", "Anchor": "null", "FoundationType": "null", "eqBldgType": "null", "DesignLevel": "null", "SoilType": "D", "LqfSusCat": 0, "LndSusCat": 0, "WaterDepth": 5.0, "Distance": "null", "PGA": 0.30504786968231201, "PGV": 12.021832466125488, "Sa03": 0.72809457778930664, "Sa10": 0.32921820878982544, "LqfSettlPGD": 0.0, "LqfSprPGD": 0.0, "LqfProb": 0.0, "LndPGD": 0.0, "LndProb": 0.0, "SufFltRuptPGD": 29.523393630981445, "SurfFltRuptProb": 0.5, "PDsNone": 0.8414, "PDsSlight": 0.1098, "PDsModerate": 0.0255, "PDsExtensive": 0.0171, "PDsComplete": 0.006, "PDsExceedSlight": 0.1585, "PDsExceedModerate": 0.0486, "PDsExceedExtensive": 0.0231, "FunctDay1": 93.1, "FunctDay3": 96.6, "FunctDay7": 97.6, "FunctDay14": 97.8, "FunctDay30": 97.9, "FunctDay90": 98.8, "EconLoss": 28213.91796875, "Name": "'PACHECO BLVD'", "City": "null", "State": "null" }, "geometry": { "type": "Point", "coordinates": [ -122.074181, 37.993142 ] } },
{ "type": "Feature", "properties": { "FacilityType": "HighwayBridge", "FacilityId": "CA006983", "Anchor": "null", "FoundationType": "null", "eqBldgType": "null", "DesignLevel": "null", "SoilType": "D", "LqfSusCat": 0, "LndSusCat": 0, "WaterDepth": 5.0, "Distance": "null", "PGA": 0.30504786968231201, "PGV": 12.021832466125488, "Sa03": 0.72809457778930664, "Sa10": 0.32921820878982544, "LqfSettlPGD": 0.0, "LqfSprPGD": 0.0, "LqfProb": 0.0, "LndPGD": 0.0, "LndProb": 0.0, "SufFltRuptPGD": 29.523393630981445, "SurfFltRuptProb": 0.5, "PDsNone": 0.8414, "PDsSlight": 0.1098, "PDsModerate": 0.0255, "PDsExtensive": 0.0171, "PDsComplete": 0.006, "PDsExceedSlight": 0.1585, "PDsExceedModerate": 0.0486, "PDsExceedExtensive": 0.0231, "FunctDay1": 93.1, "FunctDay3": 96.6, "FunctDay7": 97.6, "FunctDay14": 97.8, "FunctDay30": 97.9, "FunctDay90": 98.8, "EconLoss": 28213.91796875, "Name": "'PACHECO BLVD'", "City": "null", "State": "null" }, "geometry": { "type": "Point", "coordinates": [ -122.074133, 37.992922 ] } },
{ "type": "Feature", "properties": { "FacilityType": "HighwayBridge", "FacilityId": "CA006984", "Anchor": "null", "FoundationType": "null", "eqBldgType": "null", "DesignLevel": "null", "SoilType": "D", "LqfSusCat": 0, "LndSusCat": 0, "WaterDepth": 5.0, "Distance": "null", "PGA": 0.22777557373046875, "PGV": 8.8810701370239258, "Sa03": 0.55822324752807617, "Sa10": 0.24961048364639282, "LqfSettlPGD": 0.0, "LqfSprPGD": 0.0, "LqfProb": 0.0, "LndPGD": 0.0, "LndProb": 0.0, "SufFltRuptPGD": 29.523393630981445, "SurfFltRuptProb": 0.5, "PDsNone": 0.9767, "PDsSlight": 0.0, "PDsModerate": 0.0132, "PDsExtensive": 0.0077, "PDsComplete": 0.0022, "PDsExceedSlight": 0.0232, "PDsExceedModerate": 0.0232, "PDsExceedExtensive": 0.01, "FunctDay1": 98.0, "FunctDay3": 98.4, "FunctDay7": 98.9, "FunctDay14": 99.0, "FunctDay30": 99.1, "FunctDay90": 99.5, "EconLoss": 42825.84375, "Name": "'STATE ROUTE 4'", "City": "null", "State": "null" }, "geometry": { "type": "Point", "coordinates": [ -121.785564, 37.996547 ] } },
{ "type": "Feature", "properties": { "FacilityType": "HighwayBridge", "FacilityId": "CA006985", "Anchor": "null", "FoundationType": "null", "eqBldgType": "null", "DesignLevel": "null", "SoilType": "D", "LqfSusCat": 0, "LndSusCat": 0, "WaterDepth": 5.0, "Distance": "null", "PGA": 0.22777557373046875, "PGV": 8.8810701370239258, "Sa03": 0.55822324752807617, "Sa10": 0.24961048364639282, "LqfSettlPGD": 0.0, "LqfSprPGD": 0.0, "LqfProb": 0.0, "LndPGD": 0.0, "LndProb": 0.0, "SufFltRuptPGD": 29.523393630981445, "SurfFltRuptProb": 0.5, "PDsNone": 0.9767, "PDsSlight": 0.0, "PDsModerate": 0.0132, "PDsExtensive": 0.0077, "PDsComplete": 0.0022, "PDsExceedSlight": 0.0232, "PDsExceedModerate": 0.0232, "PDsExceedExtensive": 0.01, "FunctDay1": 98.0, "FunctDay3": 98.4, "FunctDay7": 98.9, "FunctDay14": 99.0, "FunctDay30": 99.1, "FunctDay90": 99.5, "EconLoss": 42405.8984375, "Name": "'STATE ROUTE 4'", "City": "null", "State": "null" }, "geometry": { "type": "Point", "coordinates": [ -121.78575, 37.996544 ] } },
{ "type": "Feature", "properties": { "FacilityType": "HighwayBridge", "FacilityId": "CA006986", "Anchor": "null", "FoundationType": "null", "eqBldgType": "null", "DesignLevel": "null", "SoilType": "D", "LqfSusCat": 0, "LndSusCat": 0, "WaterDepth": 5.0, "Distance": "null", "PGA": 0.27735394239425659, "PGV": 10.04581356048584, "Sa03": 0.62787985801696777, "Sa10": 0.26528066396713257, "LqfSettlPGD": 0.0, "LqfSprPGD": 0.0, "LqfProb": 0.0, "LndPGD": 0.0, "LndProb": 0.0, "SufFltRuptPGD": 29.523393630981445, "SurfFltRuptProb": 0.5, "PDsNone": 0.967, "PDsSlight": 0.0188, "PDsModerate": 0.0078, "PDsExtensive": 0.0051, "PDsComplete": 0.001, "PDsExceedSlight": 0.0329, "PDsExceedModerate": 0.014, "PDsExceedExtensive": 0.0062, "FunctDay1": 98.3, "FunctDay3": 99.0, "FunctDay7": 99.3, "FunctDay14": 99.3, "FunctDay30": 99.4, "FunctDay90": 99.6, "EconLoss": 884.51361083984375, "Name": "'PINOLE CREEK'", "City": "null", "State": "null" }, "geometry": { "type": "Point", "coordinates": [ -122.287189, 37.996219 ] } },
{ "type": "Feature", "properties": { "FacilityType": "HighwayBridge", "FacilityId": "CA006987", "Anchor": "null", "FoundationType": "null", "eqBldgType": "null", "DesignLevel": "null", "SoilType": "D", "LqfSusCat": 0, "LndSusCat": 0, "WaterDepth": 5.0, "Distance": "null", "PGA": 0.30504786968231201, "PGV": 12.021832466125488, "Sa03": 0.72809457778930664, "Sa10": 0.32921820878982544, "LqfSettlPGD": 0.0, "LqfSprPGD": 0.0, "LqfProb": 0.0, "LndPGD": 0.0, "LndProb": 0.0, "SufFltRuptPGD": 29.523393630981445, "SurfFltRuptProb": 0.5, "PDsNone": 0.9518, "PDsSlight": 0.0, "PDsModerate": 0.0252, "PDsExtensive": 0.0169, "PDsComplete": 0.0059, "PDsExceedSlight": 0.0481, "PDsExceedModerate": 0.0481, "PDsExceedExtensive": 0.0228, "FunctDay1": 95.9, "FunctDay3": 96.7, "FunctDay7": 97.6, "FunctDay14": 97.8, "FunctDay30": 97.9, "FunctDay90": 98.8, "EconLoss": 57744.1796875, "Name": "'CONCORD AVENUE'", "City": "null", "State": "null" }, "geometry": { "type": "Point", "coordinates": [ -122.043269, 37.978778 ] } },
{ "type": "Feature", "properties": { "FacilityType": "HighwayBridge", "FacilityId": "CA006988", "Anchor": "null", "FoundationType": "null", "eqBldgType": "null", "DesignLevel": "null", "SoilType": "D", "LqfSusCat": 0, "LndSusCat": 0, "WaterDepth": 5.0, "Distance": "null", "PGA": 0.30504786968231201, "PGV": 12.021832466125488, "Sa03": 0.72809457778930664, "Sa10": 0.32921820878982544, "LqfSettlPGD": 0.0, "LqfSprPGD": 0.0, "LqfProb": 0.0, "LndPGD": 0.0, "LndProb": 0.0, "SufFltRuptPGD": 29.523393630981445, "SurfFltRuptProb": 0.5, "PDsNone": 0.9526, "PDsSlight": 0.0, "PDsModerate": 0.0248, "PDsExtensive": 0.0166, "PDsComplete": 0.0058, "PDsExceedSlight": 0.0473, "PDsExceedModerate": 0.0473, "PDsExceedExtensive": 0.0224, "FunctDay1": 96.0, "FunctDay3": 96.7, "FunctDay7": 97.7, "FunctDay14": 97.8, "FunctDay30": 97.9, "FunctDay90": 98.8, "EconLoss": 30808.3359375, "Name": "'CONCORD AVENUE'", "City": "null", "State": "null" }, "geometry": { "type": "Point", "coordinates": [ -122.043694, 37.978836 ] } },
{ "type": "Feature", "properties": { "FacilityType": "HighwayBridge", "FacilityId": "CA006989", "Anchor": "null", "FoundationType": "null", "eqBldgType": "null", "DesignLevel": "null", "SoilType": "D", "LqfSusCat": 0, "LndSusCat": 0, "WaterDepth": 5.0, "Distance": "null", "PGA": 0.30504786968231201, "PGV": 12.021832466125488, "Sa03": 0.72809457778930664, "Sa10": 0.32921820878982544, "LqfSettlPGD": 0.0, "LqfSprPGD": 0.0, "LqfProb": 0.0, "LndPGD": 0.0, "LndProb": 0.0, "SufFltRuptPGD": 29.523393630981445, "SurfFltRuptProb": 0.5, "PDsNone": 0.9526, "PDsSlight": 0.0, "PDsModerate": 0.0248, "PDsExtensive": 0.0166, "PDsComplete": 0.0058, "PDsExceedSlight": 0.0473, "PDsExceedModerate": 0.0473, "PDsExceedExtensive": 0.0224, "FunctDay1": 96.0, "FunctDay3": 96.7, "FunctDay7": 97.7, "FunctDay14": 97.8, "FunctDay30": 97.9, "FunctDay90": 98.8, "EconLoss": 24441.279296875, "Name": "'CONCORD AVENUE'", "City": "null", "State": "null" }, "geometry": { "type": "Point", "coordinates": [ -122.043078, 37.978697 ] } },
{ "type": "Feature", "properties": { "FacilityType": "HighwayBridge", "FacilityId": "CA006990", "Anchor": "null", "FoundationType": "null", "eqBldgType": "null", "DesignLevel": "null", "SoilType": "D", "LqfSusCat": 0, "LndSusCat": 0, "WaterDepth": 5.0, "Distance": "null", "PGA": 0.30504786968231201, "PGV": 12.021832466125488, "Sa03": 0.72809457778930664, "Sa10": 0.32921820878982544, "LqfSettlPGD": 0.0, "LqfSprPGD": 0.0, "LqfProb": 0.0, "LndPGD": 0.0, "LndProb": 0.0, "SufFltRuptPGD": 29.523393630981445, "SurfFltRuptProb": 0.5, "PDsNone": 0.91, "PDsSlight": 0.0, "PDsModerate": 0.043, "PDsExtensive": 0.0327, "PDsComplete": 0.0141, "PDsExceedSlight": 0.0899, "PDsExceedModerate": 0.0899, "PDsExceedExtensive": 0.0468, "FunctDay1": 92.3, "FunctDay3": 93.6, "FunctDay7": 95.2, "FunctDay14": 95.5, "FunctDay30": 95.8, "FunctDay90": 97.5, "EconLoss": 282554.625, "Name": "'RV STORAGE'", "City": "null", "State": "null" }, "geometry": { "type": "Point", "coordinates": [ -122.042336, 37.980414 ] } },
{ "type": "Feature", "properties": { "FacilityType": "HighwayBridge", "FacilityId": "CA006991", "Anchor": "null", "FoundationType": "null", "eqBldgType": "null", "DesignLevel": "null", "SoilType": "D", "LqfSusCat": 0, "LndSusCat": 0, "WaterDepth": 5.0, "Distance": "null", "PGA": 0.30504786968231201, "PGV": 12.021832466125488, "Sa03": 0.72809457778930664, "Sa10": 0.32921820878982544, "LqfSettlPGD": 0.0, "LqfSprPGD": 0.0, "LqfProb": 0.0, "LndPGD": 0.0, "LndProb": 0.0, "SufFltRuptPGD": 29.523393630981445, "SurfFltRuptProb": 0.5, "PDsNone": 0.9305, "PDsSlight": 0.0335, "PDsModerate": 0.0182, "PDsExtensive": 0.014, "PDsComplete": 0.0036, "PDsExceedSlight": 0.0694, "PDsExceedModerate": 0.0359, "PDsExceedExtensive": 0.0176, "FunctDay1": 96.1, "FunctDay3": 97.5, "FunctDay7": 98.2, "FunctDay14": 98.3, "FunctDay30": 98.4, "FunctDay90": 99.1, "EconLoss": 30249.697265625, "Name": "'RV STORAGE'", "City": "null", "State": "null" }, "geometry": { "type": "Point", "coordinates": [ -122.042458, 37.981219 ] } },
{ "type": "Feature", "properties": { "FacilityType": "HighwayBridge", "FacilityId": "CA006992", "Anchor": "null", "FoundationType": "null", "eqBldgType": "null", "DesignLevel": "null", "SoilType": "D", "LqfSusCat": 0, "LndSusCat": 0, "WaterDepth": 5.0, "Distance": "null", "PGA": 0.30598485469818115, "PGV": 10.546538352966309, "Sa03": 0.66895943880081177, "Sa10": 0.28050541877746582, "LqfSettlPGD": 0.0, "LqfSprPGD": 0.0, "LqfProb": 0.0, "LndPGD": 0.0, "LndProb": 0.0, "SufFltRuptPGD": 29.523393630981445, "SurfFltRuptProb": 0.5, "PDsNone": 0.5445, "PDsSlight": 0.2644, "PDsModerate": 0.0716, "PDsExtensive": 0.0874, "PDsComplete": 0.0318, "PDsExceedSlight": 0.4554, "PDsExceedModerate": 0.1909, "PDsExceedExtensive": 0.1193, "FunctDay1": 76.6, "FunctDay3": 85.4, "FunctDay7": 88.2, "FunctDay14": 88.7, "FunctDay30": 89.4, "FunctDay90": 93.9, "EconLoss": 375195.78125, "Name": "'STATE ROUTE 24'", "City": "null", "State": "null" }, "geometry": { "type": "Point", "coordinates": [ -122.198556, 37.867797 ] } },
{ "type": "Feature", "properties": { "FacilityType": "HighwayBridge", "FacilityId": "CA006993", "Anchor": "null", "FoundationType": "null", "eqBldgType": "null", "DesignLevel": "null", "SoilType": "D", "LqfSusCat": 0, "LndSusCat": 0, "WaterDepth": 5.0, "Distance": "null", "PGA": 0.28632470965385437, "PGV": 10.346205711364746, "Sa03": 0.65192687511444092, "Sa10": 0.27895393967628479, "LqfSettlPGD": 0.0, "LqfSprPGD": 0.0, "LqfProb": 0.0, "LndPGD": 0.0, "LndProb": 0.0, "SufFltRuptPGD": 29.523393630981445, "SurfFltRuptProb": 0.5, "PDsNone": 0.8991, "PDsSlight": 0.0754, "PDsModerate": 0.0143, "PDsExtensive": 0.0085, "PDsComplete": 0.0025, "PDsExceedSlight": 0.1008, "PDsExceedModerate": 0.0254, "PDsExceedExtensive": 0.0111, "FunctDay1": 95.9, "FunctDay3": 98.3, "FunctDay7": 98.8, "FunctDay14": 98.9, "FunctDay30": 99.0, "FunctDay90": 99.4, "EconLoss": 18962.931640625, "Name": "'STATE ROUTE 4'", "City": "null", "State": "null" }, "geometry": { "type": "Point", "coordinates": [ -122.269717, 38.014858 ] } },
{ "type": "Feature", "properties": { "FacilityType": "HighwayBridge", "FacilityId": "CA006994", "Anchor": "null", "FoundationType": "null", "eqBldgType": "null", "DesignLevel": "null", "SoilType": "D", "LqfSusCat": 0, "LndSusCat": 0, "WaterDepth": 5.0, "Distance": "null", "PGA": 0.28632470965385437, "PGV": 10.346205711364746, "Sa03": 0.65192687511444092, "Sa10": 0.27895393967628479, "LqfSettlPGD": 0.0, "LqfSprPGD": 0.0, "LqfProb": 0.0, "LndPGD": 0.0, "LndProb": 0.0, "SufFltRuptPGD": 29.523393630981445, "SurfFltRuptProb": 0.5, "PDsNone": 0.8991, "PDsSlight": 0.0754, "PDsModerate": 0.0143, "PDsExtensive": 0.0085, "PDsComplete": 0.0025, "PDsExceedSlight": 0.1008, "PDsExceedModerate": 0.0254, "PDsExceedExtensive": 0.0111, "FunctDay1": 95.9, "FunctDay3": 98.3, "FunctDay7": 98.8, "FunctDay14": 98.9, "FunctDay30": 99.0, "FunctDay90": 99.4, "EconLoss": 18962.931640625, "Name": "'STATE ROUTE 4'", "City": "null", "State": "null" }, "geometry": { "type": "Point", "coordinates": [ -122.270217, 38.015089 ] } },
{ "type": "Feature", "properties": { "FacilityType": "HighwayBridge", "FacilityId": "CA006995", "Anchor": "null", "FoundationType": "null", "eqBldgType": "null", "DesignLevel": "null", "SoilType": "D", "LqfSusCat": 0, "LndSusCat": 0, "WaterDepth": 5.0, "Distance": "null", "PGA": 0.30504786968231201, "PGV": 12.021832466125488, "Sa03": 0.72809457778930664, "Sa10": 0.32921820878982544, "LqfSettlPGD": 0.0, "LqfSprPGD": 0.0, "LqfProb": 0.0, "LndPGD": 0.0, "LndProb": 0.0, "SufFltRuptPGD": 29.523393630981445, "SurfFltRuptProb": 0.5, "PDsNone": 0.9483, "PDsSlight": 0.0, "PDsModerate": 0.0268, "PDsExtensive": 0.0182, "PDsComplete": 0.0065, "PDsExceedSlight": 0.0516, "PDsExceedModerate": 0.0516, "PDsExceedExtensive": 0.0247, "FunctDay1": 95.6, "FunctDay3": 96.4, "FunctDay7": 97.4, "FunctDay14": 97.6, "FunctDay30": 97.7, "FunctDay90": 98.7, "EconLoss": 77006.8515625, "Name": "'CONCORD AVE'", "City": "null", "State": "null" }, "geometry": { "type": "Point", "coordinates": [ -122.063775, 37.9761 ] } },
{ "type": "Feature", "properties": { "FacilityType": "HighwayBridge", "FacilityId": "CA006996", "Anchor": "null", "FoundationType": "null", "eqBldgType": "null", "DesignLevel": "null", "SoilType": "D", "LqfSusCat": 0, "LndSusCat": 0, "WaterDepth": 5.0, "Distance": "null", "PGA": 0.31993374228477478, "PGV": 11.038826942443848, "Sa03": 0.69984692335128784, "Sa10": 0.29034751653671265, "LqfSettlPGD": 0.0, "LqfSprPGD": 0.0, "LqfProb": 0.0, "LndPGD": 0.0, "LndProb": 0.0, "SufFltRuptPGD": 29.523393630981445, "SurfFltRuptProb": 0.5, "PDsNone": 0.967, "PDsSlight": 0.0, "PDsModerate": 0.018, "PDsExtensive": 0.0113, "PDsComplete": 0.0035, "PDsExceedSlight": 0.0329, "PDsExceedModerate": 0.0329, "PDsExceedExtensive": 0.0148, "FunctDay1": 97.2, "FunctDay3": 97.7, "FunctDay7": 98.4, "FunctDay14": 98.5, "FunctDay30": 98.6, "FunctDay90": 99.2, "EconLoss": 54199.4921875, "Name": "'LIVORNA ROAD'", "City": "null", "State": "null" }, "geometry": { "type": "Point", "coordinates": [ -122.034964, 37.863231 ] } },
{ "type": "Feature", "properties": { "FacilityType": "HighwayBridge", "FacilityId": "CA006997", "Anchor": "null", "FoundationType": "null", "eqBldgType": "null", "DesignLevel": "null", "SoilType": "D", "LqfSusCat": 0, "LndSusCat": 0, "WaterDepth": 5.0, "Distance": "null", "PGA": 0.31081861257553101, "PGV": 10.68083381652832, "Sa03": 0.68266290426254272, "Sa10": 0.28262096643447876, "LqfSettlPGD": 0.0, "LqfSprPGD": 0.0, "LqfProb": 0.0, "LndPGD": 0.0, "LndProb": 0.0, "SufFltRuptPGD": 29.523393630981445, "SurfFltRuptProb": 0.5, "PDsNone": 0.9724, "PDsSlight": 0.0, "PDsModerate": 0.0154, "PDsExtensive": 0.0093, "PDsComplete": 0.0028, "PDsExceedSlight": 0.0275, "PDsExceedModerate": 0.0275, "PDsExceedExtensive": 0.0121, "FunctDay1": 97.7, "FunctDay3": 98.1, "FunctDay7": 98.7, "FunctDay14": 98.8, "FunctDay30": 98.9, "FunctDay90": 99.4, "EconLoss": 34324.60546875, "Name": "'LA GONDA WAY'", "City": "null", "State": "null" }, "geometry": { "type": "Point", "coordinates": [ -122.016022, 37.839306 ] } },
{ "type": "Feature", "properties": { "FacilityType": "HighwayBridge", "FacilityId": "CA006998", "Anchor": "null", "FoundationType": "null", "eqBldgType": "null", "DesignLevel": "null", "SoilType": "D", "LqfSusCat": 0, "LndSusCat": 0, "WaterDepth": 5.0, "Distance": "null", "PGA": 0.28632470965385437, "PGV": 10.346205711364746, "Sa03": 0.65192687511444092, "Sa10": 0.27895393967628479, "LqfSettlPGD": 0.0, "LqfSprPGD": 0.0, "LqfProb": 0.0, "LndPGD": 0.0, "LndProb": 0.0, "SufFltRuptPGD": 29.523393630981445, "SurfFltRuptProb": 0.5, "PDsNone": 0.9604, "PDsSlight": 0.0228, "PDsModerate": 0.0091, "PDsExtensive": 0.0062, "PDsComplete": 0.0012, "PDsExceedSlight": 0.0395, "PDsExceedModerate": 0.0166, "PDsExceedExtensive": 0.0075, "FunctDay1": 98.0, "FunctDay3": 98.8, "FunctDay7": 99.2, "FunctDay14": 99.2, "FunctDay30": 99.3, "FunctDay90": 99.6, "EconLoss": 907.48248291015625, "Name": "'RODEO CREEK'", "City": "null", "State": "null" }, "geometry": { "type": "Point", "coordinates": [ -122.260908, 38.022097 ] } },
{ "type": "Feature", "properties": { "FacilityType": "HighwayBridge", "FacilityId": "CA006999", "Anchor": "null", "FoundationType": "null", "eqBldgType": "null", "DesignLevel": "null", "SoilType": "D", "LqfSusCat": 0, "LndSusCat": 0, "WaterDepth": 5.0, "Distance": "null", "PGA": 0.28632470965385437, "PGV": 10.346205711364746, "Sa03": 0.65192687511444092, "Sa10": 0.27895393967628479, "LqfSettlPGD": 0.0, "LqfSprPGD": 0.0, "LqfProb": 0.0, "LndPGD": 0.0, "LndProb": 0.0, "SufFltRuptPGD": 29.523393630981445, "SurfFltRuptProb": 0.5, "PDsNone": 0.9604, "PDsSlight": 0.022, "PDsModerate": 0.0095, "PDsExtensive": 0.0065, "PDsComplete": 0.0013, "PDsExceedSlight": 0.0395, "PDsExceedModerate": 0.0174, "PDsExceedExtensive": 0.0079, "FunctDay1": 97.9, "FunctDay3": 98.8, "FunctDay7": 99.1, "FunctDay14": 99.2, "FunctDay30": 99.2, "FunctDay90": 99.6, "EconLoss": 947.38385009765625, "Name": "'RODEO CREEK'", "City": "null", "State": "null" }, "geometry": { "type": "Point", "coordinates": [ -122.261733, 38.023 ] } },
{ "type": "Feature", "properties": { "FacilityType": "HighwayBridge", "FacilityId": "CA007000", "Anchor": "null", "FoundationType": "null", "eqBldgType": "null", "DesignLevel": "null", "SoilType": "D", "LqfSusCat": 0, "LndSusCat": 0, "WaterDepth": 5.0, "Distance": "null", "PGA": 0.32041805982589722, "PGV": 12.237601280212402, "Sa03": 0.74365264177322388, "Sa10": 0.33581742644309998, "LqfSettlPGD": 0.0, "LqfSprPGD": 0.0, "LqfProb": 0.0, "LndPGD": 0.0, "LndProb": 0.0, "SufFltRuptPGD": 29.523393630981445, "SurfFltRuptProb": 0.5, "PDsNone": 0.9467, "PDsSlight": 0.0, "PDsModerate": 0.0275, "PDsExtensive": 0.0188, "PDsComplete": 0.0068, "PDsExceedSlight": 0.0532, "PDsExceedModerate": 0.0532, "PDsExceedExtensive": 0.0256, "FunctDay1": 95.5, "FunctDay3": 96.3, "FunctDay7": 97.4, "FunctDay14": 97.5, "FunctDay30": 97.7, "FunctDay90": 98.6, "EconLoss": 100056.75, "Name": "'INTERSTATE 680'", "City": "null", "State": "null" }, "geometry": { "type": "Point", "coordinates": [ -121.993297, 37.811244 ] } },
{ "type": "Feature", "properties": { "FacilityType": "HighwayBridge", "FacilityId": "CA007001", "Anchor": "null", "FoundationType": "null", "eqBldgType": "null", "DesignLevel": "null", "SoilType": "D", "LqfSusCat": 0, "LndSusCat": 0, "WaterDepth": 5.0, "Distance": "null", "PGA": 0.32041805982589722, "PGV": 12.237601280212402, "Sa03": 0.74365264177322388, "Sa10": 0.33581742644309998, "LqfSettlPGD": 0.0, "LqfSprPGD": 0.0, "LqfProb": 0.0, "LndPGD": 0.0, "LndProb": 0.0, "SufFltRuptPGD": 29.523393630981445, "SurfFltRuptProb": 0.5, "PDsNone": 0.8673, "PDsSlight": 0.0, "PDsModerate": 0.0589, "PDsExtensive": 0.049, "PDsComplete": 0.0246, "PDsExceedSlight": 0.1326, "PDsExceedModerate": 0.1326, "PDsExceedExtensive": 0.0737, "FunctDay1": 88.6, "FunctDay3": 90.3, "FunctDay7": 92.6, "FunctDay14": 93.0, "FunctDay30": 93.4, "FunctDay90": 96.0, "EconLoss": 573149.75, "Name": "'LAUREL DRIVE'", "City": "null", "State": "null" }, "geometry": { "type": "Point", "coordinates": [ -121.993072, 37.814725 ] } },
{ "type": "Feature", "properties": { "FacilityType": "HighwayBridge", "FacilityId": "CA007002", "Anchor": "null", "FoundationType": "null", "eqBldgType": "null", "DesignLevel": "null", "SoilType": "D", "LqfSusCat": 0, "LndSusCat": 0, "WaterDepth": 5.0, "Distance": "null", "PGA": 0.32041805982589722, "PGV": 12.237601280212402, "Sa03": 0.74365264177322388, "Sa10": 0.33581742644309998, "LqfSettlPGD": 0.0, "LqfSprPGD": 0.0, "LqfProb": 0.0, "LndPGD": 0.0, "LndProb": 0.0, "SufFltRuptPGD": 29.523393630981445, "SurfFltRuptProb": 0.5, "PDsNone": 0.9498, "PDsSlight": 0.0, "PDsModerate": 0.0261, "PDsExtensive": 0.0176, "PDsComplete": 0.0063, "PDsExceedSlight": 0.0501, "PDsExceedModerate": 0.0501, "PDsExceedExtensive": 0.0239, "FunctDay1": 95.8, "FunctDay3": 96.5, "FunctDay7": 97.5, "FunctDay14": 97.7, "FunctDay30": 97.8, "FunctDay90": 98.7, "EconLoss": 97956.3125, "Name": "'SAN RAMON CREEK'", "City": "null", "State": "null" }, "geometry": { "type": "Point", "coordinates": [ -121.992989, 37.820906 ] } },
{ "type": "Feature", "properties": { "FacilityType": "HighwayBridge", "FacilityId": "CA007003", "Anchor": "null", "FoundationType": "null", "eqBldgType": "null", "DesignLevel": "null", "SoilType": "D", "LqfSusCat": 0, "LndSusCat": 0, "WaterDepth": 5.0, "Distance": "null", "PGA": 0.32041805982589722, "PGV": 12.237601280212402, "Sa03": 0.74365264177322388, "Sa10": 0.33581742644309998, "LqfSettlPGD": 0.0, "LqfSprPGD": 0.0, "LqfProb": 0.0, "LndPGD": 0.0, "LndProb": 0.0, "SufFltRuptPGD": 29.523393630981445, "SurfFltRuptProb": 0.5, "PDsNone": 0.9498, "PDsSlight": 0.0, "PDsModerate": 0.0261, "PDsExtensive": 0.0176, "PDsComplete": 0.0063, "PDsExceedSlight": 0.0501, "PDsExceedModerate": 0.0501, "PDsExceedExtensive": 0.0239, "FunctDay1": 95.8, "FunctDay3": 96.5, "FunctDay7": 97.5, "FunctDay14": 97.7, "FunctDay30": 97.8, "FunctDay90": 98.7, "EconLoss": 23968.97265625, "Name": "'SAN RAMON CREEK'", "City": "null", "State": "null" }, "geometry": { "type": "Point", "coordinates": [ -121.993497, 37.820975 ] } },
{ "type": "Feature", "properties": { "FacilityType": "HighwayBridge", "FacilityId": "CA007004", "Anchor": "null", "FoundationType": "null", "eqBldgType": "null", "DesignLevel": "null", "SoilType": "D", "LqfSusCat": 0, "LndSusCat": 0, "WaterDepth": 5.0, "Distance": "null", "PGA": 0.32041805982589722, "PGV": 12.237601280212402, "Sa03": 0.74365264177322388, "Sa10": 0.33581742644309998, "LqfSettlPGD": 0.0, "LqfSprPGD": 0.0, "LqfProb": 0.0, "LndPGD": 0.0, "LndProb": 0.0, "SufFltRuptPGD": 29.523393630981445, "SurfFltRuptProb": 0.5, "PDsNone": 0.9498, "PDsSlight": 0.0, "PDsModerate": 0.0261, "PDsExtensive": 0.0176, "PDsComplete": 0.0063, "PDsExceedSlight": 0.0501, "PDsExceedModerate": 0.0501, "PDsExceedExtensive": 0.0239, "FunctDay1": 95.8, "FunctDay3": 96.5, "FunctDay7": 97.5, "FunctDay14": 97.7, "FunctDay30": 97.8, "FunctDay90": 98.7, "EconLoss": 38122.1953125, "Name": "'SAN RAMON CREEK'", "City": "null", "State": "null" }, "geometry": { "type": "Point", "coordinates": [ -121.992953, 37.819842 ] } },
{ "type": "Feature", "properties": { "FacilityType": "HighwayBridge", "FacilityId": "CA007005", "Anchor": "null", "FoundationType": "null", "eqBldgType": "null", "DesignLevel": "null", "SoilType": "D", "LqfSusCat": 0, "LndSusCat": 0, "WaterDepth": 5.0, "Distance": "null", "PGA": 0.32041805982589722, "PGV": 12.237601280212402, "Sa03": 0.74365264177322388, "Sa10": 0.33581742644309998, "LqfSettlPGD": 0.0, "LqfSprPGD": 0.0, "LqfProb": 0.0, "LndPGD": 0.0, "LndProb": 0.0, "SufFltRuptPGD": 29.523393630981445, "SurfFltRuptProb": 0.5, "PDsNone": 0.9463, "PDsSlight": 0.0, "PDsModerate": 0.0277, "PDsExtensive": 0.0189, "PDsComplete": 0.0069, "PDsExceedSlight": 0.0536, "PDsExceedModerate": 0.0536, "PDsExceedExtensive": 0.0259, "FunctDay1": 95.5, "FunctDay3": 96.3, "FunctDay7": 97.3, "FunctDay14": 97.5, "FunctDay30": 97.6, "FunctDay90": 98.6, "EconLoss": 80347.8203125, "Name": "'DIABLO ROAD'", "City": "null", "State": "null" }, "geometry": { "type": "Point", "coordinates": [ -121.993342, 37.822817 ] } },
{ "type": "Feature", "properties": { "FacilityType": "HighwayBridge", "FacilityId": "CA007006", "Anchor": "null", "FoundationType": "null", "eqBldgType": "null", "DesignLevel": "null", "SoilType": "D", "LqfSusCat": 0, "LndSusCat": 0, "WaterDepth": 5.0, "Distance": "null", "PGA": 0.31081861257553101, "PGV": 10.68083381652832, "Sa03": 0.68266290426254272, "Sa10": 0.28262096643447876, "LqfSettlPGD": 0.0, "LqfSprPGD": 0.0, "LqfProb": 0.0, "LndPGD": 0.0, "LndProb": 0.0, "SufFltRuptPGD": 29.523393630981445, "SurfFltRuptProb": 0.5, "PDsNone": 0.9718, "PDsSlight": 0.0, "PDsModerate": 0.0157, "PDsExtensive": 0.0095, "PDsComplete": 0.0028, "PDsExceedSlight": 0.0281, "PDsExceedModerate": 0.0281, "PDsExceedExtensive": 0.0124, "FunctDay1": 97.6, "FunctDay3": 98.1, "FunctDay7": 98.7, "FunctDay14": 98.8, "FunctDay30": 98.8, "FunctDay90": 99.3, "EconLoss": 40899.765625, "Name": "'EL CERRO BOULEVARD'", "City": "null", "State": "null" }, "geometry": { "type": "Point", "coordinates": [ -122.0005, 37.82965 ] } },
{ "type": "Feature", "properties": { "FacilityType": "HighwayBridge", "FacilityId": "CA007007", "Anchor": "null", "FoundationType": "null", "eqBldgType": "null", "DesignLevel": "null", "SoilType": "D", "LqfSusCat": 0, "LndSusCat": 0, "WaterDepth": 5.0, "Distance": "null", "PGA": 0.31081861257553101, "PGV": 10.68083381652832, "Sa03": 0.68266290426254272, "Sa10": 0.28262096643447876, "LqfSettlPGD": 0.0, "LqfSprPGD": 0.0, "LqfProb": 0.0, "LndPGD": 0.0, "LndProb": 0.0, "SufFltRuptPGD": 29.523393630981445, "SurfFltRuptProb": 0.5, "PDsNone": 0.9718, "PDsSlight": 0.0, "PDsModerate": 0.0157, "PDsExtensive": 0.0095, "PDsComplete": 0.0028, "PDsExceedSlight": 0.0281, "PDsExceedModerate": 0.0281, "PDsExceedExtensive": 0.0124, "FunctDay1": 97.6, "FunctDay3": 98.1, "FunctDay7": 98.7, "FunctDay14": 98.8, "FunctDay30": 98.8, "FunctDay90": 99.3, "EconLoss": 33346.56640625, "Name": "'EL PINTADO ROAD'", "City": "null", "State": "null" }, "geometry": { "type": "Point", "coordinates": [ -122.008783, 37.834939 ] } },
{ "type": "Feature", "properties": { "FacilityType": "HighwayBridge", "FacilityId": "CA007008", "Anchor": "null", "FoundationType": "null", "eqBldgType": "null", "DesignLevel": "null", "SoilType": "D", "LqfSusCat": 0, "LndSusCat": 0, "WaterDepth": 5.0, "Distance": "null", "PGA": 0.31993374228477478, "PGV": 11.038826942443848, "Sa03": 0.69984692335128784, "Sa10": 0.29034751653671265, "LqfSettlPGD": 0.0, "LqfSprPGD": 0.0, "LqfProb": 0.0, "LndPGD": 0.0, "LndProb": 0.0, "SufFltRuptPGD": 29.523393630981445, "SurfFltRuptProb": 0.5, "PDsNone": 0.9673, "PDsSlight": 0.0, "PDsModerate": 0.0179, "PDsExtensive": 0.0111, "PDsComplete": 0.0035, "PDsExceedSlight": 0.0326, "PDsExceedModerate": 0.0326, "PDsExceedExtensive": 0.0146, "FunctDay1": 97.2, "FunctDay3": 97.8, "FunctDay7": 98.5, "FunctDay14": 98.6, "FunctDay30": 98.6, "FunctDay90": 99.2, "EconLoss": 55863.72265625, "Name": "'STONE VALLEY ROAD'", "City": "null", "State": "null" }, "geometry": { "type": "Point", "coordinates": [ -122.028508, 37.851369 ] } },
{ "type": "Feature", "properties": { "FacilityType": "HighwayBridge", "FacilityId": "CA007009", "Anchor": "null", "FoundationType": "null", "eqBldgType": "null", "DesignLevel": "null", "SoilType": "D", "LqfSusCat": 0, "LndSusCat": 0, "WaterDepth": 5.0, "Distance": "null", "PGA": 0.25617694854736328, "PGV": 8.608607292175293, "Sa03": 0.56298106908798218, "Sa10": 0.21416859328746796, "LqfSettlPGD": 0.0, "LqfSprPGD": 0.0, "LqfProb": 0.0, "LndPGD": 0.0, "LndProb": 0.0, "SufFltRuptPGD": 29.523393630981445, "SurfFltRuptProb": 0.5, "PDsNone": 0.9826, "PDsSlight": 0.0122, "PDsModerate": 0.003, "PDsExtensive": 0.0017, "PDsComplete": 0.0002, "PDsExceedSlight": 0.0173, "PDsExceedModerate": 0.0051, "PDsExceedExtensive": 0.002, "FunctDay1": 99.2, "FunctDay3": 99.6, "FunctDay7": 99.7, "FunctDay14": 99.7, "FunctDay30": 99.8, "FunctDay90": 99.8, "EconLoss": 6835.92041015625, "Name": "'BAILEY ROAD'", "City": "null", "State": "null" }, "geometry": { "type": "Point", "coordinates": [ -121.942289, 38.019 ] } },
{ "type": "Feature", "properties": { "FacilityType": "HighwayBridge", "FacilityId": "CA007010", "Anchor": "null", "FoundationType": "null", "eqBldgType": "null", "DesignLevel": "null", "SoilType": "D", "LqfSusCat": 0, "LndSusCat": 0, "WaterDepth": 5.0, "Distance": "null", "PGA": 0.25617694854736328, "PGV": 8.608607292175293, "Sa03": 0.56298106908798218, "Sa10": 0.21416859328746796, "LqfSettlPGD": 0.0, "LqfSprPGD": 0.0, "LqfProb": 0.0, "LndPGD": 0.0, "LndProb": 0.0, "SufFltRuptPGD": 29.523393630981445, "SurfFltRuptProb": 0.5, "PDsNone": 0.9826, "PDsSlight": 0.0122, "PDsModerate": 0.003, "PDsExtensive": 0.0017, "PDsComplete": 0.0002, "PDsExceedSlight": 0.0173, "PDsExceedModerate": 0.0051, "PDsExceedExtensive": 0.002, "FunctDay1": 99.2, "FunctDay3": 99.6, "FunctDay7": 99.7, "FunctDay14": 99.7, "FunctDay30": 99.8, "FunctDay90": 99.8, "EconLoss": 6835.92041015625, "Name": "'BAILEY ROAD'", "City": "null", "State": "null" }, "geometry": { "type": "Point", "coordinates": [ -121.942286, 38.018622 ] } },
{ "type": "Feature", "properties": { "FacilityType": "HighwayBridge", "FacilityId": "CA007011", "Anchor": "null", "FoundationType": "null", "eqBldgType": "null", "DesignLevel": "null", "SoilType": "D", "LqfSusCat": 0, "LndSusCat": 0, "WaterDepth": 5.0, "Distance": "null", "PGA": 0.31597408652305603, "PGV": 12.950291633605957, "Sa03": 0.75980222225189209, "Sa10": 0.37026152014732361, "LqfSettlPGD": 0.0, "LqfSprPGD": 0.0, "LqfProb": 0.0, "LndPGD": 0.0, "LndProb": 0.0, "SufFltRuptPGD": 29.523393630981445, "SurfFltRuptProb": 0.5, "PDsNone": 0.9303, "PDsSlight": 0.0, "PDsModerate": 0.0347, "PDsExtensive": 0.025, "PDsComplete": 0.0099, "PDsExceedSlight": 0.0696, "PDsExceedModerate": 0.0696, "PDsExceedExtensive": 0.0349, "FunctDay1": 94.1, "FunctDay3": 95.1, "FunctDay7": 96.4, "FunctDay14": 96.7, "FunctDay30": 96.8, "FunctDay90": 98.1, "EconLoss": 100293.1875, "Name": "'INTERSTATE 680'", "City": "null", "State": "null" }, "geometry": { "type": "Point", "coordinates": [ -121.972625, 37.771247 ] } },
{ "type": "Feature", "properties": { "FacilityType": "HighwayBridge", "FacilityId": "CA007012", "Anchor": "null", "FoundationType": "null", "eqBldgType": "null", "DesignLevel": "null", "SoilType": "D", "LqfSusCat": 0, "LndSusCat": 0, "WaterDepth": 5.0, "Distance": "null", "PGA": 0.32041805982589722, "PGV": 12.237601280212402, "Sa03": 0.74365264177322388, "Sa10": 0.33581742644309998, "LqfSettlPGD": 0.0, "LqfSprPGD": 0.0, "LqfProb": 0.0, "LndPGD": 0.0, "LndProb": 0.0, "SufFltRuptPGD": 29.523393630981445, "SurfFltRuptProb": 0.5, "PDsNone": 0.8332, "PDsSlight": 0.1161, "PDsModerate": 0.0263, "PDsExtensive": 0.0178, "PDsComplete": 0.0063, "PDsExceedSlight": 0.1667, "PDsExceedModerate": 0.0505, "PDsExceedExtensive": 0.0241, "FunctDay1": 92.8, "FunctDay3": 96.5, "FunctDay7": 97.5, "FunctDay14": 97.7, "FunctDay30": 97.8, "FunctDay90": 98.7, "EconLoss": 136200.265625, "Name": "'INTERSTATE 680'", "City": "null", "State": "null" }, "geometry": { "type": "Point", "coordinates": [ -121.975633, 37.776797 ] } },
{ "type": "Feature", "properties": { "FacilityType": "HighwayBridge", "FacilityId": "CA007013", "Anchor": "null", "FoundationType": "null", "eqBldgType": "null", "DesignLevel": "null", "SoilType": "D", "LqfSusCat": 0, "LndSusCat": 0, "WaterDepth": 5.0, "Distance": "null", "PGA": 0.30504786968231201, "PGV": 12.021832466125488, "Sa03": 0.72809457778930664, "Sa10": 0.32921820878982544, "LqfSettlPGD": 0.0, "LqfSprPGD": 0.0, "LqfProb": 0.0, "LndPGD": 0.0, "LndProb": 0.0, "SufFltRuptPGD": 29.523393630981445, "SurfFltRuptProb": 0.5, "PDsNone": 0.91, "PDsSlight": 0.0, "PDsModerate": 0.043, "PDsExtensive": 0.0327, "PDsComplete": 0.0141, "PDsExceedSlight": 0.0899, "PDsExceedModerate": 0.0899, "PDsExceedExtensive": 0.0468, "FunctDay1": 92.3, "FunctDay3": 93.6, "FunctDay7": 95.2, "FunctDay14": 95.5, "FunctDay30": 95.8, "FunctDay90": 97.5, "EconLoss": 185437.25, "Name": "'SOLANO WAY'", "City": "null", "State": "null" }, "geometry": { "type": "Point", "coordinates": [ -122.040333, 37.988064 ] } },
{ "type": "Feature", "properties": { "FacilityType": "HighwayBridge", "FacilityId": "CA007015", "Anchor": "null", "FoundationType": "null", "eqBldgType": "null", "DesignLevel": "null", "SoilType": "D", "LqfSusCat": 0, "LndSusCat": 0, "WaterDepth": 5.0, "Distance": "null", "PGA": 0.28914901614189148, "PGV": 9.8484163284301758, "Sa03": 0.64303761720657349, "Sa10": 0.26246479153633118, "LqfSettlPGD": 0.0, "LqfSprPGD": 0.0, "LqfProb": 0.0, "LndPGD": 0.0, "LndProb": 0.0, "SufFltRuptPGD": 29.523393630981445, "SurfFltRuptProb": 0.5, "PDsNone": 0.9793, "PDsSlight": 0.0, "PDsModerate": 0.0118, "PDsExtensive": 0.0068, "PDsComplete": 0.0019, "PDsExceedSlight": 0.0206, "PDsExceedModerate": 0.0206, "PDsExceedExtensive": 0.0087, "FunctDay1": 98.3, "FunctDay3": 98.6, "FunctDay7": 99.0, "FunctDay14": 99.1, "FunctDay30": 99.2, "FunctDay90": 99.5, "EconLoss": 50590.74609375, "Name": "'STATE ROUTE 4'", "City": "null", "State": "null" }, "geometry": { "type": "Point", "coordinates": [ -122.120528, 37.9952 ] } },
{ "type": "Feature", "properties": { "FacilityType": "HighwayBridge", "FacilityId": "CA007016", "Anchor": "null", "FoundationType": "null", "eqBldgType": "null", "DesignLevel": "null", "SoilType": "D", "LqfSusCat": 0, "LndSusCat": 0, "WaterDepth": 5.0, "Distance": "null", "PGA": 0.29472509026527405, "PGV": 10.590834617614746, "Sa03": 0.6696973443031311, "Sa10": 0.28908199071884155, "LqfSettlPGD": 0.0, "LqfSprPGD": 0.0, "LqfProb": 0.0, "LndPGD": 0.0, "LndProb": 0.0, "SufFltRuptPGD": 29.523393630981445, "SurfFltRuptProb": 0.5, "PDsNone": 0.8882, "PDsSlight": 0.0785, "PDsModerate": 0.0182, "PDsExtensive": 0.0113, "PDsComplete": 0.0036, "PDsExceedSlight": 0.1117, "PDsExceedModerate": 0.0332, "PDsExceedExtensive": 0.015, "FunctDay1": 95.2, "FunctDay3": 97.7, "FunctDay7": 98.4, "FunctDay14": 98.5, "FunctDay30": 98.6, "FunctDay90": 99.2, "EconLoss": 18153.71484375, "Name": "'STATE ROUTE 4'", "City": "null", "State": "null" }, "geometry": { "type": "Point", "coordinates": [ -122.19045, 38.015775 ] } },
{ "type": "Feature", "properties": { "FacilityType": "HighwayBridge", "FacilityId": "CA007017", "Anchor": "null", "FoundationType": "null", "eqBldgType": "null", "DesignLevel": "null", "SoilType": "D", "LqfSusCat": 0, "LndSusCat": 0, "WaterDepth": 5.0, "Distance": "null", "PGA": 0.29659819602966309, "PGV": 10.486924171447754, "Sa03": 0.67186164855957031, "Sa10": 0.28059494495391846, "LqfSettlPGD": 0.0, "LqfSprPGD": 0.0, "LqfProb": 0.0, "LndPGD": 0.0, "LndProb": 0.0, "SufFltRuptPGD": 29.523393630981445, "SurfFltRuptProb": 0.5, "PDsNone": 0.9736, "PDsSlight": 0.0, "PDsModerate": 0.0147, "PDsExtensive": 0.0088, "PDsComplete": 0.0026, "PDsExceedSlight": 0.0263, "PDsExceedModerate": 0.0263, "PDsExceedExtensive": 0.0115, "FunctDay1": 97.8, "FunctDay3": 98.2, "FunctDay7": 98.8, "FunctDay14": 98.9, "FunctDay30": 98.9, "FunctDay90": 99.4, "EconLoss": 14479.3603515625, "Name": "'ALHAMBRA AVE'", "City": "null", "State": "null" }, "geometry": { "type": "Point", "coordinates": [ -122.130294, 37.990622 ] } },
{ "type": "Feature", "properties": { "FacilityType": "HighwayBridge", "FacilityId": "CA007018", "Anchor": "null", "FoundationType": "null", "eqBldgType": "null", "DesignLevel": "null", "SoilType": "D", "LqfSusCat": 0, "LndSusCat": 0, "WaterDepth": 5.0, "Distance": "null", "PGA": 0.29659819602966309, "PGV": 10.486924171447754, "Sa03": 0.67186164855957031, "Sa10": 0.28059494495391846, "LqfSettlPGD": 0.0, "LqfSprPGD": 0.0, "LqfProb": 0.0, "LndPGD": 0.0, "LndProb": 0.0, "SufFltRuptPGD": 29.523393630981445, "SurfFltRuptProb": 0.5, "PDsNone": 0.8973, "PDsSlight": 0.0763, "PDsModerate": 0.0147, "PDsExtensive": 0.0088, "PDsComplete": 0.0026, "PDsExceedSlight": 0.1026, "PDsExceedModerate": 0.0263, "PDsExceedExtensive": 0.0115, "FunctDay1": 95.8, "FunctDay3": 98.2, "FunctDay7": 98.8, "FunctDay14": 98.9, "FunctDay30": 98.9, "FunctDay90": 99.4, "EconLoss": 14134.3447265625, "Name": "'ALHAMBRA AVE'", "City": "null", "State": "null" }, "geometry": { "type": "Point", "coordinates": [ -122.130211, 37.990467 ] } },
{ "type": "Feature", "properties": { "FacilityType": "HighwayBridge", "FacilityId": "CA007019", "Anchor": "null", "FoundationType": "null", "eqBldgType": "null", "DesignLevel": "null", "SoilType": "D", "LqfSusCat": 0, "LndSusCat": 0, "WaterDepth": 5.0, "Distance": "null", "PGA": 0.29472509026527405, "PGV": 10.590834617614746, "Sa03": 0.6696973443031311, "Sa10": 0.28908199071884155, "LqfSettlPGD": 0.0, "LqfSprPGD": 0.0, "LqfProb": 0.0, "LndPGD": 0.0, "LndProb": 0.0, "SufFltRuptPGD": 29.523393630981445, "SurfFltRuptProb": 0.5, "PDsNone": 0.8882, "PDsSlight": 0.0806, "PDsModerate": 0.0172, "PDsExtensive": 0.0106, "PDsComplete": 0.0033, "PDsExceedSlight": 0.1117, "PDsExceedModerate": 0.0311, "PDsExceedExtensive": 0.0139, "FunctDay1": 95.3, "FunctDay3": 97.9, "FunctDay7": 98.5, "FunctDay14": 98.6, "FunctDay30": 98.7, "FunctDay90": 99.3, "EconLoss": 14118.978515625, "Name": "'MCEWEN ROAD'", "City": "null", "State": "null" }, "geometry": { "type": "Point", "coordinates": [ -122.177878, 38.015144 ] } },
{ "type": "Feature", "properties": { "FacilityType": "HighwayBridge", "FacilityId": "CA007020", "Anchor": "null", "FoundationType": "null", "eqBldgType": "null", "DesignLevel": "null", "SoilType": "D", "LqfSusCat": 0, "LndSusCat": 0, "WaterDepth": 5.0, "Distance": "null", "PGA": 0.29472509026527405, "PGV": 10.590834617614746, "Sa03": 0.6696973443031311, "Sa10": 0.28908199071884155, "LqfSettlPGD": 0.0, "LqfSprPGD": 0.0, "LqfProb": 0.0, "LndPGD": 0.0, "LndProb": 0.0, "SufFltRuptPGD": 29.523393630981445, "SurfFltRuptProb": 0.5, "PDsNone": 0.8882, "PDsSlight": 0.0806, "PDsModerate": 0.0172, "PDsExtensive": 0.0106, "PDsComplete": 0.0033, "PDsExceedSlight": 0.1117, "PDsExceedModerate": 0.0311, "PDsExceedExtensive": 0.0139, "FunctDay1": 95.3, "FunctDay3": 97.9, "FunctDay7": 98.5, "FunctDay14": 98.6, "FunctDay30": 98.7, "FunctDay90": 99.3, "EconLoss": 14605.83984375, "Name": "'MCEWEN ROAD'", "City": "null", "State": "null" }, "geometry": { "type": "Point", "coordinates": [ -122.177944, 38.014936 ] } },
{ "type": "Feature", "properties": { "FacilityType": "HighwayBridge", "FacilityId": "CA007021", "Anchor": "null", "FoundationType": "null", "eqBldgType": "null", "DesignLevel": "null", "SoilType": "D", "LqfSusCat": 0, "LndSusCat": 0, "WaterDepth": 5.0, "Distance": "null", "PGA": 0.29659819602966309, "PGV": 10.486924171447754, "Sa03": 0.67186164855957031, "Sa10": 0.28059494495391846, "LqfSettlPGD": 0.0, "LqfSprPGD": 0.0, "LqfProb": 0.0, "LndPGD": 0.0, "LndProb": 0.0, "SufFltRuptPGD": 29.523393630981445, "SurfFltRuptProb": 0.5, "PDsNone": 0.9736, "PDsSlight": 0.0, "PDsModerate": 0.0147, "PDsExtensive": 0.0088, "PDsComplete": 0.0026, "PDsExceedSlight": 0.0263, "PDsExceedModerate": 0.0263, "PDsExceedExtensive": 0.0115, "FunctDay1": 97.8, "FunctDay3": 98.2, "FunctDay7": 98.8, "FunctDay14": 98.9, "FunctDay30": 98.9, "FunctDay90": 99.4, "EconLoss": 18626.666015625, "Name": "'ALHAMBRA WAY'", "City": "null", "State": "null" }, "geometry": { "type": "Point", "coordinates": [ -122.126764, 37.991428 ] } },
{ "type": "Feature", "properties": { "FacilityType": "HighwayBridge", "FacilityId": "CA007022", "Anchor": "null", "FoundationType": "null", "eqBldgType": "null", "DesignLevel": "null", "SoilType": "D", "LqfSusCat": 0, "LndSusCat": 0, "WaterDepth": 5.0, "Distance": "null", "PGA": 0.29659819602966309, "PGV": 10.486924171447754, "Sa03": 0.67186164855957031, "Sa10": 0.28059494495391846, "LqfSettlPGD": 0.0, "LqfSprPGD": 0.0, "LqfProb": 0.0, "LndPGD": 0.0, "LndProb": 0.0, "SufFltRuptPGD": 29.523393630981445, "SurfFltRuptProb": 0.5, "PDsNone": 0.9736, "PDsSlight": 0.0, "PDsModerate": 0.0147, "PDsExtensive": 0.0088, "PDsComplete": 0.0026, "PDsExceedSlight": 0.0263, "PDsExceedModerate": 0.0263, "PDsExceedExtensive": 0.0115, "FunctDay1": 97.8, "FunctDay3": 98.2, "FunctDay7": 98.8, "FunctDay14": 98.9, "FunctDay30": 98.9, "FunctDay90": 99.4, "EconLoss": 16387.39453125, "Name": "'ALHAMBRA WAY'", "City": "null", "State": "null" }, "geometry": { "type": "Point", "coordinates": [ -122.126639, 37.991208 ] } },
{ "type": "Feature", "properties": { "FacilityType": "HighwayBridge", "FacilityId": "CA007023", "Anchor": "null", "FoundationType": "null", "eqBldgType": "null", "DesignLevel": "null", "SoilType": "D", "LqfSusCat": 0, "LndSusCat": 0, "WaterDepth": 5.0, "Distance": "null", "PGA": 0.28914901614189148, "PGV": 9.8484163284301758, "Sa03": 0.64303761720657349, "Sa10": 0.26246479153633118, "LqfSettlPGD": 0.0, "LqfSprPGD": 0.0, "LqfProb": 0.0, "LndPGD": 0.0, "LndProb": 0.0, "SufFltRuptPGD": 29.523393630981445, "SurfFltRuptProb": 0.5, "PDsNone": 0.9756, "PDsSlight": 0.0, "PDsModerate": 0.0137, "PDsExtensive": 0.0081, "PDsComplete": 0.0023, "PDsExceedSlight": 0.0243, "PDsExceedModerate": 0.0243, "PDsExceedExtensive": 0.0105, "FunctDay1": 97.9, "FunctDay3": 98.3, "FunctDay7": 98.9, "FunctDay14": 98.9, "FunctDay30": 99.0, "FunctDay90": 99.4, "EconLoss": 37057.859375, "Name": "'STATE ROUTE 4'", "City": "null", "State": "null" }, "geometry": { "type": "Point", "coordinates": [ -122.086633, 37.991522 ] } },
{ "type": "Feature", "properties": { "FacilityType": "HighwayBridge", "FacilityId": "CA007024", "Anchor": "null", "FoundationType": "null", "eqBldgType": "null", "DesignLevel": "null", "SoilType": "D", "LqfSusCat": 0, "LndSusCat": 0, "WaterDepth": 5.0, "Distance": "null", "PGA": 0.28914901614189148, "PGV": 9.8484163284301758, "Sa03": 0.64303761720657349, "Sa10": 0.26246479153633118, "LqfSettlPGD": 0.0, "LqfSprPGD": 0.0, "LqfProb": 0.0, "LndPGD": 0.0, "LndProb": 0.0, "SufFltRuptPGD": 29.523393630981445, "SurfFltRuptProb": 0.5, "PDsNone": 0.9683, "PDsSlight": 0.0162, "PDsModerate": 0.0085, "PDsExtensive": 0.0057, "PDsComplete": 0.0011, "PDsExceedSlight": 0.0316, "PDsExceedModerate": 0.0153, "PDsExceedExtensive": 0.0068, "FunctDay1": 98.3, "FunctDay3": 98.9, "FunctDay7": 99.2, "FunctDay14": 99.3, "FunctDay30": 99.3, "FunctDay90": 99.6, "EconLoss": 21250.748046875, "Name": "'MORELLO AVE'", "City": "null", "State": "null" }, "geometry": { "type": "Point", "coordinates": [ -122.101008, 37.992036 ] } },
{ "type": "Feature", "properties": { "FacilityType": "HighwayBridge", "FacilityId": "CA007025", "Anchor": "null", "FoundationType": "null", "eqBldgType": "null", "DesignLevel": "null", "SoilType": "D", "LqfSusCat": 0, "LndSusCat": 0, "WaterDepth": 5.0, "Distance": "null", "PGA": 0.28914901614189148, "PGV": 9.8484163284301758, "Sa03": 0.64303761720657349, "Sa10": 0.26246479153633118, "LqfSettlPGD": 0.0, "LqfSprPGD": 0.0, "LqfProb": 0.0, "LndPGD": 0.0, "LndProb": 0.0, "SufFltRuptPGD": 29.523393630981445, "SurfFltRuptProb": 0.5, "PDsNone": 0.9683, "PDsSlight": 0.0162, "PDsModerate": 0.0085, "PDsExtensive": 0.0057, "PDsComplete": 0.0011, "PDsExceedSlight": 0.0316, "PDsExceedModerate": 0.0153, "PDsExceedExtensive": 0.0068, "FunctDay1": 98.3, "FunctDay3": 98.9, "FunctDay7": 99.2, "FunctDay14": 99.3, "FunctDay30": 99.3, "FunctDay90": 99.6, "EconLoss": 17386.9765625, "Name": "'MORELLO AVE'", "City": "null", "State": "null" }, "geometry": { "type": "Point", "coordinates": [ -122.101036, 37.991753 ] } },
{ "type": "Feature", "properties": { "FacilityType": "HighwayBridge", "FacilityId": "CA007026", "Anchor": "null", "FoundationType": "null", "eqBldgType": "null", "DesignLevel": "null", "SoilType": "D", "LqfSusCat": 0, "LndSusCat": 0, "WaterDepth": 5.0, "Distance": "null", "PGA": 0.28914901614189148, "PGV": 9.8484163284301758, "Sa03": 0.64303761720657349, "Sa10": 0.26246479153633118, "LqfSettlPGD": 0.0, "LqfSprPGD": 0.0, "LqfProb": 0.0, "LndPGD": 0.0, "LndProb": 0.0, "SufFltRuptPGD": 29.523393630981445, "SurfFltRuptProb": 0.5, "PDsNone": 0.9683, "PDsSlight": 0.016, "PDsModerate": 0.0086, "PDsExtensive": 0.0057, "PDsComplete": 0.0011, "PDsExceedSlight": 0.0316, "PDsExceedModerate": 0.0156, "PDsExceedExtensive": 0.0069, "FunctDay1": 98.2, "FunctDay3": 98.9, "FunctDay7": 99.2, "FunctDay14": 99.3, "FunctDay30": 99.3, "FunctDay90": 99.6, "EconLoss": 839.7313232421875, "Name": "'E MARTINEZ DRAIN'", "City": "null", "State": "null" }, "geometry": { "type": "Point", "coordinates": [ -122.08155, 38.006747 ] } },
{ "type": "Feature", "properties": { "FacilityType": "HighwayBridge", "FacilityId": "CA007027", "Anchor": "null", "FoundationType": "null", "eqBldgType": "null", "DesignLevel": "null", "SoilType": "D", "LqfSusCat": 0, "LndSusCat": 0, "WaterDepth": 5.0, "Distance": "null", "PGA": 0.28914901614189148, "PGV": 9.8484163284301758, "Sa03": 0.64303761720657349, "Sa10": 0.26246479153633118, "LqfSettlPGD": 0.0, "LqfSprPGD": 0.0, "LqfProb": 0.0, "LndPGD": 0.0, "LndProb": 0.0, "SufFltRuptPGD": 29.523393630981445, "SurfFltRuptProb": 0.5, "PDsNone": 0.9683, "PDsSlight": 0.0187, "PDsModerate": 0.0072, "PDsExtensive": 0.0047, "PDsComplete": 0.0009, "PDsExceedSlight": 0.0316, "PDsExceedModerate": 0.0128, "PDsExceedExtensive": 0.0056, "FunctDay1": 98.4, "FunctDay3": 99.1, "FunctDay7": 99.4, "FunctDay14": 99.4, "FunctDay30": 99.4, "FunctDay90": 99.7, "EconLoss": 670.32965087890625, "Name": "'SOUTH MOCOCO DRAIN'", "City": "null", "State": "null" }, "geometry": { "type": "Point", "coordinates": [ -122.105217, 38.023147 ] } },
{ "type": "Feature", "properties": { "FacilityType": "HighwayBridge", "FacilityId": "CA007028", "Anchor": "null", "FoundationType": "null", "eqBldgType": "null", "DesignLevel": "null", "SoilType": "D", "LqfSusCat": 0, "LndSusCat": 0, "WaterDepth": 5.0, "Distance": "null", "PGA": 0.31597408652305603, "PGV": 12.950291633605957, "Sa03": 0.75980222225189209, "Sa10": 0.37026152014732361, "LqfSettlPGD": 0.0, "LqfSprPGD": 0.0, "LqfProb": 0.0, "LndPGD": 0.0, "LndProb": 0.0, "SufFltRuptPGD": 29.523393630981445, "SurfFltRuptProb": 0.5, "PDsNone": 0.9305, "PDsSlight": 0.0, "PDsModerate": 0.0346, "PDsExtensive": 0.0249, "PDsComplete": 0.0098, "PDsExceedSlight": 0.0694, "PDsExceedModerate": 0.0694, "PDsExceedExtensive": 0.0348, "FunctDay1": 94.1, "FunctDay3": 95.1, "FunctDay7": 96.4, "FunctDay14": 96.7, "FunctDay30": 96.8, "FunctDay90": 98.2, "EconLoss": 87616.5703125, "Name": "'PINE VALLEY ROAD'", "City": "null", "State": "null" }, "geometry": { "type": "Point", "coordinates": [ -121.950233, 37.736964 ] } },
{ "type": "Feature", "properties": { "FacilityType": "HighwayBridge", "FacilityId": "CA007029", "Anchor": "null", "FoundationType": "null", "eqBldgType": "null", "DesignLevel": "null", "SoilType": "D", "LqfSusCat": 0, "LndSusCat": 0, "WaterDepth": 5.0, "Distance": "null", "PGA": 0.31597408652305603, "PGV": 12.950291633605957, "Sa03": 0.75980222225189209, "Sa10": 0.37026152014732361, "LqfSettlPGD": 0.0, "LqfSprPGD": 0.0, "LqfProb": 0.0, "LndPGD": 0.0, "LndProb": 0.0, "SufFltRuptPGD": 29.523393630981445, "SurfFltRuptProb": 0.5, "PDsNone": 0.9305, "PDsSlight": 0.0, "PDsModerate": 0.0346, "PDsExtensive": 0.0249, "PDsComplete": 0.0098, "PDsExceedSlight": 0.0694, "PDsExceedModerate": 0.0694, "PDsExceedExtensive": 0.0348, "FunctDay1": 94.1, "FunctDay3": 95.1, "FunctDay7": 96.4, "FunctDay14": 96.7, "FunctDay30": 96.8, "FunctDay90": 98.2, "EconLoss": 87822.2421875, "Name": "'MONTEVIDEO DRIVE'", "City": "null", "State": "null" }, "geometry": { "type": "Point", "coordinates": [ -121.957036, 37.747242 ] } },
{ "type": "Feature", "properties": { "FacilityType": "HighwayBridge", "FacilityId": "CA007030", "Anchor": "null", "FoundationType": "null", "eqBldgType": "null", "DesignLevel": "null", "SoilType": "D", "LqfSusCat": 0, "LndSusCat": 0, "WaterDepth": 5.0, "Distance": "null", "PGA": 0.32041805982589722, "PGV": 12.237601280212402, "Sa03": 0.74365264177322388, "Sa10": 0.33581742644309998, "LqfSettlPGD": 0.0, "LqfSprPGD": 0.0, "LqfProb": 0.0, "LndPGD": 0.0, "LndProb": 0.0, "SufFltRuptPGD": 29.523393630981445, "SurfFltRuptProb": 0.5, "PDsNone": 0.8332, "PDsSlight": 0.1165, "PDsModerate": 0.0261, "PDsExtensive": 0.0176, "PDsComplete": 0.0063, "PDsExceedSlight": 0.1667, "PDsExceedModerate": 0.0501, "PDsExceedExtensive": 0.0239, "FunctDay1": 92.8, "FunctDay3": 96.5, "FunctDay7": 97.5, "FunctDay14": 97.7, "FunctDay30": 97.8, "FunctDay90": 98.7, "EconLoss": 37292.6171875, "Name": "'INTERSTATE 680'", "City": "null", "State": "null" }, "geometry": { "type": "Point", "coordinates": [ -121.983511, 37.792356 ] } },
{ "type": "Feature", "properties": { "FacilityType": "HighwayBridge", "FacilityId": "CA007031", "Anchor": "null", "FoundationType": "null", "eqBldgType": "null", "DesignLevel": "null", "SoilType": "D", "LqfSusCat": 0, "LndSusCat": 0, "WaterDepth": 5.0, "Distance": "null", "PGA": 0.31597408652305603, "PGV": 12.950291633605957, "Sa03": 0.75980222225189209, "Sa10": 0.37026152014732361, "LqfSettlPGD": 0.0, "LqfSprPGD": 0.0, "LqfProb": 0.0, "LndPGD": 0.0, "LndProb": 0.0, "SufFltRuptPGD": 29.523393630981445, "SurfFltRuptProb": 0.5, "PDsNone": 0.9288, "PDsSlight": 0.0, "PDsModerate": 0.0353, "PDsExtensive": 0.0255, "PDsComplete": 0.0101, "PDsExceedSlight": 0.0711, "PDsExceedModerate": 0.0711, "PDsExceedExtensive": 0.0357, "FunctDay1": 94.0, "FunctDay3": 95.0, "FunctDay7": 96.3, "FunctDay14": 96.6, "FunctDay30": 96.8, "FunctDay90": 98.1, "EconLoss": 119747.9296875, "Name": "'INTERSTATE 680'", "City": "null", "State": "null" }, "geometry": { "type": "Point", "coordinates": [ -121.965739, 37.759803 ] } },
{ "type": "Feature", "properties": { "FacilityType": "HighwayBridge", "FacilityId": "CA007032", "Anchor": "null", "FoundationType": "null", "eqBldgType": "null", "DesignLevel": "null", "SoilType": "D", "LqfSusCat": 0, "LndSusCat": 0, "WaterDepth": 5.0, "Distance": "null", "PGA": 0.28016680479049683, "PGV": 10.005664825439453, "Sa03": 0.62862586975097656, "Sa10": 0.27086547017097473, "LqfSettlPGD": 0.0, "LqfSprPGD": 0.0, "LqfProb": 0.0, "LndPGD": 0.0, "LndProb": 0.0, "SufFltRuptPGD": 29.523393630981445, "SurfFltRuptProb": 0.5, "PDsNone": 0.9644, "PDsSlight": 0.0156, "PDsModerate": 0.0107, "PDsExtensive": 0.0074, "PDsComplete": 0.0016, "PDsExceedSlight": 0.0355, "PDsExceedModerate": 0.0198, "PDsExceedExtensive": 0.0091, "FunctDay1": 97.9, "FunctDay3": 98.6, "FunctDay7": 99.0, "FunctDay14": 99.1, "FunctDay30": 99.1, "FunctDay90": 99.5, "EconLoss": 9165.3515625, "Name": "'BARTD'", "City": "null", "State": "null" }, "geometry": { "type": "Point", "coordinates": [ -122.324514, 37.931072 ] } },
{ "type": "Feature", "properties": { "FacilityType": "HighwayBridge", "FacilityId": "CA007033", "Anchor": "null", "FoundationType": "null", "eqBldgType": "null", "DesignLevel": "null", "SoilType": "D", "LqfSusCat": 0, "LndSusCat": 0, "WaterDepth": 5.0, "Distance": "null", "PGA": 0.32553109526634216, "PGV": 12.258646011352539, "Sa03": 0.75154876708984375, "Sa10": 0.33662161231040955, "LqfSettlPGD": 0.0, "LqfSprPGD": 0.0, "LqfProb": 0.0, "LndPGD": 0.0, "LndProb": 0.0, "SufFltRuptPGD": 29.523393630981445, "SurfFltRuptProb": 0.5, "PDsNone": 0.9254, "PDsSlight": 0.0389, "PDsModerate": 0.018, "PDsExtensive": 0.0139, "PDsComplete": 0.0035, "PDsExceedSlight": 0.0745, "PDsExceedModerate": 0.0355, "PDsExceedExtensive": 0.0175, "FunctDay1": 96.0, "FunctDay3": 97.5, "FunctDay7": 98.2, "FunctDay14": 98.3, "FunctDay30": 98.4, "FunctDay90": 99.1, "EconLoss": 13749.97265625, "Name": "'FIRST STREET'", "City": "null", "State": "null" }, "geometry": { "type": "Point", "coordinates": [ -122.116878, 37.895006 ] } },
{ "type": "Feature", "properties": { "FacilityType": "HighwayBridge", "FacilityId": "CA007034", "Anchor": "null", "FoundationType": "null", "eqBldgType": "null", "DesignLevel": "null", "SoilType": "D", "LqfSusCat": 0, "LndSusCat": 0, "WaterDepth": 5.0, "Distance": "null", "PGA": 0.32553109526634216, "PGV": 12.258646011352539, "Sa03": 0.75154876708984375, "Sa10": 0.33662161231040955, "LqfSettlPGD": 0.0, "LqfSprPGD": 0.0, "LqfProb": 0.0, "LndPGD": 0.0, "LndProb": 0.0, "SufFltRuptPGD": 29.523393630981445, "SurfFltRuptProb": 0.5, "PDsNone": 0.9254, "PDsSlight": 0.0391, "PDsModerate": 0.018, "PDsExtensive": 0.0138, "PDsComplete": 0.0035, "PDsExceedSlight": 0.0745, "PDsExceedModerate": 0.0354, "PDsExceedExtensive": 0.0174, "FunctDay1": 96.0, "FunctDay3": 97.5, "FunctDay7": 98.2, "FunctDay14": 98.3, "FunctDay30": 98.4, "FunctDay90": 99.1, "EconLoss": 37331.7734375, "Name": "'FIRST STREET'", "City": "null", "State": "null" }, "geometry": { "type": "Point", "coordinates": [ -122.116856, 37.894775 ] } },
{ "type": "Feature", "properties": { "FacilityType": "HighwayBridge", "FacilityId": "CA007035", "Anchor": "null", "FoundationType": "null", "eqBldgType": "null", "DesignLevel": "null", "SoilType": "D", "LqfSusCat": 0, "LndSusCat": 0, "WaterDepth": 5.0, "Distance": "null", "PGA": 0.32553109526634216, "PGV": 12.258646011352539, "Sa03": 0.75154876708984375, "Sa10": 0.33662161231040955, "LqfSettlPGD": 0.0, "LqfSprPGD": 0.0, "LqfProb": 0.0, "LndPGD": 0.0, "LndProb": 0.0, "SufFltRuptPGD": 29.523393630981445, "SurfFltRuptProb": 0.5, "PDsNone": 0.9254, "PDsSlight": 0.0391, "PDsModerate": 0.018, "PDsExtensive": 0.0138, "PDsComplete": 0.0035, "PDsExceedSlight": 0.0745, "PDsExceedModerate": 0.0354, "PDsExceedExtensive": 0.0174, "FunctDay1": 96.0, "FunctDay3": 97.5, "FunctDay7": 98.2, "FunctDay14": 98.3, "FunctDay30": 98.4, "FunctDay90": 99.1, "EconLoss": 35776.28515625, "Name": "'FIRST STREET'", "City": "null", "State": "null" }, "geometry": { "type": "Point", "coordinates": [ -122.116814, 37.894367 ] } },
{ "type": "Feature", "properties": { "FacilityType": "HighwayBridge", "FacilityId": "CA007036", "Anchor": "null", "FoundationType": "null", "eqBldgType": "null", "DesignLevel": "null", "SoilType": "D", "LqfSusCat": 0, "LndSusCat": 0, "WaterDepth": 5.0, "Distance": "null", "PGA": 0.32553109526634216, "PGV": 12.258646011352539, "Sa03": 0.75154876708984375, "Sa10": 0.33662161231040955, "LqfSettlPGD": 0.0, "LqfSprPGD": 0.0, "LqfProb": 0.0, "LndPGD": 0.0, "LndProb": 0.0, "SufFltRuptPGD": 29.523393630981445, "SurfFltRuptProb": 0.5, "PDsNone": 0.9254, "PDsSlight": 0.0374, "PDsModerate": 0.0187, "PDsExtensive": 0.0145, "PDsComplete": 0.0037, "PDsExceedSlight": 0.0745, "PDsExceedModerate": 0.037, "PDsExceedExtensive": 0.0183, "FunctDay1": 95.9, "FunctDay3": 97.4, "FunctDay7": 98.1, "FunctDay14": 98.2, "FunctDay30": 98.3, "FunctDay90": 99.1, "EconLoss": 28368.099609375, "Name": "'LAFAYETTE STA PUC(BARTD)'", "City": "null", "State": "null" }, "geometry": { "type": "Point", "coordinates": [ -122.1248, 37.893264 ] } },
{ "type": "Feature", "properties": { "FacilityType": "HighwayBridge", "FacilityId": "CA007037", "Anchor": "null", "FoundationType": "null", "eqBldgType": "null", "DesignLevel": "null", "SoilType": "D", "LqfSusCat": 0, "LndSusCat": 0, "WaterDepth": 5.0, "Distance": "null", "PGA": 0.32553109526634216, "PGV": 12.258646011352539, "Sa03": 0.75154876708984375, "Sa10": 0.33662161231040955, "LqfSettlPGD": 0.0, "LqfSprPGD": 0.0, "LqfProb": 0.0, "LndPGD": 0.0, "LndProb": 0.0, "SufFltRuptPGD": 29.523393630981445, "SurfFltRuptProb": 0.5, "PDsNone": 0.9254, "PDsSlight": 0.0395, "PDsModerate": 0.0178, "PDsExtensive": 0.0136, "PDsComplete": 0.0035, "PDsExceedSlight": 0.0745, "PDsExceedModerate": 0.035, "PDsExceedExtensive": 0.0172, "FunctDay1": 96.0, "FunctDay3": 97.5, "FunctDay7": 98.2, "FunctDay14": 98.3, "FunctDay30": 98.4, "FunctDay90": 99.1, "EconLoss": 8810.2412109375, "Name": "'LAFAYETTE STA PUC(BARTD)'", "City": "null", "State": "null" }, "geometry": { "type": "Point", "coordinates": [ -122.124669, 37.893103 ] } },
{ "type": "Feature", "properties": { "FacilityType": "HighwayBridge", "FacilityId": "CA007038", "Anchor": "null", "FoundationType": "null", "eqBldgType": "null", "DesignLevel": "null", "SoilType": "D", "LqfSusCat": 0, "LndSusCat": 0, "WaterDepth": 5.0, "Distance": "null", "PGA": 0.29944267868995667, "PGV": 12.994046211242676, "Sa03": 0.73564881086349487, "Sa10": 0.36676627397537231, "LqfSettlPGD": 0.0, "LqfSprPGD": 0.0, "LqfProb": 0.0, "LndPGD": 0.0, "LndProb": 0.0, "SufFltRuptPGD": 29.523393630981445, "SurfFltRuptProb": 0.5, "PDsNone": 0.9326, "PDsSlight": 0.0, "PDsModerate": 0.0337, "PDsExtensive": 0.0241, "PDsComplete": 0.0094, "PDsExceedSlight": 0.0673, "PDsExceedModerate": 0.0673, "PDsExceedExtensive": 0.0335, "FunctDay1": 94.3, "FunctDay3": 95.3, "FunctDay7": 96.6, "FunctDay14": 96.8, "FunctDay30": 97.0, "FunctDay90": 98.2, "EconLoss": 218171.390625, "Name": "'INTERSTATE 580'", "City": "null", "State": "null" }, "geometry": { "type": "Point", "coordinates": [ -122.314397, 37.899875 ] } },
{ "type": "Feature", "properties": { "FacilityType": "HighwayBridge", "FacilityId": "CA007039", "Anchor": "null", "FoundationType": "null", "eqBldgType": "null", "DesignLevel": "null", "SoilType": "D", "LqfSusCat": 0, "LndSusCat": 0, "WaterDepth": 5.0, "Distance": "null", "PGA": 0.29944267868995667, "PGV": 12.994046211242676, "Sa03": 0.73564881086349487, "Sa10": 0.36676627397537231, "LqfSettlPGD": 0.0, "LqfSprPGD": 0.0, "LqfProb": 0.0, "LndPGD": 0.0, "LndProb": 0.0, "SufFltRuptPGD": 29.523393630981445, "SurfFltRuptProb": 0.5, "PDsNone": 0.9326, "PDsSlight": 0.0, "PDsModerate": 0.0337, "PDsExtensive": 0.0241, "PDsComplete": 0.0094, "PDsExceedSlight": 0.0673, "PDsExceedModerate": 0.0673, "PDsExceedExtensive": 0.0335, "FunctDay1": 94.3, "FunctDay3": 95.3, "FunctDay7": 96.6, "FunctDay14": 96.8, "FunctDay30": 97.0, "FunctDay90": 98.2, "EconLoss": 36483.4453125, "Name": "'CENTRAL AVE'", "City": "null", "State": "null" }, "geometry": { "type": "Point", "coordinates": [ -122.312089, 37.898028 ] } },
{ "type": "Feature", "properties": { "FacilityType": "HighwayBridge", "FacilityId": "CA007040", "Anchor": "null", "FoundationType": "null", "eqBldgType": "null", "DesignLevel": "null", "SoilType": "D", "LqfSusCat": 0, "LndSusCat": 0, "WaterDepth": 5.0, "Distance": "null", "PGA": 0.29944267868995667, "PGV": 12.994046211242676, "Sa03": 0.73564881086349487, "Sa10": 0.36676627397537231, "LqfSettlPGD": 0.0, "LqfSprPGD": 0.0, "LqfProb": 0.0, "LndPGD": 0.0, "LndProb": 0.0, "SufFltRuptPGD": 29.523393630981445, "SurfFltRuptProb": 0.5, "PDsNone": 0.9326, "PDsSlight": 0.0, "PDsModerate": 0.0337, "PDsExtensive": 0.0241, "PDsComplete": 0.0094, "PDsExceedSlight": 0.0673, "PDsExceedModerate": 0.0673, "PDsExceedExtensive": 0.0335, "FunctDay1": 94.3, "FunctDay3": 95.3, "FunctDay7": 96.6, "FunctDay14": 96.8, "FunctDay30": 97.0, "FunctDay90": 98.2, "EconLoss": 44991.15234375, "Name": "'CENTRAL AVE'", "City": "null", "State": "null" }, "geometry": { "type": "Point", "coordinates": [ -122.312833, 37.899008 ] } },
{ "type": "Feature", "properties": { "FacilityType": "HighwayBridge", "FacilityId": "CA007041", "Anchor": "null", "FoundationType": "null", "eqBldgType": "null", "DesignLevel": "null", "SoilType": "D", "LqfSusCat": 0, "LndSusCat": 0, "WaterDepth": 5.0, "Distance": "null", "PGA": 0.29944267868995667, "PGV": 12.994046211242676, "Sa03": 0.73564881086349487, "Sa10": 0.36676627397537231, "LqfSettlPGD": 0.0, "LqfSprPGD": 0.0, "LqfProb": 0.0, "LndPGD": 0.0, "LndProb": 0.0, "SufFltRuptPGD": 29.523393630981445, "SurfFltRuptProb": 0.5, "PDsNone": 0.9326, "PDsSlight": 0.0, "PDsModerate": 0.0337, "PDsExtensive": 0.0241, "PDsComplete": 0.0094, "PDsExceedSlight": 0.0673, "PDsExceedModerate": 0.0673, "PDsExceedExtensive": 0.0335, "FunctDay1": 94.3, "FunctDay3": 95.3, "FunctDay7": 96.6, "FunctDay14": 96.8, "FunctDay30": 97.0, "FunctDay90": 98.2, "EconLoss": 52364.34765625, "Name": "'CENTRAL AVE'", "City": "null", "State": "null" }, "geometry": { "type": "Point", "coordinates": [ -122.313836, 37.900244 ] } },
{ "type": "Feature", "properties": { "FacilityType": "HighwayBridge", "FacilityId": "CA007042", "Anchor": "null", "FoundationType": "null", "eqBldgType": "null", "DesignLevel": "null", "SoilType": "D", "LqfSusCat": 0, "LndSusCat": 0, "WaterDepth": 5.0, "Distance": "null", "PGA": 0.29944267868995667, "PGV": 12.994046211242676, "Sa03": 0.73564881086349487, "Sa10": 0.36676627397537231, "LqfSettlPGD": 0.0, "LqfSprPGD": 0.0, "LqfProb": 0.0, "LndPGD": 0.0, "LndProb": 0.0, "SufFltRuptPGD": 29.523393630981445, "SurfFltRuptProb": 0.5, "PDsNone": 0.9326, "PDsSlight": 0.0, "PDsModerate": 0.0337, "PDsExtensive": 0.0241, "PDsComplete": 0.0094, "PDsExceedSlight": 0.0673, "PDsExceedModerate": 0.0673, "PDsExceedExtensive": 0.0335, "FunctDay1": 94.3, "FunctDay3": 95.3, "FunctDay7": 96.6, "FunctDay14": 96.8, "FunctDay30": 97.0, "FunctDay90": 98.2, "EconLoss": 25244.56640625, "Name": "'CENTRAL AVE'", "City": "null", "State": "null" }, "geometry": { "type": "Point", "coordinates": [ -122.314508, 37.901078 ] } },
{ "type": "Feature", "properties": { "FacilityType": "HighwayBridge", "FacilityId": "CA007043", "Anchor": "null", "FoundationType": "null", "eqBldgType": "null", "DesignLevel": "null", "SoilType": "D", "LqfSusCat": 0, "LndSusCat": 0, "WaterDepth": 5.0, "Distance": "null", "PGA": 0.29659819602966309, "PGV": 10.486924171447754, "Sa03": 0.67186164855957031, "Sa10": 0.28059494495391846, "LqfSettlPGD": 0.0, "LqfSprPGD": 0.0, "LqfProb": 0.0, "LndPGD": 0.0, "LndProb": 0.0, "SufFltRuptPGD": 29.523393630981445, "SurfFltRuptProb": 0.5, "PDsNone": 0.9596, "PDsSlight": 0.0233, "PDsModerate": 0.0093, "PDsExtensive": 0.0063, "PDsComplete": 0.0013, "PDsExceedSlight": 0.0403, "PDsExceedModerate": 0.017, "PDsExceedExtensive": 0.0077, "FunctDay1": 97.9, "FunctDay3": 98.8, "FunctDay7": 99.2, "FunctDay14": 99.2, "FunctDay30": 99.3, "FunctDay90": 99.6, "EconLoss": 1129.7960205078125, "Name": "'FRANKLIN EQUIP & PIPE UC'", "City": "null", "State": "null" }, "geometry": { "type": "Point", "coordinates": [ -122.146647, 37.998964 ] } },
{ "type": "Feature", "properties": { "FacilityType": "HighwayBridge", "FacilityId": "CA007044", "Anchor": "null", "FoundationType": "null", "eqBldgType": "null", "DesignLevel": "null", "SoilType": "D", "LqfSusCat": 0, "LndSusCat": 0, "WaterDepth": 5.0, "Distance": "null", "PGA": 0.28971868753433228, "PGV": 10.825994491577148, "Sa03": 0.68194842338562012, "Sa10": 0.28876844048500061, "LqfSettlPGD": 0.0, "LqfSprPGD": 0.0, "LqfProb": 0.0, "LndPGD": 0.0, "LndProb": 0.0, "SufFltRuptPGD": 29.523393630981445, "SurfFltRuptProb": 0.5, "PDsNone": 0.9502, "PDsSlight": 0.0, "PDsModerate": 0.0259, "PDsExtensive": 0.0175, "PDsComplete": 0.0062, "PDsExceedSlight": 0.0497, "PDsExceedModerate": 0.0497, "PDsExceedExtensive": 0.0237, "FunctDay1": 95.8, "FunctDay3": 96.5, "FunctDay7": 97.5, "FunctDay14": 97.7, "FunctDay30": 97.8, "FunctDay90": 98.7, "EconLoss": 178468.828125, "Name": "'USN RR & KINNE BLVD'", "City": "null", "State": "null" }, "geometry": { "type": "Point", "coordinates": [ -122.012931, 38.011339 ] } },
{ "type": "Feature", "properties": { "FacilityType": "HighwayBridge", "FacilityId": "CA007045", "Anchor": "null", "FoundationType": "null", "eqBldgType": "null", "DesignLevel": "null", "SoilType": "D", "LqfSusCat": 0, "LndSusCat": 0, "WaterDepth": 5.0, "Distance": "null", "PGA": 0.28971868753433228, "PGV": 10.825994491577148, "Sa03": 0.68194842338562012, "Sa10": 0.28876844048500061, "LqfSettlPGD": 0.0, "LqfSprPGD": 0.0, "LqfProb": 0.0, "LndPGD": 0.0, "LndProb": 0.0, "SufFltRuptPGD": 29.523393630981445, "SurfFltRuptProb": 0.5, "PDsNone": 0.9502, "PDsSlight": 0.0, "PDsModerate": 0.0259, "PDsExtensive": 0.0175, "PDsComplete": 0.0062, "PDsExceedSlight": 0.0497, "PDsExceedModerate": 0.0497, "PDsExceedExtensive": 0.0237, "FunctDay1": 95.8, "FunctDay3": 96.5, "FunctDay7": 97.5, "FunctDay14": 97.7, "FunctDay30": 97.8, "FunctDay90": 98.7, "EconLoss": 178468.828125, "Name": "'USN RR & KINNE BLVD'", "City": "null", "State": "null" }, "geometry": { "type": "Point", "coordinates": [ -122.012331, 38.010986 ] } },
{ "type": "Feature", "properties": { "FacilityType": "HighwayBridge", "FacilityId": "CA007046", "Anchor": "null", "FoundationType": "null", "eqBldgType": "null", "DesignLevel": "null", "SoilType": "D", "LqfSusCat": 0, "LndSusCat": 0, "WaterDepth": 5.0, "Distance": "null", "PGA": 0.30504786968231201, "PGV": 12.021832466125488, "Sa03": 0.72809457778930664, "Sa10": 0.32921820878982544, "LqfSettlPGD": 0.0, "LqfSprPGD": 0.0, "LqfProb": 0.0, "LndPGD": 0.0, "LndProb": 0.0, "SufFltRuptPGD": 29.523393630981445, "SurfFltRuptProb": 0.5, "PDsNone": 0.9531, "PDsSlight": 0.0, "PDsModerate": 0.0246, "PDsExtensive": 0.0164, "PDsComplete": 0.0057, "PDsExceedSlight": 0.0468, "PDsExceedModerate": 0.0468, "PDsExceedExtensive": 0.0221, "FunctDay1": 96.0, "FunctDay3": 96.8, "FunctDay7": 97.7, "FunctDay14": 97.9, "FunctDay30": 98.0, "FunctDay90": 98.8, "EconLoss": 47103.98046875, "Name": "'WALNUT CREEK'", "City": "null", "State": "null" }, "geometry": { "type": "Point", "coordinates": [ -122.057719, 37.999806 ] } },
{ "type": "Feature", "properties": { "FacilityType": "HighwayBridge", "FacilityId": "CA007047", "Anchor": "null", "FoundationType": "null", "eqBldgType": "null", "DesignLevel": "null", "SoilType": "D", "LqfSusCat": 0, "LndSusCat": 0, "WaterDepth": 5.0, "Distance": "null", "PGA": 0.30504786968231201, "PGV": 12.021832466125488, "Sa03": 0.72809457778930664, "Sa10": 0.32921820878982544, "LqfSettlPGD": 0.0, "LqfSprPGD": 0.0, "LqfProb": 0.0, "LndPGD": 0.0, "LndProb": 0.0, "SufFltRuptPGD": 29.523393630981445, "SurfFltRuptProb": 0.5, "PDsNone": 0.9531, "PDsSlight": 0.0, "PDsModerate": 0.0246, "PDsExtensive": 0.0164, "PDsComplete": 0.0057, "PDsExceedSlight": 0.0468, "PDsExceedModerate": 0.0468, "PDsExceedExtensive": 0.0221, "FunctDay1": 96.0, "FunctDay3": 96.8, "FunctDay7": 97.7, "FunctDay14": 97.9, "FunctDay30": 98.0, "FunctDay90": 98.8, "EconLoss": 46450.765625, "Name": "'WALNUT CREEK'", "City": "null", "State": "null" }, "geometry": { "type": "Point", "coordinates": [ -122.057539, 37.999556 ] } },
{ "type": "Feature", "properties": { "FacilityType": "HighwayBridge", "FacilityId": "CA007048", "Anchor": "null", "FoundationType": "null", "eqBldgType": "null", "DesignLevel": "null", "SoilType": "D", "LqfSusCat": 0, "LndSusCat": 0, "WaterDepth": 5.0, "Distance": "null", "PGA": 0.30504786968231201, "PGV": 12.021832466125488, "Sa03": 0.72809457778930664, "Sa10": 0.32921820878982544, "LqfSettlPGD": 0.0, "LqfSprPGD": 0.0, "LqfProb": 0.0, "LndPGD": 0.0, "LndProb": 0.0, "SufFltRuptPGD": 29.523393630981445, "SurfFltRuptProb": 0.5, "PDsNone": 0.9528, "PDsSlight": 0.0, "PDsModerate": 0.0248, "PDsExtensive": 0.0165, "PDsComplete": 0.0057, "PDsExceedSlight": 0.0471, "PDsExceedModerate": 0.0471, "PDsExceedExtensive": 0.0223, "FunctDay1": 96.0, "FunctDay3": 96.7, "FunctDay7": 97.7, "FunctDay14": 97.8, "FunctDay30": 98.0, "FunctDay90": 98.8, "EconLoss": 56458.04296875, "Name": "'SOLANO WAY'", "City": "null", "State": "null" }, "geometry": { "type": "Point", "coordinates": [ -122.053472, 38.001008 ] } },
{ "type": "Feature", "properties": { "FacilityType": "HighwayBridge", "FacilityId": "CA007049", "Anchor": "null", "FoundationType": "null", "eqBldgType": "null", "DesignLevel": "null", "SoilType": "D", "LqfSusCat": 0, "LndSusCat": 0, "WaterDepth": 5.0, "Distance": "null", "PGA": 0.30504786968231201, "PGV": 12.021832466125488, "Sa03": 0.72809457778930664, "Sa10": 0.32921820878982544, "LqfSettlPGD": 0.0, "LqfSprPGD": 0.0, "LqfProb": 0.0, "LndPGD": 0.0, "LndProb": 0.0, "SufFltRuptPGD": 29.523393630981445, "SurfFltRuptProb": 0.5, "PDsNone": 0.9531, "PDsSlight": 0.0, "PDsModerate": 0.0246, "PDsExtensive": 0.0164, "PDsComplete": 0.0057, "PDsExceedSlight": 0.0468, "PDsExceedModerate": 0.0468, "PDsExceedExtensive": 0.0221, "FunctDay1": 96.0, "FunctDay3": 96.8, "FunctDay7": 97.7, "FunctDay14": 97.9, "FunctDay30": 98.0, "FunctDay90": 98.8, "EconLoss": 60134.62109375, "Name": "'SOLANO WAY'", "City": "null", "State": "null" }, "geometry": { "type": "Point", "coordinates": [ -122.053378, 38.000664 ] } },
{ "type": "Feature", "properties": { "FacilityType": "HighwayBridge", "FacilityId": "CA007050", "Anchor": "null", "FoundationType": "null", "eqBldgType": "null", "DesignLevel": "null", "SoilType": "D", "LqfSusCat": 0, "LndSusCat": 0, "WaterDepth": 5.0, "Distance": "null", "PGA": 0.30504786968231201, "PGV": 12.021832466125488, "Sa03": 0.72809457778930664, "Sa10": 0.32921820878982544, "LqfSettlPGD": 0.0, "LqfSprPGD": 0.0, "LqfProb": 0.0, "LndPGD": 0.0, "LndProb": 0.0, "SufFltRuptPGD": 29.523393630981445, "SurfFltRuptProb": 0.5, "PDsNone": 0.9305, "PDsSlight": 0.0374, "PDsModerate": 0.0164, "PDsExtensive": 0.0124, "PDsComplete": 0.0031, "PDsExceedSlight": 0.0694, "PDsExceedModerate": 0.032, "PDsExceedExtensive": 0.0155, "FunctDay1": 96.3, "FunctDay3": 97.7, "FunctDay7": 98.4, "FunctDay14": 98.5, "FunctDay30": 98.6, "FunctDay90": 99.2, "EconLoss": 41327.42578125, "Name": "'PERALTA ROAD'", "City": "null", "State": "null" }, "geometry": { "type": "Point", "coordinates": [ -122.047942, 38.002381 ] } },
{ "type": "Feature", "properties": { "FacilityType": "HighwayBridge", "FacilityId": "CA007051", "Anchor": "null", "FoundationType": "null", "eqBldgType": "null", "DesignLevel": "null", "SoilType": "D", "LqfSusCat": 0, "LndSusCat": 0, "WaterDepth": 5.0, "Distance": "null", "PGA": 0.30504786968231201, "PGV": 12.021832466125488, "Sa03": 0.72809457778930664, "Sa10": 0.32921820878982544, "LqfSettlPGD": 0.0, "LqfSprPGD": 0.0, "LqfProb": 0.0, "LndPGD": 0.0, "LndProb": 0.0, "SufFltRuptPGD": 29.523393630981445, "SurfFltRuptProb": 0.5, "PDsNone": 0.9305, "PDsSlight": 0.0343, "PDsModerate": 0.0178, "PDsExtensive": 0.0137, "PDsComplete": 0.0035, "PDsExceedSlight": 0.0694, "PDsExceedModerate": 0.0351, "PDsExceedExtensive": 0.0172, "FunctDay1": 96.1, "FunctDay3": 97.5, "FunctDay7": 98.2, "FunctDay14": 98.3, "FunctDay30": 98.4, "FunctDay90": 99.1, "EconLoss": 56827.65234375, "Name": "'PERALTA ROAD'", "City": "null", "State": "null" }, "geometry": { "type": "Point", "coordinates": [ -122.047936, 38.002019 ] } },
{ "type": "Feature", "properties": { "FacilityType": "HighwayBridge", "FacilityId": "CA007052", "Anchor": "null", "FoundationType": "null", "eqBldgType": "null", "DesignLevel": "null", "SoilType": "D", "LqfSusCat": 0, "LndSusCat": 0, "WaterDepth": 5.0, "Distance": "null", "PGA": 0.30504786968231201, "PGV": 12.021832466125488, "Sa03": 0.72809457778930664, "Sa10": 0.32921820878982544, "LqfSettlPGD": 0.0, "LqfSprPGD": 0.0, "LqfProb": 0.0, "LndPGD": 0.0, "LndProb": 0.0, "SufFltRuptPGD": 29.523393630981445, "SurfFltRuptProb": 0.5, "PDsNone": 0.831, "PDsSlight": 0.0, "PDsModerate": 0.0709, "PDsExtensive": 0.0628, "PDsComplete": 0.0351, "PDsExceedSlight": 0.1689, "PDsExceedModerate": 0.1689, "PDsExceedExtensive": 0.098, "FunctDay1": 85.4, "FunctDay3": 87.5, "FunctDay7": 90.2, "FunctDay14": 90.7, "FunctDay30": 91.2, "FunctDay90": 94.5, "EconLoss": 457758.625, "Name": "'W4-S242 CONNECTOR RAMP'", "City": "null", "State": "null" }, "geometry": { "type": "Point", "coordinates": [ -122.036561, 38.005819 ] } },
{ "type": "Feature", "properties": { "FacilityType": "HighwayBridge", "FacilityId": "CA007053", "Anchor": "null", "FoundationType": "null", "eqBldgType": "null", "DesignLevel": "null", "SoilType": "D", "LqfSusCat": 0, "LndSusCat": 0, "WaterDepth": 5.0, "Distance": "null", "PGA": 0.30504786968231201, "PGV": 12.021832466125488, "Sa03": 0.72809457778930664, "Sa10": 0.32921820878982544, "LqfSettlPGD": 0.0, "LqfSprPGD": 0.0, "LqfProb": 0.0, "LndPGD": 0.0, "LndProb": 0.0, "SufFltRuptPGD": 29.523393630981445, "SurfFltRuptProb": 0.5, "PDsNone": 0.8522, "PDsSlight": 0.0, "PDsModerate": 0.064, "PDsExtensive": 0.0548, "PDsComplete": 0.0288, "PDsExceedSlight": 0.1477, "PDsExceedModerate": 0.1477, "PDsExceedExtensive": 0.0837, "FunctDay1": 87.3, "FunctDay3": 89.1, "FunctDay7": 91.6, "FunctDay14": 92.0, "FunctDay30": 92.4, "FunctDay90": 95.4, "EconLoss": 338640.125, "Name": "'W4-S242 CONNECTOR RAMP'", "City": "null", "State": "null" }, "geometry": { "type": "Point", "coordinates": [ -122.0369, 38.005342 ] } },
{ "type": "Feature", "properties": { "FacilityType": "HighwayBridge", "FacilityId": "CA007054", "Anchor": "null", "FoundationType": "null", "eqBldgType": "null", "DesignLevel": "null", "SoilType": "D", "LqfSusCat": 0, "LndSusCat": 0, "WaterDepth": 5.0, "Distance": "null", "PGA": 0.30504786968231201, "PGV": 12.021832466125488, "Sa03": 0.72809457778930664, "Sa10": 0.32921820878982544, "LqfSettlPGD": 0.0, "LqfSprPGD": 0.0, "LqfProb": 0.0, "LndPGD": 0.0, "LndProb": 0.0, "SufFltRuptPGD": 29.523393630981445, "SurfFltRuptProb": 0.5, "PDsNone": 0.9317, "PDsSlight": 0.0, "PDsModerate": 0.0341, "PDsExtensive": 0.0244, "PDsComplete": 0.0096, "PDsExceedSlight": 0.0682, "PDsExceedModerate": 0.0682, "PDsExceedExtensive": 0.0341, "FunctDay1": 94.2, "FunctDay3": 95.2, "FunctDay7": 96.5, "FunctDay14": 96.7, "FunctDay30": 96.9, "FunctDay90": 98.2, "EconLoss": 106214.625, "Name": "'W4-S242 & N242-E4 CONNS'", "City": "null", "State": "null" }, "geometry": { "type": "Point", "coordinates": [ -122.036956, 38.005178 ] } },
{ "type": "Feature", "properties": { "FacilityType": "HighwayBridge", "FacilityId": "CA007055", "Anchor": "null", "FoundationType": "null", "eqBldgType": "null", "DesignLevel": "null", "SoilType": "D", "LqfSusCat": 0, "LndSusCat": 0, "WaterDepth": 5.0, "Distance": "null", "PGA": 0.28971868753433228, "PGV": 10.825994491577148, "Sa03": 0.68194842338562012, "Sa10": 0.28876844048500061, "LqfSettlPGD": 0.0, "LqfSprPGD": 0.0, "LqfProb": 0.0, "LndPGD": 0.0, "LndProb": 0.0, "SufFltRuptPGD": 29.523393630981445, "SurfFltRuptProb": 0.5, "PDsNone": 0.8198, "PDsSlight": 0.1353, "PDsModerate": 0.0318, "PDsExtensive": 0.0113, "PDsComplete": 0.0015, "PDsExceedSlight": 0.1801, "PDsExceedModerate": 0.0447, "PDsExceedExtensive": 0.0129, "FunctDay1": 93.0, "FunctDay3": 97.3, "FunctDay7": 98.6, "FunctDay14": 98.7, "FunctDay30": 98.8, "FunctDay90": 99.4, "EconLoss": 92780.2734375, "Name": "'PORT CHICAGO HWY'", "City": "null", "State": "null" }, "geometry": { "type": "Point", "coordinates": [ -122.023183, 38.009764 ] } },
{ "type": "Feature", "properties": { "FacilityType": "HighwayBridge", "FacilityId": "CA007056", "Anchor": "null", "FoundationType": "null", "eqBldgType": "null", "DesignLevel": "null", "SoilType": "D", "LqfSusCat": 0, "LndSusCat": 0, "WaterDepth": 5.0, "Distance": "null", "PGA": 0.28971868753433228, "PGV": 10.825994491577148, "Sa03": 0.68194842338562012, "Sa10": 0.28876844048500061, "LqfSettlPGD": 0.0, "LqfSprPGD": 0.0, "LqfProb": 0.0, "LndPGD": 0.0, "LndProb": 0.0, "SufFltRuptPGD": 29.523393630981445, "SurfFltRuptProb": 0.5, "PDsNone": 0.9552, "PDsSlight": 0.0254, "PDsModerate": 0.0104, "PDsExtensive": 0.0072, "PDsComplete": 0.0015, "PDsExceedSlight": 0.0447, "PDsExceedModerate": 0.0192, "PDsExceedExtensive": 0.0088, "FunctDay1": 97.7, "FunctDay3": 98.6, "FunctDay7": 99.0, "FunctDay14": 99.1, "FunctDay30": 99.2, "FunctDay90": 99.5, "EconLoss": 60096.66796875, "Name": "'PORT CHICAGO HWY'", "City": "null", "State": "null" }, "geometry": { "type": "Point", "coordinates": [ -122.022967, 38.009189 ] } },
{ "type": "Feature", "properties": { "FacilityType": "HighwayBridge", "FacilityId": "CA007057", "Anchor": "null", "FoundationType": "null", "eqBldgType": "null", "DesignLevel": "null", "SoilType": "D", "LqfSusCat": 0, "LndSusCat": 0, "WaterDepth": 5.0, "Distance": "null", "PGA": 0.28971868753433228, "PGV": 10.825994491577148, "Sa03": 0.68194842338562012, "Sa10": 0.28876844048500061, "LqfSettlPGD": 0.0, "LqfSprPGD": 0.0, "LqfProb": 0.0, "LndPGD": 0.0, "LndProb": 0.0, "SufFltRuptPGD": 29.523393630981445, "SurfFltRuptProb": 0.5, "PDsNone": 0.9552, "PDsSlight": 0.0255, "PDsModerate": 0.0104, "PDsExtensive": 0.0072, "PDsComplete": 0.0015, "PDsExceedSlight": 0.0447, "PDsExceedModerate": 0.0192, "PDsExceedExtensive": 0.0087, "FunctDay1": 97.7, "FunctDay3": 98.7, "FunctDay7": 99.1, "FunctDay14": 99.1, "FunctDay30": 99.2, "FunctDay90": 99.5, "EconLoss": 28087.435546875, "Name": "'WILLOW PASS ROAD'", "City": "null", "State": "null" }, "geometry": { "type": "Point", "coordinates": [ -121.997836, 38.013761 ] } },
{ "type": "Feature", "properties": { "FacilityType": "HighwayBridge", "FacilityId": "CA007058", "Anchor": "null", "FoundationType": "null", "eqBldgType": "null", "DesignLevel": "null", "SoilType": "D", "LqfSusCat": 0, "LndSusCat": 0, "WaterDepth": 5.0, "Distance": "null", "PGA": 0.28971868753433228, "PGV": 10.825994491577148, "Sa03": 0.68194842338562012, "Sa10": 0.28876844048500061, "LqfSettlPGD": 0.0, "LqfSprPGD": 0.0, "LqfProb": 0.0, "LndPGD": 0.0, "LndProb": 0.0, "SufFltRuptPGD": 29.523393630981445, "SurfFltRuptProb": 0.5, "PDsNone": 0.9552, "PDsSlight": 0.0255, "PDsModerate": 0.0104, "PDsExtensive": 0.0072, "PDsComplete": 0.0015, "PDsExceedSlight": 0.0447, "PDsExceedModerate": 0.0192, "PDsExceedExtensive": 0.0087, "FunctDay1": 97.7, "FunctDay3": 98.7, "FunctDay7": 99.1, "FunctDay14": 99.1, "FunctDay30": 99.2, "FunctDay90": 99.5, "EconLoss": 30330.158203125, "Name": "'WILLOW PASS ROAD'", "City": "null", "State": "null" }, "geometry": { "type": "Point", "coordinates": [ -121.997608, 38.013369 ] } },
{ "type": "Feature", "properties": { "FacilityType": "HighwayBridge", "FacilityId": "CA007059", "Anchor": "null", "FoundationType": "null", "eqBldgType": "null", "DesignLevel": "null", "SoilType": "D", "LqfSusCat": 0, "LndSusCat": 0, "WaterDepth": 5.0, "Distance": "null", "PGA": 0.30504786968231201, "PGV": 12.021832466125488, "Sa03": 0.72809457778930664, "Sa10": 0.32921820878982544, "LqfSettlPGD": 0.0, "LqfSprPGD": 0.0, "LqfProb": 0.0, "LndPGD": 0.0, "LndProb": 0.0, "SufFltRuptPGD": 29.523393630981445, "SurfFltRuptProb": 0.5, "PDsNone": 0.9513, "PDsSlight": 0.0, "PDsModerate": 0.0255, "PDsExtensive": 0.0171, "PDsComplete": 0.006, "PDsExceedSlight": 0.0486, "PDsExceedModerate": 0.0486, "PDsExceedExtensive": 0.0231, "FunctDay1": 95.9, "FunctDay3": 96.6, "FunctDay7": 97.6, "FunctDay14": 97.8, "FunctDay30": 97.9, "FunctDay90": 98.8, "EconLoss": 105701.953125, "Name": "'STATE ROUTE 242'", "City": "null", "State": "null" }, "geometry": { "type": "Point", "coordinates": [ -122.039233, 37.997564 ] } },
{ "type": "Feature", "properties": { "FacilityType": "HighwayBridge", "FacilityId": "CA007060", "Anchor": "null", "FoundationType": "null", "eqBldgType": "null", "DesignLevel": "null", "SoilType": "D", "LqfSusCat": 0, "LndSusCat": 0, "WaterDepth": 5.0, "Distance": "null", "PGA": 0.30504786968231201, "PGV": 12.021832466125488, "Sa03": 0.72809457778930664, "Sa10": 0.32921820878982544, "LqfSettlPGD": 0.0, "LqfSprPGD": 0.0, "LqfProb": 0.0, "LndPGD": 0.0, "LndProb": 0.0, "SufFltRuptPGD": 29.523393630981445, "SurfFltRuptProb": 0.5, "PDsNone": 0.9531, "PDsSlight": 0.0, "PDsModerate": 0.0246, "PDsExtensive": 0.0164, "PDsComplete": 0.0057, "PDsExceedSlight": 0.0468, "PDsExceedModerate": 0.0468, "PDsExceedExtensive": 0.0221, "FunctDay1": 96.0, "FunctDay3": 96.8, "FunctDay7": 97.7, "FunctDay14": 97.9, "FunctDay30": 98.0, "FunctDay90": 98.8, "EconLoss": 130300.03125, "Name": "'STATE ROUTES 4 & 242'", "City": "null", "State": "null" }, "geometry": { "type": "Point", "coordinates": [ -122.036536, 38.003903 ] } },
{ "type": "Feature", "properties": { "FacilityType": "HighwayBridge", "FacilityId": "CA007061", "Anchor": "null", "FoundationType": "null", "eqBldgType": "null", "DesignLevel": "null", "SoilType": "D", "LqfSusCat": 0, "LndSusCat": 0, "WaterDepth": 5.0, "Distance": "null", "PGA": 0.28914901614189148, "PGV": 9.8484163284301758, "Sa03": 0.64303761720657349, "Sa10": 0.26246479153633118, "LqfSettlPGD": 0.0, "LqfSprPGD": 0.0, "LqfProb": 0.0, "LndPGD": 0.0, "LndProb": 0.0, "SufFltRuptPGD": 29.523393630981445, "SurfFltRuptProb": 0.5, "PDsNone": 0.9683, "PDsSlight": 0.0092, "PDsModerate": 0.0119, "PDsExtensive": 0.0084, "PDsComplete": 0.0019, "PDsExceedSlight": 0.0316, "PDsExceedModerate": 0.0223, "PDsExceedExtensive": 0.0104, "FunctDay1": 97.8, "FunctDay3": 98.4, "FunctDay7": 98.9, "FunctDay14": 99.0, "FunctDay30": 99.0, "FunctDay90": 99.4, "EconLoss": 40038.09375, "Name": "'BNSF RY'", "City": "null", "State": "null" }, "geometry": { "type": "Point", "coordinates": [ -122.120747, 37.994514 ] } },
{ "type": "Feature", "properties": { "FacilityType": "HighwayBridge", "FacilityId": "CA007062", "Anchor": "null", "FoundationType": "null", "eqBldgType": "null", "DesignLevel": "null", "SoilType": "D", "LqfSusCat": 0, "LndSusCat": 0, "WaterDepth": 5.0, "Distance": "null", "PGA": 0.28914901614189148, "PGV": 9.8484163284301758, "Sa03": 0.64303761720657349, "Sa10": 0.26246479153633118, "LqfSettlPGD": 0.0, "LqfSprPGD": 0.0, "LqfProb": 0.0, "LndPGD": 0.0, "LndProb": 0.0, "SufFltRuptPGD": 29.523393630981445, "SurfFltRuptProb": 0.5, "PDsNone": 0.9683, "PDsSlight": 0.0054, "PDsModerate": 0.0137, "PDsExtensive": 0.01, "PDsComplete": 0.0023, "PDsExceedSlight": 0.0316, "PDsExceedModerate": 0.0261, "PDsExceedExtensive": 0.0124, "FunctDay1": 97.6, "FunctDay3": 98.2, "FunctDay7": 98.7, "FunctDay14": 98.8, "FunctDay30": 98.8, "FunctDay90": 99.4, "EconLoss": 2132.288330078125, "Name": "'E MARTINEZ DRAIN'", "City": "null", "State": "null" }, "geometry": { "type": "Point", "coordinates": [ -122.089531, 38.006797 ] } },
{ "type": "Feature", "properties": { "FacilityType": "HighwayBridge", "FacilityId": "CA007063", "Anchor": "null", "FoundationType": "null", "eqBldgType": "null", "DesignLevel": "null", "SoilType": "D", "LqfSusCat": 0, "LndSusCat": 0, "WaterDepth": 5.0, "Distance": "null", "PGA": 0.30504786968231201, "PGV": 12.021832466125488, "Sa03": 0.72809457778930664, "Sa10": 0.32921820878982544, "LqfSettlPGD": 0.0, "LqfSprPGD": 0.0, "LqfProb": 0.0, "LndPGD": 0.0, "LndProb": 0.0, "SufFltRuptPGD": 29.523393630981445, "SurfFltRuptProb": 0.5, "PDsNone": 0.9305, "PDsSlight": 0.0374, "PDsModerate": 0.0164, "PDsExtensive": 0.0124, "PDsComplete": 0.0031, "PDsExceedSlight": 0.0694, "PDsExceedModerate": 0.032, "PDsExceedExtensive": 0.0155, "FunctDay1": 96.3, "FunctDay3": 97.7, "FunctDay7": 98.4, "FunctDay14": 98.5, "FunctDay30": 98.6, "FunctDay90": 99.2, "EconLoss": 15591.9326171875, "Name": "'EBMUD SERVICE ROAD'", "City": "null", "State": "null" }, "geometry": { "type": "Point", "coordinates": [ -122.039378, 38.00425 ] } },
{ "type": "Feature", "properties": { "FacilityType": "HighwayBridge", "FacilityId": "CA007064", "Anchor": "null", "FoundationType": "null", "eqBldgType": "null", "DesignLevel": "null", "SoilType": "D", "LqfSusCat": 0, "LndSusCat": 0, "WaterDepth": 5.0, "Distance": "null", "PGA": 0.30504786968231201, "PGV": 12.021832466125488, "Sa03": 0.72809457778930664, "Sa10": 0.32921820878982544, "LqfSettlPGD": 0.0, "LqfSprPGD": 0.0, "LqfProb": 0.0, "LndPGD": 0.0, "LndProb": 0.0, "SufFltRuptPGD": 29.523393630981445, "SurfFltRuptProb": 0.5, "PDsNone": 0.9305, "PDsSlight": 0.0372, "PDsModerate": 0.0165, "PDsExtensive": 0.0125, "PDsComplete": 0.0031, "PDsExceedSlight": 0.0694, "PDsExceedModerate": 0.0321, "PDsExceedExtensive": 0.0156, "FunctDay1": 96.3, "FunctDay3": 97.7, "FunctDay7": 98.4, "FunctDay14": 98.5, "FunctDay30": 98.6, "FunctDay90": 99.2, "EconLoss": 3845.332275390625, "Name": "'EBMUD SERVICE ROAD'", "City": "null", "State": "null" }, "geometry": { "type": "Point", "coordinates": [ -122.039294, 38.004011 ] } },
{ "type": "Feature", "properties": { "FacilityType": "HighwayBridge", "FacilityId": "CA007065", "Anchor": "null", "FoundationType": "null", "eqBldgType": "null", "DesignLevel": "null", "SoilType": "D", "LqfSusCat": 0, "LndSusCat": 0, "WaterDepth": 5.0, "Distance": "null", "PGA": 0.30504786968231201, "PGV": 12.021832466125488, "Sa03": 0.72809457778930664, "Sa10": 0.32921820878982544, "LqfSettlPGD": 0.0, "LqfSprPGD": 0.0, "LqfProb": 0.0, "LndPGD": 0.0, "LndProb": 0.0, "SufFltRuptPGD": 29.523393630981445, "SurfFltRuptProb": 0.5, "PDsNone": 0.9305, "PDsSlight": 0.0374, "PDsModerate": 0.0164, "PDsExtensive": 0.0124, "PDsComplete": 0.0031, "PDsExceedSlight": 0.0694, "PDsExceedModerate": 0.032, "PDsExceedExtensive": 0.0155, "FunctDay1": 96.3, "FunctDay3": 97.7, "FunctDay7": 98.4, "FunctDay14": 98.5, "FunctDay30": 98.6, "FunctDay90": 99.2, "EconLoss": 8240.47265625, "Name": "'EBMUD SERVICE ROAD'", "City": "null", "State": "null" }, "geometry": { "type": "Point", "coordinates": [ -122.040158, 37.997758 ] } },
{ "type": "Feature", "properties": { "FacilityType": "HighwayBridge", "FacilityId": "CA007066", "Anchor": "null", "FoundationType": "null", "eqBldgType": "null", "DesignLevel": "null", "SoilType": "D", "LqfSusCat": 0, "LndSusCat": 0, "WaterDepth": 5.0, "Distance": "null", "PGA": 0.30504786968231201, "PGV": 12.021832466125488, "Sa03": 0.72809457778930664, "Sa10": 0.32921820878982544, "LqfSettlPGD": 0.0, "LqfSprPGD": 0.0, "LqfProb": 0.0, "LndPGD": 0.0, "LndProb": 0.0, "SufFltRuptPGD": 29.523393630981445, "SurfFltRuptProb": 0.5, "PDsNone": 0.9305, "PDsSlight": 0.0374, "PDsModerate": 0.0164, "PDsExtensive": 0.0124, "PDsComplete": 0.0031, "PDsExceedSlight": 0.0694, "PDsExceedModerate": 0.032, "PDsExceedExtensive": 0.0155, "FunctDay1": 96.3, "FunctDay3": 97.7, "FunctDay7": 98.4, "FunctDay14": 98.5, "FunctDay30": 98.6, "FunctDay90": 99.2, "EconLoss": 2701.234130859375, "Name": "'EBMUD SERVICE ROAD'", "City": "null", "State": "null" }, "geometry": { "type": "Point", "coordinates": [ -122.039347, 37.997344 ] } },
{ "type": "Feature", "properties": { "FacilityType": "HighwayBridge", "FacilityId": "CA007067", "Anchor": "null", "FoundationType": "null", "eqBldgType": "null", "DesignLevel": "null", "SoilType": "D", "LqfSusCat": 0, "LndSusCat": 0, "WaterDepth": 5.0, "Distance": "null", "PGA": 0.32041805982589722, "PGV": 12.237601280212402, "Sa03": 0.74365264177322388, "Sa10": 0.33581742644309998, "LqfSettlPGD": 0.0, "LqfSprPGD": 0.0, "LqfProb": 0.0, "LndPGD": 0.0, "LndProb": 0.0, "SufFltRuptPGD": 29.523393630981445, "SurfFltRuptProb": 0.5, "PDsNone": 0.926, "PDsSlight": 0.0394, "PDsModerate": 0.0176, "PDsExtensive": 0.0134, "PDsComplete": 0.0034, "PDsExceedSlight": 0.0739, "PDsExceedModerate": 0.0345, "PDsExceedExtensive": 0.0169, "FunctDay1": 96.1, "FunctDay3": 97.6, "FunctDay7": 98.2, "FunctDay14": 98.4, "FunctDay30": 98.5, "FunctDay90": 99.1, "EconLoss": 2948.067138671875, "Name": "'GREEN VALLEY CREEK'", "City": "null", "State": "null" }, "geometry": { "type": "Point", "coordinates": [ -121.993839, 37.823972 ] } },
{ "type": "Feature", "properties": { "FacilityType": "HighwayBridge", "FacilityId": "CA007068", "Anchor": "null", "FoundationType": "null", "eqBldgType": "null", "DesignLevel": "null", "SoilType": "D", "LqfSusCat": 0, "LndSusCat": 0, "WaterDepth": 5.0, "Distance": "null", "PGA": 0.24413135647773743, "PGV": 8.2687568664550781, "Sa03": 0.51250219345092773, "Sa10": 0.19292740523815155, "LqfSettlPGD": 0.0, "LqfSprPGD": 0.0, "LqfProb": 0.0, "LndPGD": 0.0, "LndProb": 0.0, "SufFltRuptPGD": 29.523393630981445, "SurfFltRuptProb": 0.5, "PDsNone": 0.9931, "PDsSlight": 0.0017, "PDsModerate": 0.0032, "PDsExtensive": 0.0015, "PDsComplete": 0.0003, "PDsExceedSlight": 0.0068, "PDsExceedModerate": 0.0051, "PDsExceedExtensive": 0.0018, "FunctDay1": 99.5, "FunctDay3": 99.6, "FunctDay7": 99.7, "FunctDay14": 99.8, "FunctDay30": 99.8, "FunctDay90": 99.8, "EconLoss": 31694.798828125, "Name": "'INTERSTATE 580'", "City": "null", "State": "null" }, "geometry": { "type": "Point", "coordinates": [ -122.32505, 37.911189 ] } },
{ "type": "Feature", "properties": { "FacilityType": "HighwayBridge", "FacilityId": "CA007069", "Anchor": "null", "FoundationType": "null", "eqBldgType": "null", "DesignLevel": "null", "SoilType": "D", "LqfSusCat": 0, "LndSusCat": 0, "WaterDepth": 5.0, "Distance": "null", "PGA": 0.29944267868995667, "PGV": 12.994046211242676, "Sa03": 0.73564881086349487, "Sa10": 0.36676627397537231, "LqfSettlPGD": 0.0, "LqfSprPGD": 0.0, "LqfProb": 0.0, "LndPGD": 0.0, "LndProb": 0.0, "SufFltRuptPGD": 29.523393630981445, "SurfFltRuptProb": 0.5, "PDsNone": 0.9326, "PDsSlight": 0.0, "PDsModerate": 0.0337, "PDsExtensive": 0.0241, "PDsComplete": 0.0094, "PDsExceedSlight": 0.0673, "PDsExceedModerate": 0.0673, "PDsExceedExtensive": 0.0335, "FunctDay1": 94.3, "FunctDay3": 95.3, "FunctDay7": 96.6, "FunctDay14": 96.8, "FunctDay30": 97.0, "FunctDay90": 98.2, "EconLoss": 70832.1015625, "Name": "'NONE'", "City": "null", "State": "null" }, "geometry": { "type": "Point", "coordinates": [ -122.322231, 37.910569 ] } },
{ "type": "Feature", "properties": { "FacilityType": "HighwayBridge", "FacilityId": "CA007070", "Anchor": "null", "FoundationType": "null", "eqBldgType": "null", "DesignLevel": "null", "SoilType": "D", "LqfSusCat": 0, "LndSusCat": 0, "WaterDepth": 5.0, "Distance": "null", "PGA": 0.29944267868995667, "PGV": 12.994046211242676, "Sa03": 0.73564881086349487, "Sa10": 0.36676627397537231, "LqfSettlPGD": 0.0, "LqfSprPGD": 0.0, "LqfProb": 0.0, "LndPGD": 0.0, "LndProb": 0.0, "SufFltRuptPGD": 29.523393630981445, "SurfFltRuptProb": 0.5, "PDsNone": 0.9326, "PDsSlight": 0.0, "PDsModerate": 0.0337, "PDsExtensive": 0.0241, "PDsComplete": 0.0094, "PDsExceedSlight": 0.0673, "PDsExceedModerate": 0.0673, "PDsExceedExtensive": 0.0335, "FunctDay1": 94.3, "FunctDay3": 95.3, "FunctDay7": 96.6, "FunctDay14": 96.8, "FunctDay30": 97.0, "FunctDay90": 98.2, "EconLoss": 79493.1171875, "Name": "'NONE'", "City": "null", "State": "null" }, "geometry": { "type": "Point", "coordinates": [ -122.323844, 37.91275 ] } },
{ "type": "Feature", "properties": { "FacilityType": "HighwayBridge", "FacilityId": "CA007071", "Anchor": "null", "FoundationType": "null", "eqBldgType": "null", "DesignLevel": "null", "SoilType": "D", "LqfSusCat": 0, "LndSusCat": 0, "WaterDepth": 5.0, "Distance": "null", "PGA": 0.24413135647773743, "PGV": 8.2687568664550781, "Sa03": 0.51250219345092773, "Sa10": 0.19292740523815155, "LqfSettlPGD": 0.0, "LqfSprPGD": 0.0, "LqfProb": 0.0, "LndPGD": 0.0, "LndProb": 0.0, "SufFltRuptPGD": 29.523393630981445, "SurfFltRuptProb": 0.5, "PDsNone": 0.9931, "PDsSlight": 0.0016, "PDsModerate": 0.0032, "PDsExtensive": 0.0015, "PDsComplete": 0.0003, "PDsExceedSlight": 0.0068, "PDsExceedModerate": 0.0051, "PDsExceedExtensive": 0.0018, "FunctDay1": 99.5, "FunctDay3": 99.6, "FunctDay7": 99.7, "FunctDay14": 99.8, "FunctDay30": 99.8, "FunctDay90": 99.8, "EconLoss": 10603.9384765625, "Name": "'INTERSTATE 580'", "City": "null", "State": "null" }, "geometry": { "type": "Point", "coordinates": [ -122.347317, 37.921544 ] } },
{ "type": "Feature", "properties": { "FacilityType": "HighwayBridge", "FacilityId": "CA007072", "Anchor": "null", "FoundationType": "null", "eqBldgType": "null", "DesignLevel": "null", "SoilType": "D", "LqfSusCat": 0, "LndSusCat": 0, "WaterDepth": 5.0, "Distance": "null", "PGA": 0.24413135647773743, "PGV": 8.2687568664550781, "Sa03": 0.51250219345092773, "Sa10": 0.19292740523815155, "LqfSettlPGD": 0.0, "LqfSprPGD": 0.0, "LqfProb": 0.0, "LndPGD": 0.0, "LndProb": 0.0, "SufFltRuptPGD": 29.523393630981445, "SurfFltRuptProb": 0.5, "PDsNone": 0.9931, "PDsSlight": 0.0008, "PDsModerate": 0.0037, "PDsExtensive": 0.0018, "PDsComplete": 0.0003, "PDsExceedSlight": 0.0068, "PDsExceedModerate": 0.0059, "PDsExceedExtensive": 0.0021, "FunctDay1": 99.4, "FunctDay3": 99.6, "FunctDay7": 99.7, "FunctDay14": 99.7, "FunctDay30": 99.7, "FunctDay90": 99.8, "EconLoss": 8395.091796875, "Name": "'INTERSTATE 580'", "City": "null", "State": "null" }, "geometry": { "type": "Point", "coordinates": [ -122.355772, 37.921678 ] } },
{ "type": "Feature", "properties": { "FacilityType": "HighwayBridge", "FacilityId": "CA007073", "Anchor": "null", "FoundationType": "null", "eqBldgType": "null", "DesignLevel": "null", "SoilType": "D", "LqfSusCat": 0, "LndSusCat": 0, "WaterDepth": 5.0, "Distance": "null", "PGA": 0.28633642196655273, "PGV": 12.898520469665527, "Sa03": 0.71656978130340576, "Sa10": 0.36990472674369812, "LqfSettlPGD": 0.0, "LqfSprPGD": 0.0, "LqfProb": 0.0, "LndPGD": 0.0, "LndProb": 0.0, "SufFltRuptPGD": 29.523393630981445, "SurfFltRuptProb": 0.5, "PDsNone": 0.8594, "PDsSlight": 0.0, "PDsModerate": 0.0616, "PDsExtensive": 0.052, "PDsComplete": 0.0268, "PDsExceedSlight": 0.1405, "PDsExceedModerate": 0.1405, "PDsExceedExtensive": 0.0789, "FunctDay1": 87.9, "FunctDay3": 89.7, "FunctDay7": 92.1, "FunctDay14": 92.5, "FunctDay30": 92.9, "FunctDay90": 95.6, "EconLoss": 540138.125, "Name": "'INTERSTATE 580'", "City": "null", "State": "null" }, "geometry": { "type": "Point", "coordinates": [ -122.363119, 37.925133 ] } },
{ "type": "Feature", "properties": { "FacilityType": "HighwayBridge", "FacilityId": "CA007074", "Anchor": "null", "FoundationType": "null", "eqBldgType": "null", "DesignLevel": "null", "SoilType": "D", "LqfSusCat": 0, "LndSusCat": 0, "WaterDepth": 5.0, "Distance": "null", "PGA": 0.28633642196655273, "PGV": 12.898520469665527, "Sa03": 0.71656978130340576, "Sa10": 0.36990472674369812, "LqfSettlPGD": 0.0, "LqfSprPGD": 0.0, "LqfProb": 0.0, "LndPGD": 0.0, "LndProb": 0.0, "SufFltRuptPGD": 29.523393630981445, "SurfFltRuptProb": 0.5, "PDsNone": 0.9308, "PDsSlight": 0.0, "PDsModerate": 0.0345, "PDsExtensive": 0.0248, "PDsComplete": 0.0098, "PDsExceedSlight": 0.0691, "PDsExceedModerate": 0.0691, "PDsExceedExtensive": 0.0346, "FunctDay1": 94.1, "FunctDay3": 95.1, "FunctDay7": 96.5, "FunctDay14": 96.7, "FunctDay30": 96.9, "FunctDay90": 98.2, "EconLoss": 423117.3125, "Name": "'BNSF RY  SOUTH SECOND ST'", "City": "null", "State": "null" }, "geometry": { "type": "Point", "coordinates": [ -122.367744, 37.927206 ] } },
{ "type": "Feature", "properties": { "FacilityType": "HighwayBridge", "FacilityId": "CA007075", "Anchor": "null", "FoundationType": "null", "eqBldgType": "null", "DesignLevel": "null", "SoilType": "D", "LqfSusCat": 0, "LndSusCat": 0, "WaterDepth": 5.0, "Distance": "null", "PGA": 0.26758855581283569, "PGV": 11.357602119445801, "Sa03": 0.65700381994247437, "Sa10": 0.31031322479248047, "LqfSettlPGD": 0.0, "LqfSprPGD": 0.0, "LqfProb": 0.0, "LndPGD": 0.0, "LndProb": 0.0, "SufFltRuptPGD": 29.523393630981445, "SurfFltRuptProb": 0.5, "PDsNone": 0.962, "PDsSlight": 0.0, "PDsModerate": 0.0205, "PDsExtensive": 0.0131, "PDsComplete": 0.0043, "PDsExceedSlight": 0.0379, "PDsExceedModerate": 0.0379, "PDsExceedExtensive": 0.0174, "FunctDay1": 96.8, "FunctDay3": 97.4, "FunctDay7": 98.2, "FunctDay14": 98.3, "FunctDay30": 98.4, "FunctDay90": 99.1, "EconLoss": 123930.6015625, "Name": "'CANAL BOULEVARD'", "City": "null", "State": "null" }, "geometry": { "type": "Point", "coordinates": [ -122.377889, 37.9273 ] } },
{ "type": "Feature", "properties": { "FacilityType": "HighwayBridge", "FacilityId": "CA007076", "Anchor": "null", "FoundationType": "null", "eqBldgType": "null", "DesignLevel": "null", "SoilType": "D", "LqfSusCat": 0, "LndSusCat": 0, "WaterDepth": 5.0, "Distance": "null", "PGA": 0.27735394239425659, "PGV": 10.04581356048584, "Sa03": 0.62787985801696777, "Sa10": 0.26528066396713257, "LqfSettlPGD": 0.0, "LqfSprPGD": 0.0, "LqfProb": 0.0, "LndPGD": 0.0, "LndProb": 0.0, "SufFltRuptPGD": 29.523393630981445, "SurfFltRuptProb": 0.5, "PDsNone": 0.979, "PDsSlight": 0.0, "PDsModerate": 0.012, "PDsExtensive": 0.0069, "PDsComplete": 0.0019, "PDsExceedSlight": 0.0209, "PDsExceedModerate": 0.0209, "PDsExceedExtensive": 0.0088, "FunctDay1": 98.2, "FunctDay3": 98.6, "FunctDay7": 99.0, "FunctDay14": 99.1, "FunctDay30": 99.2, "FunctDay90": 99.5, "EconLoss": 24450.970703125, "Name": "'INTERSTATE 80'", "City": "null", "State": "null" }, "geometry": { "type": "Point", "coordinates": [ -122.318872, 37.976353 ] } },
{ "type": "Feature", "properties": { "FacilityType": "HighwayBridge", "FacilityId": "CA007077", "Anchor": "null", "FoundationType": "null", "eqBldgType": "null", "DesignLevel": "null", "SoilType": "D", "LqfSusCat": 0, "LndSusCat": 0, "WaterDepth": 5.0, "Distance": "null", "PGA": 0.27735394239425659, "PGV": 10.04581356048584, "Sa03": 0.62787985801696777, "Sa10": 0.26528066396713257, "LqfSettlPGD": 0.0, "LqfSprPGD": 0.0, "LqfProb": 0.0, "LndPGD": 0.0, "LndProb": 0.0, "SufFltRuptPGD": 29.523393630981445, "SurfFltRuptProb": 0.5, "PDsNone": 0.979, "PDsSlight": 0.0, "PDsModerate": 0.012, "PDsExtensive": 0.0069, "PDsComplete": 0.0019, "PDsExceedSlight": 0.0209, "PDsExceedModerate": 0.0209, "PDsExceedExtensive": 0.0089, "FunctDay1": 98.2, "FunctDay3": 98.6, "FunctDay7": 99.0, "FunctDay14": 99.1, "FunctDay30": 99.2, "FunctDay90": 99.5, "EconLoss": 25019.935546875, "Name": "'INTERSTATE 80'", "City": "null", "State": "null" }, "geometry": { "type": "Point", "coordinates": [ -122.318922, 37.976228 ] } },
{ "type": "Feature", "properties": { "FacilityType": "HighwayBridge", "FacilityId": "CA007078", "Anchor": "null", "FoundationType": "null", "eqBldgType": "null", "DesignLevel": "null", "SoilType": "D", "LqfSusCat": 0, "LndSusCat": 0, "WaterDepth": 5.0, "Distance": "null", "PGA": 0.30598485469818115, "PGV": 10.546538352966309, "Sa03": 0.66895943880081177, "Sa10": 0.28050541877746582, "LqfSettlPGD": 0.0, "LqfSprPGD": 0.0, "LqfProb": 0.0, "LndPGD": 0.0, "LndProb": 0.0, "SufFltRuptPGD": 29.523393630981445, "SurfFltRuptProb": 0.5, "PDsNone": 0.9596, "PDsSlight": 0.0232, "PDsModerate": 0.0093, "PDsExtensive": 0.0063, "PDsComplete": 0.0013, "PDsExceedSlight": 0.0403, "PDsExceedModerate": 0.017, "PDsExceedExtensive": 0.0077, "FunctDay1": 97.9, "FunctDay3": 98.8, "FunctDay7": 99.2, "FunctDay14": 99.2, "FunctDay30": 99.3, "FunctDay90": 99.6, "EconLoss": 1446.465576171875, "Name": "'STATE ROUTE 24'", "City": "null", "State": "null" }, "geometry": { "type": "Point", "coordinates": [ -122.209681, 37.861122 ] } },
{ "type": "Feature", "properties": { "FacilityType": "HighwayBridge", "FacilityId": "CA007079", "Anchor": "null", "FoundationType": "null", "eqBldgType": "null", "DesignLevel": "null", "SoilType": "D", "LqfSusCat": 0, "LndSusCat": 0, "WaterDepth": 5.0, "Distance": "null", "PGA": 0.24413135647773743, "PGV": 8.2687568664550781, "Sa03": 0.51250219345092773, "Sa10": 0.19292740523815155, "LqfSettlPGD": 0.0, "LqfSprPGD": 0.0, "LqfProb": 0.0, "LndPGD": 0.0, "LndProb": 0.0, "SufFltRuptPGD": 29.523393630981445, "SurfFltRuptProb": 0.5, "PDsNone": 0.9931, "PDsSlight": 0.0017, "PDsModerate": 0.0032, "PDsExtensive": 0.0015, "PDsComplete": 0.0003, "PDsExceedSlight": 0.0068, "PDsExceedModerate": 0.0051, "PDsExceedExtensive": 0.0018, "FunctDay1": 99.5, "FunctDay3": 99.6, "FunctDay7": 99.7, "FunctDay14": 99.8, "FunctDay30": 99.8, "FunctDay90": 99.8, "EconLoss": 6657.33203125, "Name": "'INTERSTATE ROUTE 580'", "City": "null", "State": "null" }, "geometry": { "type": "Point", "coordinates": [ -122.333178, 37.919933 ] } },
{ "type": "Feature", "properties": { "FacilityType": "HighwayBridge", "FacilityId": "CA007080", "Anchor": "null", "FoundationType": "null", "eqBldgType": "null", "DesignLevel": "null", "SoilType": "D", "LqfSusCat": 0, "LndSusCat": 0, "WaterDepth": 5.0, "Distance": "null", "PGA": 0.27735394239425659, "PGV": 10.04581356048584, "Sa03": 0.62787985801696777, "Sa10": 0.26528066396713257, "LqfSettlPGD": 0.0, "LqfSprPGD": 0.0, "LqfProb": 0.0, "LndPGD": 0.0, "LndProb": 0.0, "SufFltRuptPGD": 29.523393630981445, "SurfFltRuptProb": 0.5, "PDsNone": 0.9781, "PDsSlight": 0.0, "PDsModerate": 0.0124, "PDsExtensive": 0.0072, "PDsComplete": 0.002, "PDsExceedSlight": 0.0218, "PDsExceedModerate": 0.0218, "PDsExceedExtensive": 0.0093, "FunctDay1": 98.2, "FunctDay3": 98.5, "FunctDay7": 99.0, "FunctDay14": 99.1, "FunctDay30": 99.1, "FunctDay90": 99.5, "EconLoss": 24371.689453125, "Name": "'INTERSTATE 80'", "City": "null", "State": "null" }, "geometry": { "type": "Point", "coordinates": [ -122.301919, 37.993744 ] } },
{ "type": "Feature", "properties": { "FacilityType": "HighwayBridge", "FacilityId": "CA007081", "Anchor": "null", "FoundationType": "null", "eqBldgType": "null", "DesignLevel": "null", "SoilType": "D", "LqfSusCat": 0, "LndSusCat": 0, "WaterDepth": 5.0, "Distance": "null", "PGA": 0.32494053244590759, "PGV": 14.086722373962402, "Sa03": 0.80031126737594604, "Sa10": 0.42130327224731445, "LqfSettlPGD": 0.0, "LqfSprPGD": 0.0, "LqfProb": 0.0, "LndPGD": 0.0, "LndProb": 0.0, "SufFltRuptPGD": 29.523393630981445, "SurfFltRuptProb": 0.5, "PDsNone": 0.8772, "PDsSlight": 0.0, "PDsModerate": 0.0553, "PDsExtensive": 0.0452, "PDsComplete": 0.022, "PDsExceedSlight": 0.1227, "PDsExceedModerate": 0.1227, "PDsExceedExtensive": 0.0673, "FunctDay1": 89.5, "FunctDay3": 91.1, "FunctDay7": 93.2, "FunctDay14": 93.6, "FunctDay30": 93.9, "FunctDay90": 96.3, "EconLoss": 301425.40625, "Name": "'CLAYTON ROAD-S242 ON RMP'", "City": "null", "State": "null" }, "geometry": { "type": "Point", "coordinates": [ -122.047836, 37.969531 ] } },
{ "type": "Feature", "properties": { "FacilityType": "HighwayBridge", "FacilityId": "CA007082", "Anchor": "null", "FoundationType": "null", "eqBldgType": "null", "DesignLevel": "null", "SoilType": "D", "LqfSusCat": 0, "LndSusCat": 0, "WaterDepth": 5.0, "Distance": "null", "PGA": 0.26758855581283569, "PGV": 11.357602119445801, "Sa03": 0.65700381994247437, "Sa10": 0.31031322479248047, "LqfSettlPGD": 0.0, "LqfSprPGD": 0.0, "LqfProb": 0.0, "LndPGD": 0.0, "LndProb": 0.0, "SufFltRuptPGD": 29.523393630981445, "SurfFltRuptProb": 0.5, "PDsNone": 0.962, "PDsSlight": 0.0, "PDsModerate": 0.0205, "PDsExtensive": 0.0131, "PDsComplete": 0.0043, "PDsExceedSlight": 0.0379, "PDsExceedModerate": 0.0379, "PDsExceedExtensive": 0.0174, "FunctDay1": 96.8, "FunctDay3": 97.4, "FunctDay7": 98.2, "FunctDay14": 98.3, "FunctDay30": 98.4, "FunctDay90": 99.1, "EconLoss": 80674.125, "Name": "'CASTRO STREET'", "City": "null", "State": "null" }, "geometry": { "type": "Point", "coordinates": [ -122.386119, 37.929025 ] } },
{ "type": "Feature", "properties": { "FacilityType": "HighwayBridge", "FacilityId": "CA007083", "Anchor": "null", "FoundationType": "null", "eqBldgType": "null", "DesignLevel": "null", "SoilType": "D", "LqfSusCat": 0, "LndSusCat": 0, "WaterDepth": 5.0, "Distance": "null", "PGA": 0.26758855581283569, "PGV": 11.357602119445801, "Sa03": 0.65700381994247437, "Sa10": 0.31031322479248047, "LqfSettlPGD": 0.0, "LqfSprPGD": 0.0, "LqfProb": 0.0, "LndPGD": 0.0, "LndProb": 0.0, "SufFltRuptPGD": 29.523393630981445, "SurfFltRuptProb": 0.5, "PDsNone": 0.962, "PDsSlight": 0.0, "PDsModerate": 0.0205, "PDsExtensive": 0.0131, "PDsComplete": 0.0043, "PDsExceedSlight": 0.0379, "PDsExceedModerate": 0.0379, "PDsExceedExtensive": 0.0174, "FunctDay1": 96.8, "FunctDay3": 97.4, "FunctDay7": 98.2, "FunctDay14": 98.3, "FunctDay30": 98.4, "FunctDay90": 99.1, "EconLoss": 46191.9765625, "Name": "'CASTRO STREET'", "City": "null", "State": "null" }, "geometry": { "type": "Point", "coordinates": [ -122.385833, 37.929147 ] } },
{ "type": "Feature", "properties": { "FacilityType": "HighwayBridge", "FacilityId": "CA007084", "Anchor": "null", "FoundationType": "null", "eqBldgType": "null", "DesignLevel": "null", "SoilType": "D", "LqfSusCat": 0, "LndSusCat": 0, "WaterDepth": 5.0, "Distance": "null", "PGA": 0.26758855581283569, "PGV": 11.357602119445801, "Sa03": 0.65700381994247437, "Sa10": 0.31031322479248047, "LqfSettlPGD": 0.0, "LqfSprPGD": 0.0, "LqfProb": 0.0, "LndPGD": 0.0, "LndProb": 0.0, "SufFltRuptPGD": 29.523393630981445, "SurfFltRuptProb": 0.5, "PDsNone": 0.962, "PDsSlight": 0.0, "PDsModerate": 0.0205, "PDsExtensive": 0.0131, "PDsComplete": 0.0043, "PDsExceedSlight": 0.0379, "PDsExceedModerate": 0.0379, "PDsExceedExtensive": 0.0174, "FunctDay1": 96.8, "FunctDay3": 97.4, "FunctDay7": 98.2, "FunctDay14": 98.3, "FunctDay30": 98.4, "FunctDay90": 99.1, "EconLoss": 33908.984375, "Name": "'CASTRO STREET'", "City": "null", "State": "null" }, "geometry": { "type": "Point", "coordinates": [ -122.385681, 37.929267 ] } },
{ "type": "Feature", "properties": { "FacilityType": "HighwayBridge", "FacilityId": "CA007085", "Anchor": "null", "FoundationType": "null", "eqBldgType": "null", "DesignLevel": "null", "SoilType": "D", "LqfSusCat": 0, "LndSusCat": 0, "WaterDepth": 5.0, "Distance": "null", "PGA": 0.24413135647773743, "PGV": 8.2687568664550781, "Sa03": 0.51250219345092773, "Sa10": 0.19292740523815155, "LqfSettlPGD": 0.0, "LqfSprPGD": 0.0, "LqfProb": 0.0, "LndPGD": 0.0, "LndProb": 0.0, "SufFltRuptPGD": 29.523393630981445, "SurfFltRuptProb": 0.5, "PDsNone": 0.9931, "PDsSlight": 0.0017, "PDsModerate": 0.0032, "PDsExtensive": 0.0015, "PDsComplete": 0.0003, "PDsExceedSlight": 0.0068, "PDsExceedModerate": 0.0051, "PDsExceedExtensive": 0.0018, "FunctDay1": 99.5, "FunctDay3": 99.6, "FunctDay7": 99.7, "FunctDay14": 99.8, "FunctDay30": 99.8, "FunctDay90": 99.8, "EconLoss": 12252.1005859375, "Name": "'INTERSTATE 580'", "City": "null", "State": "null" }, "geometry": { "type": "Point", "coordinates": [ -122.359919, 37.923094 ] } },
{ "type": "Feature", "properties": { "FacilityType": "HighwayBridge", "FacilityId": "CA007086", "Anchor": "null", "FoundationType": "null", "eqBldgType": "null", "DesignLevel": "null", "SoilType": "D", "LqfSusCat": 0, "LndSusCat": 0, "WaterDepth": 5.0, "Distance": "null", "PGA": 0.26758855581283569, "PGV": 11.357602119445801, "Sa03": 0.65700381994247437, "Sa10": 0.31031322479248047, "LqfSettlPGD": 0.0, "LqfSprPGD": 0.0, "LqfProb": 0.0, "LndPGD": 0.0, "LndProb": 0.0, "SufFltRuptPGD": 29.523393630981445, "SurfFltRuptProb": 0.5, "PDsNone": 0.962, "PDsSlight": 0.0, "PDsModerate": 0.0205, "PDsExtensive": 0.0131, "PDsComplete": 0.0043, "PDsExceedSlight": 0.0379, "PDsExceedModerate": 0.0379, "PDsExceedExtensive": 0.0174, "FunctDay1": 96.8, "FunctDay3": 97.4, "FunctDay7": 98.2, "FunctDay14": 98.3, "FunctDay30": 98.4, "FunctDay90": 99.1, "EconLoss": 3819.552001953125, "Name": "'HILLSIDE'", "City": "null", "State": "null" }, "geometry": { "type": "Point", "coordinates": [ -122.393686, 37.932328 ] } },
{ "type": "Feature", "properties": { "FacilityType": "HighwayBridge", "FacilityId": "CA007087", "Anchor": "null", "FoundationType": "null", "eqBldgType": "null", "DesignLevel": "null", "SoilType": "D", "LqfSusCat": 0, "LndSusCat": 0, "WaterDepth": 5.0, "Distance": "null", "PGA": 0.27735394239425659, "PGV": 10.04581356048584, "Sa03": 0.62787985801696777, "Sa10": 0.26528066396713257, "LqfSettlPGD": 0.0, "LqfSprPGD": 0.0, "LqfProb": 0.0, "LndPGD": 0.0, "LndProb": 0.0, "SufFltRuptPGD": 29.523393630981445, "SurfFltRuptProb": 0.5, "PDsNone": 0.9791, "PDsSlight": 0.0, "PDsModerate": 0.0119, "PDsExtensive": 0.0069, "PDsComplete": 0.0019, "PDsExceedSlight": 0.0208, "PDsExceedModerate": 0.0208, "PDsExceedExtensive": 0.0088, "FunctDay1": 98.2, "FunctDay3": 98.6, "FunctDay7": 99.0, "FunctDay14": 99.1, "FunctDay30": 99.2, "FunctDay90": 99.5, "EconLoss": 113411.984375, "Name": "'INTERSTATE 80'", "City": "null", "State": "null" }, "geometry": { "type": "Point", "coordinates": [ -122.315267, 37.986683 ] } },
{ "type": "Feature", "properties": { "FacilityType": "HighwayBridge", "FacilityId": "CA007088", "Anchor": "null", "FoundationType": "null", "eqBldgType": "null", "DesignLevel": "null", "SoilType": "D", "LqfSusCat": 0, "LndSusCat": 0, "WaterDepth": 5.0, "Distance": "null", "PGA": 0.32111510634422302, "PGV": 11.395089149475098, "Sa03": 0.7213207483291626, "Sa10": 0.30600848793983459, "LqfSettlPGD": 0.0, "LqfSprPGD": 0.0, "LqfProb": 0.0, "LndPGD": 0.0, "LndProb": 0.0, "SufFltRuptPGD": 29.523393630981445, "SurfFltRuptProb": 0.5, "PDsNone": 0.7934, "PDsSlight": 0.1519, "PDsModerate": 0.0381, "PDsExtensive": 0.0143, "PDsComplete": 0.0021, "PDsExceedSlight": 0.2065, "PDsExceedModerate": 0.0546, "PDsExceedExtensive": 0.0164, "FunctDay1": 91.8, "FunctDay3": 96.7, "FunctDay7": 98.2, "FunctDay14": 98.4, "FunctDay30": 98.5, "FunctDay90": 99.2, "EconLoss": 176847.328125, "Name": "'E24-S680 CONNECTOR RAMP'", "City": "null", "State": "null" }, "geometry": { "type": "Point", "coordinates": [ -122.069208, 37.894297 ] } },
{ "type": "Feature", "properties": { "FacilityType": "HighwayBridge", "FacilityId": "CA007089", "Anchor": "null", "FoundationType": "null", "eqBldgType": "null", "DesignLevel": "null", "SoilType": "D", "LqfSusCat": 0, "LndSusCat": 0, "WaterDepth": 5.0, "Distance": "null", "PGA": 0.25617694854736328, "PGV": 8.608607292175293, "Sa03": 0.56298106908798218, "Sa10": 0.21416859328746796, "LqfSettlPGD": 0.0, "LqfSprPGD": 0.0, "LqfProb": 0.0, "LndPGD": 0.0, "LndProb": 0.0, "SufFltRuptPGD": 29.523393630981445, "SurfFltRuptProb": 0.5, "PDsNone": 0.9895, "PDsSlight": 0.0019, "PDsModerate": 0.0052, "PDsExtensive": 0.0026, "PDsComplete": 0.0006, "PDsExceedSlight": 0.0104, "PDsExceedModerate": 0.0085, "PDsExceedExtensive": 0.0032, "FunctDay1": 99.2, "FunctDay3": 99.4, "FunctDay7": 99.6, "FunctDay14": 99.6, "FunctDay30": 99.6, "FunctDay90": 99.8, "EconLoss": 12327.5908203125, "Name": "'WILLOW PASS ROAD'", "City": "null", "State": "null" }, "geometry": { "type": "Point", "coordinates": [ -121.966017, 38.023044 ] } },
{ "type": "Feature", "properties": { "FacilityType": "HighwayBridge", "FacilityId": "CA007090", "Anchor": "null", "FoundationType": "null", "eqBldgType": "null", "DesignLevel": "null", "SoilType": "D", "LqfSusCat": 0, "LndSusCat": 0, "WaterDepth": 5.0, "Distance": "null", "PGA": 0.25617694854736328, "PGV": 8.608607292175293, "Sa03": 0.56298106908798218, "Sa10": 0.21416859328746796, "LqfSettlPGD": 0.0, "LqfSprPGD": 0.0, "LqfProb": 0.0, "LndPGD": 0.0, "LndProb": 0.0, "SufFltRuptPGD": 29.523393630981445, "SurfFltRuptProb": 0.5, "PDsNone": 0.9895, "PDsSlight": 0.002, "PDsModerate": 0.0051, "PDsExtensive": 0.0026, "PDsComplete": 0.0005, "PDsExceedSlight": 0.0104, "PDsExceedModerate": 0.0084, "PDsExceedExtensive": 0.0032, "FunctDay1": 99.2, "FunctDay3": 99.4, "FunctDay7": 99.6, "FunctDay14": 99.6, "FunctDay30": 99.6, "FunctDay90": 99.8, "EconLoss": 10674.8603515625, "Name": "'WILLOW PASS ROAD'", "City": "null", "State": "null" }, "geometry": { "type": "Point", "coordinates": [ -121.966144, 38.022689 ] } },
{ "type": "Feature", "properties": { "FacilityType": "HighwayBridge", "FacilityId": "CA007091", "Anchor": "null", "FoundationType": "null", "eqBldgType": "null", "DesignLevel": "null", "SoilType": "D", "LqfSusCat": 0, "LndSusCat": 0, "WaterDepth": 5.0, "Distance": "null", "PGA": 0.32111510634422302, "PGV": 11.395089149475098, "Sa03": 0.7213207483291626, "Sa10": 0.30600848793983459, "LqfSettlPGD": 0.0, "LqfSprPGD": 0.0, "LqfProb": 0.0, "LndPGD": 0.0, "LndProb": 0.0, "SufFltRuptPGD": 29.523393630981445, "SurfFltRuptProb": 0.5, "PDsNone": 0.9453, "PDsSlight": 0.0175, "PDsModerate": 0.0187, "PDsExtensive": 0.0145, "PDsComplete": 0.0037, "PDsExceedSlight": 0.0546, "PDsExceedModerate": 0.037, "PDsExceedExtensive": 0.0183, "FunctDay1": 96.4, "FunctDay3": 97.4, "FunctDay7": 98.1, "FunctDay14": 98.2, "FunctDay30": 98.3, "FunctDay90": 99.1, "EconLoss": 18185.830078125, "Name": "'N680&E24-YGNACIO OFF RMP'", "City": "null", "State": "null" }, "geometry": { "type": "Point", "coordinates": [ -122.069442, 37.901592 ] } },
{ "type": "Feature", "properties": { "FacilityType": "HighwayBridge", "FacilityId": "CA007092", "Anchor": "null", "FoundationType": "null", "eqBldgType": "null", "DesignLevel": "null", "SoilType": "D", "LqfSusCat": 0, "LndSusCat": 0, "WaterDepth": 5.0, "Distance": "null", "PGA": 0.32041805982589722, "PGV": 12.237601280212402, "Sa03": 0.74365264177322388, "Sa10": 0.33581742644309998, "LqfSettlPGD": 0.0, "LqfSprPGD": 0.0, "LqfProb": 0.0, "LndPGD": 0.0, "LndProb": 0.0, "SufFltRuptPGD": 29.523393630981445, "SurfFltRuptProb": 0.5, "PDsNone": 0.9487, "PDsSlight": 0.0, "PDsModerate": 0.0266, "PDsExtensive": 0.018, "PDsComplete": 0.0064, "PDsExceedSlight": 0.0512, "PDsExceedModerate": 0.0512, "PDsExceedExtensive": 0.0245, "FunctDay1": 95.7, "FunctDay3": 96.4, "FunctDay7": 97.5, "FunctDay14": 97.6, "FunctDay30": 97.8, "FunctDay90": 98.7, "EconLoss": 182980.265625, "Name": "'INTERSTATE 680'", "City": "null", "State": "null" }, "geometry": { "type": "Point", "coordinates": [ -121.977108, 37.779697 ] } },
{ "type": "Feature", "properties": { "FacilityType": "HighwayBridge", "FacilityId": "CA007093", "Anchor": "null", "FoundationType": "null", "eqBldgType": "null", "DesignLevel": "null", "SoilType": "D", "LqfSusCat": 0, "LndSusCat": 0, "WaterDepth": 5.0, "Distance": "null", "PGA": 0.25617694854736328, "PGV": 8.608607292175293, "Sa03": 0.56298106908798218, "Sa10": 0.21416859328746796, "LqfSettlPGD": 0.0, "LqfSprPGD": 0.0, "LqfProb": 0.0, "LndPGD": 0.0, "LndProb": 0.0, "SufFltRuptPGD": 29.523393630981445, "SurfFltRuptProb": 0.5, "PDsNone": 0.9826, "PDsSlight": 0.0111, "PDsModerate": 0.0036, "PDsExtensive": 0.0021, "PDsComplete": 0.0003, "PDsExceedSlight": 0.0173, "PDsExceedModerate": 0.0061, "PDsExceedExtensive": 0.0024, "FunctDay1": 99.2, "FunctDay3": 99.5, "FunctDay7": 99.7, "FunctDay14": 99.7, "FunctDay30": 99.7, "FunctDay90": 99.8, "EconLoss": 2074.4931640625, "Name": "'E4-BAILEY RD OFF RAMP'", "City": "null", "State": "null" }, "geometry": { "type": "Point", "coordinates": [ -121.944658, 38.018244 ] } },
{ "type": "Feature", "properties": { "FacilityType": "HighwayBridge", "FacilityId": "CA007094", "Anchor": "null", "FoundationType": "null", "eqBldgType": "null", "DesignLevel": "null", "SoilType": "D", "LqfSusCat": 0, "LndSusCat": 0, "WaterDepth": 5.0, "Distance": "null", "PGA": 0.25617694854736328, "PGV": 8.608607292175293, "Sa03": 0.56298106908798218, "Sa10": 0.21416859328746796, "LqfSettlPGD": 0.0, "LqfSprPGD": 0.0, "LqfProb": 0.0, "LndPGD": 0.0, "LndProb": 0.0, "SufFltRuptPGD": 29.523393630981445, "SurfFltRuptProb": 0.5, "PDsNone": 0.9895, "PDsSlight": 0.0021, "PDsModerate": 0.0051, "PDsExtensive": 0.0026, "PDsComplete": 0.0005, "PDsExceedSlight": 0.0104, "PDsExceedModerate": 0.0083, "PDsExceedExtensive": 0.0031, "FunctDay1": 99.2, "FunctDay3": 99.4, "FunctDay7": 99.6, "FunctDay14": 99.6, "FunctDay30": 99.7, "FunctDay90": 99.8, "EconLoss": 8955.7421875, "Name": "'CONTRA COSTA CANAL'", "City": "null", "State": "null" }, "geometry": { "type": "Point", "coordinates": [ -121.944431, 38.019331 ] } },
{ "type": "Feature", "properties": { "FacilityType": "HighwayBridge", "FacilityId": "CA007095", "Anchor": "null", "FoundationType": "null", "eqBldgType": "null", "DesignLevel": "null", "SoilType": "D", "LqfSusCat": 0, "LndSusCat": 0, "WaterDepth": 5.0, "Distance": "null", "PGA": 0.25617694854736328, "PGV": 8.608607292175293, "Sa03": 0.56298106908798218, "Sa10": 0.21416859328746796, "LqfSettlPGD": 0.0, "LqfSprPGD": 0.0, "LqfProb": 0.0, "LndPGD": 0.0, "LndProb": 0.0, "SufFltRuptPGD": 29.523393630981445, "SurfFltRuptProb": 0.5, "PDsNone": 0.9895, "PDsSlight": 0.0021, "PDsModerate": 0.0051, "PDsExtensive": 0.0026, "PDsComplete": 0.0005, "PDsExceedSlight": 0.0104, "PDsExceedModerate": 0.0083, "PDsExceedExtensive": 0.0031, "FunctDay1": 99.2, "FunctDay3": 99.4, "FunctDay7": 99.6, "FunctDay14": 99.6, "FunctDay30": 99.7, "FunctDay90": 99.8, "EconLoss": 2610.49853515625, "Name": "'CONTRA COSTA CANAL'", "City": "null", "State": "null" }, "geometry": { "type": "Point", "coordinates": [ -121.942942, 38.019864 ] } },
{ "type": "Feature", "properties": { "FacilityType": "HighwayBridge", "FacilityId": "CA007096", "Anchor": "null", "FoundationType": "null", "eqBldgType": "null", "DesignLevel": "null", "SoilType": "D", "LqfSusCat": 0, "LndSusCat": 0, "WaterDepth": 5.0, "Distance": "null", "PGA": 0.32494053244590759, "PGV": 14.086722373962402, "Sa03": 0.80031126737594604, "Sa10": 0.42130327224731445, "LqfSettlPGD": 0.0, "LqfSprPGD": 0.0, "LqfProb": 0.0, "LndPGD": 0.0, "LndProb": 0.0, "SufFltRuptPGD": 29.523393630981445, "SurfFltRuptProb": 0.5, "PDsNone": 0.897, "PDsSlight": 0.0, "PDsModerate": 0.048, "PDsExtensive": 0.0376, "PDsComplete": 0.0171, "PDsExceedSlight": 0.1029, "PDsExceedModerate": 0.1029, "PDsExceedExtensive": 0.0548, "FunctDay1": 91.2, "FunctDay3": 92.6, "FunctDay7": 94.5, "FunctDay14": 94.8, "FunctDay30": 95.0, "FunctDay90": 97.0, "EconLoss": 292123.5, "Name": "'CONTRA COSTA-S680 ON RMP'", "City": "null", "State": "null" }, "geometry": { "type": "Point", "coordinates": [ -122.060703, 37.939444 ] } },
{ "type": "Feature", "properties": { "FacilityType": "HighwayBridge", "FacilityId": "CA007097", "Anchor": "null", "FoundationType": "null", "eqBldgType": "null", "DesignLevel": "null", "SoilType": "D", "LqfSusCat": 0, "LndSusCat": 0, "WaterDepth": 5.0, "Distance": "null", "PGA": 0.32494053244590759, "PGV": 14.086722373962402, "Sa03": 0.80031126737594604, "Sa10": 0.42130327224731445, "LqfSettlPGD": 0.0, "LqfSprPGD": 0.0, "LqfProb": 0.0, "LndPGD": 0.0, "LndProb": 0.0, "SufFltRuptPGD": 29.523393630981445, "SurfFltRuptProb": 0.5, "PDsNone": 0.897, "PDsSlight": 0.0, "PDsModerate": 0.048, "PDsExtensive": 0.0376, "PDsComplete": 0.0171, "PDsExceedSlight": 0.1029, "PDsExceedModerate": 0.1029, "PDsExceedExtensive": 0.0548, "FunctDay1": 91.2, "FunctDay3": 92.6, "FunctDay7": 94.5, "FunctDay14": 94.8, "FunctDay30": 95.0, "FunctDay90": 97.0, "EconLoss": 147273.75, "Name": "'INTERSTATE 680'", "City": "null", "State": "null" }, "geometry": { "type": "Point", "coordinates": [ -122.059564, 37.940703 ] } },
{ "type": "Feature", "properties": { "FacilityType": "HighwayBridge", "FacilityId": "CA007098", "Anchor": "null", "FoundationType": "null", "eqBldgType": "null", "DesignLevel": "null", "SoilType": "D", "LqfSusCat": 0, "LndSusCat": 0, "WaterDepth": 5.0, "Distance": "null", "PGA": 0.28632470965385437, "PGV": 10.346205711364746, "Sa03": 0.65192687511444092, "Sa10": 0.27895393967628479, "LqfSettlPGD": 0.0, "LqfSprPGD": 0.0, "LqfProb": 0.0, "LndPGD": 0.0, "LndProb": 0.0, "SufFltRuptPGD": 29.523393630981445, "SurfFltRuptProb": 0.5, "PDsNone": 0.9612, "PDsSlight": 0.0, "PDsModerate": 0.0208, "PDsExtensive": 0.0134, "PDsComplete": 0.0044, "PDsExceedSlight": 0.0387, "PDsExceedModerate": 0.0387, "PDsExceedExtensive": 0.0178, "FunctDay1": 96.7, "FunctDay3": 97.3, "FunctDay7": 98.1, "FunctDay14": 98.3, "FunctDay30": 98.4, "FunctDay90": 99.1, "EconLoss": 62839.87109375, "Name": "'STATE ROUTE 4'", "City": "null", "State": "null" }, "geometry": { "type": "Point", "coordinates": [ -122.256697, 38.01395 ] } },
{ "type": "Feature", "properties": { "FacilityType": "HighwayBridge", "FacilityId": "CA007099", "Anchor": "null", "FoundationType": "null", "eqBldgType": "null", "DesignLevel": "null", "SoilType": "D", "LqfSusCat": 0, "LndSusCat": 0, "WaterDepth": 5.0, "Distance": "null", "PGA": 0.28216192126274109, "PGV": 10.506894111633301, "Sa03": 0.6519501805305481, "Sa10": 0.28619259595870972, "LqfSettlPGD": 0.0, "LqfSprPGD": 0.0, "LqfProb": 0.0, "LndPGD": 0.0, "LndProb": 0.0, "SufFltRuptPGD": 29.523393630981445, "SurfFltRuptProb": 0.5, "PDsNone": 0.8913, "PDsSlight": 0.0805, "PDsModerate": 0.0156, "PDsExtensive": 0.0109, "PDsComplete": 0.0014, "PDsExceedSlight": 0.1086, "PDsExceedModerate": 0.028, "PDsExceedExtensive": 0.0124, "FunctDay1": 95.6, "FunctDay3": 98.1, "FunctDay7": 98.7, "FunctDay14": 98.8, "FunctDay30": 98.8, "FunctDay90": 99.4, "EconLoss": 1285851.25, "Name": "'CARQUINEZ STRAITS  RR'", "City": "null", "State": "null" }, "geometry": { "type": "Point", "coordinates": [ -122.225958, 38.055956 ] } },
{ "type": "Feature", "properties": { "FacilityType": "HighwayBridge", "FacilityId": "CA007100", "Anchor": "null", "FoundationType": "null", "eqBldgType": "null", "DesignLevel": "null", "SoilType": "D", "LqfSusCat": 0, "LndSusCat": 0, "WaterDepth": 5.0, "Distance": "null", "PGA": 0.28914901614189148, "PGV": 9.8484163284301758, "Sa03": 0.64303761720657349, "Sa10": 0.26246479153633118, "LqfSettlPGD": 0.0, "LqfSprPGD": 0.0, "LqfProb": 0.0, "LndPGD": 0.0, "LndProb": 0.0, "SufFltRuptPGD": 29.523393630981445, "SurfFltRuptProb": 0.5, "PDsNone": 0.98, "PDsSlight": 0.0, "PDsModerate": 0.0115, "PDsExtensive": 0.0066, "PDsComplete": 0.0018, "PDsExceedSlight": 0.0199, "PDsExceedModerate": 0.0199, "PDsExceedExtensive": 0.0084, "FunctDay1": 98.3, "FunctDay3": 98.6, "FunctDay7": 99.1, "FunctDay14": 99.2, "FunctDay30": 99.2, "FunctDay90": 99.5, "EconLoss": 124923.2265625, "Name": "'UPRR MARINA VISTA MOCOCO'", "City": "null", "State": "null" }, "geometry": { "type": "Point", "coordinates": [ -122.109703, 38.024814 ] } },
{ "type": "Feature", "properties": { "FacilityType": "HighwayBridge", "FacilityId": "CA007101", "Anchor": "null", "FoundationType": "null", "eqBldgType": "null", "DesignLevel": "null", "SoilType": "D", "LqfSusCat": 0, "LndSusCat": 0, "WaterDepth": 5.0, "Distance": "null", "PGA": 0.2888011634349823, "PGV": 15.714386940002441, "Sa03": 0.76704096794128418, "Sa10": 0.52228081226348877, "LqfSettlPGD": 0.0, "LqfSprPGD": 0.0, "LqfProb": 0.0, "LndPGD": 0.0, "LndProb": 0.0, "SufFltRuptPGD": 29.523393630981445, "SurfFltRuptProb": 0.5, "PDsNone": 0.8177, "PDsSlight": 0.0, "PDsModerate": 0.0749, "PDsExtensive": 0.0678, "PDsComplete": 0.0393, "PDsExceedSlight": 0.1822, "PDsExceedModerate": 0.1822, "PDsExceedExtensive": 0.1072, "FunctDay1": 84.2, "FunctDay3": 86.4, "FunctDay7": 89.3, "FunctDay14": 89.8, "FunctDay30": 90.3, "FunctDay90": 93.9, "EconLoss": 75125.484375, "Name": "'MARSH WETLANDS'", "City": "null", "State": "null" }, "geometry": { "type": "Point", "coordinates": [ -122.109114, 38.025131 ] } },
{ "type": "Feature", "properties": { "FacilityType": "HighwayBridge", "FacilityId": "CA007102", "Anchor": "null", "FoundationType": "null", "eqBldgType": "null", "DesignLevel": "null", "SoilType": "D", "LqfSusCat": 0, "LndSusCat": 0, "WaterDepth": 5.0, "Distance": "null", "PGA": 0.28632470965385437, "PGV": 10.346205711364746, "Sa03": 0.65192687511444092, "Sa10": 0.27895393967628479, "LqfSettlPGD": 0.0, "LqfSprPGD": 0.0, "LqfProb": 0.0, "LndPGD": 0.0, "LndProb": 0.0, "SufFltRuptPGD": 29.523393630981445, "SurfFltRuptProb": 0.5, "PDsNone": 0.9745, "PDsSlight": 0.0, "PDsModerate": 0.0143, "PDsExtensive": 0.0085, "PDsComplete": 0.0025, "PDsExceedSlight": 0.0254, "PDsExceedModerate": 0.0254, "PDsExceedExtensive": 0.0111, "FunctDay1": 97.9, "FunctDay3": 98.3, "FunctDay7": 98.8, "FunctDay14": 98.9, "FunctDay30": 99.0, "FunctDay90": 99.4, "EconLoss": 16480.701171875, "Name": "'STATE ROUTE 4'", "City": "null", "State": "null" }, "geometry": { "type": "Point", "coordinates": [ -122.244883, 38.015414 ] } },
{ "type": "Feature", "properties": { "FacilityType": "HighwayBridge", "FacilityId": "CA007103", "Anchor": "null", "FoundationType": "null", "eqBldgType": "null", "DesignLevel": "null", "SoilType": "D", "LqfSusCat": 0, "LndSusCat": 0, "WaterDepth": 5.0, "Distance": "null", "PGA": 0.29472509026527405, "PGV": 10.590834617614746, "Sa03": 0.6696973443031311, "Sa10": 0.28908199071884155, "LqfSettlPGD": 0.0, "LqfSprPGD": 0.0, "LqfProb": 0.0, "LndPGD": 0.0, "LndProb": 0.0, "SufFltRuptPGD": 29.523393630981445, "SurfFltRuptProb": 0.5, "PDsNone": 0.9708, "PDsSlight": 0.0, "PDsModerate": 0.0162, "PDsExtensive": 0.0099, "PDsComplete": 0.003, "PDsExceedSlight": 0.0291, "PDsExceedModerate": 0.0291, "PDsExceedExtensive": 0.0129, "FunctDay1": 97.5, "FunctDay3": 98.0, "FunctDay7": 98.6, "FunctDay14": 98.7, "FunctDay30": 98.8, "FunctDay90": 99.3, "EconLoss": 112188.8828125, "Name": "'BNSF RY & AMTRAK'", "City": "null", "State": "null" }, "geometry": { "type": "Point", "coordinates": [ -122.212781, 38.008164 ] } },
{ "type": "Feature", "properties": { "FacilityType": "HighwayBridge", "FacilityId": "CA007104", "Anchor": "null", "FoundationType": "null", "eqBldgType": "null", "DesignLevel": "null", "SoilType": "D", "LqfSusCat": 0, "LndSusCat": 0, "WaterDepth": 5.0, "Distance": "null", "PGA": 0.29472509026527405, "PGV": 10.590834617614746, "Sa03": 0.6696973443031311, "Sa10": 0.28908199071884155, "LqfSettlPGD": 0.0, "LqfSprPGD": 0.0, "LqfProb": 0.0, "LndPGD": 0.0, "LndProb": 0.0, "SufFltRuptPGD": 29.523393630981445, "SurfFltRuptProb": 0.5, "PDsNone": 0.9551, "PDsSlight": 0.0254, "PDsModerate": 0.0105, "PDsExtensive": 0.0073, "PDsComplete": 0.0015, "PDsExceedSlight": 0.0448, "PDsExceedModerate": 0.0194, "PDsExceedExtensive": 0.0089, "FunctDay1": 97.7, "FunctDay3": 98.6, "FunctDay7": 99.0, "FunctDay14": 99.1, "FunctDay30": 99.2, "FunctDay90": 99.5, "EconLoss": 3116.0673828125, "Name": "'PRIVATE ACCESS ROAD'", "City": "null", "State": "null" }, "geometry": { "type": "Point", "coordinates": [ -122.2063, 38.009089 ] } },
{ "type": "Feature", "properties": { "FacilityType": "HighwayBridge", "FacilityId": "CA007105", "Anchor": "null", "FoundationType": "null", "eqBldgType": "null", "DesignLevel": "null", "SoilType": "D", "LqfSusCat": 0, "LndSusCat": 0, "WaterDepth": 5.0, "Distance": "null", "PGA": 0.26758855581283569, "PGV": 11.357602119445801, "Sa03": 0.65700381994247437, "Sa10": 0.31031322479248047, "LqfSettlPGD": 0.0, "LqfSprPGD": 0.0, "LqfProb": 0.0, "LndPGD": 0.0, "LndProb": 0.0, "SufFltRuptPGD": 29.523393630981445, "SurfFltRuptProb": 0.5, "PDsNone": 0.962, "PDsSlight": 0.0, "PDsModerate": 0.0205, "PDsExtensive": 0.0131, "PDsComplete": 0.0043, "PDsExceedSlight": 0.0379, "PDsExceedModerate": 0.0379, "PDsExceedExtensive": 0.0174, "FunctDay1": 96.8, "FunctDay3": 97.4, "FunctDay7": 98.2, "FunctDay14": 98.3, "FunctDay30": 98.4, "FunctDay90": 99.1, "EconLoss": 2089.4052734375, "Name": "'HILLSIDE'", "City": "null", "State": "null" }, "geometry": { "type": "Point", "coordinates": [ -122.396642, 37.932786 ] } },
{ "type": "Feature", "properties": { "FacilityType": "HighwayBridge", "FacilityId": "CA007106", "Anchor": "null", "FoundationType": "null", "eqBldgType": "null", "DesignLevel": "null", "SoilType": "D", "LqfSusCat": 0, "LndSusCat": 0, "WaterDepth": 5.0, "Distance": "null", "PGA": 0.28216192126274109, "PGV": 10.506894111633301, "Sa03": 0.6519501805305481, "Sa10": 0.28619259595870972, "LqfSettlPGD": 0.0, "LqfSprPGD": 0.0, "LqfProb": 0.0, "LndPGD": 0.0, "LndProb": 0.0, "SufFltRuptPGD": 29.523393630981445, "SurfFltRuptProb": 0.5, "PDsNone": 0.9719, "PDsSlight": 0.0, "PDsModerate": 0.0156, "PDsExtensive": 0.0095, "PDsComplete": 0.0028, "PDsExceedSlight": 0.028, "PDsExceedModerate": 0.028, "PDsExceedExtensive": 0.0124, "FunctDay1": 97.6, "FunctDay3": 98.1, "FunctDay7": 98.7, "FunctDay14": 98.8, "FunctDay30": 98.8, "FunctDay90": 99.3, "EconLoss": 255192.46875, "Name": "'SAN PABLO  ETC.  UP RR'", "City": "null", "State": "null" }, "geometry": { "type": "Point", "coordinates": [ -122.228114, 38.052517 ] } },
{ "type": "Feature", "properties": { "FacilityType": "HighwayBridge", "FacilityId": "CA007107", "Anchor": "null", "FoundationType": "null", "eqBldgType": "null", "DesignLevel": "null", "SoilType": "D", "LqfSusCat": 0, "LndSusCat": 0, "WaterDepth": 5.0, "Distance": "null", "PGA": 0.28216192126274109, "PGV": 10.506894111633301, "Sa03": 0.6519501805305481, "Sa10": 0.28619259595870972, "LqfSettlPGD": 0.0, "LqfSprPGD": 0.0, "LqfProb": 0.0, "LndPGD": 0.0, "LndProb": 0.0, "SufFltRuptPGD": 29.523393630981445, "SurfFltRuptProb": 0.5, "PDsNone": 0.9719, "PDsSlight": 0.0, "PDsModerate": 0.0156, "PDsExtensive": 0.0095, "PDsComplete": 0.0028, "PDsExceedSlight": 0.028, "PDsExceedModerate": 0.028, "PDsExceedExtensive": 0.0124, "FunctDay1": 97.6, "FunctDay3": 98.1, "FunctDay7": 98.7, "FunctDay14": 98.8, "FunctDay30": 98.8, "FunctDay90": 99.3, "EconLoss": 58395.60546875, "Name": "'WANDA  POMONA  VIRGINIA'", "City": "null", "State": "null" }, "geometry": { "type": "Point", "coordinates": [ -122.228322, 38.052678 ] } },
{ "type": "Feature", "properties": { "FacilityType": "HighwayBridge", "FacilityId": "CA007108", "Anchor": "null", "FoundationType": "null", "eqBldgType": "null", "DesignLevel": "null", "SoilType": "D", "LqfSusCat": 0, "LndSusCat": 0, "WaterDepth": 5.0, "Distance": "null", "PGA": 0.28216192126274109, "PGV": 10.506894111633301, "Sa03": 0.6519501805305481, "Sa10": 0.28619259595870972, "LqfSettlPGD": 0.0, "LqfSprPGD": 0.0, "LqfProb": 0.0, "LndPGD": 0.0, "LndProb": 0.0, "SufFltRuptPGD": 29.523393630981445, "SurfFltRuptProb": 0.5, "PDsNone": 0.9719, "PDsSlight": 0.0, "PDsModerate": 0.0156, "PDsExtensive": 0.0095, "PDsComplete": 0.0028, "PDsExceedSlight": 0.028, "PDsExceedModerate": 0.028, "PDsExceedExtensive": 0.0124, "FunctDay1": 97.6, "FunctDay3": 98.1, "FunctDay7": 98.7, "FunctDay14": 98.8, "FunctDay30": 98.8, "FunctDay90": 99.3, "EconLoss": 80386.8828125, "Name": "'POMONA ST  WANDA ST'", "City": "null", "State": "null" }, "geometry": { "type": "Point", "coordinates": [ -122.227917, 38.052036 ] } },
{ "type": "Feature", "properties": { "FacilityType": "HighwayBridge", "FacilityId": "CA007109", "Anchor": "null", "FoundationType": "null", "eqBldgType": "null", "DesignLevel": "null", "SoilType": "D", "LqfSusCat": 0, "LndSusCat": 0, "WaterDepth": 5.0, "Distance": "null", "PGA": 0.28216192126274109, "PGV": 10.506894111633301, "Sa03": 0.6519501805305481, "Sa10": 0.28619259595870972, "LqfSettlPGD": 0.0, "LqfSprPGD": 0.0, "LqfProb": 0.0, "LndPGD": 0.0, "LndProb": 0.0, "SufFltRuptPGD": 29.523393630981445, "SurfFltRuptProb": 0.5, "PDsNone": 0.9719, "PDsSlight": 0.0, "PDsModerate": 0.0156, "PDsExtensive": 0.0095, "PDsComplete": 0.0028, "PDsExceedSlight": 0.028, "PDsExceedModerate": 0.028, "PDsExceedExtensive": 0.0124, "FunctDay1": 97.6, "FunctDay3": 98.1, "FunctDay7": 98.7, "FunctDay14": 98.8, "FunctDay30": 98.8, "FunctDay90": 99.3, "EconLoss": 44325.6015625, "Name": "'DOWRELIO DR'", "City": "null", "State": "null" }, "geometry": { "type": "Point", "coordinates": [ -122.227803, 38.054481 ] } },
{ "type": "Feature", "properties": { "FacilityType": "HighwayBridge", "FacilityId": "CA007110", "Anchor": "null", "FoundationType": "null", "eqBldgType": "null", "DesignLevel": "null", "SoilType": "D", "LqfSusCat": 0, "LndSusCat": 0, "WaterDepth": 5.0, "Distance": "null", "PGA": 0.28632470965385437, "PGV": 10.346205711364746, "Sa03": 0.65192687511444092, "Sa10": 0.27895393967628479, "LqfSettlPGD": 0.0, "LqfSprPGD": 0.0, "LqfProb": 0.0, "LndPGD": 0.0, "LndProb": 0.0, "SufFltRuptPGD": 29.523393630981445, "SurfFltRuptProb": 0.5, "PDsNone": 0.9604, "PDsSlight": 0.0228, "PDsModerate": 0.0091, "PDsExtensive": 0.0062, "PDsComplete": 0.0012, "PDsExceedSlight": 0.0395, "PDsExceedModerate": 0.0166, "PDsExceedExtensive": 0.0075, "FunctDay1": 98.0, "FunctDay3": 98.8, "FunctDay7": 99.2, "FunctDay14": 99.2, "FunctDay30": 99.3, "FunctDay90": 99.6, "EconLoss": 9606.181640625, "Name": "'FRANKLIN CANYON RD'", "City": "null", "State": "null" }, "geometry": { "type": "Point", "coordinates": [ -122.228517, 38.010167 ] } },
{ "type": "Feature", "properties": { "FacilityType": "HighwayBridge", "FacilityId": "CA007111", "Anchor": "null", "FoundationType": "null", "eqBldgType": "null", "DesignLevel": "null", "SoilType": "D", "LqfSusCat": 0, "LndSusCat": 0, "WaterDepth": 5.0, "Distance": "null", "PGA": 0.22118863463401794, "PGV": 8.6739597320556641, "Sa03": 0.544208824634552, "Sa10": 0.24509868025779724, "LqfSettlPGD": 0.0, "LqfSprPGD": 0.0, "LqfProb": 0.0, "LndPGD": 0.0, "LndProb": 0.0, "SufFltRuptPGD": 29.523393630981445, "SurfFltRuptProb": 0.5, "PDsNone": 0.9756, "PDsSlight": 0.0147, "PDsModerate": 0.0054, "PDsExtensive": 0.0034, "PDsComplete": 0.0006, "PDsExceedSlight": 0.0243, "PDsExceedModerate": 0.0095, "PDsExceedExtensive": 0.004, "FunctDay1": 98.8, "FunctDay3": 99.3, "FunctDay7": 99.5, "FunctDay14": 99.5, "FunctDay30": 99.6, "FunctDay90": 99.7, "EconLoss": 7013.17333984375, "Name": "'SAN JOSE AVENUE'", "City": "null", "State": "null" }, "geometry": { "type": "Point", "coordinates": [ -121.739792, 37.940011 ] } },
{ "type": "Feature", "properties": { "FacilityType": "HighwayBridge", "FacilityId": "CA007112", "Anchor": "null", "FoundationType": "null", "eqBldgType": "null", "DesignLevel": "null", "SoilType": "D", "LqfSusCat": 0, "LndSusCat": 0, "WaterDepth": 5.0, "Distance": "null", "PGA": 0.22118863463401794, "PGV": 8.6739597320556641, "Sa03": 0.544208824634552, "Sa10": 0.24509868025779724, "LqfSettlPGD": 0.0, "LqfSprPGD": 0.0, "LqfProb": 0.0, "LndPGD": 0.0, "LndProb": 0.0, "SufFltRuptPGD": 29.523393630981445, "SurfFltRuptProb": 0.5, "PDsNone": 0.9756, "PDsSlight": 0.0133, "PDsModerate": 0.0062, "PDsExtensive": 0.0039, "PDsComplete": 0.0007, "PDsExceedSlight": 0.0243, "PDsExceedModerate": 0.0109, "PDsExceedExtensive": 0.0047, "FunctDay1": 98.7, "FunctDay3": 99.2, "FunctDay7": 99.5, "FunctDay14": 99.5, "FunctDay30": 99.5, "FunctDay90": 99.7, "EconLoss": 8011.224609375, "Name": "'SAN JOSE AVENUE'", "City": "null", "State": "null" }, "geometry": { "type": "Point", "coordinates": [ -121.740258, 37.940003 ] } },
{ "type": "Feature", "properties": { "FacilityType": "HighwayBridge", "FacilityId": "CA007113", "Anchor": "null", "FoundationType": "null", "eqBldgType": "null", "DesignLevel": "null", "SoilType": "D", "LqfSusCat": 0, "LndSusCat": 0, "WaterDepth": 5.0, "Distance": "null", "PGA": 0.22118863463401794, "PGV": 8.6739597320556641, "Sa03": 0.544208824634552, "Sa10": 0.24509868025779724, "LqfSettlPGD": 0.0, "LqfSprPGD": 0.0, "LqfProb": 0.0, "LndPGD": 0.0, "LndProb": 0.0, "SufFltRuptPGD": 29.523393630981445, "SurfFltRuptProb": 0.5, "PDsNone": 0.9756, "PDsSlight": 0.0147, "PDsModerate": 0.0054, "PDsExtensive": 0.0034, "PDsComplete": 0.0006, "PDsExceedSlight": 0.0243, "PDsExceedModerate": 0.0095, "PDsExceedExtensive": 0.004, "FunctDay1": 98.8, "FunctDay3": 99.3, "FunctDay7": 99.5, "FunctDay14": 99.5, "FunctDay30": 99.6, "FunctDay90": 99.7, "EconLoss": 5775.376953125, "Name": "'SAND CREEK'", "City": "null", "State": "null" }, "geometry": { "type": "Point", "coordinates": [ -121.743306, 37.947403 ] } },
{ "type": "Feature", "properties": { "FacilityType": "HighwayBridge", "FacilityId": "CA007114", "Anchor": "null", "FoundationType": "null", "eqBldgType": "null", "DesignLevel": "null", "SoilType": "D", "LqfSusCat": 0, "LndSusCat": 0, "WaterDepth": 5.0, "Distance": "null", "PGA": 0.22118863463401794, "PGV": 8.6739597320556641, "Sa03": 0.544208824634552, "Sa10": 0.24509868025779724, "LqfSettlPGD": 0.0, "LqfSprPGD": 0.0, "LqfProb": 0.0, "LndPGD": 0.0, "LndProb": 0.0, "SufFltRuptPGD": 29.523393630981445, "SurfFltRuptProb": 0.5, "PDsNone": 0.9756, "PDsSlight": 0.0144, "PDsModerate": 0.0056, "PDsExtensive": 0.0035, "PDsComplete": 0.0006, "PDsExceedSlight": 0.0243, "PDsExceedModerate": 0.0098, "PDsExceedExtensive": 0.0042, "FunctDay1": 98.8, "FunctDay3": 99.3, "FunctDay7": 99.5, "FunctDay14": 99.5, "FunctDay30": 99.6, "FunctDay90": 99.7, "EconLoss": 7404.90478515625, "Name": "'SAND CREEK'", "City": "null", "State": "null" }, "geometry": { "type": "Point", "coordinates": [ -121.743778, 37.947147 ] } },
{ "type": "Feature", "properties": { "FacilityType": "HighwayBridge", "FacilityId": "CA007115", "Anchor": "null", "FoundationType": "null", "eqBldgType": "null", "DesignLevel": "null", "SoilType": "D", "LqfSusCat": 0, "LndSusCat": 0, "WaterDepth": 5.0, "Distance": "null", "PGA": 0.22118863463401794, "PGV": 8.6739597320556641, "Sa03": 0.544208824634552, "Sa10": 0.24509868025779724, "LqfSettlPGD": 0.0, "LqfSprPGD": 0.0, "LqfProb": 0.0, "LndPGD": 0.0, "LndProb": 0.0, "SufFltRuptPGD": 29.523393630981445, "SurfFltRuptProb": 0.5, "PDsNone": 0.9828, "PDsSlight": 0.0, "PDsModerate": 0.01, "PDsExtensive": 0.0056, "PDsComplete": 0.0015, "PDsExceedSlight": 0.0171, "PDsExceedModerate": 0.0171, "PDsExceedExtensive": 0.0071, "FunctDay1": 98.5, "FunctDay3": 98.8, "FunctDay7": 99.2, "FunctDay14": 99.3, "FunctDay30": 99.3, "FunctDay90": 99.6, "EconLoss": 15373.2158203125, "Name": "'SAND CREEK ROAD'", "City": "null", "State": "null" }, "geometry": { "type": "Point", "coordinates": [ -121.741511, 37.943853 ] } },
{ "type": "Feature", "properties": { "FacilityType": "HighwayBridge", "FacilityId": "CA007116", "Anchor": "null", "FoundationType": "null", "eqBldgType": "null", "DesignLevel": "null", "SoilType": "D", "LqfSusCat": 0, "LndSusCat": 0, "WaterDepth": 5.0, "Distance": "null", "PGA": 0.22118863463401794, "PGV": 8.6739597320556641, "Sa03": 0.544208824634552, "Sa10": 0.24509868025779724, "LqfSettlPGD": 0.0, "LqfSprPGD": 0.0, "LqfProb": 0.0, "LndPGD": 0.0, "LndProb": 0.0, "SufFltRuptPGD": 29.523393630981445, "SurfFltRuptProb": 0.5, "PDsNone": 0.9825, "PDsSlight": 0.0, "PDsModerate": 0.0101, "PDsExtensive": 0.0057, "PDsComplete": 0.0015, "PDsExceedSlight": 0.0174, "PDsExceedModerate": 0.0174, "PDsExceedExtensive": 0.0072, "FunctDay1": 98.5, "FunctDay3": 98.8, "FunctDay7": 99.2, "FunctDay14": 99.3, "FunctDay30": 99.3, "FunctDay90": 99.6, "EconLoss": 18154.642578125, "Name": "'SAND CREEK ROAD'", "City": "null", "State": "null" }, "geometry": { "type": "Point", "coordinates": [ -121.742081, 37.943769 ] } },
{ "type": "Feature", "properties": { "FacilityType": "HighwayBridge", "FacilityId": "CA007117", "Anchor": "null", "FoundationType": "null", "eqBldgType": "null", "DesignLevel": "null", "SoilType": "D", "LqfSusCat": 0, "LndSusCat": 0, "WaterDepth": 5.0, "Distance": "null", "PGA": 0.25753375887870789, "PGV": 9.6131410598754883, "Sa03": 0.61345106363296509, "Sa10": 0.25921157002449036, "LqfSettlPGD": 0.0, "LqfSprPGD": 0.0, "LqfProb": 0.0, "LndPGD": 0.0, "LndProb": 0.0, "SufFltRuptPGD": 29.523393630981445, "SurfFltRuptProb": 0.5, "PDsNone": 0.9799, "PDsSlight": 0.0, "PDsModerate": 0.0115, "PDsExtensive": 0.0066, "PDsComplete": 0.0018, "PDsExceedSlight": 0.02, "PDsExceedModerate": 0.02, "PDsExceedExtensive": 0.0084, "FunctDay1": 98.3, "FunctDay3": 98.6, "FunctDay7": 99.1, "FunctDay14": 99.1, "FunctDay30": 99.2, "FunctDay90": 99.5, "EconLoss": 46259.01171875, "Name": "'STATE ROUTE 4'", "City": "null", "State": "null" }, "geometry": { "type": "Point", "coordinates": [ -121.882939, 38.015744 ] } },
{ "type": "Feature", "properties": { "FacilityType": "HighwayBridge", "FacilityId": "CA007118", "Anchor": "null", "FoundationType": "null", "eqBldgType": "null", "DesignLevel": "null", "SoilType": "D", "LqfSusCat": 0, "LndSusCat": 0, "WaterDepth": 5.0, "Distance": "null", "PGA": 0.25753375887870789, "PGV": 9.6131410598754883, "Sa03": 0.61345106363296509, "Sa10": 0.25921157002449036, "LqfSettlPGD": 0.0, "LqfSprPGD": 0.0, "LqfProb": 0.0, "LndPGD": 0.0, "LndProb": 0.0, "SufFltRuptPGD": 29.523393630981445, "SurfFltRuptProb": 0.5, "PDsNone": 0.9809, "PDsSlight": 0.0, "PDsModerate": 0.011, "PDsExtensive": 0.0062, "PDsComplete": 0.0017, "PDsExceedSlight": 0.019, "PDsExceedModerate": 0.019, "PDsExceedExtensive": 0.008, "FunctDay1": 98.4, "FunctDay3": 98.7, "FunctDay7": 99.1, "FunctDay14": 99.2, "FunctDay30": 99.2, "FunctDay90": 99.6, "EconLoss": 58842.43359375, "Name": "'STATE ROUTE 4'", "City": "null", "State": "null" }, "geometry": { "type": "Point", "coordinates": [ -121.889528, 38.017358 ] } },
{ "type": "Feature", "properties": { "FacilityType": "HighwayBridge", "FacilityId": "CA007119", "Anchor": "null", "FoundationType": "null", "eqBldgType": "null", "DesignLevel": "null", "SoilType": "D", "LqfSusCat": 0, "LndSusCat": 0, "WaterDepth": 5.0, "Distance": "null", "PGA": 0.28216192126274109, "PGV": 10.506894111633301, "Sa03": 0.6519501805305481, "Sa10": 0.28619259595870972, "LqfSettlPGD": 0.0, "LqfSprPGD": 0.0, "LqfProb": 0.0, "LndPGD": 0.0, "LndProb": 0.0, "SufFltRuptPGD": 29.523393630981445, "SurfFltRuptProb": 0.5, "PDsNone": 0.968, "PDsSlight": 0.0, "PDsModerate": 0.0176, "PDsExtensive": 0.0109, "PDsComplete": 0.0034, "PDsExceedSlight": 0.0319, "PDsExceedModerate": 0.0319, "PDsExceedExtensive": 0.0143, "FunctDay1": 97.3, "FunctDay3": 97.8, "FunctDay7": 98.5, "FunctDay14": 98.6, "FunctDay30": 98.7, "FunctDay90": 99.2, "EconLoss": 24725.958984375, "Name": "'INTERSTATE 80'", "City": "null", "State": "null" }, "geometry": { "type": "Point", "coordinates": [ -122.255675, 38.030186 ] } },
{ "type": "Feature", "properties": { "FacilityType": "HighwayBridge", "FacilityId": "CA007120", "Anchor": "null", "FoundationType": "null", "eqBldgType": "null", "DesignLevel": "null", "SoilType": "D", "LqfSusCat": 0, "LndSusCat": 0, "WaterDepth": 5.0, "Distance": "null", "PGA": 0.21277272701263428, "PGV": 8.3652181625366211, "Sa03": 0.52310192584991455, "Sa10": 0.23649340867996216, "LqfSettlPGD": 0.0, "LqfSprPGD": 0.0, "LqfProb": 0.0, "LndPGD": 0.0, "LndProb": 0.0, "SufFltRuptPGD": 29.523393630981445, "SurfFltRuptProb": 0.5, "PDsNone": 0.9852, "PDsSlight": 0.0, "PDsModerate": 0.0087, "PDsExtensive": 0.0048, "PDsComplete": 0.0012, "PDsExceedSlight": 0.0147, "PDsExceedModerate": 0.0147, "PDsExceedExtensive": 0.006, "FunctDay1": 98.7, "FunctDay3": 99.0, "FunctDay7": 99.3, "FunctDay14": 99.4, "FunctDay30": 99.4, "FunctDay90": 99.7, "EconLoss": 17340.673828125, "Name": "'STATE ROUTE 4'", "City": "null", "State": "null" }, "geometry": { "type": "Point", "coordinates": [ -121.758681, 37.990767 ] } },
{ "type": "Feature", "properties": { "FacilityType": "HighwayBridge", "FacilityId": "CA007121", "Anchor": "null", "FoundationType": "null", "eqBldgType": "null", "DesignLevel": "null", "SoilType": "D", "LqfSusCat": 0, "LndSusCat": 0, "WaterDepth": 5.0, "Distance": "null", "PGA": 0.21277272701263428, "PGV": 8.3652181625366211, "Sa03": 0.52310192584991455, "Sa10": 0.23649340867996216, "LqfSettlPGD": 0.0, "LqfSprPGD": 0.0, "LqfProb": 0.0, "LndPGD": 0.0, "LndProb": 0.0, "SufFltRuptPGD": 29.523393630981445, "SurfFltRuptProb": 0.5, "PDsNone": 0.9824, "PDsSlight": 0.0, "PDsModerate": 0.0102, "PDsExtensive": 0.0057, "PDsComplete": 0.0015, "PDsExceedSlight": 0.0175, "PDsExceedModerate": 0.0175, "PDsExceedExtensive": 0.0073, "FunctDay1": 98.5, "FunctDay3": 98.8, "FunctDay7": 99.2, "FunctDay14": 99.3, "FunctDay30": 99.3, "FunctDay90": 99.6, "EconLoss": 45066.09765625, "Name": "'CONTRA COSTA CANAL'", "City": "null", "State": "null" }, "geometry": { "type": "Point", "coordinates": [ -121.747508, 37.983636 ] } },
{ "type": "Feature", "properties": { "FacilityType": "HighwayBridge", "FacilityId": "CA007122", "Anchor": "null", "FoundationType": "null", "eqBldgType": "null", "DesignLevel": "null", "SoilType": "D", "LqfSusCat": 0, "LndSusCat": 0, "WaterDepth": 5.0, "Distance": "null", "PGA": 0.21277272701263428, "PGV": 8.3652181625366211, "Sa03": 0.52310192584991455, "Sa10": 0.23649340867996216, "LqfSettlPGD": 0.0, "LqfSprPGD": 0.0, "LqfProb": 0.0, "LndPGD": 0.0, "LndProb": 0.0, "SufFltRuptPGD": 29.523393630981445, "SurfFltRuptProb": 0.5, "PDsNone": 0.9834, "PDsSlight": 0.0, "PDsModerate": 0.0096, "PDsExtensive": 0.0054, "PDsComplete": 0.0014, "PDsExceedSlight": 0.0165, "PDsExceedModerate": 0.0165, "PDsExceedExtensive": 0.0068, "FunctDay1": 98.6, "FunctDay3": 98.9, "FunctDay7": 99.2, "FunctDay14": 99.3, "FunctDay30": 99.3, "FunctDay90": 99.6, "EconLoss": 36258.60546875, "Name": "'CONTRA COSTA CANAL'", "City": "null", "State": "null" }, "geometry": { "type": "Point", "coordinates": [ -121.747894, 37.983633 ] } },
{ "type": "Feature", "properties": { "FacilityType": "HighwayBridge", "FacilityId": "CA007123", "Anchor": "null", "FoundationType": "null", "eqBldgType": "null", "DesignLevel": "null", "SoilType": "D", "LqfSusCat": 0, "LndSusCat": 0, "WaterDepth": 5.0, "Distance": "null", "PGA": 0.21277272701263428, "PGV": 8.3652181625366211, "Sa03": 0.52310192584991455, "Sa10": 0.23649340867996216, "LqfSettlPGD": 0.0, "LqfSprPGD": 0.0, "LqfProb": 0.0, "LndPGD": 0.0, "LndProb": 0.0, "SufFltRuptPGD": 29.523393630981445, "SurfFltRuptProb": 0.5, "PDsNone": 0.9866, "PDsSlight": 0.0, "PDsModerate": 0.0079, "PDsExtensive": 0.0042, "PDsComplete": 0.001, "PDsExceedSlight": 0.0133, "PDsExceedModerate": 0.0133, "PDsExceedExtensive": 0.0053, "FunctDay1": 98.9, "FunctDay3": 99.1, "FunctDay7": 99.4, "FunctDay14": 99.4, "FunctDay30": 99.5, "FunctDay90": 99.7, "EconLoss": 28511.720703125, "Name": "'STATE ROUTE 4'", "City": "null", "State": "null" }, "geometry": { "type": "Point", "coordinates": [ -121.743867, 37.979225 ] } },
{ "type": "Feature", "properties": { "FacilityType": "HighwayBridge", "FacilityId": "CA007124", "Anchor": "null", "FoundationType": "null", "eqBldgType": "null", "DesignLevel": "null", "SoilType": "D", "LqfSusCat": 0, "LndSusCat": 0, "WaterDepth": 5.0, "Distance": "null", "PGA": 0.22118863463401794, "PGV": 8.6739597320556641, "Sa03": 0.544208824634552, "Sa10": 0.24509868025779724, "LqfSettlPGD": 0.0, "LqfSprPGD": 0.0, "LqfProb": 0.0, "LndPGD": 0.0, "LndProb": 0.0, "SufFltRuptPGD": 29.523393630981445, "SurfFltRuptProb": 0.5, "PDsNone": 0.9804, "PDsSlight": 0.0, "PDsModerate": 0.0112, "PDsExtensive": 0.0064, "PDsComplete": 0.0017, "PDsExceedSlight": 0.0195, "PDsExceedModerate": 0.0195, "PDsExceedExtensive": 0.0082, "FunctDay1": 98.3, "FunctDay3": 98.7, "FunctDay7": 99.1, "FunctDay14": 99.2, "FunctDay30": 99.2, "FunctDay90": 99.5, "EconLoss": 29233.771484375, "Name": "'LONE TREE WAY'", "City": "null", "State": "null" }, "geometry": { "type": "Point", "coordinates": [ -121.742664, 37.961919 ] } },
{ "type": "Feature", "properties": { "FacilityType": "HighwayBridge", "FacilityId": "CA007125", "Anchor": "null", "FoundationType": "null", "eqBldgType": "null", "DesignLevel": "null", "SoilType": "D", "LqfSusCat": 0, "LndSusCat": 0, "WaterDepth": 5.0, "Distance": "null", "PGA": 0.22118863463401794, "PGV": 8.6739597320556641, "Sa03": 0.544208824634552, "Sa10": 0.24509868025779724, "LqfSettlPGD": 0.0, "LqfSprPGD": 0.0, "LqfProb": 0.0, "LndPGD": 0.0, "LndProb": 0.0, "SufFltRuptPGD": 29.523393630981445, "SurfFltRuptProb": 0.5, "PDsNone": 0.9808, "PDsSlight": 0.0, "PDsModerate": 0.011, "PDsExtensive": 0.0063, "PDsComplete": 0.0017, "PDsExceedSlight": 0.0191, "PDsExceedModerate": 0.0191, "PDsExceedExtensive": 0.008, "FunctDay1": 98.4, "FunctDay3": 98.7, "FunctDay7": 99.1, "FunctDay14": 99.2, "FunctDay30": 99.2, "FunctDay90": 99.6, "EconLoss": 21177.85546875, "Name": "'LONE TREE WAY'", "City": "null", "State": "null" }, "geometry": { "type": "Point", "coordinates": [ -121.743183, 37.961894 ] } },
{ "type": "Feature", "properties": { "FacilityType": "HighwayBridge", "FacilityId": "CA007126", "Anchor": "null", "FoundationType": "null", "eqBldgType": "null", "DesignLevel": "null", "SoilType": "D", "LqfSusCat": 0, "LndSusCat": 0, "WaterDepth": 5.0, "Distance": "null", "PGA": 0.21633027493953705, "PGV": 8.5382785797119141, "Sa03": 0.53441286087036133, "Sa10": 0.24253241717815399, "LqfSettlPGD": 0.0, "LqfSprPGD": 0.0, "LqfProb": 0.0, "LndPGD": 0.0, "LndProb": 0.0, "SufFltRuptPGD": 29.523393630981445, "SurfFltRuptProb": 0.5, "PDsNone": 0.9766, "PDsSlight": 0.0142, "PDsModerate": 0.0052, "PDsExtensive": 0.0032, "PDsComplete": 0.0005, "PDsExceedSlight": 0.0233, "PDsExceedModerate": 0.0091, "PDsExceedExtensive": 0.0038, "FunctDay1": 98.8, "FunctDay3": 99.3, "FunctDay7": 99.5, "FunctDay14": 99.6, "FunctDay30": 99.6, "FunctDay90": 99.8, "EconLoss": 7192.8876953125, "Name": "'STATE ROUTE 4'", "City": "null", "State": "null" }, "geometry": { "type": "Point", "coordinates": [ -121.724714, 37.90655 ] } },
{ "type": "Feature", "properties": { "FacilityType": "HighwayBridge", "FacilityId": "CA007127", "Anchor": "null", "FoundationType": "null", "eqBldgType": "null", "DesignLevel": "null", "SoilType": "D", "LqfSusCat": 0, "LndSusCat": 0, "WaterDepth": 5.0, "Distance": "null", "PGA": 0.21633027493953705, "PGV": 8.5382785797119141, "Sa03": 0.53441286087036133, "Sa10": 0.24253241717815399, "LqfSettlPGD": 0.0, "LqfSprPGD": 0.0, "LqfProb": 0.0, "LndPGD": 0.0, "LndProb": 0.0, "SufFltRuptPGD": 29.523393630981445, "SurfFltRuptProb": 0.5, "PDsNone": 0.9766, "PDsSlight": 0.0128, "PDsModerate": 0.0059, "PDsExtensive": 0.0037, "PDsComplete": 0.0007, "PDsExceedSlight": 0.0233, "PDsExceedModerate": 0.0104, "PDsExceedExtensive": 0.0044, "FunctDay1": 98.8, "FunctDay3": 99.2, "FunctDay7": 99.5, "FunctDay14": 99.5, "FunctDay30": 99.5, "FunctDay90": 99.7, "EconLoss": 12236.783203125, "Name": "'MARSH CREEK'", "City": "null", "State": "null" }, "geometry": { "type": "Point", "coordinates": [ -121.717183, 37.898522 ] } },
{ "type": "Feature", "properties": { "FacilityType": "HighwayBridge", "FacilityId": "CA007128", "Anchor": "null", "FoundationType": "null", "eqBldgType": "null", "DesignLevel": "null", "SoilType": "D", "LqfSusCat": 0, "LndSusCat": 0, "WaterDepth": 5.0, "Distance": "null", "PGA": 0.24465948343276978, "PGV": 9.4923553466796875, "Sa03": 0.5979543924331665, "Sa10": 0.26503649353981018, "LqfSettlPGD": 0.0, "LqfSprPGD": 0.0, "LqfProb": 0.0, "LndPGD": 0.0, "LndProb": 0.0, "SufFltRuptPGD": 29.523393630981445, "SurfFltRuptProb": 0.5, "PDsNone": 0.9585, "PDsSlight": 0.0, "PDsModerate": 0.0221, "PDsExtensive": 0.0144, "PDsComplete": 0.0048, "PDsExceedSlight": 0.0414, "PDsExceedModerate": 0.0414, "PDsExceedExtensive": 0.0193, "FunctDay1": 96.5, "FunctDay3": 97.1, "FunctDay7": 98.0, "FunctDay14": 98.1, "FunctDay30": 98.2, "FunctDay90": 99.0, "EconLoss": 207815.234375, "Name": "'STATE ROUTE 4'", "City": "null", "State": "null" }, "geometry": { "type": "Point", "coordinates": [ -121.867403, 38.011806 ] } },
{ "type": "Feature", "properties": { "FacilityType": "HighwayBridge", "FacilityId": "CA007129", "Anchor": "null", "FoundationType": "null", "eqBldgType": "null", "DesignLevel": "null", "SoilType": "D", "LqfSusCat": 0, "LndSusCat": 0, "WaterDepth": 5.0, "Distance": "null", "PGA": 0.24465948343276978, "PGV": 9.4923553466796875, "Sa03": 0.5979543924331665, "Sa10": 0.26503649353981018, "LqfSettlPGD": 0.0, "LqfSprPGD": 0.0, "LqfProb": 0.0, "LndPGD": 0.0, "LndProb": 0.0, "SufFltRuptPGD": 29.523393630981445, "SurfFltRuptProb": 0.5, "PDsNone": 0.9672, "PDsSlight": 0.0193, "PDsModerate": 0.0075, "PDsExtensive": 0.0049, "PDsComplete": 0.0009, "PDsExceedSlight": 0.0327, "PDsExceedModerate": 0.0134, "PDsExceedExtensive": 0.0059, "FunctDay1": 98.4, "FunctDay3": 99.1, "FunctDay7": 99.3, "FunctDay14": 99.4, "FunctDay30": 99.4, "FunctDay90": 99.7, "EconLoss": 12675.2900390625, "Name": "'CENTURY BLVD'", "City": "null", "State": "null" }, "geometry": { "type": "Point", "coordinates": [ -121.855208, 38.008939 ] } },
{ "type": "Feature", "properties": { "FacilityType": "HighwayBridge", "FacilityId": "CA007130", "Anchor": "null", "FoundationType": "null", "eqBldgType": "null", "DesignLevel": "null", "SoilType": "D", "LqfSusCat": 0, "LndSusCat": 0, "WaterDepth": 5.0, "Distance": "null", "PGA": 0.24465948343276978, "PGV": 9.4923553466796875, "Sa03": 0.5979543924331665, "Sa10": 0.26503649353981018, "LqfSettlPGD": 0.0, "LqfSprPGD": 0.0, "LqfProb": 0.0, "LndPGD": 0.0, "LndProb": 0.0, "SufFltRuptPGD": 29.523393630981445, "SurfFltRuptProb": 0.5, "PDsNone": 0.9672, "PDsSlight": 0.0193, "PDsModerate": 0.0075, "PDsExtensive": 0.0049, "PDsComplete": 0.0009, "PDsExceedSlight": 0.0327, "PDsExceedModerate": 0.0134, "PDsExceedExtensive": 0.0059, "FunctDay1": 98.4, "FunctDay3": 99.1, "FunctDay7": 99.3, "FunctDay14": 99.4, "FunctDay30": 99.4, "FunctDay90": 99.7, "EconLoss": 12675.2900390625, "Name": "'CENTURY BLVD'", "City": "null", "State": "null" }, "geometry": { "type": "Point", "coordinates": [ -121.855372, 38.008556 ] } },
{ "type": "Feature", "properties": { "FacilityType": "HighwayBridge", "FacilityId": "CA007131", "Anchor": "null", "FoundationType": "null", "eqBldgType": "null", "DesignLevel": "null", "SoilType": "D", "LqfSusCat": 0, "LndSusCat": 0, "WaterDepth": 5.0, "Distance": "null", "PGA": 0.24465948343276978, "PGV": 9.4923553466796875, "Sa03": 0.5979543924331665, "Sa10": 0.26503649353981018, "LqfSettlPGD": 0.0, "LqfSprPGD": 0.0, "LqfProb": 0.0, "LndPGD": 0.0, "LndProb": 0.0, "SufFltRuptPGD": 29.523393630981445, "SurfFltRuptProb": 0.5, "PDsNone": 0.9772, "PDsSlight": 0.0, "PDsModerate": 0.0129, "PDsExtensive": 0.0076, "PDsComplete": 0.0021, "PDsExceedSlight": 0.0227, "PDsExceedModerate": 0.0227, "PDsExceedExtensive": 0.0097, "FunctDay1": 98.1, "FunctDay3": 98.4, "FunctDay7": 98.9, "FunctDay14": 99.0, "FunctDay30": 99.1, "FunctDay90": 99.5, "EconLoss": 12786.73828125, "Name": "'SOMERSVILLE ROAD'", "City": "null", "State": "null" }, "geometry": { "type": "Point", "coordinates": [ -121.837533, 38.004181 ] } },
{ "type": "Feature", "properties": { "FacilityType": "HighwayBridge", "FacilityId": "CA007132", "Anchor": "null", "FoundationType": "null", "eqBldgType": "null", "DesignLevel": "null", "SoilType": "D", "LqfSusCat": 0, "LndSusCat": 0, "WaterDepth": 5.0, "Distance": "null", "PGA": 0.24465948343276978, "PGV": 9.4923553466796875, "Sa03": 0.5979543924331665, "Sa10": 0.26503649353981018, "LqfSettlPGD": 0.0, "LqfSprPGD": 0.0, "LqfProb": 0.0, "LndPGD": 0.0, "LndProb": 0.0, "SufFltRuptPGD": 29.523393630981445, "SurfFltRuptProb": 0.5, "PDsNone": 0.9758, "PDsSlight": 0.0, "PDsModerate": 0.0136, "PDsExtensive": 0.0081, "PDsComplete": 0.0023, "PDsExceedSlight": 0.0241, "PDsExceedModerate": 0.0241, "PDsExceedExtensive": 0.0104, "FunctDay1": 98.0, "FunctDay3": 98.3, "FunctDay7": 98.9, "FunctDay14": 99.0, "FunctDay30": 99.0, "FunctDay90": 99.4, "EconLoss": 37352.984375, "Name": "'SOMERSVILLE ROAD'", "City": "null", "State": "null" }, "geometry": { "type": "Point", "coordinates": [ -121.837814, 38.003997 ] } },
{ "type": "Feature", "properties": { "FacilityType": "HighwayBridge", "FacilityId": "CA007133", "Anchor": "null", "FoundationType": "null", "eqBldgType": "null", "DesignLevel": "null", "SoilType": "D", "LqfSusCat": 0, "LndSusCat": 0, "WaterDepth": 5.0, "Distance": "null", "PGA": 0.24465948343276978, "PGV": 9.4923553466796875, "Sa03": 0.5979543924331665, "Sa10": 0.26503649353981018, "LqfSettlPGD": 0.0, "LqfSprPGD": 0.0, "LqfProb": 0.0, "LndPGD": 0.0, "LndProb": 0.0, "SufFltRuptPGD": 29.523393630981445, "SurfFltRuptProb": 0.5, "PDsNone": 0.9758, "PDsSlight": 0.0, "PDsModerate": 0.0136, "PDsExtensive": 0.0081, "PDsComplete": 0.0023, "PDsExceedSlight": 0.0241, "PDsExceedModerate": 0.0241, "PDsExceedExtensive": 0.0104, "FunctDay1": 98.0, "FunctDay3": 98.3, "FunctDay7": 98.9, "FunctDay14": 99.0, "FunctDay30": 99.0, "FunctDay90": 99.4, "EconLoss": 37352.984375, "Name": "'SOMERSVILLE ROAD'", "City": "null", "State": "null" }, "geometry": { "type": "Point", "coordinates": [ -121.837828, 38.003767 ] } },
{ "type": "Feature", "properties": { "FacilityType": "HighwayBridge", "FacilityId": "CA007134", "Anchor": "null", "FoundationType": "null", "eqBldgType": "null", "DesignLevel": "null", "SoilType": "D", "LqfSusCat": 0, "LndSusCat": 0, "WaterDepth": 5.0, "Distance": "null", "PGA": 0.22777557373046875, "PGV": 8.8810701370239258, "Sa03": 0.55822324752807617, "Sa10": 0.24961048364639282, "LqfSettlPGD": 0.0, "LqfSprPGD": 0.0, "LqfProb": 0.0, "LndPGD": 0.0, "LndProb": 0.0, "SufFltRuptPGD": 29.523393630981445, "SurfFltRuptProb": 0.5, "PDsNone": 0.8765, "PDsSlight": 0.0973, "PDsModerate": 0.0193, "PDsExtensive": 0.006, "PDsComplete": 0.0006, "PDsExceedSlight": 0.1234, "PDsExceedModerate": 0.0261, "PDsExceedExtensive": 0.0067, "FunctDay1": 95.5, "FunctDay3": 98.5, "FunctDay7": 99.2, "FunctDay14": 99.3, "FunctDay30": 99.3, "FunctDay90": 99.6, "EconLoss": 37529.79296875, "Name": "'CONTRA LOMA BLVD'", "City": "null", "State": "null" }, "geometry": { "type": "Point", "coordinates": [ -121.821139, 37.999583 ] } },
{ "type": "Feature", "properties": { "FacilityType": "HighwayBridge", "FacilityId": "CA007135", "Anchor": "null", "FoundationType": "null", "eqBldgType": "null", "DesignLevel": "null", "SoilType": "D", "LqfSusCat": 0, "LndSusCat": 0, "WaterDepth": 5.0, "Distance": "null", "PGA": 0.22777557373046875, "PGV": 8.8810701370239258, "Sa03": 0.55822324752807617, "Sa10": 0.24961048364639282, "LqfSettlPGD": 0.0, "LqfSprPGD": 0.0, "LqfProb": 0.0, "LndPGD": 0.0, "LndProb": 0.0, "SufFltRuptPGD": 29.523393630981445, "SurfFltRuptProb": 0.5, "PDsNone": 0.8765, "PDsSlight": 0.0973, "PDsModerate": 0.0193, "PDsExtensive": 0.006, "PDsComplete": 0.0006, "PDsExceedSlight": 0.1234, "PDsExceedModerate": 0.0261, "PDsExceedExtensive": 0.0067, "FunctDay1": 95.5, "FunctDay3": 98.5, "FunctDay7": 99.2, "FunctDay14": 99.3, "FunctDay30": 99.3, "FunctDay90": 99.6, "EconLoss": 37529.79296875, "Name": "'CONTRA LOMA BLVD'", "City": "null", "State": "null" }, "geometry": { "type": "Point", "coordinates": [ -121.821333, 37.999139 ] } },
{ "type": "Feature", "properties": { "FacilityType": "HighwayBridge", "FacilityId": "CA007136", "Anchor": "null", "FoundationType": "null", "eqBldgType": "null", "DesignLevel": "null", "SoilType": "D", "LqfSusCat": 0, "LndSusCat": 0, "WaterDepth": 5.0, "Distance": "null", "PGA": 0.22777557373046875, "PGV": 8.8810701370239258, "Sa03": 0.55822324752807617, "Sa10": 0.24961048364639282, "LqfSettlPGD": 0.0, "LqfSprPGD": 0.0, "LqfProb": 0.0, "LndPGD": 0.0, "LndProb": 0.0, "SufFltRuptPGD": 29.523393630981445, "SurfFltRuptProb": 0.5, "PDsNone": 0.9814, "PDsSlight": 0.0, "PDsModerate": 0.0107, "PDsExtensive": 0.0061, "PDsComplete": 0.0016, "PDsExceedSlight": 0.0185, "PDsExceedModerate": 0.0185, "PDsExceedExtensive": 0.0077, "FunctDay1": 98.4, "FunctDay3": 98.7, "FunctDay7": 99.1, "FunctDay14": 99.2, "FunctDay30": 99.3, "FunctDay90": 99.6, "EconLoss": 30388.5078125, "Name": "'STATE ROUTE 4'", "City": "null", "State": "null" }, "geometry": { "type": "Point", "coordinates": [ -121.815281, 37.998342 ] } },
{ "type": "Feature", "properties": { "FacilityType": "HighwayBridge", "FacilityId": "CA007137", "Anchor": "null", "FoundationType": "null", "eqBldgType": "null", "DesignLevel": "null", "SoilType": "D", "LqfSusCat": 0, "LndSusCat": 0, "WaterDepth": 5.0, "Distance": "null", "PGA": 0.22777557373046875, "PGV": 8.8810701370239258, "Sa03": 0.55822324752807617, "Sa10": 0.24961048364639282, "LqfSettlPGD": 0.0, "LqfSprPGD": 0.0, "LqfProb": 0.0, "LndPGD": 0.0, "LndProb": 0.0, "SufFltRuptPGD": 29.523393630981445, "SurfFltRuptProb": 0.5, "PDsNone": 0.9837, "PDsSlight": 0.0, "PDsModerate": 0.0095, "PDsExtensive": 0.0053, "PDsComplete": 0.0014, "PDsExceedSlight": 0.0162, "PDsExceedModerate": 0.0162, "PDsExceedExtensive": 0.0067, "FunctDay1": 98.6, "FunctDay3": 98.9, "FunctDay7": 99.3, "FunctDay14": 99.3, "FunctDay30": 99.4, "FunctDay90": 99.6, "EconLoss": 20956.650390625, "Name": "'A STREET'", "City": "null", "State": "null" }, "geometry": { "type": "Point", "coordinates": [ -121.806319, 37.998444 ] } },
{ "type": "Feature", "properties": { "FacilityType": "HighwayBridge", "FacilityId": "CA007138", "Anchor": "null", "FoundationType": "null", "eqBldgType": "null", "DesignLevel": "null", "SoilType": "D", "LqfSusCat": 0, "LndSusCat": 0, "WaterDepth": 5.0, "Distance": "null", "PGA": 0.22777557373046875, "PGV": 8.8810701370239258, "Sa03": 0.55822324752807617, "Sa10": 0.24961048364639282, "LqfSettlPGD": 0.0, "LqfSprPGD": 0.0, "LqfProb": 0.0, "LndPGD": 0.0, "LndProb": 0.0, "SufFltRuptPGD": 29.523393630981445, "SurfFltRuptProb": 0.5, "PDsNone": 0.9837, "PDsSlight": 0.0, "PDsModerate": 0.0095, "PDsExtensive": 0.0053, "PDsComplete": 0.0014, "PDsExceedSlight": 0.0162, "PDsExceedModerate": 0.0162, "PDsExceedExtensive": 0.0067, "FunctDay1": 98.6, "FunctDay3": 98.9, "FunctDay7": 99.3, "FunctDay14": 99.3, "FunctDay30": 99.4, "FunctDay90": 99.6, "EconLoss": 20956.650390625, "Name": "'A STREET'", "City": "null", "State": "null" }, "geometry": { "type": "Point", "coordinates": [ -121.806289, 37.998003 ] } },
{ "type": "Feature", "properties": { "FacilityType": "HighwayBridge", "FacilityId": "CA007139", "Anchor": "null", "FoundationType": "null", "eqBldgType": "null", "DesignLevel": "null", "SoilType": "D", "LqfSusCat": 0, "LndSusCat": 0, "WaterDepth": 5.0, "Distance": "null", "PGA": 0.22777557373046875, "PGV": 8.8810701370239258, "Sa03": 0.55822324752807617, "Sa10": 0.24961048364639282, "LqfSettlPGD": 0.0, "LqfSprPGD": 0.0, "LqfProb": 0.0, "LndPGD": 0.0, "LndProb": 0.0, "SufFltRuptPGD": 29.523393630981445, "SurfFltRuptProb": 0.5, "PDsNone": 0.9738, "PDsSlight": 0.0157, "PDsModerate": 0.0059, "PDsExtensive": 0.0037, "PDsComplete": 0.0006, "PDsExceedSlight": 0.0261, "PDsExceedModerate": 0.0104, "PDsExceedExtensive": 0.0044, "FunctDay1": 98.7, "FunctDay3": 99.3, "FunctDay7": 99.5, "FunctDay14": 99.5, "FunctDay30": 99.5, "FunctDay90": 99.7, "EconLoss": 13414.0849609375, "Name": "'CAVALLO ROAD'", "City": "null", "State": "null" }, "geometry": { "type": "Point", "coordinates": [ -121.798194, 37.998481 ] } },
{ "type": "Feature", "properties": { "FacilityType": "HighwayBridge", "FacilityId": "CA007140", "Anchor": "null", "FoundationType": "null", "eqBldgType": "null", "DesignLevel": "null", "SoilType": "D", "LqfSusCat": 0, "LndSusCat": 0, "WaterDepth": 5.0, "Distance": "null", "PGA": 0.22777557373046875, "PGV": 8.8810701370239258, "Sa03": 0.55822324752807617, "Sa10": 0.24961048364639282, "LqfSettlPGD": 0.0, "LqfSprPGD": 0.0, "LqfProb": 0.0, "LndPGD": 0.0, "LndProb": 0.0, "SufFltRuptPGD": 29.523393630981445, "SurfFltRuptProb": 0.5, "PDsNone": 0.9738, "PDsSlight": 0.0157, "PDsModerate": 0.0059, "PDsExtensive": 0.0037, "PDsComplete": 0.0006, "PDsExceedSlight": 0.0261, "PDsExceedModerate": 0.0104, "PDsExceedExtensive": 0.0044, "FunctDay1": 98.7, "FunctDay3": 99.3, "FunctDay7": 99.5, "FunctDay14": 99.5, "FunctDay30": 99.5, "FunctDay90": 99.7, "EconLoss": 13414.0849609375, "Name": "'CAVALLO ROAD'", "City": "null", "State": "null" }, "geometry": { "type": "Point", "coordinates": [ -121.798194, 37.997956 ] } },
{ "type": "Feature", "properties": { "FacilityType": "HighwayBridge", "FacilityId": "CA007141", "Anchor": "null", "FoundationType": "null", "eqBldgType": "null", "DesignLevel": "null", "SoilType": "D", "LqfSusCat": 0, "LndSusCat": 0, "WaterDepth": 5.0, "Distance": "null", "PGA": 0.21277272701263428, "PGV": 8.3652181625366211, "Sa03": 0.52310192584991455, "Sa10": 0.23649340867996216, "LqfSettlPGD": 0.0, "LqfSprPGD": 0.0, "LqfProb": 0.0, "LndPGD": 0.0, "LndProb": 0.0, "SufFltRuptPGD": 29.523393630981445, "SurfFltRuptProb": 0.5, "PDsNone": 0.9788, "PDsSlight": 0.0129, "PDsModerate": 0.0047, "PDsExtensive": 0.0028, "PDsComplete": 0.0005, "PDsExceedSlight": 0.0211, "PDsExceedModerate": 0.0081, "PDsExceedExtensive": 0.0033, "FunctDay1": 98.9, "FunctDay3": 99.4, "FunctDay7": 99.6, "FunctDay14": 99.6, "FunctDay30": 99.6, "FunctDay90": 99.8, "EconLoss": 9671.46875, "Name": "'BART TRACKS ACCESS ROAD'", "City": "null", "State": "null" }, "geometry": { "type": "Point", "coordinates": [ -121.772333, 37.994167 ] } },
{ "type": "Feature", "properties": { "FacilityType": "HighwayBridge", "FacilityId": "CA007142", "Anchor": "null", "FoundationType": "null", "eqBldgType": "null", "DesignLevel": "null", "SoilType": "D", "LqfSusCat": 0, "LndSusCat": 0, "WaterDepth": 5.0, "Distance": "null", "PGA": 0.21277272701263428, "PGV": 8.3652181625366211, "Sa03": 0.52310192584991455, "Sa10": 0.23649340867996216, "LqfSettlPGD": 0.0, "LqfSprPGD": 0.0, "LqfProb": 0.0, "LndPGD": 0.0, "LndProb": 0.0, "SufFltRuptPGD": 29.523393630981445, "SurfFltRuptProb": 0.5, "PDsNone": 0.987, "PDsSlight": 0.0, "PDsModerate": 0.0077, "PDsExtensive": 0.0041, "PDsComplete": 0.001, "PDsExceedSlight": 0.0129, "PDsExceedModerate": 0.0129, "PDsExceedExtensive": 0.0052, "FunctDay1": 98.9, "FunctDay3": 99.1, "FunctDay7": 99.4, "FunctDay14": 99.5, "FunctDay30": 99.5, "FunctDay90": 99.7, "EconLoss": 52548.609375, "Name": "'E4-N160 CONNECT  UPRR'", "City": "null", "State": "null" }, "geometry": { "type": "Point", "coordinates": [ -121.756639, 37.991611 ] } },
{ "type": "Feature", "properties": { "FacilityType": "HighwayBridge", "FacilityId": "CA007143", "Anchor": "null", "FoundationType": "null", "eqBldgType": "null", "DesignLevel": "null", "SoilType": "D", "LqfSusCat": 0, "LndSusCat": 0, "WaterDepth": 5.0, "Distance": "null", "PGA": 0.21277272701263428, "PGV": 8.3652181625366211, "Sa03": 0.52310192584991455, "Sa10": 0.23649340867996216, "LqfSettlPGD": 0.0, "LqfSprPGD": 0.0, "LqfProb": 0.0, "LndPGD": 0.0, "LndProb": 0.0, "SufFltRuptPGD": 29.523393630981445, "SurfFltRuptProb": 0.5, "PDsNone": 0.9824, "PDsSlight": 0.0, "PDsModerate": 0.0102, "PDsExtensive": 0.0057, "PDsComplete": 0.0015, "PDsExceedSlight": 0.0175, "PDsExceedModerate": 0.0175, "PDsExceedExtensive": 0.0073, "FunctDay1": 98.5, "FunctDay3": 98.8, "FunctDay7": 99.2, "FunctDay14": 99.3, "FunctDay30": 99.3, "FunctDay90": 99.6, "EconLoss": 32066.3671875, "Name": "'ROUTE 4'", "City": "null", "State": "null" }, "geometry": { "type": "Point", "coordinates": [ -121.756142, 37.990578 ] } },
{ "type": "Feature", "properties": { "FacilityType": "HighwayBridge", "FacilityId": "CA007144", "Anchor": "null", "FoundationType": "null", "eqBldgType": "null", "DesignLevel": "null", "SoilType": "D", "LqfSusCat": 0, "LndSusCat": 0, "WaterDepth": 5.0, "Distance": "null", "PGA": 0.22118863463401794, "PGV": 8.6739597320556641, "Sa03": 0.544208824634552, "Sa10": 0.24509868025779724, "LqfSettlPGD": 0.0, "LqfSprPGD": 0.0, "LqfProb": 0.0, "LndPGD": 0.0, "LndProb": 0.0, "SufFltRuptPGD": 29.523393630981445, "SurfFltRuptProb": 0.5, "PDsNone": 0.8826, "PDsSlight": 0.093, "PDsModerate": 0.0181, "PDsExtensive": 0.0055, "PDsComplete": 0.0006, "PDsExceedSlight": 0.1173, "PDsExceedModerate": 0.0243, "PDsExceedExtensive": 0.0061, "FunctDay1": 95.7, "FunctDay3": 98.6, "FunctDay7": 99.3, "FunctDay14": 99.4, "FunctDay30": 99.4, "FunctDay90": 99.7, "EconLoss": 57017.00390625, "Name": "'BALFOUR ROAD'", "City": "null", "State": "null" }, "geometry": { "type": "Point", "coordinates": [ -121.733472, 37.925556 ] } },
{ "type": "Feature", "properties": { "FacilityType": "HighwayBridge", "FacilityId": "CA007145", "Anchor": "null", "FoundationType": "null", "eqBldgType": "null", "DesignLevel": "null", "SoilType": "D", "LqfSusCat": 0, "LndSusCat": 0, "WaterDepth": 5.0, "Distance": "null", "PGA": 0.22118863463401794, "PGV": 8.6739597320556641, "Sa03": 0.544208824634552, "Sa10": 0.24509868025779724, "LqfSettlPGD": 0.0, "LqfSprPGD": 0.0, "LqfProb": 0.0, "LndPGD": 0.0, "LndProb": 0.0, "SufFltRuptPGD": 29.523393630981445, "SurfFltRuptProb": 0.5, "PDsNone": 0.9756, "PDsSlight": 0.0043, "PDsModerate": 0.0107, "PDsExtensive": 0.0075, "PDsComplete": 0.0016, "PDsExceedSlight": 0.0243, "PDsExceedModerate": 0.0199, "PDsExceedExtensive": 0.0091, "FunctDay1": 98.2, "FunctDay3": 98.6, "FunctDay7": 99.0, "FunctDay14": 99.1, "FunctDay30": 99.1, "FunctDay90": 99.5, "EconLoss": 25504.01953125, "Name": "'DEER CREEK'", "City": "null", "State": "null" }, "geometry": { "type": "Point", "coordinates": [ -121.734028, 37.926944 ] } },
{ "type": "Feature", "properties": { "FacilityType": "HighwayBridge", "FacilityId": "CA007146", "Anchor": "null", "FoundationType": "null", "eqBldgType": "null", "DesignLevel": "null", "SoilType": "D", "LqfSusCat": 0, "LndSusCat": 0, "WaterDepth": 5.0, "Distance": "null", "PGA": 0.22118863463401794, "PGV": 8.6739597320556641, "Sa03": 0.544208824634552, "Sa10": 0.24509868025779724, "LqfSettlPGD": 0.0, "LqfSprPGD": 0.0, "LqfProb": 0.0, "LndPGD": 0.0, "LndProb": 0.0, "SufFltRuptPGD": 29.523393630981445, "SurfFltRuptProb": 0.5, "PDsNone": 0.9756, "PDsSlight": 0.0147, "PDsModerate": 0.0054, "PDsExtensive": 0.0034, "PDsComplete": 0.0006, "PDsExceedSlight": 0.0243, "PDsExceedModerate": 0.0095, "PDsExceedExtensive": 0.004, "FunctDay1": 98.8, "FunctDay3": 99.3, "FunctDay7": 99.5, "FunctDay14": 99.5, "FunctDay30": 99.6, "FunctDay90": 99.7, "EconLoss": 5611.798828125, "Name": "'DEER CREEK'", "City": "null", "State": "null" }, "geometry": { "type": "Point", "coordinates": [ -121.734083, 37.92625 ] } },
{ "type": "Feature", "properties": { "FacilityType": "HighwayBridge", "FacilityId": "CA007147", "Anchor": "null", "FoundationType": "null", "eqBldgType": "null", "DesignLevel": "null", "SoilType": "D", "LqfSusCat": 0, "LndSusCat": 0, "WaterDepth": 5.0, "Distance": "null", "PGA": 0.21277272701263428, "PGV": 8.3652181625366211, "Sa03": 0.52310192584991455, "Sa10": 0.23649340867996216, "LqfSettlPGD": 0.0, "LqfSprPGD": 0.0, "LqfProb": 0.0, "LndPGD": 0.0, "LndProb": 0.0, "SufFltRuptPGD": 29.523393630981445, "SurfFltRuptProb": 0.5, "PDsNone": 0.987, "PDsSlight": 0.0, "PDsModerate": 0.0077, "PDsExtensive": 0.0041, "PDsComplete": 0.001, "PDsExceedSlight": 0.0129, "PDsExceedModerate": 0.0129, "PDsExceedExtensive": 0.0052, "FunctDay1": 98.9, "FunctDay3": 99.1, "FunctDay7": 99.4, "FunctDay14": 99.5, "FunctDay30": 99.5, "FunctDay90": 99.7, "EconLoss": 18512.001953125, "Name": "'UPRR TRACKS'", "City": "null", "State": "null" }, "geometry": { "type": "Point", "coordinates": [ -121.756111, 37.991583 ] } },
{ "type": "Feature", "properties": { "FacilityType": "HighwayBridge", "FacilityId": "CA007148", "Anchor": "null", "FoundationType": "null", "eqBldgType": "null", "DesignLevel": "null", "SoilType": "D", "LqfSusCat": 0, "LndSusCat": 0, "WaterDepth": 5.0, "Distance": "null", "PGA": 0.29659819602966309, "PGV": 10.486924171447754, "Sa03": 0.67186164855957031, "Sa10": 0.28059494495391846, "LqfSettlPGD": 0.0, "LqfSprPGD": 0.0, "LqfProb": 0.0, "LndPGD": 0.0, "LndProb": 0.0, "SufFltRuptPGD": 29.523393630981445, "SurfFltRuptProb": 0.5, "PDsNone": 0.9596, "PDsSlight": 0.0129, "PDsModerate": 0.0143, "PDsExtensive": 0.0105, "PDsComplete": 0.0025, "PDsExceedSlight": 0.0403, "PDsExceedModerate": 0.0274, "PDsExceedExtensive": 0.013, "FunctDay1": 97.3, "FunctDay3": 98.1, "FunctDay7": 98.6, "FunctDay14": 98.7, "FunctDay30": 98.8, "FunctDay90": 99.3, "EconLoss": 8342.5859375, "Name": "'ARROYO DEL HAMBRE'", "City": "null", "State": "null" }, "geometry": { "type": "Point", "coordinates": [ -122.137611, 38.017544 ] } },
{ "type": "Feature", "properties": { "FacilityType": "HighwayBridge", "FacilityId": "CA007149", "Anchor": "null", "FoundationType": "null", "eqBldgType": "null", "DesignLevel": "null", "SoilType": "D", "LqfSusCat": 0, "LndSusCat": 0, "WaterDepth": 5.0, "Distance": "null", "PGA": 0.2888011634349823, "PGV": 15.714386940002441, "Sa03": 0.76704096794128418, "Sa10": 0.52228081226348877, "LqfSettlPGD": 0.0, "LqfSprPGD": 0.0, "LqfProb": 0.0, "LndPGD": 0.0, "LndProb": 0.0, "SufFltRuptPGD": 29.523393630981445, "SurfFltRuptProb": 0.5, "PDsNone": 0.7108, "PDsSlight": 0.0, "PDsModerate": 0.1025, "PDsExtensive": 0.1069, "PDsComplete": 0.0796, "PDsExceedSlight": 0.2891, "PDsExceedModerate": 0.2891, "PDsExceedExtensive": 0.1866, "FunctDay1": 74.6, "FunctDay3": 77.5, "FunctDay7": 81.5, "FunctDay14": 82.3, "FunctDay30": 83.1, "FunctDay90": 88.9, "EconLoss": 282008.75, "Name": "'UP RR  BNSF RY  & AMTRAK'", "City": "null", "State": "null" }, "geometry": { "type": "Point", "coordinates": [ -122.098711, 38.026325 ] } },
{ "type": "Feature", "properties": { "FacilityType": "HighwayBridge", "FacilityId": "CA007150", "Anchor": "null", "FoundationType": "null", "eqBldgType": "null", "DesignLevel": "null", "SoilType": "D", "LqfSusCat": 0, "LndSusCat": 0, "WaterDepth": 5.0, "Distance": "null", "PGA": 0.2888011634349823, "PGV": 15.714386940002441, "Sa03": 0.76704096794128418, "Sa10": 0.52228081226348877, "LqfSettlPGD": 0.0, "LqfSprPGD": 0.0, "LqfProb": 0.0, "LndPGD": 0.0, "LndProb": 0.0, "SufFltRuptPGD": 29.523393630981445, "SurfFltRuptProb": 0.5, "PDsNone": 0.7267, "PDsSlight": 0.0, "PDsModerate": 0.0, "PDsExtensive": 0.1659, "PDsComplete": 0.1072, "PDsExceedSlight": 0.2732, "PDsExceedModerate": 0.2732, "PDsExceedExtensive": 0.2732, "FunctDay1": 73.5, "FunctDay3": 73.5, "FunctDay7": 73.7, "FunctDay14": 74.1, "FunctDay30": 75.3, "FunctDay90": 84.3, "EconLoss": 799618.0, "Name": "'PACHECO SLOUGH'", "City": "null", "State": "null" }, "geometry": { "type": "Point", "coordinates": [ -122.081722, 38.031278 ] } },
{ "type": "Feature", "properties": { "FacilityType": "HighwayBridge", "FacilityId": "CA007151", "Anchor": "null", "FoundationType": "null", "eqBldgType": "null", "DesignLevel": "null", "SoilType": "D", "LqfSusCat": 0, "LndSusCat": 0, "WaterDepth": 5.0, "Distance": "null", "PGA": 0.28971868753433228, "PGV": 10.825994491577148, "Sa03": 0.68194842338562012, "Sa10": 0.28876844048500061, "LqfSettlPGD": 0.0, "LqfSprPGD": 0.0, "LqfProb": 0.0, "LndPGD": 0.0, "LndProb": 0.0, "SufFltRuptPGD": 29.523393630981445, "SurfFltRuptProb": 0.5, "PDsNone": 0.8885, "PDsSlight": 0.0823, "PDsModerate": 0.0161, "PDsExtensive": 0.0098, "PDsComplete": 0.003, "PDsExceedSlight": 0.1114, "PDsExceedModerate": 0.029, "PDsExceedExtensive": 0.0129, "FunctDay1": 95.5, "FunctDay3": 98.0, "FunctDay7": 98.6, "FunctDay14": 98.7, "FunctDay30": 98.8, "FunctDay90": 99.3, "EconLoss": 64052.4453125, "Name": "'MT DIABLO CRK'", "City": "null", "State": "null" }, "geometry": { "type": "Point", "coordinates": [ -122.000167, 38.001761 ] } },
{ "type": "Feature", "properties": { "FacilityType": "HighwayBridge", "FacilityId": "CA007152", "Anchor": "null", "FoundationType": "null", "eqBldgType": "null", "DesignLevel": "null", "SoilType": "D", "LqfSusCat": 0, "LndSusCat": 0, "WaterDepth": 5.0, "Distance": "null", "PGA": 0.32111510634422302, "PGV": 11.395089149475098, "Sa03": 0.7213207483291626, "Sa10": 0.30600848793983459, "LqfSettlPGD": 0.0, "LqfSprPGD": 0.0, "LqfProb": 0.0, "LndPGD": 0.0, "LndProb": 0.0, "SufFltRuptPGD": 29.523393630981445, "SurfFltRuptProb": 0.5, "PDsNone": 0.4868, "PDsSlight": 0.2707, "PDsModerate": 0.0843, "PDsExtensive": 0.1114, "PDsComplete": 0.0466, "PDsExceedSlight": 0.5131, "PDsExceedModerate": 0.2424, "PDsExceedExtensive": 0.158, "FunctDay1": 71.8, "FunctDay3": 81.1, "FunctDay7": 84.4, "FunctDay14": 85.1, "FunctDay30": 85.9, "FunctDay90": 91.7, "EconLoss": 252824.453125, "Name": "'WALNUT CREEK'", "City": "null", "State": "null" }, "geometry": { "type": "Point", "coordinates": [ -122.059636, 37.900592 ] } },
{ "type": "Feature", "properties": { "FacilityType": "HighwayBridge", "FacilityId": "CA007153", "Anchor": "null", "FoundationType": "null", "eqBldgType": "null", "DesignLevel": "null", "SoilType": "D", "LqfSusCat": 0, "LndSusCat": 0, "WaterDepth": 5.0, "Distance": "null", "PGA": 0.32494053244590759, "PGV": 14.086722373962402, "Sa03": 0.80031126737594604, "Sa10": 0.42130327224731445, "LqfSettlPGD": 0.0, "LqfSprPGD": 0.0, "LqfProb": 0.0, "LndPGD": 0.0, "LndProb": 0.0, "SufFltRuptPGD": 29.523393630981445, "SurfFltRuptProb": 0.5, "PDsNone": 0.8574, "PDsSlight": 0.0575, "PDsModerate": 0.0381, "PDsExtensive": 0.0348, "PDsComplete": 0.012, "PDsExceedSlight": 0.1425, "PDsExceedModerate": 0.085, "PDsExceedExtensive": 0.0469, "FunctDay1": 91.2, "FunctDay3": 93.8, "FunctDay7": 95.3, "FunctDay14": 95.5, "FunctDay30": 95.8, "FunctDay90": 97.6, "EconLoss": 55963.34375, "Name": "'PINE CREEK'", "City": "null", "State": "null" }, "geometry": { "type": "Point", "coordinates": [ -122.046469, 37.969922 ] } },
{ "type": "Feature", "properties": { "FacilityType": "HighwayBridge", "FacilityId": "CA007154", "Anchor": "null", "FoundationType": "null", "eqBldgType": "null", "DesignLevel": "null", "SoilType": "D", "LqfSusCat": 0, "LndSusCat": 0, "WaterDepth": 5.0, "Distance": "null", "PGA": 0.28357955813407898, "PGV": 10.185131072998047, "Sa03": 0.6457984447479248, "Sa10": 0.27398219704627991, "LqfSettlPGD": 0.0, "LqfSprPGD": 0.0, "LqfProb": 0.0, "LndPGD": 0.0, "LndProb": 0.0, "SufFltRuptPGD": 29.523393630981445, "SurfFltRuptProb": 0.5, "PDsNone": 0.9042, "PDsSlight": 0.0717, "PDsModerate": 0.0135, "PDsExtensive": 0.008, "PDsComplete": 0.0023, "PDsExceedSlight": 0.0957, "PDsExceedModerate": 0.0239, "PDsExceedExtensive": 0.0103, "FunctDay1": 96.2, "FunctDay3": 98.4, "FunctDay7": 98.9, "FunctDay14": 99.0, "FunctDay30": 99.0, "FunctDay90": 99.4, "EconLoss": 1562.9552001953125, "Name": "'ECKLEY SLIDE'", "City": "null", "State": "null" }, "geometry": { "type": "Point", "coordinates": [ -122.198575, 38.049669 ] } },
{ "type": "Feature", "properties": { "FacilityType": "HighwayBridge", "FacilityId": "CA007155", "Anchor": "null", "FoundationType": "null", "eqBldgType": "null", "DesignLevel": "null", "SoilType": "D", "LqfSusCat": 0, "LndSusCat": 0, "WaterDepth": 5.0, "Distance": "null", "PGA": 0.25753375887870789, "PGV": 9.6131410598754883, "Sa03": 0.61345106363296509, "Sa10": 0.25921157002449036, "LqfSettlPGD": 0.0, "LqfSprPGD": 0.0, "LqfProb": 0.0, "LndPGD": 0.0, "LndProb": 0.0, "SufFltRuptPGD": 29.523393630981445, "SurfFltRuptProb": 0.5, "PDsNone": 0.9698, "PDsSlight": 0.0178, "PDsModerate": 0.0069, "PDsExtensive": 0.0044, "PDsComplete": 0.0008, "PDsExceedSlight": 0.0301, "PDsExceedModerate": 0.0122, "PDsExceedExtensive": 0.0053, "FunctDay1": 98.5, "FunctDay3": 99.1, "FunctDay7": 99.4, "FunctDay14": 99.4, "FunctDay30": 99.5, "FunctDay90": 99.7, "EconLoss": 4785.04248046875, "Name": "'HARBOR STREET'", "City": "null", "State": "null" }, "geometry": { "type": "Point", "coordinates": [ -121.880467, 38.021936 ] } },
{ "type": "Feature", "properties": { "FacilityType": "HighwayBridge", "FacilityId": "CA007156", "Anchor": "null", "FoundationType": "null", "eqBldgType": "null", "DesignLevel": "null", "SoilType": "D", "LqfSusCat": 0, "LndSusCat": 0, "WaterDepth": 5.0, "Distance": "null", "PGA": 0.32111510634422302, "PGV": 11.395089149475098, "Sa03": 0.7213207483291626, "Sa10": 0.30600848793983459, "LqfSettlPGD": 0.0, "LqfSprPGD": 0.0, "LqfProb": 0.0, "LndPGD": 0.0, "LndProb": 0.0, "SufFltRuptPGD": 29.523393630981445, "SurfFltRuptProb": 0.5, "PDsNone": 0.9453, "PDsSlight": 0.0287, "PDsModerate": 0.0136, "PDsExtensive": 0.0099, "PDsComplete": 0.0023, "PDsExceedSlight": 0.0546, "PDsExceedModerate": 0.0259, "PDsExceedExtensive": 0.0122, "FunctDay1": 97.1, "FunctDay3": 98.2, "FunctDay7": 98.7, "FunctDay14": 98.8, "FunctDay30": 98.9, "FunctDay90": 99.4, "EconLoss": 11584.576171875, "Name": "'SAN RAMON CREEK'", "City": "null", "State": "null" }, "geometry": { "type": "Point", "coordinates": [ -122.0556, 37.887281 ] } },
{ "type": "Feature", "properties": { "FacilityType": "HighwayBridge", "FacilityId": "CA007157", "Anchor": "null", "FoundationType": "null", "eqBldgType": "null", "DesignLevel": "null", "SoilType": "D", "LqfSusCat": 0, "LndSusCat": 0, "WaterDepth": 5.0, "Distance": "null", "PGA": 0.32111510634422302, "PGV": 11.395089149475098, "Sa03": 0.7213207483291626, "Sa10": 0.30600848793983459, "LqfSettlPGD": 0.0, "LqfSprPGD": 0.0, "LqfProb": 0.0, "LndPGD": 0.0, "LndProb": 0.0, "SufFltRuptPGD": 29.523393630981445, "SurfFltRuptProb": 0.5, "PDsNone": 0.9596, "PDsSlight": 0.0, "PDsModerate": 0.0216, "PDsExtensive": 0.014, "PDsComplete": 0.0046, "PDsExceedSlight": 0.0403, "PDsExceedModerate": 0.0403, "PDsExceedExtensive": 0.0187, "FunctDay1": 96.6, "FunctDay3": 97.2, "FunctDay7": 98.1, "FunctDay14": 98.2, "FunctDay30": 98.3, "FunctDay90": 99.0, "EconLoss": 11617.9990234375, "Name": "'SAN RAMON CREEK'", "City": "null", "State": "null" }, "geometry": { "type": "Point", "coordinates": [ -122.050767, 37.884111 ] } },
{ "type": "Feature", "properties": { "FacilityType": "HighwayBridge", "FacilityId": "CA007158", "Anchor": "null", "FoundationType": "null", "eqBldgType": "null", "DesignLevel": "null", "SoilType": "D", "LqfSusCat": 0, "LndSusCat": 0, "WaterDepth": 5.0, "Distance": "null", "PGA": 0.32494053244590759, "PGV": 14.086722373962402, "Sa03": 0.80031126737594604, "Sa10": 0.42130327224731445, "LqfSettlPGD": 0.0, "LqfSprPGD": 0.0, "LqfProb": 0.0, "LndPGD": 0.0, "LndProb": 0.0, "SufFltRuptPGD": 29.523393630981445, "SurfFltRuptProb": 0.5, "PDsNone": 0.8574, "PDsSlight": 0.0601, "PDsModerate": 0.0371, "PDsExtensive": 0.0337, "PDsComplete": 0.0115, "PDsExceedSlight": 0.1425, "PDsExceedModerate": 0.0824, "PDsExceedExtensive": 0.0452, "FunctDay1": 91.4, "FunctDay3": 94.0, "FunctDay7": 95.4, "FunctDay14": 95.7, "FunctDay30": 95.9, "FunctDay90": 97.7, "EconLoss": 41011.7578125, "Name": "'WALNUT CREEK'", "City": "null", "State": "null" }, "geometry": { "type": "Point", "coordinates": [ -122.047828, 37.935197 ] } },
{ "type": "Feature", "properties": { "FacilityType": "HighwayBridge", "FacilityId": "CA007159", "Anchor": "null", "FoundationType": "null", "eqBldgType": "null", "DesignLevel": "null", "SoilType": "D", "LqfSusCat": 0, "LndSusCat": 0, "WaterDepth": 5.0, "Distance": "null", "PGA": 0.22777557373046875, "PGV": 8.8810701370239258, "Sa03": 0.55822324752807617, "Sa10": 0.24961048364639282, "LqfSettlPGD": 0.0, "LqfSprPGD": 0.0, "LqfProb": 0.0, "LndPGD": 0.0, "LndProb": 0.0, "SufFltRuptPGD": 29.523393630981445, "SurfFltRuptProb": 0.5, "PDsNone": 0.9837, "PDsSlight": 0.0, "PDsModerate": 0.0095, "PDsExtensive": 0.0053, "PDsComplete": 0.0014, "PDsExceedSlight": 0.0162, "PDsExceedModerate": 0.0162, "PDsExceedExtensive": 0.0067, "FunctDay1": 98.6, "FunctDay3": 98.9, "FunctDay7": 99.3, "FunctDay14": 99.3, "FunctDay30": 99.4, "FunctDay90": 99.6, "EconLoss": 90365.2734375, "Name": "'BNSF RY & AMTRAK  UP RR'", "City": "null", "State": "null" }, "geometry": { "type": "Point", "coordinates": [ -121.788764, 38.012144 ] } },
{ "type": "Feature", "properties": { "FacilityType": "HighwayBridge", "FacilityId": "CA007160", "Anchor": "null", "FoundationType": "null", "eqBldgType": "null", "DesignLevel": "null", "SoilType": "D", "LqfSusCat": 0, "LndSusCat": 0, "WaterDepth": 5.0, "Distance": "null", "PGA": 0.28633642196655273, "PGV": 12.898520469665527, "Sa03": 0.71656978130340576, "Sa10": 0.36990472674369812, "LqfSettlPGD": 0.0, "LqfSprPGD": 0.0, "LqfProb": 0.0, "LndPGD": 0.0, "LndProb": 0.0, "SufFltRuptPGD": 29.523393630981445, "SurfFltRuptProb": 0.5, "PDsNone": 0.3635, "PDsSlight": 0.3287, "PDsModerate": 0.0976, "PDsExtensive": 0.1408, "PDsComplete": 0.0691, "PDsExceedSlight": 0.6364, "PDsExceedModerate": 0.3077, "PDsExceedExtensive": 0.21, "FunctDay1": 64.4, "FunctDay3": 75.5, "FunctDay7": 79.4, "FunctDay14": 80.1, "FunctDay30": 81.2, "FunctDay90": 88.6, "EconLoss": 341401.75, "Name": "'SAN PABLO CREEK'", "City": "null", "State": "null" }, "geometry": { "type": "Point", "coordinates": [ -122.345128, 37.962622 ] } },
{ "type": "Feature", "properties": { "FacilityType": "HighwayBridge", "FacilityId": "CA007161", "Anchor": "null", "FoundationType": "null", "eqBldgType": "null", "DesignLevel": "null", "SoilType": "D", "LqfSusCat": 0, "LndSusCat": 0, "WaterDepth": 5.0, "Distance": "null", "PGA": 0.27735394239425659, "PGV": 10.04581356048584, "Sa03": 0.62787985801696777, "Sa10": 0.26528066396713257, "LqfSettlPGD": 0.0, "LqfSprPGD": 0.0, "LqfProb": 0.0, "LndPGD": 0.0, "LndProb": 0.0, "SufFltRuptPGD": 29.523393630981445, "SurfFltRuptProb": 0.5, "PDsNone": 0.967, "PDsSlight": 0.0194, "PDsModerate": 0.0075, "PDsExtensive": 0.0049, "PDsComplete": 0.0009, "PDsExceedSlight": 0.0329, "PDsExceedModerate": 0.0134, "PDsExceedExtensive": 0.0059, "FunctDay1": 98.3, "FunctDay3": 99.0, "FunctDay7": 99.3, "FunctDay14": 99.4, "FunctDay30": 99.4, "FunctDay90": 99.7, "EconLoss": 4199.41943359375, "Name": "'GARRITY CREEK'", "City": "null", "State": "null" }, "geometry": { "type": "Point", "coordinates": [ -122.321761, 37.999767 ] } },
{ "type": "Feature", "properties": { "FacilityType": "HighwayBridge", "FacilityId": "CA007162", "Anchor": "null", "FoundationType": "null", "eqBldgType": "null", "DesignLevel": "null", "SoilType": "D", "LqfSusCat": 0, "LndSusCat": 0, "WaterDepth": 5.0, "Distance": "null", "PGA": 0.27735394239425659, "PGV": 10.04581356048584, "Sa03": 0.62787985801696777, "Sa10": 0.26528066396713257, "LqfSettlPGD": 0.0, "LqfSprPGD": 0.0, "LqfProb": 0.0, "LndPGD": 0.0, "LndProb": 0.0, "SufFltRuptPGD": 29.523393630981445, "SurfFltRuptProb": 0.5, "PDsNone": 0.967, "PDsSlight": 0.0194, "PDsModerate": 0.0075, "PDsExtensive": 0.0049, "PDsComplete": 0.0009, "PDsExceedSlight": 0.0329, "PDsExceedModerate": 0.0134, "PDsExceedExtensive": 0.0059, "FunctDay1": 98.3, "FunctDay3": 99.0, "FunctDay7": 99.3, "FunctDay14": 99.4, "FunctDay30": 99.4, "FunctDay90": 99.7, "EconLoss": 2078.051513671875, "Name": "'MCCARTHY CREEK'", "City": "null", "State": "null" }, "geometry": { "type": "Point", "coordinates": [ -122.320364, 38.000656 ] } },
{ "type": "Feature", "properties": { "FacilityType": "HighwayBridge", "FacilityId": "CA007163", "Anchor": "null", "FoundationType": "null", "eqBldgType": "null", "DesignLevel": "null", "SoilType": "D", "LqfSusCat": 0, "LndSusCat": 0, "WaterDepth": 5.0, "Distance": "null", "PGA": 0.27735394239425659, "PGV": 10.04581356048584, "Sa03": 0.62787985801696777, "Sa10": 0.26528066396713257, "LqfSettlPGD": 0.0, "LqfSprPGD": 0.0, "LqfProb": 0.0, "LndPGD": 0.0, "LndProb": 0.0, "SufFltRuptPGD": 29.523393630981445, "SurfFltRuptProb": 0.5, "PDsNone": 0.967, "PDsSlight": 0.0175, "PDsModerate": 0.0085, "PDsExtensive": 0.0057, "PDsComplete": 0.0011, "PDsExceedSlight": 0.0329, "PDsExceedModerate": 0.0153, "PDsExceedExtensive": 0.0068, "FunctDay1": 98.2, "FunctDay3": 98.9, "FunctDay7": 99.2, "FunctDay14": 99.3, "FunctDay30": 99.3, "FunctDay90": 99.6, "EconLoss": 3429.348388671875, "Name": "'PINOLE CREEK'", "City": "null", "State": "null" }, "geometry": { "type": "Point", "coordinates": [ -122.289442, 38.006225 ] } },
{ "type": "Feature", "properties": { "FacilityType": "HighwayBridge", "FacilityId": "CA007164", "Anchor": "null", "FoundationType": "null", "eqBldgType": "null", "DesignLevel": "null", "SoilType": "D", "LqfSusCat": 0, "LndSusCat": 0, "WaterDepth": 5.0, "Distance": "null", "PGA": 0.27735394239425659, "PGV": 10.04581356048584, "Sa03": 0.62787985801696777, "Sa10": 0.26528066396713257, "LqfSettlPGD": 0.0, "LqfSprPGD": 0.0, "LqfProb": 0.0, "LndPGD": 0.0, "LndProb": 0.0, "SufFltRuptPGD": 29.523393630981445, "SurfFltRuptProb": 0.5, "PDsNone": 0.9131, "PDsSlight": 0.066, "PDsModerate": 0.0119, "PDsExtensive": 0.0069, "PDsComplete": 0.0019, "PDsExceedSlight": 0.0868, "PDsExceedModerate": 0.0208, "PDsExceedExtensive": 0.0088, "FunctDay1": 96.6, "FunctDay3": 98.6, "FunctDay7": 99.0, "FunctDay14": 99.1, "FunctDay30": 99.2, "FunctDay90": 99.5, "EconLoss": 37671.1015625, "Name": "'BNSF RY AND AMTRAK'", "City": "null", "State": "null" }, "geometry": { "type": "Point", "coordinates": [ -122.286797, 38.008036 ] } },
{ "type": "Feature", "properties": { "FacilityType": "HighwayBridge", "FacilityId": "CA007165", "Anchor": "null", "FoundationType": "null", "eqBldgType": "null", "DesignLevel": "null", "SoilType": "D", "LqfSusCat": 0, "LndSusCat": 0, "WaterDepth": 5.0, "Distance": "null", "PGA": 0.32111510634422302, "PGV": 11.395089149475098, "Sa03": 0.7213207483291626, "Sa10": 0.30600848793983459, "LqfSettlPGD": 0.0, "LqfSprPGD": 0.0, "LqfProb": 0.0, "LndPGD": 0.0, "LndProb": 0.0, "SufFltRuptPGD": 29.523393630981445, "SurfFltRuptProb": 0.5, "PDsNone": 0.9453, "PDsSlight": 0.0221, "PDsModerate": 0.0166, "PDsExtensive": 0.0126, "PDsComplete": 0.0031, "PDsExceedSlight": 0.0546, "PDsExceedModerate": 0.0325, "PDsExceedExtensive": 0.0158, "FunctDay1": 96.7, "FunctDay3": 97.7, "FunctDay7": 98.3, "FunctDay14": 98.5, "FunctDay30": 98.5, "FunctDay90": 99.2, "EconLoss": 21768.9609375, "Name": "'WALNUT CREEK'", "City": "null", "State": "null" }, "geometry": { "type": "Point", "coordinates": [ -122.056717, 37.907386 ] } },
{ "type": "Feature", "properties": { "FacilityType": "HighwayBridge", "FacilityId": "CA007166", "Anchor": "null", "FoundationType": "null", "eqBldgType": "null", "DesignLevel": "null", "SoilType": "D", "LqfSusCat": 0, "LndSusCat": 0, "WaterDepth": 5.0, "Distance": "null", "PGA": 0.31993374228477478, "PGV": 11.038826942443848, "Sa03": 0.69984692335128784, "Sa10": 0.29034751653671265, "LqfSettlPGD": 0.0, "LqfSprPGD": 0.0, "LqfProb": 0.0, "LndPGD": 0.0, "LndProb": 0.0, "SufFltRuptPGD": 29.523393630981445, "SurfFltRuptProb": 0.5, "PDsNone": 0.8868, "PDsSlight": 0.082, "PDsModerate": 0.0172, "PDsExtensive": 0.0106, "PDsComplete": 0.0033, "PDsExceedSlight": 0.1131, "PDsExceedModerate": 0.0311, "PDsExceedExtensive": 0.0139, "FunctDay1": 95.3, "FunctDay3": 97.9, "FunctDay7": 98.5, "FunctDay14": 98.6, "FunctDay30": 98.7, "FunctDay90": 99.3, "EconLoss": 31098.669921875, "Name": "'SAN RAMON CREEK'", "City": "null", "State": "null" }, "geometry": { "type": "Point", "coordinates": [ -122.031567, 37.850486 ] } },
{ "type": "Feature", "properties": { "FacilityType": "HighwayBridge", "FacilityId": "CA007167", "Anchor": "null", "FoundationType": "null", "eqBldgType": "null", "DesignLevel": "null", "SoilType": "D", "LqfSusCat": 0, "LndSusCat": 0, "WaterDepth": 5.0, "Distance": "null", "PGA": 0.32111510634422302, "PGV": 11.395089149475098, "Sa03": 0.7213207483291626, "Sa10": 0.30600848793983459, "LqfSettlPGD": 0.0, "LqfSprPGD": 0.0, "LqfProb": 0.0, "LndPGD": 0.0, "LndProb": 0.0, "SufFltRuptPGD": 29.523393630981445, "SurfFltRuptProb": 0.5, "PDsNone": 0.9453, "PDsSlight": 0.0302, "PDsModerate": 0.0129, "PDsExtensive": 0.0093, "PDsComplete": 0.0021, "PDsExceedSlight": 0.0546, "PDsExceedModerate": 0.0243, "PDsExceedExtensive": 0.0114, "FunctDay1": 97.2, "FunctDay3": 98.3, "FunctDay7": 98.8, "FunctDay14": 98.9, "FunctDay30": 98.9, "FunctDay90": 99.4, "EconLoss": 4163.763671875, "Name": "'SAN RAMON CREEK'", "City": "null", "State": "null" }, "geometry": { "type": "Point", "coordinates": [ -122.048308, 37.880256 ] } },
{ "type": "Feature", "properties": { "FacilityType": "HighwayBridge", "FacilityId": "CA007168", "Anchor": "null", "FoundationType": "null", "eqBldgType": "null", "DesignLevel": "null", "SoilType": "D", "LqfSusCat": 0, "LndSusCat": 0, "WaterDepth": 5.0, "Distance": "null", "PGA": 0.32111510634422302, "PGV": 11.395089149475098, "Sa03": 0.7213207483291626, "Sa10": 0.30600848793983459, "LqfSettlPGD": 0.0, "LqfSprPGD": 0.0, "LqfProb": 0.0, "LndPGD": 0.0, "LndProb": 0.0, "SufFltRuptPGD": 29.523393630981445, "SurfFltRuptProb": 0.5, "PDsNone": 0.9453, "PDsSlight": 0.0227, "PDsModerate": 0.0164, "PDsExtensive": 0.0123, "PDsComplete": 0.003, "PDsExceedSlight": 0.0546, "PDsExceedModerate": 0.0318, "PDsExceedExtensive": 0.0154, "FunctDay1": 96.7, "FunctDay3": 97.7, "FunctDay7": 98.4, "FunctDay14": 98.5, "FunctDay30": 98.6, "FunctDay90": 99.2, "EconLoss": 17591.46875, "Name": "'SAN RAMON CREEK'", "City": "null", "State": "null" }, "geometry": { "type": "Point", "coordinates": [ -122.049625, 37.878611 ] } },
{ "type": "Feature", "properties": { "FacilityType": "HighwayBridge", "FacilityId": "CA007169", "Anchor": "null", "FoundationType": "null", "eqBldgType": "null", "DesignLevel": "null", "SoilType": "D", "LqfSusCat": 0, "LndSusCat": 0, "WaterDepth": 5.0, "Distance": "null", "PGA": 0.32494053244590759, "PGV": 14.086722373962402, "Sa03": 0.80031126737594604, "Sa10": 0.42130327224731445, "LqfSettlPGD": 0.0, "LqfSprPGD": 0.0, "LqfProb": 0.0, "LndPGD": 0.0, "LndProb": 0.0, "SufFltRuptPGD": 29.523393630981445, "SurfFltRuptProb": 0.5, "PDsNone": 0.8574, "PDsSlight": 0.0668, "PDsModerate": 0.0346, "PDsExtensive": 0.0308, "PDsComplete": 0.0102, "PDsExceedSlight": 0.1425, "PDsExceedModerate": 0.0757, "PDsExceedExtensive": 0.041, "FunctDay1": 91.8, "FunctDay3": 94.5, "FunctDay7": 95.8, "FunctDay14": 96.1, "FunctDay30": 96.3, "FunctDay90": 97.9, "EconLoss": 43094.265625, "Name": "'GRAYSON CREEK'", "City": "null", "State": "null" }, "geometry": { "type": "Point", "coordinates": [ -122.066339, 37.961436 ] } },
{ "type": "Feature", "properties": { "FacilityType": "HighwayBridge", "FacilityId": "CA007170", "Anchor": "null", "FoundationType": "null", "eqBldgType": "null", "DesignLevel": "null", "SoilType": "D", "LqfSusCat": 0, "LndSusCat": 0, "WaterDepth": 5.0, "Distance": "null", "PGA": 0.30383887887001038, "PGV": 10.245465278625488, "Sa03": 0.66524195671081543, "Sa10": 0.26814252138137817, "LqfSettlPGD": 0.0, "LqfSprPGD": 0.0, "LqfProb": 0.0, "LndPGD": 0.0, "LndProb": 0.0, "SufFltRuptPGD": 29.523393630981445, "SurfFltRuptProb": 0.5, "PDsNone": 0.9657, "PDsSlight": 0.0185, "PDsModerate": 0.0086, "PDsExtensive": 0.0058, "PDsComplete": 0.0011, "PDsExceedSlight": 0.0342, "PDsExceedModerate": 0.0157, "PDsExceedExtensive": 0.007, "FunctDay1": 98.2, "FunctDay3": 98.9, "FunctDay7": 99.2, "FunctDay14": 99.3, "FunctDay30": 99.3, "FunctDay90": 99.6, "EconLoss": 6782.73681640625, "Name": "'CONTRA COSTA CANAL'", "City": "null", "State": "null" }, "geometry": { "type": "Point", "coordinates": [ -122.075656, 37.961092 ] } },
{ "type": "Feature", "properties": { "FacilityType": "HighwayBridge", "FacilityId": "CA007171", "Anchor": "null", "FoundationType": "null", "eqBldgType": "null", "DesignLevel": "null", "SoilType": "D", "LqfSusCat": 0, "LndSusCat": 0, "WaterDepth": 5.0, "Distance": "null", "PGA": 0.32111510634422302, "PGV": 11.395089149475098, "Sa03": 0.7213207483291626, "Sa10": 0.30600848793983459, "LqfSettlPGD": 0.0, "LqfSprPGD": 0.0, "LqfProb": 0.0, "LndPGD": 0.0, "LndProb": 0.0, "SufFltRuptPGD": 29.523393630981445, "SurfFltRuptProb": 0.5, "PDsNone": 0.8691, "PDsSlight": 0.0904, "PDsModerate": 0.0216, "PDsExtensive": 0.014, "PDsComplete": 0.0046, "PDsExceedSlight": 0.1308, "PDsExceedModerate": 0.0403, "PDsExceedExtensive": 0.0187, "FunctDay1": 94.3, "FunctDay3": 97.2, "FunctDay7": 98.0, "FunctDay14": 98.2, "FunctDay30": 98.3, "FunctDay90": 99.0, "EconLoss": 24529.814453125, "Name": "'LAS TRAMPAS CREEK'", "City": "null", "State": "null" }, "geometry": { "type": "Point", "coordinates": [ -122.058914, 37.894714 ] } },
{ "type": "Feature", "properties": { "FacilityType": "HighwayBridge", "FacilityId": "CA007172", "Anchor": "null", "FoundationType": "null", "eqBldgType": "null", "DesignLevel": "null", "SoilType": "D", "LqfSusCat": 0, "LndSusCat": 0, "WaterDepth": 5.0, "Distance": "null", "PGA": 0.28632470965385437, "PGV": 10.346205711364746, "Sa03": 0.65192687511444092, "Sa10": 0.27895393967628479, "LqfSettlPGD": 0.0, "LqfSprPGD": 0.0, "LqfProb": 0.0, "LndPGD": 0.0, "LndProb": 0.0, "SufFltRuptPGD": 29.523393630981445, "SurfFltRuptProb": 0.5, "PDsNone": 0.9604, "PDsSlight": 0.0216, "PDsModerate": 0.0097, "PDsExtensive": 0.0067, "PDsComplete": 0.0014, "PDsExceedSlight": 0.0395, "PDsExceedModerate": 0.0179, "PDsExceedExtensive": 0.0081, "FunctDay1": 97.9, "FunctDay3": 98.7, "FunctDay7": 99.1, "FunctDay14": 99.2, "FunctDay30": 99.2, "FunctDay90": 99.6, "EconLoss": 4915.58984375, "Name": "'PINOLE CREEK'", "City": "null", "State": "null" }, "geometry": { "type": "Point", "coordinates": [ -122.270794, 37.981019 ] } },
{ "type": "Feature", "properties": { "FacilityType": "HighwayBridge", "FacilityId": "CA007173", "Anchor": "null", "FoundationType": "null", "eqBldgType": "null", "DesignLevel": "null", "SoilType": "D", "LqfSusCat": 0, "LndSusCat": 0, "WaterDepth": 5.0, "Distance": "null", "PGA": 0.25617694854736328, "PGV": 8.608607292175293, "Sa03": 0.56298106908798218, "Sa10": 0.21416859328746796, "LqfSettlPGD": 0.0, "LqfSprPGD": 0.0, "LqfProb": 0.0, "LndPGD": 0.0, "LndProb": 0.0, "SufFltRuptPGD": 29.523393630981445, "SurfFltRuptProb": 0.5, "PDsNone": 0.9826, "PDsSlight": 0.0122, "PDsModerate": 0.003, "PDsExtensive": 0.0017, "PDsComplete": 0.0002, "PDsExceedSlight": 0.0173, "PDsExceedModerate": 0.0051, "PDsExceedExtensive": 0.002, "FunctDay1": 99.2, "FunctDay3": 99.6, "FunctDay7": 99.7, "FunctDay14": 99.7, "FunctDay30": 99.8, "FunctDay90": 99.8, "EconLoss": 3078.908935546875, "Name": "'CONTRA COSTA CANAL'", "City": "null", "State": "null" }, "geometry": { "type": "Point", "coordinates": [ -121.941697, 38.019494 ] } },
{ "type": "Feature", "properties": { "FacilityType": "HighwayBridge", "FacilityId": "CA007174", "Anchor": "null", "FoundationType": "null", "eqBldgType": "null", "DesignLevel": "null", "SoilType": "D", "LqfSusCat": 0, "LndSusCat": 0, "WaterDepth": 5.0, "Distance": "null", "PGA": 0.25617694854736328, "PGV": 8.608607292175293, "Sa03": 0.56298106908798218, "Sa10": 0.21416859328746796, "LqfSettlPGD": 0.0, "LqfSprPGD": 0.0, "LqfProb": 0.0, "LndPGD": 0.0, "LndProb": 0.0, "SufFltRuptPGD": 29.523393630981445, "SurfFltRuptProb": 0.5, "PDsNone": 0.9859, "PDsSlight": 0.0089, "PDsModerate": 0.003, "PDsExtensive": 0.0017, "PDsComplete": 0.0002, "PDsExceedSlight": 0.014, "PDsExceedModerate": 0.0051, "PDsExceedExtensive": 0.002, "FunctDay1": 99.3, "FunctDay3": 99.6, "FunctDay7": 99.7, "FunctDay14": 99.7, "FunctDay30": 99.8, "FunctDay90": 99.8, "EconLoss": 744.46783447265625, "Name": "'CONTRA COSTA CANAL'", "City": "null", "State": "null" }, "geometry": { "type": "Point", "coordinates": [ -121.938261, 38.019333 ] } },
{ "type": "Feature", "properties": { "FacilityType": "HighwayBridge", "FacilityId": "CA007175", "Anchor": "null", "FoundationType": "null", "eqBldgType": "null", "DesignLevel": "null", "SoilType": "D", "LqfSusCat": 0, "LndSusCat": 0, "WaterDepth": 5.0, "Distance": "null", "PGA": 0.25617694854736328, "PGV": 8.608607292175293, "Sa03": 0.56298106908798218, "Sa10": 0.21416859328746796, "LqfSettlPGD": 0.0, "LqfSprPGD": 0.0, "LqfProb": 0.0, "LndPGD": 0.0, "LndProb": 0.0, "SufFltRuptPGD": 29.523393630981445, "SurfFltRuptProb": 0.5, "PDsNone": 0.9767, "PDsSlight": 0.0, "PDsModerate": 0.0123, "PDsExtensive": 0.0088, "PDsComplete": 0.002, "PDsExceedSlight": 0.0232, "PDsExceedModerate": 0.0232, "PDsExceedExtensive": 0.0108, "FunctDay1": 98.0, "FunctDay3": 98.4, "FunctDay7": 98.8, "FunctDay14": 98.9, "FunctDay30": 99.0, "FunctDay90": 99.4, "EconLoss": 6074.7421875, "Name": "'CONTRA COSTA CANAL'", "City": "null", "State": "null" }, "geometry": { "type": "Point", "coordinates": [ -121.940097, 38.019647 ] } },
{ "type": "Feature", "properties": { "FacilityType": "HighwayBridge", "FacilityId": "CA007176", "Anchor": "null", "FoundationType": "null", "eqBldgType": "null", "DesignLevel": "null", "SoilType": "D", "LqfSusCat": 0, "LndSusCat": 0, "WaterDepth": 5.0, "Distance": "null", "PGA": 0.25617694854736328, "PGV": 8.608607292175293, "Sa03": 0.56298106908798218, "Sa10": 0.21416859328746796, "LqfSettlPGD": 0.0, "LqfSprPGD": 0.0, "LqfProb": 0.0, "LndPGD": 0.0, "LndProb": 0.0, "SufFltRuptPGD": 29.523393630981445, "SurfFltRuptProb": 0.5, "PDsNone": 0.9767, "PDsSlight": 0.0, "PDsModerate": 0.0123, "PDsExtensive": 0.0088, "PDsComplete": 0.002, "PDsExceedSlight": 0.0232, "PDsExceedModerate": 0.0232, "PDsExceedExtensive": 0.0108, "FunctDay1": 98.0, "FunctDay3": 98.4, "FunctDay7": 98.8, "FunctDay14": 98.9, "FunctDay30": 99.0, "FunctDay90": 99.4, "EconLoss": 5857.787109375, "Name": "'CONTRA COSTA CANAL'", "City": "null", "State": "null" }, "geometry": { "type": "Point", "coordinates": [ -121.944533, 38.019517 ] } },
{ "type": "Feature", "properties": { "FacilityType": "HighwayBridge", "FacilityId": "CA007177", "Anchor": "null", "FoundationType": "null", "eqBldgType": "null", "DesignLevel": "null", "SoilType": "D", "LqfSusCat": 0, "LndSusCat": 0, "WaterDepth": 5.0, "Distance": "null", "PGA": 0.18115696310997009, "PGV": 7.8331913948059082, "Sa03": 0.47749584913253784, "Sa10": 0.23718364536762238, "LqfSettlPGD": 0.0, "LqfSprPGD": 0.0, "LqfProb": 0.0, "LndPGD": 0.0, "LndProb": 0.0, "SufFltRuptPGD": 29.523393630981445, "SurfFltRuptProb": 0.5, "PDsNone": 0.893, "PDsSlight": 0.0855, "PDsModerate": 0.016, "PDsExtensive": 0.0047, "PDsComplete": 0.0005, "PDsExceedSlight": 0.1069, "PDsExceedModerate": 0.0213, "PDsExceedExtensive": 0.0052, "FunctDay1": 96.1, "FunctDay3": 98.7, "FunctDay7": 99.3, "FunctDay14": 99.4, "FunctDay30": 99.5, "FunctDay90": 99.7, "EconLoss": 13800.693359375, "Name": "'ROCK SLOUGH'", "City": "null", "State": "null" }, "geometry": { "type": "Point", "coordinates": [ -121.620008, 37.976522 ] } },
{ "type": "Feature", "properties": { "FacilityType": "HighwayBridge", "FacilityId": "CA007178", "Anchor": "null", "FoundationType": "null", "eqBldgType": "null", "DesignLevel": "null", "SoilType": "D", "LqfSusCat": 0, "LndSusCat": 0, "WaterDepth": 5.0, "Distance": "null", "PGA": 0.28914901614189148, "PGV": 9.8484163284301758, "Sa03": 0.64303761720657349, "Sa10": 0.26246479153633118, "LqfSettlPGD": 0.0, "LqfSprPGD": 0.0, "LqfProb": 0.0, "LndPGD": 0.0, "LndProb": 0.0, "SufFltRuptPGD": 29.523393630981445, "SurfFltRuptProb": 0.5, "PDsNone": 0.9683, "PDsSlight": 0.0183, "PDsModerate": 0.0074, "PDsExtensive": 0.0048, "PDsComplete": 0.0009, "PDsExceedSlight": 0.0316, "PDsExceedModerate": 0.0132, "PDsExceedExtensive": 0.0058, "FunctDay1": 98.4, "FunctDay3": 99.1, "FunctDay7": 99.3, "FunctDay14": 99.4, "FunctDay30": 99.4, "FunctDay90": 99.7, "EconLoss": 8045.7255859375, "Name": "'BNSF RY'", "City": "null", "State": "null" }, "geometry": { "type": "Point", "coordinates": [ -122.119614, 37.996711 ] } },
{ "type": "Feature", "properties": { "FacilityType": "HighwayBridge", "FacilityId": "CA007179", "Anchor": "null", "FoundationType": "null", "eqBldgType": "null", "DesignLevel": "null", "SoilType": "D", "LqfSusCat": 0, "LndSusCat": 0, "WaterDepth": 5.0, "Distance": "null", "PGA": 0.30504786968231201, "PGV": 12.021832466125488, "Sa03": 0.72809457778930664, "Sa10": 0.32921820878982544, "LqfSettlPGD": 0.0, "LqfSprPGD": 0.0, "LqfProb": 0.0, "LndPGD": 0.0, "LndProb": 0.0, "SufFltRuptPGD": 29.523393630981445, "SurfFltRuptProb": 0.5, "PDsNone": 0.9437, "PDsSlight": 0.0, "PDsModerate": 0.0289, "PDsExtensive": 0.0199, "PDsComplete": 0.0073, "PDsExceedSlight": 0.0562, "PDsExceedModerate": 0.0562, "PDsExceedExtensive": 0.0273, "FunctDay1": 95.2, "FunctDay3": 96.1, "FunctDay7": 97.2, "FunctDay14": 97.4, "FunctDay30": 97.5, "FunctDay90": 98.6, "EconLoss": 71000.203125, "Name": "'GRAYSON CREEK'", "City": "null", "State": "null" }, "geometry": { "type": "Point", "coordinates": [ -122.069931, 37.986803 ] } },
{ "type": "Feature", "properties": { "FacilityType": "HighwayBridge", "FacilityId": "CA007180", "Anchor": "null", "FoundationType": "null", "eqBldgType": "null", "DesignLevel": "null", "SoilType": "D", "LqfSusCat": 0, "LndSusCat": 0, "WaterDepth": 5.0, "Distance": "null", "PGA": 0.32041805982589722, "PGV": 12.237601280212402, "Sa03": 0.74365264177322388, "Sa10": 0.33581742644309998, "LqfSettlPGD": 0.0, "LqfSprPGD": 0.0, "LqfProb": 0.0, "LndPGD": 0.0, "LndProb": 0.0, "SufFltRuptPGD": 29.523393630981445, "SurfFltRuptProb": 0.5, "PDsNone": 0.926, "PDsSlight": 0.0293, "PDsModerate": 0.022, "PDsExtensive": 0.0177, "PDsComplete": 0.0048, "PDsExceedSlight": 0.0739, "PDsExceedModerate": 0.0446, "PDsExceedExtensive": 0.0226, "FunctDay1": 95.5, "FunctDay3": 96.8, "FunctDay7": 97.7, "FunctDay14": 97.8, "FunctDay30": 97.9, "FunctDay90": 98.9, "EconLoss": 42350.37109375, "Name": "'SAN RAMON CREEK'", "City": "null", "State": "null" }, "geometry": { "type": "Point", "coordinates": [ -121.984542, 37.811236 ] } },
{ "type": "Feature", "properties": { "FacilityType": "HighwayBridge", "FacilityId": "CA007181", "Anchor": "null", "FoundationType": "null", "eqBldgType": "null", "DesignLevel": "null", "SoilType": "D", "LqfSusCat": 0, "LndSusCat": 0, "WaterDepth": 5.0, "Distance": "null", "PGA": 0.31861957907676697, "PGV": 10.963915824890137, "Sa03": 0.69456857442855835, "Sa10": 0.28741380572319031, "LqfSettlPGD": 0.0, "LqfSprPGD": 0.0, "LqfProb": 0.0, "LndPGD": 0.0, "LndProb": 0.0, "SufFltRuptPGD": 29.523393630981445, "SurfFltRuptProb": 0.5, "PDsNone": 0.956, "PDsSlight": 0.0251, "PDsModerate": 0.0102, "PDsExtensive": 0.007, "PDsComplete": 0.0015, "PDsExceedSlight": 0.0439, "PDsExceedModerate": 0.0188, "PDsExceedExtensive": 0.0086, "FunctDay1": 97.8, "FunctDay3": 98.7, "FunctDay7": 99.1, "FunctDay14": 99.1, "FunctDay30": 99.2, "FunctDay90": 99.5, "EconLoss": 2980.546142578125, "Name": "'LAS TRAMPAS CREEK'", "City": "null", "State": "null" }, "geometry": { "type": "Point", "coordinates": [ -122.097067, 37.871922 ] } },
{ "type": "Feature", "properties": { "FacilityType": "HighwayBridge", "FacilityId": "CA007182", "Anchor": "null", "FoundationType": "null", "eqBldgType": "null", "DesignLevel": "null", "SoilType": "D", "LqfSusCat": 0, "LndSusCat": 0, "WaterDepth": 5.0, "Distance": "null", "PGA": 0.32041805982589722, "PGV": 12.237601280212402, "Sa03": 0.74365264177322388, "Sa10": 0.33581742644309998, "LqfSettlPGD": 0.0, "LqfSprPGD": 0.0, "LqfProb": 0.0, "LndPGD": 0.0, "LndProb": 0.0, "SufFltRuptPGD": 29.523393630981445, "SurfFltRuptProb": 0.5, "PDsNone": 0.926, "PDsSlight": 0.0395, "PDsModerate": 0.0175, "PDsExtensive": 0.0134, "PDsComplete": 0.0034, "PDsExceedSlight": 0.0739, "PDsExceedModerate": 0.0344, "PDsExceedExtensive": 0.0168, "FunctDay1": 96.1, "FunctDay3": 97.6, "FunctDay7": 98.2, "FunctDay14": 98.4, "FunctDay30": 98.5, "FunctDay90": 99.1, "EconLoss": 13328.21875, "Name": "'SAN RAMON CREEK'", "City": "null", "State": "null" }, "geometry": { "type": "Point", "coordinates": [ -121.980581, 37.790056 ] } },
{ "type": "Feature", "properties": { "FacilityType": "HighwayBridge", "FacilityId": "CA007183", "Anchor": "null", "FoundationType": "null", "eqBldgType": "null", "DesignLevel": "null", "SoilType": "D", "LqfSusCat": 0, "LndSusCat": 0, "WaterDepth": 5.0, "Distance": "null", "PGA": 0.30504786968231201, "PGV": 12.021832466125488, "Sa03": 0.72809457778930664, "Sa10": 0.32921820878982544, "LqfSettlPGD": 0.0, "LqfSprPGD": 0.0, "LqfProb": 0.0, "LndPGD": 0.0, "LndProb": 0.0, "SufFltRuptPGD": 29.523393630981445, "SurfFltRuptProb": 0.5, "PDsNone": 0.8414, "PDsSlight": 0.1116, "PDsModerate": 0.0246, "PDsExtensive": 0.0164, "PDsComplete": 0.0057, "PDsExceedSlight": 0.1585, "PDsExceedModerate": 0.0469, "PDsExceedExtensive": 0.0222, "FunctDay1": 93.2, "FunctDay3": 96.7, "FunctDay7": 97.7, "FunctDay14": 97.8, "FunctDay30": 98.0, "FunctDay90": 98.8, "EconLoss": 70914.59375, "Name": "'WALNUT CREEK'", "City": "null", "State": "null" }, "geometry": { "type": "Point", "coordinates": [ -122.052314, 37.980719 ] } },
{ "type": "Feature", "properties": { "FacilityType": "HighwayBridge", "FacilityId": "CA007184", "Anchor": "null", "FoundationType": "null", "eqBldgType": "null", "DesignLevel": "null", "SoilType": "D", "LqfSusCat": 0, "LndSusCat": 0, "WaterDepth": 5.0, "Distance": "null", "PGA": 0.30504786968231201, "PGV": 12.021832466125488, "Sa03": 0.72809457778930664, "Sa10": 0.32921820878982544, "LqfSettlPGD": 0.0, "LqfSprPGD": 0.0, "LqfProb": 0.0, "LndPGD": 0.0, "LndProb": 0.0, "SufFltRuptPGD": 29.523393630981445, "SurfFltRuptProb": 0.5, "PDsNone": 0.953, "PDsSlight": 0.0, "PDsModerate": 0.0246, "PDsExtensive": 0.0164, "PDsComplete": 0.0057, "PDsExceedSlight": 0.0469, "PDsExceedModerate": 0.0469, "PDsExceedExtensive": 0.0222, "FunctDay1": 96.0, "FunctDay3": 96.7, "FunctDay7": 97.7, "FunctDay14": 97.8, "FunctDay30": 98.0, "FunctDay90": 98.8, "EconLoss": 57796.0, "Name": "'WALNUT CREEK'", "City": "null", "State": "null" }, "geometry": { "type": "Point", "coordinates": [ -122.052344, 37.980572 ] } },
{ "type": "Feature", "properties": { "FacilityType": "HighwayBridge", "FacilityId": "CA007185", "Anchor": "null", "FoundationType": "null", "eqBldgType": "null", "DesignLevel": "null", "SoilType": "D", "LqfSusCat": 0, "LndSusCat": 0, "WaterDepth": 5.0, "Distance": "null", "PGA": 0.31081861257553101, "PGV": 10.68083381652832, "Sa03": 0.68266290426254272, "Sa10": 0.28262096643447876, "LqfSettlPGD": 0.0, "LqfSprPGD": 0.0, "LqfProb": 0.0, "LndPGD": 0.0, "LndProb": 0.0, "SufFltRuptPGD": 29.523393630981445, "SurfFltRuptProb": 0.5, "PDsNone": 0.9724, "PDsSlight": 0.0, "PDsModerate": 0.0154, "PDsExtensive": 0.0093, "PDsComplete": 0.0028, "PDsExceedSlight": 0.0275, "PDsExceedModerate": 0.0275, "PDsExceedExtensive": 0.0121, "FunctDay1": 97.7, "FunctDay3": 98.1, "FunctDay7": 98.7, "FunctDay14": 98.8, "FunctDay30": 98.9, "FunctDay90": 99.4, "EconLoss": 14615.1826171875, "Name": "'SAN RAMON CREEK'", "City": "null", "State": "null" }, "geometry": { "type": "Point", "coordinates": [ -122.015556, 37.835081 ] } },
{ "type": "Feature", "properties": { "FacilityType": "HighwayBridge", "FacilityId": "CA007186", "Anchor": "null", "FoundationType": "null", "eqBldgType": "null", "DesignLevel": "null", "SoilType": "D", "LqfSusCat": 0, "LndSusCat": 0, "WaterDepth": 5.0, "Distance": "null", "PGA": 0.25753375887870789, "PGV": 9.6131410598754883, "Sa03": 0.61345106363296509, "Sa10": 0.25921157002449036, "LqfSettlPGD": 0.0, "LqfSprPGD": 0.0, "LqfProb": 0.0, "LndPGD": 0.0, "LndProb": 0.0, "SufFltRuptPGD": 29.523393630981445, "SurfFltRuptProb": 0.5, "PDsNone": 0.9698, "PDsSlight": 0.0175, "PDsModerate": 0.0071, "PDsExtensive": 0.0046, "PDsComplete": 0.0008, "PDsExceedSlight": 0.0301, "PDsExceedModerate": 0.0126, "PDsExceedExtensive": 0.0055, "FunctDay1": 98.5, "FunctDay3": 99.1, "FunctDay7": 99.4, "FunctDay14": 99.4, "FunctDay30": 99.5, "FunctDay90": 99.7, "EconLoss": 3850.705810546875, "Name": "'CONTRA COSTA CANAL'", "City": "null", "State": "null" }, "geometry": { "type": "Point", "coordinates": [ -121.885014, 38.003619 ] } },
{ "type": "Feature", "properties": { "FacilityType": "HighwayBridge", "FacilityId": "CA007187", "Anchor": "null", "FoundationType": "null", "eqBldgType": "null", "DesignLevel": "null", "SoilType": "D", "LqfSusCat": 0, "LndSusCat": 0, "WaterDepth": 5.0, "Distance": "null", "PGA": 0.32494053244590759, "PGV": 14.086722373962402, "Sa03": 0.80031126737594604, "Sa10": 0.42130327224731445, "LqfSettlPGD": 0.0, "LqfSprPGD": 0.0, "LqfProb": 0.0, "LndPGD": 0.0, "LndProb": 0.0, "SufFltRuptPGD": 29.523393630981445, "SurfFltRuptProb": 0.5, "PDsNone": 0.8574, "PDsSlight": 0.0655, "PDsModerate": 0.0351, "PDsExtensive": 0.0314, "PDsComplete": 0.0104, "PDsExceedSlight": 0.1425, "PDsExceedModerate": 0.077, "PDsExceedExtensive": 0.0418, "FunctDay1": 91.7, "FunctDay3": 94.4, "FunctDay7": 95.8, "FunctDay14": 96.0, "FunctDay30": 96.2, "FunctDay90": 97.9, "EconLoss": 76544.6875, "Name": "'WALNUT CREEK'", "City": "null", "State": "null" }, "geometry": { "type": "Point", "coordinates": [ -122.051706, 37.947397 ] } },
{ "type": "Feature", "properties": { "FacilityType": "HighwayBridge", "FacilityId": "CA007188", "Anchor": "null", "FoundationType": "null", "eqBldgType": "null", "DesignLevel": "null", "SoilType": "D", "LqfSusCat": 0, "LndSusCat": 0, "WaterDepth": 5.0, "Distance": "null", "PGA": 0.32494053244590759, "PGV": 14.086722373962402, "Sa03": 0.80031126737594604, "Sa10": 0.42130327224731445, "LqfSettlPGD": 0.0, "LqfSprPGD": 0.0, "LqfProb": 0.0, "LndPGD": 0.0, "LndProb": 0.0, "SufFltRuptPGD": 29.523393630981445, "SurfFltRuptProb": 0.5, "PDsNone": 0.7221, "PDsSlight": 0.174, "PDsModerate": 0.0483, "PDsExtensive": 0.038, "PDsComplete": 0.0173, "PDsExceedSlight": 0.2778, "PDsExceedModerate": 0.1037, "PDsExceedExtensive": 0.0553, "FunctDay1": 86.7, "FunctDay3": 92.5, "FunctDay7": 94.4, "FunctDay14": 94.7, "FunctDay30": 95.0, "FunctDay90": 97.0, "EconLoss": 29576.873046875, "Name": "'PINE CREEK'", "City": "null", "State": "null" }, "geometry": { "type": "Point", "coordinates": [ -122.035689, 37.958494 ] } },
{ "type": "Feature", "properties": { "FacilityType": "HighwayBridge", "FacilityId": "CA007189", "Anchor": "null", "FoundationType": "null", "eqBldgType": "null", "DesignLevel": "null", "SoilType": "D", "LqfSusCat": 0, "LndSusCat": 0, "WaterDepth": 5.0, "Distance": "null", "PGA": 0.32553109526634216, "PGV": 12.258646011352539, "Sa03": 0.75154876708984375, "Sa10": 0.33662161231040955, "LqfSettlPGD": 0.0, "LqfSprPGD": 0.0, "LqfProb": 0.0, "LndPGD": 0.0, "LndProb": 0.0, "SufFltRuptPGD": 29.523393630981445, "SurfFltRuptProb": 0.5, "PDsNone": 0.9254, "PDsSlight": 0.0329, "PDsModerate": 0.0207, "PDsExtensive": 0.0164, "PDsComplete": 0.0044, "PDsExceedSlight": 0.0745, "PDsExceedModerate": 0.0415, "PDsExceedExtensive": 0.0208, "FunctDay1": 95.6, "FunctDay3": 97.0, "FunctDay7": 97.8, "FunctDay14": 98.0, "FunctDay30": 98.1, "FunctDay90": 98.9, "EconLoss": 13499.0751953125, "Name": "'RELIEZ CREEK'", "City": "null", "State": "null" }, "geometry": { "type": "Point", "coordinates": [ -122.09365, 37.8956 ] } },
{ "type": "Feature", "properties": { "FacilityType": "HighwayBridge", "FacilityId": "CA007190", "Anchor": "null", "FoundationType": "null", "eqBldgType": "null", "DesignLevel": "null", "SoilType": "D", "LqfSusCat": 0, "LndSusCat": 0, "WaterDepth": 5.0, "Distance": "null", "PGA": 0.28633642196655273, "PGV": 12.898520469665527, "Sa03": 0.71656978130340576, "Sa10": 0.36990472674369812, "LqfSettlPGD": 0.0, "LqfSprPGD": 0.0, "LqfProb": 0.0, "LndPGD": 0.0, "LndProb": 0.0, "SufFltRuptPGD": 29.523393630981445, "SurfFltRuptProb": 0.5, "PDsNone": 0.3635, "PDsSlight": 0.3287, "PDsModerate": 0.0976, "PDsExtensive": 0.1408, "PDsComplete": 0.0691, "PDsExceedSlight": 0.6364, "PDsExceedModerate": 0.3077, "PDsExceedExtensive": 0.21, "FunctDay1": 64.4, "FunctDay3": 75.5, "FunctDay7": 79.4, "FunctDay14": 80.1, "FunctDay30": 81.2, "FunctDay90": 88.6, "EconLoss": 163128.921875, "Name": "'WILDCAT CREEK'", "City": "null", "State": "null" }, "geometry": { "type": "Point", "coordinates": [ -122.366831, 37.960267 ] } },
{ "type": "Feature", "properties": { "FacilityType": "HighwayBridge", "FacilityId": "CA007191", "Anchor": "null", "FoundationType": "null", "eqBldgType": "null", "DesignLevel": "null", "SoilType": "D", "LqfSusCat": 0, "LndSusCat": 0, "WaterDepth": 5.0, "Distance": "null", "PGA": 0.28633642196655273, "PGV": 12.898520469665527, "Sa03": 0.71656978130340576, "Sa10": 0.36990472674369812, "LqfSettlPGD": 0.0, "LqfSprPGD": 0.0, "LqfProb": 0.0, "LndPGD": 0.0, "LndProb": 0.0, "SufFltRuptPGD": 29.523393630981445, "SurfFltRuptProb": 0.5, "PDsNone": 0.3635, "PDsSlight": 0.3287, "PDsModerate": 0.0976, "PDsExtensive": 0.1408, "PDsComplete": 0.0691, "PDsExceedSlight": 0.6364, "PDsExceedModerate": 0.3077, "PDsExceedExtensive": 0.21, "FunctDay1": 64.4, "FunctDay3": 75.5, "FunctDay7": 79.4, "FunctDay14": 80.1, "FunctDay30": 81.2, "FunctDay90": 88.6, "EconLoss": 170325.796875, "Name": "'SAN PABLO CREEK'", "City": "null", "State": "null" }, "geometry": { "type": "Point", "coordinates": [ -122.366703, 37.967228 ] } },
{ "type": "Feature", "properties": { "FacilityType": "HighwayBridge", "FacilityId": "CA007192", "Anchor": "null", "FoundationType": "null", "eqBldgType": "null", "DesignLevel": "null", "SoilType": "D", "LqfSusCat": 0, "LndSusCat": 0, "WaterDepth": 5.0, "Distance": "null", "PGA": 0.32553109526634216, "PGV": 12.258646011352539, "Sa03": 0.75154876708984375, "Sa10": 0.33662161231040955, "LqfSettlPGD": 0.0, "LqfSprPGD": 0.0, "LqfProb": 0.0, "LndPGD": 0.0, "LndProb": 0.0, "SufFltRuptPGD": 29.523393630981445, "SurfFltRuptProb": 0.5, "PDsNone": 0.9254, "PDsSlight": 0.0175, "PDsModerate": 0.0272, "PDsExtensive": 0.0229, "PDsComplete": 0.0068, "PDsExceedSlight": 0.0745, "PDsExceedModerate": 0.057, "PDsExceedExtensive": 0.0297, "FunctDay1": 94.7, "FunctDay3": 95.9, "FunctDay7": 97.0, "FunctDay14": 97.1, "FunctDay30": 97.3, "FunctDay90": 98.5, "EconLoss": 60019.76953125, "Name": "'LAS TRAMPAS CREEK'", "City": "null", "State": "null" }, "geometry": { "type": "Point", "coordinates": [ -122.092831, 37.886986 ] } },
{ "type": "Feature", "properties": { "FacilityType": "HighwayBridge", "FacilityId": "CA007193", "Anchor": "null", "FoundationType": "null", "eqBldgType": "null", "DesignLevel": "null", "SoilType": "D", "LqfSusCat": 0, "LndSusCat": 0, "WaterDepth": 5.0, "Distance": "null", "PGA": 0.29740694165229797, "PGV": 11.480756759643555, "Sa03": 0.70742017030715942, "Sa10": 0.31338182091712952, "LqfSettlPGD": 0.0, "LqfSprPGD": 0.0, "LqfProb": 0.0, "LndPGD": 0.0, "LndProb": 0.0, "SufFltRuptPGD": 29.523393630981445, "SurfFltRuptProb": 0.5, "PDsNone": 0.9408, "PDsSlight": 0.0325, "PDsModerate": 0.0139, "PDsExtensive": 0.0102, "PDsComplete": 0.0024, "PDsExceedSlight": 0.0591, "PDsExceedModerate": 0.0265, "PDsExceedExtensive": 0.0126, "FunctDay1": 96.9, "FunctDay3": 98.1, "FunctDay7": 98.7, "FunctDay14": 98.8, "FunctDay30": 98.8, "FunctDay90": 99.3, "EconLoss": 5901.2099609375, "Name": "'MOUNT DIABLO CREEK'", "City": "null", "State": "null" }, "geometry": { "type": "Point", "coordinates": [ -121.970019, 37.971694 ] } },
{ "type": "Feature", "properties": { "FacilityType": "HighwayBridge", "FacilityId": "CA007194", "Anchor": "null", "FoundationType": "null", "eqBldgType": "null", "DesignLevel": "null", "SoilType": "D", "LqfSusCat": 0, "LndSusCat": 0, "WaterDepth": 5.0, "Distance": "null", "PGA": 0.30504786968231201, "PGV": 12.021832466125488, "Sa03": 0.72809457778930664, "Sa10": 0.32921820878982544, "LqfSettlPGD": 0.0, "LqfSprPGD": 0.0, "LqfProb": 0.0, "LndPGD": 0.0, "LndProb": 0.0, "SufFltRuptPGD": 29.523393630981445, "SurfFltRuptProb": 0.5, "PDsNone": 0.9478, "PDsSlight": 0.0, "PDsModerate": 0.027, "PDsExtensive": 0.0184, "PDsComplete": 0.0066, "PDsExceedSlight": 0.0521, "PDsExceedModerate": 0.0521, "PDsExceedExtensive": 0.025, "FunctDay1": 95.6, "FunctDay3": 96.4, "FunctDay7": 97.4, "FunctDay14": 97.6, "FunctDay30": 97.7, "FunctDay90": 98.7, "EconLoss": 70687.359375, "Name": "'WALNUT CREEK'", "City": "null", "State": "null" }, "geometry": { "type": "Point", "coordinates": [ -122.059228, 38.001531 ] } },
{ "type": "Feature", "properties": { "FacilityType": "HighwayBridge", "FacilityId": "CA007195", "Anchor": "null", "FoundationType": "null", "eqBldgType": "null", "DesignLevel": "null", "SoilType": "D", "LqfSusCat": 0, "LndSusCat": 0, "WaterDepth": 5.0, "Distance": "null", "PGA": 0.30504786968231201, "PGV": 12.021832466125488, "Sa03": 0.72809457778930664, "Sa10": 0.32921820878982544, "LqfSettlPGD": 0.0, "LqfSprPGD": 0.0, "LqfProb": 0.0, "LndPGD": 0.0, "LndProb": 0.0, "SufFltRuptPGD": 29.523393630981445, "SurfFltRuptProb": 0.5, "PDsNone": 0.9528, "PDsSlight": 0.0, "PDsModerate": 0.0248, "PDsExtensive": 0.0165, "PDsComplete": 0.0057, "PDsExceedSlight": 0.0471, "PDsExceedModerate": 0.0471, "PDsExceedExtensive": 0.0223, "FunctDay1": 96.0, "FunctDay3": 96.7, "FunctDay7": 97.7, "FunctDay14": 97.8, "FunctDay30": 98.0, "FunctDay90": 98.8, "EconLoss": 30341.189453125, "Name": "'GRAYSON CREEK'", "City": "null", "State": "null" }, "geometry": { "type": "Point", "coordinates": [ -122.063197, 38.001789 ] } },
{ "type": "Feature", "properties": { "FacilityType": "HighwayBridge", "FacilityId": "CA007196", "Anchor": "null", "FoundationType": "null", "eqBldgType": "null", "DesignLevel": "null", "SoilType": "D", "LqfSusCat": 0, "LndSusCat": 0, "WaterDepth": 5.0, "Distance": "null", "PGA": 0.29740694165229797, "PGV": 11.480756759643555, "Sa03": 0.70742017030715942, "Sa10": 0.31338182091712952, "LqfSettlPGD": 0.0, "LqfSprPGD": 0.0, "LqfProb": 0.0, "LndPGD": 0.0, "LndProb": 0.0, "SufFltRuptPGD": 29.523393630981445, "SurfFltRuptProb": 0.5, "PDsNone": 0.9345, "PDsSlight": 0.0, "PDsModerate": 0.0306, "PDsExtensive": 0.0264, "PDsComplete": 0.0083, "PDsExceedSlight": 0.0654, "PDsExceedModerate": 0.0654, "PDsExceedExtensive": 0.0347, "FunctDay1": 94.4, "FunctDay3": 95.3, "FunctDay7": 96.5, "FunctDay14": 96.7, "FunctDay30": 96.9, "FunctDay90": 98.2, "EconLoss": 6214.203125, "Name": "'GALINDO CREEK'", "City": "null", "State": "null" }, "geometry": { "type": "Point", "coordinates": [ -121.970128, 37.946078 ] } },
{ "type": "Feature", "properties": { "FacilityType": "HighwayBridge", "FacilityId": "CA007197", "Anchor": "null", "FoundationType": "null", "eqBldgType": "null", "DesignLevel": "null", "SoilType": "D", "LqfSusCat": 0, "LndSusCat": 0, "WaterDepth": 5.0, "Distance": "null", "PGA": 0.29740694165229797, "PGV": 11.480756759643555, "Sa03": 0.70742017030715942, "Sa10": 0.31338182091712952, "LqfSettlPGD": 0.0, "LqfSprPGD": 0.0, "LqfProb": 0.0, "LndPGD": 0.0, "LndProb": 0.0, "SufFltRuptPGD": 29.523393630981445, "SurfFltRuptProb": 0.5, "PDsNone": 0.9408, "PDsSlight": 0.0325, "PDsModerate": 0.0139, "PDsExtensive": 0.0102, "PDsComplete": 0.0024, "PDsExceedSlight": 0.0591, "PDsExceedModerate": 0.0265, "PDsExceedExtensive": 0.0126, "FunctDay1": 96.9, "FunctDay3": 98.1, "FunctDay7": 98.7, "FunctDay14": 98.8, "FunctDay30": 98.8, "FunctDay90": 99.3, "EconLoss": 1863.136474609375, "Name": "'MOUNT DIABLO CREEK'", "City": "null", "State": "null" }, "geometry": { "type": "Point", "coordinates": [ -121.954428, 37.954092 ] } },
{ "type": "Feature", "properties": { "FacilityType": "HighwayBridge", "FacilityId": "CA007198", "Anchor": "null", "FoundationType": "null", "eqBldgType": "null", "DesignLevel": "null", "SoilType": "D", "LqfSusCat": 0, "LndSusCat": 0, "WaterDepth": 5.0, "Distance": "null", "PGA": 0.21633027493953705, "PGV": 8.5382785797119141, "Sa03": 0.53441286087036133, "Sa10": 0.24253241717815399, "LqfSettlPGD": 0.0, "LqfSprPGD": 0.0, "LqfProb": 0.0, "LndPGD": 0.0, "LndProb": 0.0, "SufFltRuptPGD": 29.523393630981445, "SurfFltRuptProb": 0.5, "PDsNone": 0.9766, "PDsSlight": 0.0142, "PDsModerate": 0.0052, "PDsExtensive": 0.0032, "PDsComplete": 0.0005, "PDsExceedSlight": 0.0233, "PDsExceedModerate": 0.0091, "PDsExceedExtensive": 0.0038, "FunctDay1": 98.8, "FunctDay3": 99.3, "FunctDay7": 99.5, "FunctDay14": 99.6, "FunctDay30": 99.6, "FunctDay90": 99.8, "EconLoss": 870.63818359375, "Name": "'E CONTRA COSTA ID CANAL'", "City": "null", "State": "null" }, "geometry": { "type": "Point", "coordinates": [ -121.696153, 37.917958 ] } },
{ "type": "Feature", "properties": { "FacilityType": "HighwayBridge", "FacilityId": "CA007199", "Anchor": "null", "FoundationType": "null", "eqBldgType": "null", "DesignLevel": "null", "SoilType": "D", "LqfSusCat": 0, "LndSusCat": 0, "WaterDepth": 5.0, "Distance": "null", "PGA": 0.21150253713130951, "PGV": 8.5281553268432617, "Sa03": 0.52929532527923584, "Sa10": 0.24595637619495392, "LqfSettlPGD": 0.0, "LqfSprPGD": 0.0, "LqfProb": 0.0, "LndPGD": 0.0, "LndProb": 0.0, "SufFltRuptPGD": 29.523393630981445, "SurfFltRuptProb": 0.5, "PDsNone": 0.9313, "PDsSlight": 0.0531, "PDsModerate": 0.0091, "PDsExtensive": 0.005, "PDsComplete": 0.0013, "PDsExceedSlight": 0.0686, "PDsExceedModerate": 0.0154, "PDsExceedExtensive": 0.0063, "FunctDay1": 97.3, "FunctDay3": 98.9, "FunctDay7": 99.3, "FunctDay14": 99.3, "FunctDay30": 99.4, "FunctDay90": 99.6, "EconLoss": 13974.349609375, "Name": "'CALIFORNIA AQUEDUCT'", "City": "null", "State": "null" }, "geometry": { "type": "Point", "coordinates": [ -121.596769, 37.82365 ] } },
{ "type": "Feature", "properties": { "FacilityType": "HighwayBridge", "FacilityId": "CA007200", "Anchor": "null", "FoundationType": "null", "eqBldgType": "null", "DesignLevel": "null", "SoilType": "D", "LqfSusCat": 0, "LndSusCat": 0, "WaterDepth": 5.0, "Distance": "null", "PGA": 0.20392690598964691, "PGV": 8.0790271759033203, "Sa03": 0.50361031293869019, "Sa10": 0.22976493835449219, "LqfSettlPGD": 0.0, "LqfSprPGD": 0.0, "LqfProb": 0.0, "LndPGD": 0.0, "LndProb": 0.0, "SufFltRuptPGD": 29.523393630981445, "SurfFltRuptProb": 0.5, "PDsNone": 0.9812, "PDsSlight": 0.0116, "PDsModerate": 0.0041, "PDsExtensive": 0.0025, "PDsComplete": 0.0004, "PDsExceedSlight": 0.0187, "PDsExceedModerate": 0.0071, "PDsExceedExtensive": 0.0029, "FunctDay1": 99.1, "FunctDay3": 99.5, "FunctDay7": 99.6, "FunctDay14": 99.7, "FunctDay30": 99.7, "FunctDay90": 99.8, "EconLoss": 662.29656982421875, "Name": "'KELLOGG CREEK'", "City": "null", "State": "null" }, "geometry": { "type": "Point", "coordinates": [ -121.641417, 37.881889 ] } },
{ "type": "Feature", "properties": { "FacilityType": "HighwayBridge", "FacilityId": "CA007201", "Anchor": "null", "FoundationType": "null", "eqBldgType": "null", "DesignLevel": "null", "SoilType": "D", "LqfSusCat": 0, "LndSusCat": 0, "WaterDepth": 5.0, "Distance": "null", "PGA": 0.22070293128490448, "PGV": 8.4054450988769531, "Sa03": 0.53225564956665039, "Sa10": 0.23220427334308624, "LqfSettlPGD": 0.0, "LqfSprPGD": 0.0, "LqfProb": 0.0, "LndPGD": 0.0, "LndProb": 0.0, "SufFltRuptPGD": 29.523393630981445, "SurfFltRuptProb": 0.5, "PDsNone": 0.988, "PDsSlight": 0.0, "PDsModerate": 0.0072, "PDsExtensive": 0.0038, "PDsComplete": 0.0009, "PDsExceedSlight": 0.0119, "PDsExceedModerate": 0.0119, "PDsExceedExtensive": 0.0047, "FunctDay1": 99.0, "FunctDay3": 99.2, "FunctDay7": 99.5, "FunctDay14": 99.5, "FunctDay30": 99.5, "FunctDay90": 99.7, "EconLoss": 2341.39697265625, "Name": "'KELLOGG CREEK'", "City": "null", "State": "null" }, "geometry": { "type": "Point", "coordinates": [ -121.695111, 37.874633 ] } },
{ "type": "Feature", "properties": { "FacilityType": "HighwayBridge", "FacilityId": "CA007202", "Anchor": "null", "FoundationType": "null", "eqBldgType": "null", "DesignLevel": "null", "SoilType": "D", "LqfSusCat": 0, "LndSusCat": 0, "WaterDepth": 5.0, "Distance": "null", "PGA": 0.23084500432014465, "PGV": 8.0883922576904297, "Sa03": 0.52538204193115234, "Sa10": 0.20815137028694153, "LqfSettlPGD": 0.0, "LqfSprPGD": 0.0, "LqfProb": 0.0, "LndPGD": 0.0, "LndProb": 0.0, "SufFltRuptPGD": 29.523393630981445, "SurfFltRuptProb": 0.5, "PDsNone": 0.987, "PDsSlight": 0.0057, "PDsModerate": 0.0042, "PDsExtensive": 0.0025, "PDsComplete": 0.0004, "PDsExceedSlight": 0.0129, "PDsExceedModerate": 0.0071, "PDsExceedExtensive": 0.0029, "FunctDay1": 99.2, "FunctDay3": 99.5, "FunctDay7": 99.6, "FunctDay14": 99.7, "FunctDay30": 99.7, "FunctDay90": 99.8, "EconLoss": 2311.81787109375, "Name": "'MARSH CREEK'", "City": "null", "State": "null" }, "geometry": { "type": "Point", "coordinates": [ -121.775936, 37.884667 ] } },
{ "type": "Feature", "properties": { "FacilityType": "HighwayBridge", "FacilityId": "CA007203", "Anchor": "null", "FoundationType": "null", "eqBldgType": "null", "DesignLevel": "null", "SoilType": "D", "LqfSusCat": 0, "LndSusCat": 0, "WaterDepth": 5.0, "Distance": "null", "PGA": 0.20696081221103668, "PGV": 8.1355552673339844, "Sa03": 0.50839072465896606, "Sa10": 0.22994750738143921, "LqfSettlPGD": 0.0, "LqfSprPGD": 0.0, "LqfProb": 0.0, "LndPGD": 0.0, "LndProb": 0.0, "SufFltRuptPGD": 29.523393630981445, "SurfFltRuptProb": 0.5, "PDsNone": 0.9876, "PDsSlight": 0.0, "PDsModerate": 0.0074, "PDsExtensive": 0.0039, "PDsComplete": 0.0009, "PDsExceedSlight": 0.0123, "PDsExceedModerate": 0.0123, "PDsExceedExtensive": 0.0049, "FunctDay1": 98.9, "FunctDay3": 99.2, "FunctDay7": 99.4, "FunctDay14": 99.5, "FunctDay30": 99.5, "FunctDay90": 99.7, "EconLoss": 2318.32958984375, "Name": "'MARSH CREEK'", "City": "null", "State": "null" }, "geometry": { "type": "Point", "coordinates": [ -121.710342, 37.925436 ] } },
{ "type": "Feature", "properties": { "FacilityType": "HighwayBridge", "FacilityId": "CA007204", "Anchor": "null", "FoundationType": "null", "eqBldgType": "null", "DesignLevel": "null", "SoilType": "D", "LqfSusCat": 0, "LndSusCat": 0, "WaterDepth": 5.0, "Distance": "null", "PGA": 0.20696081221103668, "PGV": 8.1355552673339844, "Sa03": 0.50839072465896606, "Sa10": 0.22994750738143921, "LqfSettlPGD": 0.0, "LqfSprPGD": 0.0, "LqfProb": 0.0, "LndPGD": 0.0, "LndProb": 0.0, "SufFltRuptPGD": 29.523393630981445, "SurfFltRuptProb": 0.5, "PDsNone": 0.9876, "PDsSlight": 0.0, "PDsModerate": 0.0074, "PDsExtensive": 0.0039, "PDsComplete": 0.0009, "PDsExceedSlight": 0.0123, "PDsExceedModerate": 0.0123, "PDsExceedExtensive": 0.0049, "FunctDay1": 98.9, "FunctDay3": 99.2, "FunctDay7": 99.4, "FunctDay14": 99.5, "FunctDay30": 99.5, "FunctDay90": 99.7, "EconLoss": 2161.449951171875, "Name": "'MARSH CREEK'", "City": "null", "State": "null" }, "geometry": { "type": "Point", "coordinates": [ -121.710386, 37.925308 ] } },
{ "type": "Feature", "properties": { "FacilityType": "HighwayBridge", "FacilityId": "CA007205", "Anchor": "null", "FoundationType": "null", "eqBldgType": "null", "DesignLevel": "null", "SoilType": "D", "LqfSusCat": 0, "LndSusCat": 0, "WaterDepth": 5.0, "Distance": "null", "PGA": 0.20392690598964691, "PGV": 8.0790271759033203, "Sa03": 0.50361031293869019, "Sa10": 0.22976493835449219, "LqfSettlPGD": 0.0, "LqfSprPGD": 0.0, "LqfProb": 0.0, "LndPGD": 0.0, "LndProb": 0.0, "SufFltRuptPGD": 29.523393630981445, "SurfFltRuptProb": 0.5, "PDsNone": 0.9812, "PDsSlight": 0.0116, "PDsModerate": 0.0041, "PDsExtensive": 0.0025, "PDsComplete": 0.0004, "PDsExceedSlight": 0.0187, "PDsExceedModerate": 0.0071, "PDsExceedExtensive": 0.0029, "FunctDay1": 99.1, "FunctDay3": 99.5, "FunctDay7": 99.6, "FunctDay14": 99.7, "FunctDay30": 99.7, "FunctDay90": 99.8, "EconLoss": 833.45526123046875, "Name": "'E CONTRA COSTA ID CANAL'", "City": "null", "State": "null" }, "geometry": { "type": "Point", "coordinates": [ -121.64115, 37.917908 ] } },
{ "type": "Feature", "properties": { "FacilityType": "HighwayBridge", "FacilityId": "CA007206", "Anchor": "null", "FoundationType": "null", "eqBldgType": "null", "DesignLevel": "null", "SoilType": "D", "LqfSusCat": 0, "LndSusCat": 0, "WaterDepth": 5.0, "Distance": "null", "PGA": 0.2055048793554306, "PGV": 8.71514892578125, "Sa03": 0.53198921680450439, "Sa10": 0.26307255029678345, "LqfSettlPGD": 0.0, "LqfSprPGD": 0.0, "LqfProb": 0.0, "LndPGD": 0.0, "LndProb": 0.0, "SufFltRuptPGD": 29.523393630981445, "SurfFltRuptProb": 0.5, "PDsNone": 0.9681, "PDsSlight": 0.0139, "PDsModerate": 0.0098, "PDsExtensive": 0.0067, "PDsComplete": 0.0014, "PDsExceedSlight": 0.0318, "PDsExceedModerate": 0.0179, "PDsExceedExtensive": 0.0081, "FunctDay1": 98.1, "FunctDay3": 98.7, "FunctDay7": 99.1, "FunctDay14": 99.2, "FunctDay30": 99.2, "FunctDay90": 99.6, "EconLoss": 14796.1806640625, "Name": "'MARSH CREEK'", "City": "null", "State": "null" }, "geometry": { "type": "Point", "coordinates": [ -121.696242, 37.990581 ] } },
{ "type": "Feature", "properties": { "FacilityType": "HighwayBridge", "FacilityId": "CA007207", "Anchor": "null", "FoundationType": "null", "eqBldgType": "null", "DesignLevel": "null", "SoilType": "D", "LqfSusCat": 0, "LndSusCat": 0, "WaterDepth": 5.0, "Distance": "null", "PGA": 0.30044370889663696, "PGV": 10.422507286071777, "Sa03": 0.67442941665649414, "Sa10": 0.26809030771255493, "LqfSettlPGD": 0.0, "LqfSprPGD": 0.0, "LqfProb": 0.0, "LndPGD": 0.0, "LndProb": 0.0, "SufFltRuptPGD": 29.523393630981445, "SurfFltRuptProb": 0.5, "PDsNone": 0.9649, "PDsSlight": 0.0107, "PDsModerate": 0.0128, "PDsExtensive": 0.0092, "PDsComplete": 0.0021, "PDsExceedSlight": 0.035, "PDsExceedModerate": 0.0243, "PDsExceedExtensive": 0.0114, "FunctDay1": 97.7, "FunctDay3": 98.3, "FunctDay7": 98.8, "FunctDay14": 98.9, "FunctDay30": 98.9, "FunctDay90": 99.4, "EconLoss": 9136.66015625, "Name": "'PINE CREEK'", "City": "null", "State": "null" }, "geometry": { "type": "Point", "coordinates": [ -122.010681, 37.928408 ] } },
{ "type": "Feature", "properties": { "FacilityType": "HighwayBridge", "FacilityId": "CA007208", "Anchor": "null", "FoundationType": "null", "eqBldgType": "null", "DesignLevel": "null", "SoilType": "D", "LqfSusCat": 0, "LndSusCat": 0, "WaterDepth": 5.0, "Distance": "null", "PGA": 0.25753375887870789, "PGV": 9.6131410598754883, "Sa03": 0.61345106363296509, "Sa10": 0.25921157002449036, "LqfSettlPGD": 0.0, "LqfSprPGD": 0.0, "LqfProb": 0.0, "LndPGD": 0.0, "LndProb": 0.0, "SufFltRuptPGD": 29.523393630981445, "SurfFltRuptProb": 0.5, "PDsNone": 0.9698, "PDsSlight": 0.0179, "PDsModerate": 0.0068, "PDsExtensive": 0.0044, "PDsComplete": 0.0008, "PDsExceedSlight": 0.0301, "PDsExceedModerate": 0.0122, "PDsExceedExtensive": 0.0053, "FunctDay1": 98.5, "FunctDay3": 99.1, "FunctDay7": 99.4, "FunctDay14": 99.4, "FunctDay30": 99.5, "FunctDay90": 99.7, "EconLoss": 3376.701416015625, "Name": "'CONTRA COSTA CANAL'", "City": "null", "State": "null" }, "geometry": { "type": "Point", "coordinates": [ -121.892872, 38.007325 ] } },
{ "type": "Feature", "properties": { "FacilityType": "HighwayBridge", "FacilityId": "CA007209", "Anchor": "null", "FoundationType": "null", "eqBldgType": "null", "DesignLevel": "null", "SoilType": "D", "LqfSusCat": 0, "LndSusCat": 0, "WaterDepth": 5.0, "Distance": "null", "PGA": 0.27735394239425659, "PGV": 10.04581356048584, "Sa03": 0.62787985801696777, "Sa10": 0.26528066396713257, "LqfSettlPGD": 0.0, "LqfSprPGD": 0.0, "LqfProb": 0.0, "LndPGD": 0.0, "LndProb": 0.0, "SufFltRuptPGD": 29.523393630981445, "SurfFltRuptProb": 0.5, "PDsNone": 0.967, "PDsSlight": 0.0182, "PDsModerate": 0.0081, "PDsExtensive": 0.0054, "PDsComplete": 0.001, "PDsExceedSlight": 0.0329, "PDsExceedModerate": 0.0146, "PDsExceedExtensive": 0.0065, "FunctDay1": 98.3, "FunctDay3": 99.0, "FunctDay7": 99.3, "FunctDay14": 99.3, "FunctDay30": 99.4, "FunctDay90": 99.6, "EconLoss": 2516.712158203125, "Name": "'PINOLE CREEK'", "City": "null", "State": "null" }, "geometry": { "type": "Point", "coordinates": [ -122.288467, 38.002436 ] } },
{ "type": "Feature", "properties": { "FacilityType": "HighwayBridge", "FacilityId": "CA007210", "Anchor": "null", "FoundationType": "null", "eqBldgType": "null", "DesignLevel": "null", "SoilType": "D", "LqfSusCat": 0, "LndSusCat": 0, "WaterDepth": 5.0, "Distance": "null", "PGA": 0.27735394239425659, "PGV": 10.04581356048584, "Sa03": 0.62787985801696777, "Sa10": 0.26528066396713257, "LqfSettlPGD": 0.0, "LqfSprPGD": 0.0, "LqfProb": 0.0, "LndPGD": 0.0, "LndProb": 0.0, "SufFltRuptPGD": 29.523393630981445, "SurfFltRuptProb": 0.5, "PDsNone": 0.9583, "PDsSlight": 0.0, "PDsModerate": 0.0, "PDsExtensive": 0.0327, "PDsComplete": 0.0088, "PDsExceedSlight": 0.0416, "PDsExceedModerate": 0.0416, "PDsExceedExtensive": 0.0416, "FunctDay1": 95.9, "FunctDay3": 95.9, "FunctDay7": 96.0, "FunctDay14": 96.0, "FunctDay30": 96.3, "FunctDay90": 98.0, "EconLoss": 49475.3671875, "Name": "'PINOLE CREEK'", "City": "null", "State": "null" }, "geometry": { "type": "Point", "coordinates": [ -122.285344, 37.992681 ] } },
{ "type": "Feature", "properties": { "FacilityType": "HighwayBridge", "FacilityId": "CA007211", "Anchor": "null", "FoundationType": "null", "eqBldgType": "null", "DesignLevel": "null", "SoilType": "D", "LqfSusCat": 0, "LndSusCat": 0, "WaterDepth": 5.0, "Distance": "null", "PGA": 0.20270222425460815, "PGV": 8.1746959686279297, "Sa03": 0.50676202774047852, "Sa10": 0.23597131669521332, "LqfSettlPGD": 0.0, "LqfSprPGD": 0.0, "LqfProb": 0.0, "LndPGD": 0.0, "LndProb": 0.0, "SufFltRuptPGD": 29.523393630981445, "SurfFltRuptProb": 0.5, "PDsNone": 0.979, "PDsSlight": 0.0128, "PDsModerate": 0.0046, "PDsExtensive": 0.0028, "PDsComplete": 0.0004, "PDsExceedSlight": 0.0209, "PDsExceedModerate": 0.008, "PDsExceedExtensive": 0.0033, "FunctDay1": 99.0, "FunctDay3": 99.4, "FunctDay7": 99.6, "FunctDay14": 99.6, "FunctDay30": 99.6, "FunctDay90": 99.8, "EconLoss": 535.157470703125, "Name": "'BRUSHY CREEK'", "City": "null", "State": "null" }, "geometry": { "type": "Point", "coordinates": [ -121.609681, 37.835581 ] } },
{ "type": "Feature", "properties": { "FacilityType": "HighwayBridge", "FacilityId": "CA007212", "Anchor": "null", "FoundationType": "null", "eqBldgType": "null", "DesignLevel": "null", "SoilType": "D", "LqfSusCat": 0, "LndSusCat": 0, "WaterDepth": 5.0, "Distance": "null", "PGA": 0.28632470965385437, "PGV": 10.346205711364746, "Sa03": 0.65192687511444092, "Sa10": 0.27895393967628479, "LqfSettlPGD": 0.0, "LqfSprPGD": 0.0, "LqfProb": 0.0, "LndPGD": 0.0, "LndProb": 0.0, "SufFltRuptPGD": 29.523393630981445, "SurfFltRuptProb": 0.5, "PDsNone": 0.9604, "PDsSlight": 0.0194, "PDsModerate": 0.0108, "PDsExtensive": 0.0075, "PDsComplete": 0.0016, "PDsExceedSlight": 0.0395, "PDsExceedModerate": 0.02, "PDsExceedExtensive": 0.0092, "FunctDay1": 97.8, "FunctDay3": 98.6, "FunctDay7": 99.0, "FunctDay14": 99.1, "FunctDay30": 99.1, "FunctDay90": 99.5, "EconLoss": 16701.298828125, "Name": "'PINOLE CREEK'", "City": "null", "State": "null" }, "geometry": { "type": "Point", "coordinates": [ -122.264378, 37.979483 ] } },
{ "type": "Feature", "properties": { "FacilityType": "HighwayBridge", "FacilityId": "CA007213", "Anchor": "null", "FoundationType": "null", "eqBldgType": "null", "DesignLevel": "null", "SoilType": "D", "LqfSusCat": 0, "LndSusCat": 0, "WaterDepth": 5.0, "Distance": "null", "PGA": 0.31861957907676697, "PGV": 10.963915824890137, "Sa03": 0.69456857442855835, "Sa10": 0.28741380572319031, "LqfSettlPGD": 0.0, "LqfSprPGD": 0.0, "LqfProb": 0.0, "LndPGD": 0.0, "LndProb": 0.0, "SufFltRuptPGD": 29.523393630981445, "SurfFltRuptProb": 0.5, "PDsNone": 0.956, "PDsSlight": 0.0226, "PDsModerate": 0.0114, "PDsExtensive": 0.008, "PDsComplete": 0.0018, "PDsExceedSlight": 0.0439, "PDsExceedModerate": 0.0213, "PDsExceedExtensive": 0.0099, "FunctDay1": 97.6, "FunctDay3": 98.5, "FunctDay7": 98.9, "FunctDay14": 99.0, "FunctDay30": 99.1, "FunctDay90": 99.5, "EconLoss": 11216.763671875, "Name": "'LAS TRAMPAS CREEK'", "City": "null", "State": "null" }, "geometry": { "type": "Point", "coordinates": [ -122.101675, 37.860997 ] } },
{ "type": "Feature", "properties": { "FacilityType": "HighwayBridge", "FacilityId": "CA007214", "Anchor": "null", "FoundationType": "null", "eqBldgType": "null", "DesignLevel": "null", "SoilType": "D", "LqfSusCat": 0, "LndSusCat": 0, "WaterDepth": 5.0, "Distance": "null", "PGA": 0.24639458954334259, "PGV": 8.380436897277832, "Sa03": 0.54738587141036987, "Sa10": 0.21089017391204834, "LqfSettlPGD": 0.0, "LqfSprPGD": 0.0, "LqfProb": 0.0, "LndPGD": 0.0, "LndProb": 0.0, "SufFltRuptPGD": 29.523393630981445, "SurfFltRuptProb": 0.5, "PDsNone": 0.9845, "PDsSlight": 0.0034, "PDsModerate": 0.0067, "PDsExtensive": 0.0043, "PDsComplete": 0.0008, "PDsExceedSlight": 0.0154, "PDsExceedModerate": 0.0119, "PDsExceedExtensive": 0.0051, "FunctDay1": 98.9, "FunctDay3": 99.1, "FunctDay7": 99.4, "FunctDay14": 99.4, "FunctDay30": 99.5, "FunctDay90": 99.7, "EconLoss": 970.62689208984375, "Name": "'MARSH CREEK'", "City": "null", "State": "null" }, "geometry": { "type": "Point", "coordinates": [ -121.831811, 37.884714 ] } },
{ "type": "Feature", "properties": { "FacilityType": "HighwayBridge", "FacilityId": "CA007215", "Anchor": "null", "FoundationType": "null", "eqBldgType": "null", "DesignLevel": "null", "SoilType": "D", "LqfSusCat": 0, "LndSusCat": 0, "WaterDepth": 5.0, "Distance": "null", "PGA": 0.23084500432014465, "PGV": 8.0883922576904297, "Sa03": 0.52538204193115234, "Sa10": 0.20815137028694153, "LqfSettlPGD": 0.0, "LqfSprPGD": 0.0, "LqfProb": 0.0, "LndPGD": 0.0, "LndProb": 0.0, "SufFltRuptPGD": 29.523393630981445, "SurfFltRuptProb": 0.5, "PDsNone": 0.9875, "PDsSlight": 0.0052, "PDsModerate": 0.0042, "PDsExtensive": 0.0025, "PDsComplete": 0.0004, "PDsExceedSlight": 0.0124, "PDsExceedModerate": 0.0071, "PDsExceedExtensive": 0.0029, "FunctDay1": 99.2, "FunctDay3": 99.5, "FunctDay7": 99.6, "FunctDay14": 99.7, "FunctDay30": 99.7, "FunctDay90": 99.8, "EconLoss": 557.4742431640625, "Name": "'MARSH CREEK'", "City": "null", "State": "null" }, "geometry": { "type": "Point", "coordinates": [ -121.799025, 37.892558 ] } },
{ "type": "Feature", "properties": { "FacilityType": "HighwayBridge", "FacilityId": "CA007216", "Anchor": "null", "FoundationType": "null", "eqBldgType": "null", "DesignLevel": "null", "SoilType": "D", "LqfSusCat": 0, "LndSusCat": 0, "WaterDepth": 5.0, "Distance": "null", "PGA": 0.21063785254955292, "PGV": 7.2045402526855469, "Sa03": 0.47232899069786072, "Sa10": 0.18442046642303467, "LqfSettlPGD": 0.0, "LqfSprPGD": 0.0, "LqfProb": 0.0, "LndPGD": 0.0, "LndProb": 0.0, "SufFltRuptPGD": 29.523393630981445, "SurfFltRuptProb": 0.5, "PDsNone": 0.9941, "PDsSlight": 0.0, "PDsModerate": 0.0036, "PDsExtensive": 0.0017, "PDsComplete": 0.0003, "PDsExceedSlight": 0.0058, "PDsExceedModerate": 0.0058, "PDsExceedExtensive": 0.0021, "FunctDay1": 99.5, "FunctDay3": 99.6, "FunctDay7": 99.7, "FunctDay14": 99.7, "FunctDay30": 99.7, "FunctDay90": 99.8, "EconLoss": 1438.0076904296875, "Name": "'MARSH CREEK'", "City": "null", "State": "null" }, "geometry": { "type": "Point", "coordinates": [ -121.772636, 37.879658 ] } },
{ "type": "Feature", "properties": { "FacilityType": "HighwayBridge", "FacilityId": "CA007217", "Anchor": "null", "FoundationType": "null", "eqBldgType": "null", "DesignLevel": "null", "SoilType": "D", "LqfSusCat": 0, "LndSusCat": 0, "WaterDepth": 5.0, "Distance": "null", "PGA": 0.21761420369148254, "PGV": 7.3851737976074219, "Sa03": 0.48378932476043701, "Sa10": 0.1871940940618515, "LqfSettlPGD": 0.0, "LqfSprPGD": 0.0, "LqfProb": 0.0, "LndPGD": 0.0, "LndProb": 0.0, "SufFltRuptPGD": 29.523393630981445, "SurfFltRuptProb": 0.5, "PDsNone": 0.9817, "PDsSlight": 0.0, "PDsModerate": 0.0, "PDsExtensive": 0.015, "PDsComplete": 0.0031, "PDsExceedSlight": 0.0182, "PDsExceedModerate": 0.0182, "PDsExceedExtensive": 0.0182, "FunctDay1": 98.2, "FunctDay3": 98.2, "FunctDay7": 98.2, "FunctDay14": 98.2, "FunctDay30": 98.3, "FunctDay90": 99.1, "EconLoss": 6922.7021484375, "Name": "'MARSH CREEK'", "City": "null", "State": "null" }, "geometry": { "type": "Point", "coordinates": [ -121.727333, 37.872928 ] } },
{ "type": "Feature", "properties": { "FacilityType": "HighwayBridge", "FacilityId": "CA007218", "Anchor": "null", "FoundationType": "null", "eqBldgType": "null", "DesignLevel": "null", "SoilType": "D", "LqfSusCat": 0, "LndSusCat": 0, "WaterDepth": 5.0, "Distance": "null", "PGA": 0.2888011634349823, "PGV": 15.714386940002441, "Sa03": 0.76704096794128418, "Sa10": 0.52228081226348877, "LqfSettlPGD": 0.0, "LqfSprPGD": 0.0, "LqfProb": 0.0, "LndPGD": 0.0, "LndProb": 0.0, "SufFltRuptPGD": 29.523393630981445, "SurfFltRuptProb": 0.5, "PDsNone": 0.5914, "PDsSlight": 0.2263, "PDsModerate": 0.0749, "PDsExtensive": 0.0678, "PDsComplete": 0.0393, "PDsExceedSlight": 0.4085, "PDsExceedModerate": 0.1822, "PDsExceedExtensive": 0.1072, "FunctDay1": 78.5, "FunctDay3": 86.4, "FunctDay7": 89.3, "FunctDay14": 89.8, "FunctDay30": 90.3, "FunctDay90": 93.9, "EconLoss": 22396.208984375, "Name": "'PEYTON SLOUGH'", "City": "null", "State": "null" }, "geometry": { "type": "Point", "coordinates": [ -122.105597, 38.025811 ] } },
{ "type": "Feature", "properties": { "FacilityType": "HighwayBridge", "FacilityId": "CA007219", "Anchor": "null", "FoundationType": "null", "eqBldgType": "null", "DesignLevel": "null", "SoilType": "D", "LqfSusCat": 0, "LndSusCat": 0, "WaterDepth": 5.0, "Distance": "null", "PGA": 0.22777557373046875, "PGV": 8.8810701370239258, "Sa03": 0.55822324752807617, "Sa10": 0.24961048364639282, "LqfSettlPGD": 0.0, "LqfSprPGD": 0.0, "LqfProb": 0.0, "LndPGD": 0.0, "LndProb": 0.0, "SufFltRuptPGD": 29.523393630981445, "SurfFltRuptProb": 0.5, "PDsNone": 0.9738, "PDsSlight": 0.0157, "PDsModerate": 0.0059, "PDsExtensive": 0.0037, "PDsComplete": 0.0006, "PDsExceedSlight": 0.0261, "PDsExceedModerate": 0.0103, "PDsExceedExtensive": 0.0044, "FunctDay1": 98.7, "FunctDay3": 99.3, "FunctDay7": 99.5, "FunctDay14": 99.5, "FunctDay30": 99.5, "FunctDay90": 99.7, "EconLoss": 515.06024169921875, "Name": "'E ANTIOCH CREEK'", "City": "null", "State": "null" }, "geometry": { "type": "Point", "coordinates": [ -121.798281, 38.012233 ] } },
{ "type": "Feature", "properties": { "FacilityType": "HighwayBridge", "FacilityId": "CA007220", "Anchor": "null", "FoundationType": "null", "eqBldgType": "null", "DesignLevel": "null", "SoilType": "D", "LqfSusCat": 0, "LndSusCat": 0, "WaterDepth": 5.0, "Distance": "null", "PGA": 0.22777557373046875, "PGV": 8.8810701370239258, "Sa03": 0.55822324752807617, "Sa10": 0.24961048364639282, "LqfSettlPGD": 0.0, "LqfSprPGD": 0.0, "LqfProb": 0.0, "LndPGD": 0.0, "LndProb": 0.0, "SufFltRuptPGD": 29.523393630981445, "SurfFltRuptProb": 0.5, "PDsNone": 0.9738, "PDsSlight": 0.0157, "PDsModerate": 0.0059, "PDsExtensive": 0.0037, "PDsComplete": 0.0006, "PDsExceedSlight": 0.0261, "PDsExceedModerate": 0.0103, "PDsExceedExtensive": 0.0044, "FunctDay1": 98.7, "FunctDay3": 99.3, "FunctDay7": 99.5, "FunctDay14": 99.5, "FunctDay30": 99.5, "FunctDay90": 99.7, "EconLoss": 1754.60107421875, "Name": "'FAIR CREEK'", "City": "null", "State": "null" }, "geometry": { "type": "Point", "coordinates": [ -121.823631, 38.011192 ] } },
{ "type": "Feature", "properties": { "FacilityType": "HighwayBridge", "FacilityId": "CA007221", "Anchor": "null", "FoundationType": "null", "eqBldgType": "null", "DesignLevel": "null", "SoilType": "D", "LqfSusCat": 0, "LndSusCat": 0, "WaterDepth": 5.0, "Distance": "null", "PGA": 0.32553109526634216, "PGV": 12.258646011352539, "Sa03": 0.75154876708984375, "Sa10": 0.33662161231040955, "LqfSettlPGD": 0.0, "LqfSprPGD": 0.0, "LqfProb": 0.0, "LndPGD": 0.0, "LndProb": 0.0, "SufFltRuptPGD": 29.523393630981445, "SurfFltRuptProb": 0.5, "PDsNone": 0.4238, "PDsSlight": 0.2576, "PDsModerate": 0.0995, "PDsExtensive": 0.1456, "PDsComplete": 0.0732, "PDsExceedSlight": 0.5761, "PDsExceedModerate": 0.3184, "PDsExceedExtensive": 0.2189, "FunctDay1": 65.2, "FunctDay3": 74.6, "FunctDay7": 78.5, "FunctDay14": 79.3, "FunctDay30": 80.4, "FunctDay90": 88.1, "EconLoss": 228317.90625, "Name": "'TAYLOR BLVD'", "City": "null", "State": "null" }, "geometry": { "type": "Point", "coordinates": [ -122.097128, 37.921458 ] } },
{ "type": "Feature", "properties": { "FacilityType": "HighwayBridge", "FacilityId": "CA007222", "Anchor": "null", "FoundationType": "null", "eqBldgType": "null", "DesignLevel": "null", "SoilType": "D", "LqfSusCat": 0, "LndSusCat": 0, "WaterDepth": 5.0, "Distance": "null", "PGA": 0.27413579821586609, "PGV": 10.187732696533203, "Sa03": 0.64498895406723022, "Sa10": 0.28495857119560242, "LqfSettlPGD": 0.0, "LqfSprPGD": 0.0, "LqfProb": 0.0, "LndPGD": 0.0, "LndProb": 0.0, "SufFltRuptPGD": 29.523393630981445, "SurfFltRuptProb": 0.5, "PDsNone": 0.9573, "PDsSlight": 0.0214, "PDsModerate": 0.0113, "PDsExtensive": 0.008, "PDsComplete": 0.0017, "PDsExceedSlight": 0.0426, "PDsExceedModerate": 0.0212, "PDsExceedExtensive": 0.0098, "FunctDay1": 97.6, "FunctDay3": 98.5, "FunctDay7": 98.9, "FunctDay14": 99.0, "FunctDay30": 99.1, "FunctDay90": 99.5, "EconLoss": 8424.3203125, "Name": "'TASSAJARA CREEK'", "City": "null", "State": "null" }, "geometry": { "type": "Point", "coordinates": [ -121.866583, 37.764383 ] } },
{ "type": "Feature", "properties": { "FacilityType": "HighwayBridge", "FacilityId": "CA007223", "Anchor": "null", "FoundationType": "null", "eqBldgType": "null", "DesignLevel": "null", "SoilType": "D", "LqfSusCat": 0, "LndSusCat": 0, "WaterDepth": 5.0, "Distance": "null", "PGA": 0.28633642196655273, "PGV": 12.898520469665527, "Sa03": 0.71656978130340576, "Sa10": 0.36990472674369812, "LqfSettlPGD": 0.0, "LqfSprPGD": 0.0, "LqfProb": 0.0, "LndPGD": 0.0, "LndProb": 0.0, "SufFltRuptPGD": 29.523393630981445, "SurfFltRuptProb": 0.5, "PDsNone": 0.9007, "PDsSlight": 0.0372, "PDsModerate": 0.0292, "PDsExtensive": 0.025, "PDsComplete": 0.0077, "PDsExceedSlight": 0.0992, "PDsExceedModerate": 0.062, "PDsExceedExtensive": 0.0327, "FunctDay1": 93.8, "FunctDay3": 95.5, "FunctDay7": 96.7, "FunctDay14": 96.9, "FunctDay30": 97.0, "FunctDay90": 98.3, "EconLoss": 10464.4951171875, "Name": "'WILDCAT CREEK'", "City": "null", "State": "null" }, "geometry": { "type": "Point", "coordinates": [ -122.346192, 37.960361 ] } },
{ "type": "Feature", "properties": { "FacilityType": "HighwayBridge", "FacilityId": "CA007224", "Anchor": "null", "FoundationType": "null", "eqBldgType": "null", "DesignLevel": "null", "SoilType": "D", "LqfSusCat": 0, "LndSusCat": 0, "WaterDepth": 5.0, "Distance": "null", "PGA": 0.30203935503959656, "PGV": 10.406497955322266, "Sa03": 0.66494113206863403, "Sa10": 0.27777394652366638, "LqfSettlPGD": 0.0, "LqfSprPGD": 0.0, "LqfProb": 0.0, "LndPGD": 0.0, "LndProb": 0.0, "SufFltRuptPGD": 29.523393630981445, "SurfFltRuptProb": 0.5, "PDsNone": 0.9003, "PDsSlight": 0.0746, "PDsModerate": 0.0141, "PDsExtensive": 0.0084, "PDsComplete": 0.0024, "PDsExceedSlight": 0.0996, "PDsExceedModerate": 0.025, "PDsExceedExtensive": 0.0109, "FunctDay1": 96.0, "FunctDay3": 98.3, "FunctDay7": 98.8, "FunctDay14": 98.9, "FunctDay30": 99.0, "FunctDay90": 99.4, "EconLoss": 12310.8115234375, "Name": "'CAMINO PABLO ROAD'", "City": "null", "State": "null" }, "geometry": { "type": "Point", "coordinates": [ -122.184369, 37.878708 ] } },
{ "type": "Feature", "properties": { "FacilityType": "HighwayBridge", "FacilityId": "CA007225", "Anchor": "null", "FoundationType": "null", "eqBldgType": "null", "DesignLevel": "null", "SoilType": "D", "LqfSusCat": 0, "LndSusCat": 0, "WaterDepth": 5.0, "Distance": "null", "PGA": 0.3122633695602417, "PGV": 10.710003852844238, "Sa03": 0.67904609441757202, "Sa10": 0.2819371223449707, "LqfSettlPGD": 0.0, "LqfSprPGD": 0.0, "LqfProb": 0.0, "LndPGD": 0.0, "LndProb": 0.0, "SufFltRuptPGD": 29.523393630981445, "SurfFltRuptProb": 0.5, "PDsNone": 0.9589, "PDsSlight": 0.0178, "PDsModerate": 0.0123, "PDsExtensive": 0.0088, "PDsComplete": 0.002, "PDsExceedSlight": 0.041, "PDsExceedModerate": 0.0232, "PDsExceedExtensive": 0.0108, "FunctDay1": 97.6, "FunctDay3": 98.4, "FunctDay7": 98.8, "FunctDay14": 98.9, "FunctDay30": 99.0, "FunctDay90": 99.4, "EconLoss": 2648.909423828125, "Name": "'W BRANCH SAN LEANDRO CR'", "City": "null", "State": "null" }, "geometry": { "type": "Point", "coordinates": [ -122.131731, 37.835756 ] } },
{ "type": "Feature", "properties": { "FacilityType": "HighwayBridge", "FacilityId": "CA007226", "Anchor": "null", "FoundationType": "null", "eqBldgType": "null", "DesignLevel": "null", "SoilType": "D", "LqfSusCat": 0, "LndSusCat": 0, "WaterDepth": 5.0, "Distance": "null", "PGA": 0.25543802976608276, "PGV": 13.52338695526123, "Sa03": 0.7071109414100647, "Sa10": 0.45895054936408997, "LqfSettlPGD": 0.0, "LqfSprPGD": 0.0, "LqfProb": 0.0, "LndPGD": 0.0, "LndProb": 0.0, "SufFltRuptPGD": 29.523393630981445, "SurfFltRuptProb": 0.5, "PDsNone": 0.2392, "PDsSlight": 0.3174, "PDsModerate": 0.1156, "PDsExtensive": 0.1967, "PDsComplete": 0.1308, "PDsExceedSlight": 0.7607, "PDsExceedModerate": 0.4432, "PDsExceedExtensive": 0.3275, "FunctDay1": 52.0, "FunctDay3": 63.3, "FunctDay7": 67.9, "FunctDay14": 68.9, "FunctDay30": 70.4, "FunctDay90": 81.1, "EconLoss": 390390.0, "Name": "'RANGE ROAD'", "City": "null", "State": "null" }, "geometry": { "type": "Point", "coordinates": [ -121.918272, 38.026631 ] } },
{ "type": "Feature", "properties": { "FacilityType": "HighwayBridge", "FacilityId": "CA007227", "Anchor": "null", "FoundationType": "null", "eqBldgType": "null", "DesignLevel": "null", "SoilType": "D", "LqfSusCat": 0, "LndSusCat": 0, "WaterDepth": 5.0, "Distance": "null", "PGA": 0.32553109526634216, "PGV": 12.258646011352539, "Sa03": 0.75154876708984375, "Sa10": 0.33662161231040955, "LqfSettlPGD": 0.0, "LqfSprPGD": 0.0, "LqfProb": 0.0, "LndPGD": 0.0, "LndProb": 0.0, "SufFltRuptPGD": 29.523393630981445, "SurfFltRuptProb": 0.5, "PDsNone": 0.9254, "PDsSlight": 0.0355, "PDsModerate": 0.0195, "PDsExtensive": 0.0153, "PDsComplete": 0.004, "PDsExceedSlight": 0.0745, "PDsExceedModerate": 0.0389, "PDsExceedExtensive": 0.0193, "FunctDay1": 95.8, "FunctDay3": 97.2, "FunctDay7": 98.0, "FunctDay14": 98.1, "FunctDay30": 98.2, "FunctDay90": 99.0, "EconLoss": 18248.931640625, "Name": "'LAS TRAMPAS CREEK'", "City": "null", "State": "null" }, "geometry": { "type": "Point", "coordinates": [ -122.101022, 37.879806 ] } },
{ "type": "Feature", "properties": { "FacilityType": "HighwayBridge", "FacilityId": "CA007228", "Anchor": "null", "FoundationType": "null", "eqBldgType": "null", "DesignLevel": "null", "SoilType": "D", "LqfSusCat": 0, "LndSusCat": 0, "WaterDepth": 5.0, "Distance": "null", "PGA": 0.32553109526634216, "PGV": 12.258646011352539, "Sa03": 0.75154876708984375, "Sa10": 0.33662161231040955, "LqfSettlPGD": 0.0, "LqfSprPGD": 0.0, "LqfProb": 0.0, "LndPGD": 0.0, "LndProb": 0.0, "SufFltRuptPGD": 29.523393630981445, "SurfFltRuptProb": 0.5, "PDsNone": 0.9254, "PDsSlight": 0.0341, "PDsModerate": 0.0202, "PDsExtensive": 0.0159, "PDsComplete": 0.0042, "PDsExceedSlight": 0.0745, "PDsExceedModerate": 0.0404, "PDsExceedExtensive": 0.0202, "FunctDay1": 95.7, "FunctDay3": 97.1, "FunctDay7": 97.9, "FunctDay14": 98.0, "FunctDay30": 98.2, "FunctDay90": 99.0, "EconLoss": 6013.26611328125, "Name": "'LAFAYETTE CREEK'", "City": "null", "State": "null" }, "geometry": { "type": "Point", "coordinates": [ -122.121536, 37.88835 ] } },
{ "type": "Feature", "properties": { "FacilityType": "HighwayBridge", "FacilityId": "CA007229", "Anchor": "null", "FoundationType": "null", "eqBldgType": "null", "DesignLevel": "null", "SoilType": "D", "LqfSusCat": 0, "LndSusCat": 0, "WaterDepth": 5.0, "Distance": "null", "PGA": 0.28216192126274109, "PGV": 10.506894111633301, "Sa03": 0.6519501805305481, "Sa10": 0.28619259595870972, "LqfSettlPGD": 0.0, "LqfSprPGD": 0.0, "LqfProb": 0.0, "LndPGD": 0.0, "LndProb": 0.0, "SufFltRuptPGD": 29.523393630981445, "SurfFltRuptProb": 0.5, "PDsNone": 0.9719, "PDsSlight": 0.0, "PDsModerate": 0.0156, "PDsExtensive": 0.0095, "PDsComplete": 0.0028, "PDsExceedSlight": 0.028, "PDsExceedModerate": 0.028, "PDsExceedExtensive": 0.0124, "FunctDay1": 97.6, "FunctDay3": 98.1, "FunctDay7": 98.7, "FunctDay14": 98.8, "FunctDay30": 98.8, "FunctDay90": 99.3, "EconLoss": 7273.8759765625, "Name": "'RODEO CREEK'", "City": "null", "State": "null" }, "geometry": { "type": "Point", "coordinates": [ -122.265797, 38.033078 ] } },
{ "type": "Feature", "properties": { "FacilityType": "HighwayBridge", "FacilityId": "CA007230", "Anchor": "null", "FoundationType": "null", "eqBldgType": "null", "DesignLevel": "null", "SoilType": "D", "LqfSusCat": 0, "LndSusCat": 0, "WaterDepth": 5.0, "Distance": "null", "PGA": 0.27343964576721191, "PGV": 14.547263145446777, "Sa03": 0.74149256944656372, "Sa10": 0.49189117550849915, "LqfSettlPGD": 0.0, "LqfSprPGD": 0.0, "LqfProb": 0.0, "LndPGD": 0.0, "LndProb": 0.0, "SufFltRuptPGD": 29.523393630981445, "SurfFltRuptProb": 0.5, "PDsNone": 0.8405, "PDsSlight": 0.0, "PDsModerate": 0.0678, "PDsExtensive": 0.0592, "PDsComplete": 0.0323, "PDsExceedSlight": 0.1594, "PDsExceedModerate": 0.1594, "PDsExceedExtensive": 0.0915, "FunctDay1": 86.3, "FunctDay3": 88.2, "FunctDay7": 90.8, "FunctDay14": 91.3, "FunctDay30": 91.7, "FunctDay90": 94.9, "EconLoss": 54154.08203125, "Name": "'UP RR  BNSF RY  & AMTRAK'", "City": "null", "State": "null" }, "geometry": { "type": "Point", "coordinates": [ -121.987986, 38.045083 ] } },
{ "type": "Feature", "properties": { "FacilityType": "HighwayBridge", "FacilityId": "CA007231", "Anchor": "null", "FoundationType": "null", "eqBldgType": "null", "DesignLevel": "null", "SoilType": "D", "LqfSusCat": 0, "LndSusCat": 0, "WaterDepth": 5.0, "Distance": "null", "PGA": 0.20392690598964691, "PGV": 8.0790271759033203, "Sa03": 0.50361031293869019, "Sa10": 0.22976493835449219, "LqfSettlPGD": 0.0, "LqfSprPGD": 0.0, "LqfProb": 0.0, "LndPGD": 0.0, "LndProb": 0.0, "SufFltRuptPGD": 29.523393630981445, "SurfFltRuptProb": 0.5, "PDsNone": 0.9812, "PDsSlight": 0.0116, "PDsModerate": 0.0041, "PDsExtensive": 0.0025, "PDsComplete": 0.0004, "PDsExceedSlight": 0.0187, "PDsExceedModerate": 0.0071, "PDsExceedExtensive": 0.0029, "FunctDay1": 99.1, "FunctDay3": 99.5, "FunctDay7": 99.6, "FunctDay14": 99.7, "FunctDay30": 99.7, "FunctDay90": 99.8, "EconLoss": 380.24069213867188, "Name": "'KELLOGG CREEK'", "City": "null", "State": "null" }, "geometry": { "type": "Point", "coordinates": [ -121.671244, 37.881917 ] } },
{ "type": "Feature", "properties": { "FacilityType": "HighwayBridge", "FacilityId": "CA007232", "Anchor": "null", "FoundationType": "null", "eqBldgType": "null", "DesignLevel": "null", "SoilType": "D", "LqfSusCat": 0, "LndSusCat": 0, "WaterDepth": 5.0, "Distance": "null", "PGA": 0.31138822436332703, "PGV": 10.946950912475586, "Sa03": 0.69557148218154907, "Sa10": 0.293448805809021, "LqfSettlPGD": 0.0, "LqfSprPGD": 0.0, "LqfProb": 0.0, "LndPGD": 0.0, "LndProb": 0.0, "SufFltRuptPGD": 29.523393630981445, "SurfFltRuptProb": 0.5, "PDsNone": 0.5146, "PDsSlight": 0.298, "PDsModerate": 0.0706, "PDsExtensive": 0.0857, "PDsComplete": 0.0308, "PDsExceedSlight": 0.4853, "PDsExceedModerate": 0.1872, "PDsExceedExtensive": 0.1166, "FunctDay1": 76.1, "FunctDay3": 85.7, "FunctDay7": 88.5, "FunctDay14": 89.0, "FunctDay30": 89.6, "FunctDay90": 94.1, "EconLoss": 213249.21875, "Name": "'LAFAYETTE AQUEDUCT'", "City": "null", "State": "null" }, "geometry": { "type": "Point", "coordinates": [ -122.144272, 37.890958 ] } },
{ "type": "Feature", "properties": { "FacilityType": "HighwayBridge", "FacilityId": "CA007233", "Anchor": "null", "FoundationType": "null", "eqBldgType": "null", "DesignLevel": "null", "SoilType": "D", "LqfSusCat": 0, "LndSusCat": 0, "WaterDepth": 5.0, "Distance": "null", "PGA": 0.30504786968231201, "PGV": 12.021832466125488, "Sa03": 0.72809457778930664, "Sa10": 0.32921820878982544, "LqfSettlPGD": 0.0, "LqfSprPGD": 0.0, "LqfProb": 0.0, "LndPGD": 0.0, "LndProb": 0.0, "SufFltRuptPGD": 29.523393630981445, "SurfFltRuptProb": 0.5, "PDsNone": 0.9305, "PDsSlight": 0.0191, "PDsModerate": 0.0244, "PDsExtensive": 0.02, "PDsComplete": 0.0057, "PDsExceedSlight": 0.0694, "PDsExceedModerate": 0.0503, "PDsExceedExtensive": 0.0258, "FunctDay1": 95.2, "FunctDay3": 96.4, "FunctDay7": 97.4, "FunctDay14": 97.5, "FunctDay30": 97.7, "FunctDay90": 98.7, "EconLoss": 36366.45703125, "Name": "'CENTRAL SANITARY RD'", "City": "null", "State": "null" }, "geometry": { "type": "Point", "coordinates": [ -122.070036, 37.999717 ] } },
{ "type": "Feature", "properties": { "FacilityType": "HighwayBridge", "FacilityId": "CA007234", "Anchor": "null", "FoundationType": "null", "eqBldgType": "null", "DesignLevel": "null", "SoilType": "D", "LqfSusCat": 0, "LndSusCat": 0, "WaterDepth": 5.0, "Distance": "null", "PGA": 0.32494053244590759, "PGV": 14.086722373962402, "Sa03": 0.80031126737594604, "Sa10": 0.42130327224731445, "LqfSettlPGD": 0.0, "LqfSprPGD": 0.0, "LqfProb": 0.0, "LndPGD": 0.0, "LndProb": 0.0, "SufFltRuptPGD": 29.523393630981445, "SurfFltRuptProb": 0.5, "PDsNone": 0.6123, "PDsSlight": 0.2141, "PDsModerate": 0.1028, "PDsExtensive": 0.0566, "PDsComplete": 0.014, "PDsExceedSlight": 0.3876, "PDsExceedModerate": 0.1735, "PDsExceedExtensive": 0.0706, "FunctDay1": 80.4, "FunctDay3": 88.8, "FunctDay7": 92.7, "FunctDay14": 93.3, "FunctDay30": 93.7, "FunctDay90": 96.6, "EconLoss": 499799.34375, "Name": "'WALNUT CREEK'", "City": "null", "State": "null" }, "geometry": { "type": "Point", "coordinates": [ -122.055181, 37.966631 ] } },
{ "type": "Feature", "properties": { "FacilityType": "HighwayBridge", "FacilityId": "CA007235", "Anchor": "null", "FoundationType": "null", "eqBldgType": "null", "DesignLevel": "null", "SoilType": "D", "LqfSusCat": 0, "LndSusCat": 0, "WaterDepth": 5.0, "Distance": "null", "PGA": 0.29659819602966309, "PGV": 10.486924171447754, "Sa03": 0.67186164855957031, "Sa10": 0.28059494495391846, "LqfSettlPGD": 0.0, "LqfSprPGD": 0.0, "LqfProb": 0.0, "LndPGD": 0.0, "LndProb": 0.0, "SufFltRuptPGD": 29.523393630981445, "SurfFltRuptProb": 0.5, "PDsNone": 0.9596, "PDsSlight": 0.0142, "PDsModerate": 0.0137, "PDsExtensive": 0.01, "PDsComplete": 0.0023, "PDsExceedSlight": 0.0403, "PDsExceedModerate": 0.0261, "PDsExceedExtensive": 0.0123, "FunctDay1": 97.4, "FunctDay3": 98.2, "FunctDay7": 98.7, "FunctDay14": 98.8, "FunctDay30": 98.9, "FunctDay90": 99.4, "EconLoss": 8601.6591796875, "Name": "'ARROYO DEL HAMBRE'", "City": "null", "State": "null" }, "geometry": { "type": "Point", "coordinates": [ -122.138453, 38.017947 ] } },
{ "type": "Feature", "properties": { "FacilityType": "HighwayBridge", "FacilityId": "CA007236", "Anchor": "null", "FoundationType": "null", "eqBldgType": "null", "DesignLevel": "null", "SoilType": "D", "LqfSusCat": 0, "LndSusCat": 0, "WaterDepth": 5.0, "Distance": "null", "PGA": 0.32111510634422302, "PGV": 11.395089149475098, "Sa03": 0.7213207483291626, "Sa10": 0.30600848793983459, "LqfSettlPGD": 0.0, "LqfSprPGD": 0.0, "LqfProb": 0.0, "LndPGD": 0.0, "LndProb": 0.0, "SufFltRuptPGD": 29.523393630981445, "SurfFltRuptProb": 0.5, "PDsNone": 0.9453, "PDsSlight": 0.0085, "PDsModerate": 0.0226, "PDsExtensive": 0.0182, "PDsComplete": 0.005, "PDsExceedSlight": 0.0546, "PDsExceedModerate": 0.046, "PDsExceedExtensive": 0.0233, "FunctDay1": 95.8, "FunctDay3": 96.7, "FunctDay7": 97.6, "FunctDay14": 97.7, "FunctDay30": 97.9, "FunctDay90": 98.8, "EconLoss": 26381.52734375, "Name": "'WALNUT CREEK'", "City": "null", "State": "null" }, "geometry": { "type": "Point", "coordinates": [ -122.059822, 37.899997 ] } },
{ "type": "Feature", "properties": { "FacilityType": "HighwayBridge", "FacilityId": "CA007237", "Anchor": "null", "FoundationType": "null", "eqBldgType": "null", "DesignLevel": "null", "SoilType": "D", "LqfSusCat": 0, "LndSusCat": 0, "WaterDepth": 5.0, "Distance": "null", "PGA": 0.32111510634422302, "PGV": 11.395089149475098, "Sa03": 0.7213207483291626, "Sa10": 0.30600848793983459, "LqfSettlPGD": 0.0, "LqfSprPGD": 0.0, "LqfProb": 0.0, "LndPGD": 0.0, "LndProb": 0.0, "SufFltRuptPGD": 29.523393630981445, "SurfFltRuptProb": 0.5, "PDsNone": 0.9324, "PDsSlight": 0.0, "PDsModerate": 0.0, "PDsExtensive": 0.051, "PDsComplete": 0.0164, "PDsExceedSlight": 0.0675, "PDsExceedModerate": 0.0675, "PDsExceedExtensive": 0.0675, "FunctDay1": 93.4, "FunctDay3": 93.4, "FunctDay7": 93.5, "FunctDay14": 93.6, "FunctDay30": 94.0, "FunctDay90": 96.6, "EconLoss": 123972.453125, "Name": "'LAS TRAMPAS CREEK'", "City": "null", "State": "null" }, "geometry": { "type": "Point", "coordinates": [ -122.061372, 37.893644 ] } },
{ "type": "Feature", "properties": { "FacilityType": "HighwayBridge", "FacilityId": "CA007238", "Anchor": "null", "FoundationType": "null", "eqBldgType": "null", "DesignLevel": "null", "SoilType": "D", "LqfSusCat": 0, "LndSusCat": 0, "WaterDepth": 5.0, "Distance": "null", "PGA": 0.32494053244590759, "PGV": 14.086722373962402, "Sa03": 0.80031126737594604, "Sa10": 0.42130327224731445, "LqfSettlPGD": 0.0, "LqfSprPGD": 0.0, "LqfProb": 0.0, "LndPGD": 0.0, "LndProb": 0.0, "SufFltRuptPGD": 29.523393630981445, "SurfFltRuptProb": 0.5, "PDsNone": 0.2857, "PDsSlight": 0.3266, "PDsModerate": 0.1098, "PDsExtensive": 0.1749, "PDsComplete": 0.1029, "PDsExceedSlight": 0.7142, "PDsExceedModerate": 0.3876, "PDsExceedExtensive": 0.2778, "FunctDay1": 57.0, "FunctDay3": 68.4, "FunctDay7": 72.8, "FunctDay14": 73.7, "FunctDay30": 75.0, "FunctDay90": 84.4, "EconLoss": 422476.09375, "Name": "'WALNUT CREEK'", "City": "null", "State": "null" }, "geometry": { "type": "Point", "coordinates": [ -122.054186, 37.969794 ] } },
{ "type": "Feature", "properties": { "FacilityType": "HighwayBridge", "FacilityId": "CA007239", "Anchor": "null", "FoundationType": "null", "eqBldgType": "null", "DesignLevel": "null", "SoilType": "D", "LqfSusCat": 0, "LndSusCat": 0, "WaterDepth": 5.0, "Distance": "null", "PGA": 0.32494053244590759, "PGV": 14.086722373962402, "Sa03": 0.80031126737594604, "Sa10": 0.42130327224731445, "LqfSettlPGD": 0.0, "LqfSprPGD": 0.0, "LqfProb": 0.0, "LndPGD": 0.0, "LndProb": 0.0, "SufFltRuptPGD": 29.523393630981445, "SurfFltRuptProb": 0.5, "PDsNone": 0.2857, "PDsSlight": 0.3266, "PDsModerate": 0.1098, "PDsExtensive": 0.1749, "PDsComplete": 0.1029, "PDsExceedSlight": 0.7142, "PDsExceedModerate": 0.3876, "PDsExceedExtensive": 0.2778, "FunctDay1": 57.0, "FunctDay3": 68.4, "FunctDay7": 72.8, "FunctDay14": 73.7, "FunctDay30": 75.0, "FunctDay90": 84.4, "EconLoss": 422476.09375, "Name": "'WALNUT CREEK'", "City": "null", "State": "null" }, "geometry": { "type": "Point", "coordinates": [ -122.054261, 37.969708 ] } },
{ "type": "Feature", "properties": { "FacilityType": "HighwayBridge", "FacilityId": "CA007240", "Anchor": "null", "FoundationType": "null", "eqBldgType": "null", "DesignLevel": "null", "SoilType": "D", "LqfSusCat": 0, "LndSusCat": 0, "WaterDepth": 5.0, "Distance": "null", "PGA": 0.30504786968231201, "PGV": 12.021832466125488, "Sa03": 0.72809457778930664, "Sa10": 0.32921820878982544, "LqfSettlPGD": 0.0, "LqfSprPGD": 0.0, "LqfProb": 0.0, "LndPGD": 0.0, "LndProb": 0.0, "SufFltRuptPGD": 29.523393630981445, "SurfFltRuptProb": 0.5, "PDsNone": 0.9305, "PDsSlight": 0.0235, "PDsModerate": 0.0226, "PDsExtensive": 0.0182, "PDsComplete": 0.005, "PDsExceedSlight": 0.0694, "PDsExceedModerate": 0.0459, "PDsExceedExtensive": 0.0233, "FunctDay1": 95.5, "FunctDay3": 96.7, "FunctDay7": 97.6, "FunctDay14": 97.8, "FunctDay30": 97.9, "FunctDay90": 98.8, "EconLoss": 15796.3525390625, "Name": "'MOUNT DIABLO CREEK'", "City": "null", "State": "null" }, "geometry": { "type": "Point", "coordinates": [ -122.026572, 38.018667 ] } },
{ "type": "Feature", "properties": { "FacilityType": "HighwayBridge", "FacilityId": "CA007241", "Anchor": "null", "FoundationType": "null", "eqBldgType": "null", "DesignLevel": "null", "SoilType": "D", "LqfSusCat": 0, "LndSusCat": 0, "WaterDepth": 5.0, "Distance": "null", "PGA": 0.32553109526634216, "PGV": 12.258646011352539, "Sa03": 0.75154876708984375, "Sa10": 0.33662161231040955, "LqfSettlPGD": 0.0, "LqfSprPGD": 0.0, "LqfProb": 0.0, "LndPGD": 0.0, "LndProb": 0.0, "SufFltRuptPGD": 29.523393630981445, "SurfFltRuptProb": 0.5, "PDsNone": 0.7451, "PDsSlight": 0.1802, "PDsModerate": 0.0503, "PDsExtensive": 0.0207, "PDsComplete": 0.0034, "PDsExceedSlight": 0.2548, "PDsExceedModerate": 0.0745, "PDsExceedExtensive": 0.0242, "FunctDay1": 89.5, "FunctDay3": 95.5, "FunctDay7": 97.4, "FunctDay14": 97.7, "FunctDay30": 97.8, "FunctDay90": 98.9, "EconLoss": 32135.806640625, "Name": "'LAS TRAMPAS CREEK'", "City": "null", "State": "null" }, "geometry": { "type": "Point", "coordinates": [ -122.078806, 37.887569 ] } },
{ "type": "Feature", "properties": { "FacilityType": "HighwayBridge", "FacilityId": "CA007242", "Anchor": "null", "FoundationType": "null", "eqBldgType": "null", "DesignLevel": "null", "SoilType": "D", "LqfSusCat": 0, "LndSusCat": 0, "WaterDepth": 5.0, "Distance": "null", "PGA": 0.3122633695602417, "PGV": 10.710003852844238, "Sa03": 0.67904609441757202, "Sa10": 0.2819371223449707, "LqfSettlPGD": 0.0, "LqfSprPGD": 0.0, "LqfProb": 0.0, "LndPGD": 0.0, "LndProb": 0.0, "SufFltRuptPGD": 29.523393630981445, "SurfFltRuptProb": 0.5, "PDsNone": 0.9589, "PDsSlight": 0.0236, "PDsModerate": 0.0095, "PDsExtensive": 0.0065, "PDsComplete": 0.0013, "PDsExceedSlight": 0.041, "PDsExceedModerate": 0.0174, "PDsExceedExtensive": 0.0078, "FunctDay1": 97.9, "FunctDay3": 98.8, "FunctDay7": 99.1, "FunctDay14": 99.2, "FunctDay30": 99.2, "FunctDay90": 99.6, "EconLoss": 2764.517578125, "Name": "'SAN LEANDRO CREEK'", "City": "null", "State": "null" }, "geometry": { "type": "Point", "coordinates": [ -122.132756, 37.834758 ] } },
{ "type": "Feature", "properties": { "FacilityType": "HighwayBridge", "FacilityId": "CA007243", "Anchor": "null", "FoundationType": "null", "eqBldgType": "null", "DesignLevel": "null", "SoilType": "D", "LqfSusCat": 0, "LndSusCat": 0, "WaterDepth": 5.0, "Distance": "null", "PGA": 0.32494053244590759, "PGV": 14.086722373962402, "Sa03": 0.80031126737594604, "Sa10": 0.42130327224731445, "LqfSettlPGD": 0.0, "LqfSprPGD": 0.0, "LqfProb": 0.0, "LndPGD": 0.0, "LndProb": 0.0, "SufFltRuptPGD": 29.523393630981445, "SurfFltRuptProb": 0.5, "PDsNone": 0.8574, "PDsSlight": 0.0447, "PDsModerate": 0.0427, "PDsExtensive": 0.0403, "PDsComplete": 0.0146, "PDsExceedSlight": 0.1425, "PDsExceedModerate": 0.0978, "PDsExceedExtensive": 0.055, "FunctDay1": 90.5, "FunctDay3": 92.8, "FunctDay7": 94.5, "FunctDay14": 94.8, "FunctDay30": 95.1, "FunctDay90": 97.2, "EconLoss": 127476.3515625, "Name": "'PINE CREEK'", "City": "null", "State": "null" }, "geometry": { "type": "Point", "coordinates": [ -122.046058, 37.969361 ] } },
{ "type": "Feature", "properties": { "FacilityType": "HighwayBridge", "FacilityId": "CA007244", "Anchor": "null", "FoundationType": "null", "eqBldgType": "null", "DesignLevel": "null", "SoilType": "D", "LqfSusCat": 0, "LndSusCat": 0, "WaterDepth": 5.0, "Distance": "null", "PGA": 0.32041805982589722, "PGV": 12.237601280212402, "Sa03": 0.74365264177322388, "Sa10": 0.33581742644309998, "LqfSettlPGD": 0.0, "LqfSprPGD": 0.0, "LqfProb": 0.0, "LndPGD": 0.0, "LndProb": 0.0, "SufFltRuptPGD": 29.523393630981445, "SurfFltRuptProb": 0.5, "PDsNone": 0.901, "PDsSlight": 0.0, "PDsModerate": 0.0, "PDsExtensive": 0.0719, "PDsComplete": 0.027, "PDsExceedSlight": 0.0989, "PDsExceedModerate": 0.0989, "PDsExceedExtensive": 0.0989, "FunctDay1": 90.4, "FunctDay3": 90.4, "FunctDay7": 90.5, "FunctDay14": 90.6, "FunctDay30": 91.2, "FunctDay90": 94.9, "EconLoss": 178076.21875, "Name": "'SAN RAMON CREEK'", "City": "null", "State": "null" }, "geometry": { "type": "Point", "coordinates": [ -121.998619, 37.822936 ] } },
{ "type": "Feature", "properties": { "FacilityType": "HighwayBridge", "FacilityId": "CA007245", "Anchor": "null", "FoundationType": "null", "eqBldgType": "null", "DesignLevel": "null", "SoilType": "D", "LqfSusCat": 0, "LndSusCat": 0, "WaterDepth": 5.0, "Distance": "null", "PGA": 0.26049831509590149, "PGV": 9.1479768753051758, "Sa03": 0.59168910980224609, "Sa10": 0.25100517272949219, "LqfSettlPGD": 0.0, "LqfSprPGD": 0.0, "LqfProb": 0.0, "LndPGD": 0.0, "LndProb": 0.0, "SufFltRuptPGD": 29.523393630981445, "SurfFltRuptProb": 0.5, "PDsNone": 0.9733, "PDsSlight": 0.013, "PDsModerate": 0.0076, "PDsExtensive": 0.005, "PDsComplete": 0.0009, "PDsExceedSlight": 0.0266, "PDsExceedModerate": 0.0136, "PDsExceedExtensive": 0.006, "FunctDay1": 98.5, "FunctDay3": 99.0, "FunctDay7": 99.3, "FunctDay14": 99.4, "FunctDay30": 99.4, "FunctDay90": 99.7, "EconLoss": 4302.6103515625, "Name": "'TASSAJARA CREEK'", "City": "null", "State": "null" }, "geometry": { "type": "Point", "coordinates": [ -121.859425, 37.786806 ] } },
{ "type": "Feature", "properties": { "FacilityType": "HighwayBridge", "FacilityId": "CA007246", "Anchor": "null", "FoundationType": "null", "eqBldgType": "null", "DesignLevel": "null", "SoilType": "D", "LqfSusCat": 0, "LndSusCat": 0, "WaterDepth": 5.0, "Distance": "null", "PGA": 0.2055048793554306, "PGV": 8.71514892578125, "Sa03": 0.53198921680450439, "Sa10": 0.26307255029678345, "LqfSettlPGD": 0.0, "LqfSprPGD": 0.0, "LqfProb": 0.0, "LndPGD": 0.0, "LndProb": 0.0, "SufFltRuptPGD": 29.523393630981445, "SurfFltRuptProb": 0.5, "PDsNone": 0.9681, "PDsSlight": 0.0002, "PDsModerate": 0.0162, "PDsExtensive": 0.0122, "PDsComplete": 0.003, "PDsExceedSlight": 0.0318, "PDsExceedModerate": 0.0316, "PDsExceedExtensive": 0.0153, "FunctDay1": 97.3, "FunctDay3": 97.8, "FunctDay7": 98.4, "FunctDay14": 98.5, "FunctDay30": 98.6, "FunctDay90": 99.2, "EconLoss": 3650.6474609375, "Name": "'CONTRA COSTA CANAL'", "City": "null", "State": "null" }, "geometry": { "type": "Point", "coordinates": [ -121.706181, 37.990564 ] } },
{ "type": "Feature", "properties": { "FacilityType": "HighwayBridge", "FacilityId": "CA007247", "Anchor": "null", "FoundationType": "null", "eqBldgType": "null", "DesignLevel": "null", "SoilType": "D", "LqfSusCat": 0, "LndSusCat": 0, "WaterDepth": 5.0, "Distance": "null", "PGA": 0.27735394239425659, "PGV": 10.04581356048584, "Sa03": 0.62787985801696777, "Sa10": 0.26528066396713257, "LqfSettlPGD": 0.0, "LqfSprPGD": 0.0, "LqfProb": 0.0, "LndPGD": 0.0, "LndProb": 0.0, "SufFltRuptPGD": 29.523393630981445, "SurfFltRuptProb": 0.5, "PDsNone": 0.9784, "PDsSlight": 0.0, "PDsModerate": 0.0123, "PDsExtensive": 0.0071, "PDsComplete": 0.002, "PDsExceedSlight": 0.0215, "PDsExceedModerate": 0.0215, "PDsExceedExtensive": 0.0091, "FunctDay1": 98.2, "FunctDay3": 98.5, "FunctDay7": 99.0, "FunctDay14": 99.1, "FunctDay30": 99.1, "FunctDay90": 99.5, "EconLoss": 15848.16015625, "Name": "'BNSF RY'", "City": "null", "State": "null" }, "geometry": { "type": "Point", "coordinates": [ -122.317414, 38.003611 ] } },
{ "type": "Feature", "properties": { "FacilityType": "HighwayBridge", "FacilityId": "CA007248", "Anchor": "null", "FoundationType": "null", "eqBldgType": "null", "DesignLevel": "null", "SoilType": "D", "LqfSusCat": 0, "LndSusCat": 0, "WaterDepth": 5.0, "Distance": "null", "PGA": 0.21277272701263428, "PGV": 8.3652181625366211, "Sa03": 0.52310192584991455, "Sa10": 0.23649340867996216, "LqfSettlPGD": 0.0, "LqfSprPGD": 0.0, "LqfProb": 0.0, "LndPGD": 0.0, "LndProb": 0.0, "SufFltRuptPGD": 29.523393630981445, "SurfFltRuptProb": 0.5, "PDsNone": 0.9788, "PDsSlight": 0.009, "PDsModerate": 0.0067, "PDsExtensive": 0.0043, "PDsComplete": 0.0008, "PDsExceedSlight": 0.0211, "PDsExceedModerate": 0.012, "PDsExceedExtensive": 0.0052, "FunctDay1": 98.7, "FunctDay3": 99.1, "FunctDay7": 99.4, "FunctDay14": 99.4, "FunctDay30": 99.5, "FunctDay90": 99.7, "EconLoss": 10291.646484375, "Name": "'CONTRA COSTA CANAL'", "City": "null", "State": "null" }, "geometry": { "type": "Point", "coordinates": [ -121.766456, 37.98175 ] } },
{ "type": "Feature", "properties": { "FacilityType": "HighwayBridge", "FacilityId": "CA007249", "Anchor": "null", "FoundationType": "null", "eqBldgType": "null", "DesignLevel": "null", "SoilType": "D", "LqfSusCat": 0, "LndSusCat": 0, "WaterDepth": 5.0, "Distance": "null", "PGA": 0.21277272701263428, "PGV": 8.3652181625366211, "Sa03": 0.52310192584991455, "Sa10": 0.23649340867996216, "LqfSettlPGD": 0.0, "LqfSprPGD": 0.0, "LqfProb": 0.0, "LndPGD": 0.0, "LndProb": 0.0, "SufFltRuptPGD": 29.523393630981445, "SurfFltRuptProb": 0.5, "PDsNone": 0.9788, "PDsSlight": 0.0129, "PDsModerate": 0.0047, "PDsExtensive": 0.0028, "PDsComplete": 0.0005, "PDsExceedSlight": 0.0211, "PDsExceedModerate": 0.0081, "PDsExceedExtensive": 0.0033, "FunctDay1": 98.9, "FunctDay3": 99.4, "FunctDay7": 99.6, "FunctDay14": 99.6, "FunctDay30": 99.6, "FunctDay90": 99.8, "EconLoss": 4617.9560546875, "Name": "'CONTRA COSTA CANAL'", "City": "null", "State": "null" }, "geometry": { "type": "Point", "coordinates": [ -121.732311, 37.983333 ] } },
{ "type": "Feature", "properties": { "FacilityType": "HighwayBridge", "FacilityId": "CA007250", "Anchor": "null", "FoundationType": "null", "eqBldgType": "null", "DesignLevel": "null", "SoilType": "D", "LqfSusCat": 0, "LndSusCat": 0, "WaterDepth": 5.0, "Distance": "null", "PGA": 0.20696081221103668, "PGV": 8.1355552673339844, "Sa03": 0.50839072465896606, "Sa10": 0.22994750738143921, "LqfSettlPGD": 0.0, "LqfSprPGD": 0.0, "LqfProb": 0.0, "LndPGD": 0.0, "LndProb": 0.0, "SufFltRuptPGD": 29.523393630981445, "SurfFltRuptProb": 0.5, "PDsNone": 0.984, "PDsSlight": 0.0, "PDsModerate": 0.0093, "PDsExtensive": 0.0052, "PDsComplete": 0.0013, "PDsExceedSlight": 0.0159, "PDsExceedModerate": 0.0159, "PDsExceedExtensive": 0.0065, "FunctDay1": 98.6, "FunctDay3": 98.9, "FunctDay7": 99.3, "FunctDay14": 99.3, "FunctDay30": 99.4, "FunctDay90": 99.6, "EconLoss": 4784.62109375, "Name": "'SAND CREEK'", "City": "null", "State": "null" }, "geometry": { "type": "Point", "coordinates": [ -121.71445, 37.938717 ] } },
{ "type": "Feature", "properties": { "FacilityType": "HighwayBridge", "FacilityId": "CA007251", "Anchor": "null", "FoundationType": "null", "eqBldgType": "null", "DesignLevel": "null", "SoilType": "D", "LqfSusCat": 0, "LndSusCat": 0, "WaterDepth": 5.0, "Distance": "null", "PGA": 0.20696081221103668, "PGV": 8.1355552673339844, "Sa03": 0.50839072465896606, "Sa10": 0.22994750738143921, "LqfSettlPGD": 0.0, "LqfSprPGD": 0.0, "LqfProb": 0.0, "LndPGD": 0.0, "LndProb": 0.0, "SufFltRuptPGD": 29.523393630981445, "SurfFltRuptProb": 0.5, "PDsNone": 0.9811, "PDsSlight": 0.0117, "PDsModerate": 0.0041, "PDsExtensive": 0.0025, "PDsComplete": 0.0004, "PDsExceedSlight": 0.0188, "PDsExceedModerate": 0.0071, "PDsExceedExtensive": 0.0029, "FunctDay1": 99.1, "FunctDay3": 99.5, "FunctDay7": 99.6, "FunctDay14": 99.7, "FunctDay30": 99.7, "FunctDay90": 99.8, "EconLoss": 2174.880859375, "Name": "'MARSH CREEK'", "City": "null", "State": "null" }, "geometry": { "type": "Point", "coordinates": [ -121.682736, 37.968808 ] } },
{ "type": "Feature", "properties": { "FacilityType": "HighwayBridge", "FacilityId": "CA007252", "Anchor": "null", "FoundationType": "null", "eqBldgType": "null", "DesignLevel": "null", "SoilType": "D", "LqfSusCat": 0, "LndSusCat": 0, "WaterDepth": 5.0, "Distance": "null", "PGA": 0.21633027493953705, "PGV": 8.5382785797119141, "Sa03": 0.53441286087036133, "Sa10": 0.24253241717815399, "LqfSettlPGD": 0.0, "LqfSprPGD": 0.0, "LqfProb": 0.0, "LndPGD": 0.0, "LndProb": 0.0, "SufFltRuptPGD": 29.523393630981445, "SurfFltRuptProb": 0.5, "PDsNone": 0.9766, "PDsSlight": 0.0142, "PDsModerate": 0.0052, "PDsExtensive": 0.0032, "PDsComplete": 0.0005, "PDsExceedSlight": 0.0233, "PDsExceedModerate": 0.0091, "PDsExceedExtensive": 0.0038, "FunctDay1": 98.8, "FunctDay3": 99.3, "FunctDay7": 99.5, "FunctDay14": 99.6, "FunctDay30": 99.6, "FunctDay90": 99.8, "EconLoss": 977.97698974609375, "Name": "'E CONTRA COSTA ID CANAL'", "City": "null", "State": "null" }, "geometry": { "type": "Point", "coordinates": [ -121.677914, 37.917956 ] } },
{ "type": "Feature", "properties": { "FacilityType": "HighwayBridge", "FacilityId": "CA007253", "Anchor": "null", "FoundationType": "null", "eqBldgType": "null", "DesignLevel": "null", "SoilType": "D", "LqfSusCat": 0, "LndSusCat": 0, "WaterDepth": 5.0, "Distance": "null", "PGA": 0.32111510634422302, "PGV": 11.395089149475098, "Sa03": 0.7213207483291626, "Sa10": 0.30600848793983459, "LqfSettlPGD": 0.0, "LqfSprPGD": 0.0, "LqfProb": 0.0, "LndPGD": 0.0, "LndProb": 0.0, "SufFltRuptPGD": 29.523393630981445, "SurfFltRuptProb": 0.5, "PDsNone": 0.8691, "PDsSlight": 0.0924, "PDsModerate": 0.0207, "PDsExtensive": 0.0133, "PDsComplete": 0.0043, "PDsExceedSlight": 0.1308, "PDsExceedModerate": 0.0384, "PDsExceedExtensive": 0.0177, "FunctDay1": 94.4, "FunctDay3": 97.4, "FunctDay7": 98.2, "FunctDay14": 98.3, "FunctDay30": 98.4, "FunctDay90": 99.1, "EconLoss": 4324.484375, "Name": "'UNNAMED CREEK'", "City": "null", "State": "null" }, "geometry": { "type": "Point", "coordinates": [ -122.046525, 37.883444 ] } },
{ "type": "Feature", "properties": { "FacilityType": "HighwayBridge", "FacilityId": "CA007254", "Anchor": "null", "FoundationType": "null", "eqBldgType": "null", "DesignLevel": "null", "SoilType": "D", "LqfSusCat": 0, "LndSusCat": 0, "WaterDepth": 5.0, "Distance": "null", "PGA": 0.30044370889663696, "PGV": 10.422507286071777, "Sa03": 0.67442941665649414, "Sa10": 0.26809030771255493, "LqfSettlPGD": 0.0, "LqfSprPGD": 0.0, "LqfProb": 0.0, "LndPGD": 0.0, "LndProb": 0.0, "SufFltRuptPGD": 29.523393630981445, "SurfFltRuptProb": 0.5, "PDsNone": 0.9103, "PDsSlight": 0.0679, "PDsModerate": 0.0124, "PDsExtensive": 0.0072, "PDsComplete": 0.002, "PDsExceedSlight": 0.0896, "PDsExceedModerate": 0.0217, "PDsExceedExtensive": 0.0093, "FunctDay1": 96.4, "FunctDay3": 98.5, "FunctDay7": 99.0, "FunctDay14": 99.1, "FunctDay30": 99.1, "FunctDay90": 99.5, "EconLoss": 5600.22998046875, "Name": "'PINE CREEK'", "City": "null", "State": "null" }, "geometry": { "type": "Point", "coordinates": [ -122.008753, 37.935706 ] } },
{ "type": "Feature", "properties": { "FacilityType": "HighwayBridge", "FacilityId": "CA007255", "Anchor": "null", "FoundationType": "null", "eqBldgType": "null", "DesignLevel": "null", "SoilType": "D", "LqfSusCat": 0, "LndSusCat": 0, "WaterDepth": 5.0, "Distance": "null", "PGA": 0.30044370889663696, "PGV": 10.422507286071777, "Sa03": 0.67442941665649414, "Sa10": 0.26809030771255493, "LqfSettlPGD": 0.0, "LqfSprPGD": 0.0, "LqfProb": 0.0, "LndPGD": 0.0, "LndProb": 0.0, "SufFltRuptPGD": 29.523393630981445, "SurfFltRuptProb": 0.5, "PDsNone": 0.9103, "PDsSlight": 0.0679, "PDsModerate": 0.0124, "PDsExtensive": 0.0072, "PDsComplete": 0.002, "PDsExceedSlight": 0.0896, "PDsExceedModerate": 0.0217, "PDsExceedExtensive": 0.0093, "FunctDay1": 96.4, "FunctDay3": 98.5, "FunctDay7": 99.0, "FunctDay14": 99.1, "FunctDay30": 99.1, "FunctDay90": 99.5, "EconLoss": 2594.34716796875, "Name": "'PINE CREEK'", "City": "null", "State": "null" }, "geometry": { "type": "Point", "coordinates": [ -122.009981, 37.930814 ] } },
{ "type": "Feature", "properties": { "FacilityType": "HighwayBridge", "FacilityId": "CA007256", "Anchor": "null", "FoundationType": "null", "eqBldgType": "null", "DesignLevel": "null", "SoilType": "D", "LqfSusCat": 0, "LndSusCat": 0, "WaterDepth": 5.0, "Distance": "null", "PGA": 0.30044370889663696, "PGV": 10.422507286071777, "Sa03": 0.67442941665649414, "Sa10": 0.26809030771255493, "LqfSettlPGD": 0.0, "LqfSprPGD": 0.0, "LqfProb": 0.0, "LndPGD": 0.0, "LndProb": 0.0, "SufFltRuptPGD": 29.523393630981445, "SurfFltRuptProb": 0.5, "PDsNone": 0.9649, "PDsSlight": 0.0208, "PDsModerate": 0.0078, "PDsExtensive": 0.0052, "PDsComplete": 0.001, "PDsExceedSlight": 0.035, "PDsExceedModerate": 0.0141, "PDsExceedExtensive": 0.0062, "FunctDay1": 98.2, "FunctDay3": 99.0, "FunctDay7": 99.3, "FunctDay14": 99.3, "FunctDay30": 99.4, "FunctDay90": 99.6, "EconLoss": 2244.671630859375, "Name": "'PINE CREEK'", "City": "null", "State": "null" }, "geometry": { "type": "Point", "coordinates": [ -122.009603, 37.925597 ] } },
{ "type": "Feature", "properties": { "FacilityType": "HighwayBridge", "FacilityId": "CA007257", "Anchor": "null", "FoundationType": "null", "eqBldgType": "null", "DesignLevel": "null", "SoilType": "D", "LqfSusCat": 0, "LndSusCat": 0, "WaterDepth": 5.0, "Distance": "null", "PGA": 0.31993821263313293, "PGV": 11.802117347717285, "Sa03": 0.73467093706130981, "Sa10": 0.32258957624435425, "LqfSettlPGD": 0.0, "LqfSprPGD": 0.0, "LqfProb": 0.0, "LndPGD": 0.0, "LndProb": 0.0, "SufFltRuptPGD": 29.523393630981445, "SurfFltRuptProb": 0.5, "PDsNone": 0.9349, "PDsSlight": 0.0327, "PDsModerate": 0.0165, "PDsExtensive": 0.0125, "PDsComplete": 0.0031, "PDsExceedSlight": 0.065, "PDsExceedModerate": 0.0322, "PDsExceedExtensive": 0.0156, "FunctDay1": 96.4, "FunctDay3": 97.7, "FunctDay7": 98.4, "FunctDay14": 98.5, "FunctDay30": 98.5, "FunctDay90": 99.2, "EconLoss": 11218.2587890625, "Name": "'PINE CREEK'", "City": "null", "State": "null" }, "geometry": { "type": "Point", "coordinates": [ -122.010139, 37.923594 ] } },
{ "type": "Feature", "properties": { "FacilityType": "HighwayBridge", "FacilityId": "CA007258", "Anchor": "null", "FoundationType": "null", "eqBldgType": "null", "DesignLevel": "null", "SoilType": "D", "LqfSusCat": 0, "LndSusCat": 0, "WaterDepth": 5.0, "Distance": "null", "PGA": 0.31993821263313293, "PGV": 11.802117347717285, "Sa03": 0.73467093706130981, "Sa10": 0.32258957624435425, "LqfSettlPGD": 0.0, "LqfSprPGD": 0.0, "LqfProb": 0.0, "LndPGD": 0.0, "LndProb": 0.0, "SufFltRuptPGD": 29.523393630981445, "SurfFltRuptProb": 0.5, "PDsNone": 0.9349, "PDsSlight": 0.0353, "PDsModerate": 0.0153, "PDsExtensive": 0.0114, "PDsComplete": 0.0028, "PDsExceedSlight": 0.065, "PDsExceedModerate": 0.0296, "PDsExceedExtensive": 0.0142, "FunctDay1": 96.6, "FunctDay3": 97.9, "FunctDay7": 98.5, "FunctDay14": 98.6, "FunctDay30": 98.7, "FunctDay90": 99.3, "EconLoss": 4164.12646484375, "Name": "'PINE CREEK'", "City": "null", "State": "null" }, "geometry": { "type": "Point", "coordinates": [ -122.010331, 37.921294 ] } },
{ "type": "Feature", "properties": { "FacilityType": "HighwayBridge", "FacilityId": "CA007259", "Anchor": "null", "FoundationType": "null", "eqBldgType": "null", "DesignLevel": "null", "SoilType": "D", "LqfSusCat": 0, "LndSusCat": 0, "WaterDepth": 5.0, "Distance": "null", "PGA": 0.32494053244590759, "PGV": 14.086722373962402, "Sa03": 0.80031126737594604, "Sa10": 0.42130327224731445, "LqfSettlPGD": 0.0, "LqfSprPGD": 0.0, "LqfProb": 0.0, "LndPGD": 0.0, "LndProb": 0.0, "SufFltRuptPGD": 29.523393630981445, "SurfFltRuptProb": 0.5, "PDsNone": 0.8574, "PDsSlight": 0.0672, "PDsModerate": 0.0344, "PDsExtensive": 0.0306, "PDsComplete": 0.0101, "PDsExceedSlight": 0.1425, "PDsExceedModerate": 0.0752, "PDsExceedExtensive": 0.0408, "FunctDay1": 91.8, "FunctDay3": 94.5, "FunctDay7": 95.9, "FunctDay14": 96.1, "FunctDay30": 96.3, "FunctDay90": 97.9, "EconLoss": 22319.904296875, "Name": "'PINE CREEK'", "City": "null", "State": "null" }, "geometry": { "type": "Point", "coordinates": [ -122.041161, 37.962236 ] } },
{ "type": "Feature", "properties": { "FacilityType": "HighwayBridge", "FacilityId": "CA007260", "Anchor": "null", "FoundationType": "null", "eqBldgType": "null", "DesignLevel": "null", "SoilType": "D", "LqfSusCat": 0, "LndSusCat": 0, "WaterDepth": 5.0, "Distance": "null", "PGA": 0.30044370889663696, "PGV": 10.422507286071777, "Sa03": 0.67442941665649414, "Sa10": 0.26809030771255493, "LqfSettlPGD": 0.0, "LqfSprPGD": 0.0, "LqfProb": 0.0, "LndPGD": 0.0, "LndProb": 0.0, "SufFltRuptPGD": 29.523393630981445, "SurfFltRuptProb": 0.5, "PDsNone": 0.9649, "PDsSlight": 0.0208, "PDsModerate": 0.0078, "PDsExtensive": 0.0052, "PDsComplete": 0.001, "PDsExceedSlight": 0.035, "PDsExceedModerate": 0.0141, "PDsExceedExtensive": 0.0062, "FunctDay1": 98.2, "FunctDay3": 99.0, "FunctDay7": 99.3, "FunctDay14": 99.3, "FunctDay30": 99.4, "FunctDay90": 99.6, "EconLoss": 1255.257568359375, "Name": "'GALINDO CREEK'", "City": "null", "State": "null" }, "geometry": { "type": "Point", "coordinates": [ -122.010439, 37.961317 ] } },
{ "type": "Feature", "properties": { "FacilityType": "HighwayBridge", "FacilityId": "CA007261", "Anchor": "null", "FoundationType": "null", "eqBldgType": "null", "DesignLevel": "null", "SoilType": "D", "LqfSusCat": 0, "LndSusCat": 0, "WaterDepth": 5.0, "Distance": "null", "PGA": 0.30044370889663696, "PGV": 10.422507286071777, "Sa03": 0.67442941665649414, "Sa10": 0.26809030771255493, "LqfSettlPGD": 0.0, "LqfSprPGD": 0.0, "LqfProb": 0.0, "LndPGD": 0.0, "LndProb": 0.0, "SufFltRuptPGD": 29.523393630981445, "SurfFltRuptProb": 0.5, "PDsNone": 0.9657, "PDsSlight": 0.0199, "PDsModerate": 0.0079, "PDsExtensive": 0.0052, "PDsComplete": 0.001, "PDsExceedSlight": 0.0342, "PDsExceedModerate": 0.0142, "PDsExceedExtensive": 0.0063, "FunctDay1": 98.3, "FunctDay3": 99.0, "FunctDay7": 99.3, "FunctDay14": 99.3, "FunctDay30": 99.4, "FunctDay90": 99.6, "EconLoss": 1620.9061279296875, "Name": "'GALINDO CREEK'", "City": "null", "State": "null" }, "geometry": { "type": "Point", "coordinates": [ -122.013561, 37.961811 ] } },
{ "type": "Feature", "properties": { "FacilityType": "HighwayBridge", "FacilityId": "CA007262", "Anchor": "null", "FoundationType": "null", "eqBldgType": "null", "DesignLevel": "null", "SoilType": "D", "LqfSusCat": 0, "LndSusCat": 0, "WaterDepth": 5.0, "Distance": "null", "PGA": 0.32494053244590759, "PGV": 14.086722373962402, "Sa03": 0.80031126737594604, "Sa10": 0.42130327224731445, "LqfSettlPGD": 0.0, "LqfSprPGD": 0.0, "LqfProb": 0.0, "LndPGD": 0.0, "LndProb": 0.0, "SufFltRuptPGD": 29.523393630981445, "SurfFltRuptProb": 0.5, "PDsNone": 0.8574, "PDsSlight": 0.0178, "PDsModerate": 0.0519, "PDsExtensive": 0.0518, "PDsComplete": 0.0208, "PDsExceedSlight": 0.1425, "PDsExceedModerate": 0.1246, "PDsExceedExtensive": 0.0727, "FunctDay1": 88.8, "FunctDay3": 90.7, "FunctDay7": 92.7, "FunctDay14": 93.1, "FunctDay30": 93.5, "FunctDay90": 96.2, "EconLoss": 14915.19921875, "Name": "'SDM CHANNEL'", "City": "null", "State": "null" }, "geometry": { "type": "Point", "coordinates": [ -122.031181, 37.950272 ] } },
{ "type": "Feature", "properties": { "FacilityType": "HighwayBridge", "FacilityId": "CA007263", "Anchor": "null", "FoundationType": "null", "eqBldgType": "null", "DesignLevel": "null", "SoilType": "D", "LqfSusCat": 0, "LndSusCat": 0, "WaterDepth": 5.0, "Distance": "null", "PGA": 0.31138822436332703, "PGV": 10.946950912475586, "Sa03": 0.69557148218154907, "Sa10": 0.293448805809021, "LqfSettlPGD": 0.0, "LqfSprPGD": 0.0, "LqfProb": 0.0, "LndPGD": 0.0, "LndProb": 0.0, "SufFltRuptPGD": 29.523393630981445, "SurfFltRuptProb": 0.5, "PDsNone": 0.5146, "PDsSlight": 0.298, "PDsModerate": 0.0706, "PDsExtensive": 0.0857, "PDsComplete": 0.0308, "PDsExceedSlight": 0.4853, "PDsExceedModerate": 0.1872, "PDsExceedExtensive": 0.1166, "FunctDay1": 76.1, "FunctDay3": 85.7, "FunctDay7": 88.5, "FunctDay14": 89.0, "FunctDay30": 89.6, "FunctDay90": 94.1, "EconLoss": 106791.8671875, "Name": "'BEAR CREEK'", "City": "null", "State": "null" }, "geometry": { "type": "Point", "coordinates": [ -122.164386, 37.921564 ] } },
{ "type": "Feature", "properties": { "FacilityType": "HighwayBridge", "FacilityId": "CA007264", "Anchor": "null", "FoundationType": "null", "eqBldgType": "null", "DesignLevel": "null", "SoilType": "D", "LqfSusCat": 0, "LndSusCat": 0, "WaterDepth": 5.0, "Distance": "null", "PGA": 0.20283620059490204, "PGV": 7.0127658843994141, "Sa03": 0.45789074897766113, "Sa10": 0.18078689277172089, "LqfSettlPGD": 0.0, "LqfSprPGD": 0.0, "LqfProb": 0.0, "LndPGD": 0.0, "LndProb": 0.0, "SufFltRuptPGD": 29.523393630981445, "SurfFltRuptProb": 0.5, "PDsNone": 0.9929, "PDsSlight": 0.0044, "PDsModerate": 0.0016, "PDsExtensive": 0.0008, "PDsComplete": 0.0001, "PDsExceedSlight": 0.007, "PDsExceedModerate": 0.0025, "PDsExceedExtensive": 0.0009, "FunctDay1": 99.6, "FunctDay3": 99.8, "FunctDay7": 99.8, "FunctDay14": 99.8, "FunctDay30": 99.9, "FunctDay90": 99.9, "EconLoss": 2505.896728515625, "Name": "'BRUSHY CREEK'", "City": "null", "State": "null" }, "geometry": { "type": "Point", "coordinates": [ -121.669181, 37.808031 ] } },
{ "type": "Feature", "properties": { "FacilityType": "HighwayBridge", "FacilityId": "CA007265", "Anchor": "null", "FoundationType": "null", "eqBldgType": "null", "DesignLevel": "null", "SoilType": "D", "LqfSusCat": 0, "LndSusCat": 0, "WaterDepth": 5.0, "Distance": "null", "PGA": 0.20283620059490204, "PGV": 7.0127658843994141, "Sa03": 0.45789074897766113, "Sa10": 0.18078689277172089, "LqfSettlPGD": 0.0, "LqfSprPGD": 0.0, "LqfProb": 0.0, "LndPGD": 0.0, "LndProb": 0.0, "SufFltRuptPGD": 29.523393630981445, "SurfFltRuptProb": 0.5, "PDsNone": 0.9929, "PDsSlight": 0.0048, "PDsModerate": 0.0013, "PDsExtensive": 0.0007, "PDsComplete": 0.0, "PDsExceedSlight": 0.007, "PDsExceedModerate": 0.0021, "PDsExceedExtensive": 0.0008, "FunctDay1": 99.6, "FunctDay3": 99.8, "FunctDay7": 99.8, "FunctDay14": 99.9, "FunctDay30": 99.9, "FunctDay90": 99.9, "EconLoss": 1312.9110107421875, "Name": "'BRUSHY CREEK'", "City": "null", "State": "null" }, "geometry": { "type": "Point", "coordinates": [ -121.655531, 37.819703 ] } },
{ "type": "Feature", "properties": { "FacilityType": "HighwayBridge", "FacilityId": "CA007266", "Anchor": "null", "FoundationType": "null", "eqBldgType": "null", "DesignLevel": "null", "SoilType": "D", "LqfSusCat": 0, "LndSusCat": 0, "WaterDepth": 5.0, "Distance": "null", "PGA": 0.20009920001029968, "PGV": 7.2326183319091797, "Sa03": 0.46664437651634216, "Sa10": 0.19327041506767273, "LqfSettlPGD": 0.0, "LqfSprPGD": 0.0, "LqfProb": 0.0, "LndPGD": 0.0, "LndProb": 0.0, "SufFltRuptPGD": 29.523393630981445, "SurfFltRuptProb": 0.5, "PDsNone": 0.9948, "PDsSlight": 0.0, "PDsModerate": 0.0033, "PDsExtensive": 0.0015, "PDsComplete": 0.0003, "PDsExceedSlight": 0.0051, "PDsExceedModerate": 0.0051, "PDsExceedExtensive": 0.0018, "FunctDay1": 99.5, "FunctDay3": 99.6, "FunctDay7": 99.8, "FunctDay14": 99.8, "FunctDay30": 99.8, "FunctDay90": 99.9, "EconLoss": 3368.528564453125, "Name": "'UNIMAN\/FRISK CREEK'", "City": "null", "State": "null" }, "geometry": { "type": "Point", "coordinates": [ -121.647953, 37.851497 ] } },
{ "type": "Feature", "properties": { "FacilityType": "HighwayBridge", "FacilityId": "CA007267", "Anchor": "null", "FoundationType": "null", "eqBldgType": "null", "DesignLevel": "null", "SoilType": "D", "LqfSusCat": 0, "LndSusCat": 0, "WaterDepth": 5.0, "Distance": "null", "PGA": 0.21633027493953705, "PGV": 8.5382785797119141, "Sa03": 0.53441286087036133, "Sa10": 0.24253241717815399, "LqfSettlPGD": 0.0, "LqfSprPGD": 0.0, "LqfProb": 0.0, "LndPGD": 0.0, "LndProb": 0.0, "SufFltRuptPGD": 29.523393630981445, "SurfFltRuptProb": 0.5, "PDsNone": 0.9766, "PDsSlight": 0.0092, "PDsModerate": 0.0078, "PDsExtensive": 0.0051, "PDsComplete": 0.001, "PDsExceedSlight": 0.0233, "PDsExceedModerate": 0.014, "PDsExceedExtensive": 0.0062, "FunctDay1": 98.5, "FunctDay3": 99.0, "FunctDay7": 99.3, "FunctDay14": 99.3, "FunctDay30": 99.4, "FunctDay90": 99.6, "EconLoss": 850.51171875, "Name": "'KELLOGG CREEK'", "City": "null", "State": "null" }, "geometry": { "type": "Point", "coordinates": [ -121.695075, 37.887203 ] } },
{ "type": "Feature", "properties": { "FacilityType": "HighwayBridge", "FacilityId": "CA007268", "Anchor": "null", "FoundationType": "null", "eqBldgType": "null", "DesignLevel": "null", "SoilType": "D", "LqfSusCat": 0, "LndSusCat": 0, "WaterDepth": 5.0, "Distance": "null", "PGA": 0.27899497747421265, "PGV": 9.7650613784790039, "Sa03": 0.62554401159286499, "Sa10": 0.26399409770965576, "LqfSettlPGD": 0.0, "LqfSprPGD": 0.0, "LqfProb": 0.0, "LndPGD": 0.0, "LndProb": 0.0, "SufFltRuptPGD": 29.523393630981445, "SurfFltRuptProb": 0.5, "PDsNone": 0.9676, "PDsSlight": 0.019, "PDsModerate": 0.0074, "PDsExtensive": 0.0048, "PDsComplete": 0.0009, "PDsExceedSlight": 0.0323, "PDsExceedModerate": 0.0132, "PDsExceedExtensive": 0.0058, "FunctDay1": 98.4, "FunctDay3": 99.1, "FunctDay7": 99.3, "FunctDay14": 99.4, "FunctDay30": 99.4, "FunctDay90": 99.7, "EconLoss": 1529.8509521484375, "Name": "'EAST BRANCH ALAMO CREEK'", "City": "null", "State": "null" }, "geometry": { "type": "Point", "coordinates": [ -121.905364, 37.758767 ] } },
{ "type": "Feature", "properties": { "FacilityType": "HighwayBridge", "FacilityId": "CA007269", "Anchor": "null", "FoundationType": "null", "eqBldgType": "null", "DesignLevel": "null", "SoilType": "D", "LqfSusCat": 0, "LndSusCat": 0, "WaterDepth": 5.0, "Distance": "null", "PGA": 0.27899497747421265, "PGV": 9.7650613784790039, "Sa03": 0.62554401159286499, "Sa10": 0.26399409770965576, "LqfSettlPGD": 0.0, "LqfSprPGD": 0.0, "LqfProb": 0.0, "LndPGD": 0.0, "LndProb": 0.0, "SufFltRuptPGD": 29.523393630981445, "SurfFltRuptProb": 0.5, "PDsNone": 0.9676, "PDsSlight": 0.019, "PDsModerate": 0.0074, "PDsExtensive": 0.0048, "PDsComplete": 0.0009, "PDsExceedSlight": 0.0323, "PDsExceedModerate": 0.0132, "PDsExceedExtensive": 0.0058, "FunctDay1": 98.4, "FunctDay3": 99.1, "FunctDay7": 99.3, "FunctDay14": 99.4, "FunctDay30": 99.4, "FunctDay90": 99.7, "EconLoss": 1465.436279296875, "Name": "'EAST BRANCH ALAMO CREEK'", "City": "null", "State": "null" }, "geometry": { "type": "Point", "coordinates": [ -121.9081, 37.759225 ] } },
{ "type": "Feature", "properties": { "FacilityType": "HighwayBridge", "FacilityId": "CA007270", "Anchor": "null", "FoundationType": "null", "eqBldgType": "null", "DesignLevel": "null", "SoilType": "D", "LqfSusCat": 0, "LndSusCat": 0, "WaterDepth": 5.0, "Distance": "null", "PGA": 0.27899497747421265, "PGV": 9.7650613784790039, "Sa03": 0.62554401159286499, "Sa10": 0.26399409770965576, "LqfSettlPGD": 0.0, "LqfSprPGD": 0.0, "LqfProb": 0.0, "LndPGD": 0.0, "LndProb": 0.0, "SufFltRuptPGD": 29.523393630981445, "SurfFltRuptProb": 0.5, "PDsNone": 0.9676, "PDsSlight": 0.0187, "PDsModerate": 0.0075, "PDsExtensive": 0.0049, "PDsComplete": 0.0009, "PDsExceedSlight": 0.0323, "PDsExceedModerate": 0.0135, "PDsExceedExtensive": 0.0059, "FunctDay1": 98.3, "FunctDay3": 99.0, "FunctDay7": 99.3, "FunctDay14": 99.4, "FunctDay30": 99.4, "FunctDay90": 99.7, "EconLoss": 989.55291748046875, "Name": "'EAST BRANCH ALAMO CREEK'", "City": "null", "State": "null" }, "geometry": { "type": "Point", "coordinates": [ -121.892442, 37.762047 ] } },
{ "type": "Feature", "properties": { "FacilityType": "HighwayBridge", "FacilityId": "CA007271", "Anchor": "null", "FoundationType": "null", "eqBldgType": "null", "DesignLevel": "null", "SoilType": "D", "LqfSusCat": 0, "LndSusCat": 0, "WaterDepth": 5.0, "Distance": "null", "PGA": 0.27899497747421265, "PGV": 9.7650613784790039, "Sa03": 0.62554401159286499, "Sa10": 0.26399409770965576, "LqfSettlPGD": 0.0, "LqfSprPGD": 0.0, "LqfProb": 0.0, "LndPGD": 0.0, "LndProb": 0.0, "SufFltRuptPGD": 29.523393630981445, "SurfFltRuptProb": 0.5, "PDsNone": 0.9676, "PDsSlight": 0.019, "PDsModerate": 0.0074, "PDsExtensive": 0.0048, "PDsComplete": 0.0009, "PDsExceedSlight": 0.0323, "PDsExceedModerate": 0.0132, "PDsExceedExtensive": 0.0058, "FunctDay1": 98.4, "FunctDay3": 99.1, "FunctDay7": 99.3, "FunctDay14": 99.4, "FunctDay30": 99.4, "FunctDay90": 99.7, "EconLoss": 1272.192138671875, "Name": "'ALAMO CREEK SOUTH FORK'", "City": "null", "State": "null" }, "geometry": { "type": "Point", "coordinates": [ -121.888717, 37.755358 ] } },
{ "type": "Feature", "properties": { "FacilityType": "HighwayBridge", "FacilityId": "CA007272", "Anchor": "null", "FoundationType": "null", "eqBldgType": "null", "DesignLevel": "null", "SoilType": "D", "LqfSusCat": 0, "LndSusCat": 0, "WaterDepth": 5.0, "Distance": "null", "PGA": 0.27899497747421265, "PGV": 9.7650613784790039, "Sa03": 0.62554401159286499, "Sa10": 0.26399409770965576, "LqfSettlPGD": 0.0, "LqfSprPGD": 0.0, "LqfProb": 0.0, "LndPGD": 0.0, "LndProb": 0.0, "SufFltRuptPGD": 29.523393630981445, "SurfFltRuptProb": 0.5, "PDsNone": 0.9676, "PDsSlight": 0.0136, "PDsModerate": 0.0101, "PDsExtensive": 0.007, "PDsComplete": 0.0015, "PDsExceedSlight": 0.0323, "PDsExceedModerate": 0.0186, "PDsExceedExtensive": 0.0085, "FunctDay1": 98.0, "FunctDay3": 98.7, "FunctDay7": 99.1, "FunctDay14": 99.1, "FunctDay30": 99.2, "FunctDay90": 99.5, "EconLoss": 17442.759765625, "Name": "'MAIN BRANCH ALAMO CREEK'", "City": "null", "State": "null" }, "geometry": { "type": "Point", "coordinates": [ -121.907989, 37.769122 ] } },
{ "type": "Feature", "properties": { "FacilityType": "HighwayBridge", "FacilityId": "CA007273", "Anchor": "null", "FoundationType": "null", "eqBldgType": "null", "DesignLevel": "null", "SoilType": "D", "LqfSusCat": 0, "LndSusCat": 0, "WaterDepth": 5.0, "Distance": "null", "PGA": 0.27899497747421265, "PGV": 9.7650613784790039, "Sa03": 0.62554401159286499, "Sa10": 0.26399409770965576, "LqfSettlPGD": 0.0, "LqfSprPGD": 0.0, "LqfProb": 0.0, "LndPGD": 0.0, "LndProb": 0.0, "SufFltRuptPGD": 29.523393630981445, "SurfFltRuptProb": 0.5, "PDsNone": 0.9676, "PDsSlight": 0.0136, "PDsModerate": 0.0101, "PDsExtensive": 0.007, "PDsComplete": 0.0015, "PDsExceedSlight": 0.0323, "PDsExceedModerate": 0.0186, "PDsExceedExtensive": 0.0085, "FunctDay1": 98.0, "FunctDay3": 98.7, "FunctDay7": 99.1, "FunctDay14": 99.1, "FunctDay30": 99.2, "FunctDay90": 99.5, "EconLoss": 17483.705078125, "Name": "'MAIN BRANCH ALAMO CREEK'", "City": "null", "State": "null" }, "geometry": { "type": "Point", "coordinates": [ -121.908119, 37.768764 ] } },
{ "type": "Feature", "properties": { "FacilityType": "HighwayBridge", "FacilityId": "CA007274", "Anchor": "null", "FoundationType": "null", "eqBldgType": "null", "DesignLevel": "null", "SoilType": "D", "LqfSusCat": 0, "LndSusCat": 0, "WaterDepth": 5.0, "Distance": "null", "PGA": 0.2943108081817627, "PGV": 11.463701248168945, "Sa03": 0.70164155960083008, "Sa10": 0.32814300060272217, "LqfSettlPGD": 0.0, "LqfSprPGD": 0.0, "LqfProb": 0.0, "LndPGD": 0.0, "LndProb": 0.0, "SufFltRuptPGD": 29.523393630981445, "SurfFltRuptProb": 0.5, "PDsNone": 0.9312, "PDsSlight": 0.037, "PDsModerate": 0.0162, "PDsExtensive": 0.0122, "PDsComplete": 0.003, "PDsExceedSlight": 0.0687, "PDsExceedModerate": 0.0316, "PDsExceedExtensive": 0.0153, "FunctDay1": 96.4, "FunctDay3": 97.8, "FunctDay7": 98.4, "FunctDay14": 98.5, "FunctDay30": 98.6, "FunctDay90": 99.2, "EconLoss": 30287.748046875, "Name": "'ALAMO CREEK'", "City": "null", "State": "null" }, "geometry": { "type": "Point", "coordinates": [ -121.903344, 37.775806 ] } },
{ "type": "Feature", "properties": { "FacilityType": "HighwayBridge", "FacilityId": "CA007275", "Anchor": "null", "FoundationType": "null", "eqBldgType": "null", "DesignLevel": "null", "SoilType": "D", "LqfSusCat": 0, "LndSusCat": 0, "WaterDepth": 5.0, "Distance": "null", "PGA": 0.2943108081817627, "PGV": 11.463701248168945, "Sa03": 0.70164155960083008, "Sa10": 0.32814300060272217, "LqfSettlPGD": 0.0, "LqfSprPGD": 0.0, "LqfProb": 0.0, "LndPGD": 0.0, "LndProb": 0.0, "SufFltRuptPGD": 29.523393630981445, "SurfFltRuptProb": 0.5, "PDsNone": 0.9312, "PDsSlight": 0.0349, "PDsModerate": 0.0172, "PDsExtensive": 0.0131, "PDsComplete": 0.0033, "PDsExceedSlight": 0.0687, "PDsExceedModerate": 0.0337, "PDsExceedExtensive": 0.0164, "FunctDay1": 96.2, "FunctDay3": 97.6, "FunctDay7": 98.3, "FunctDay14": 98.4, "FunctDay30": 98.5, "FunctDay90": 99.2, "EconLoss": 18818.8515625, "Name": "'MAIN BRANCH ALAMO CREEK'", "City": "null", "State": "null" }, "geometry": { "type": "Point", "coordinates": [ -121.885219, 37.796803 ] } },
{ "type": "Feature", "properties": { "FacilityType": "HighwayBridge", "FacilityId": "CA007276", "Anchor": "null", "FoundationType": "null", "eqBldgType": "null", "DesignLevel": "null", "SoilType": "D", "LqfSusCat": 0, "LndSusCat": 0, "WaterDepth": 5.0, "Distance": "null", "PGA": 0.31597408652305603, "PGV": 12.950291633605957, "Sa03": 0.75980222225189209, "Sa10": 0.37026152014732361, "LqfSettlPGD": 0.0, "LqfSprPGD": 0.0, "LqfProb": 0.0, "LndPGD": 0.0, "LndProb": 0.0, "SufFltRuptPGD": 29.523393630981445, "SurfFltRuptProb": 0.5, "PDsNone": 0.9004, "PDsSlight": 0.0392, "PDsModerate": 0.0285, "PDsExtensive": 0.0243, "PDsComplete": 0.0074, "PDsExceedSlight": 0.0995, "PDsExceedModerate": 0.0603, "PDsExceedExtensive": 0.0317, "FunctDay1": 93.9, "FunctDay3": 95.7, "FunctDay7": 96.8, "FunctDay14": 97.0, "FunctDay30": 97.1, "FunctDay90": 98.4, "EconLoss": 10137.2255859375, "Name": "'WEST BRANCH ALAMO CREEK'", "City": "null", "State": "null" }, "geometry": { "type": "Point", "coordinates": [ -121.925958, 37.773247 ] } },
{ "type": "Feature", "properties": { "FacilityType": "HighwayBridge", "FacilityId": "CA007277", "Anchor": "null", "FoundationType": "null", "eqBldgType": "null", "DesignLevel": "null", "SoilType": "D", "LqfSusCat": 0, "LndSusCat": 0, "WaterDepth": 5.0, "Distance": "null", "PGA": 0.2943108081817627, "PGV": 11.463701248168945, "Sa03": 0.70164155960083008, "Sa10": 0.32814300060272217, "LqfSettlPGD": 0.0, "LqfSprPGD": 0.0, "LqfProb": 0.0, "LndPGD": 0.0, "LndProb": 0.0, "SufFltRuptPGD": 29.523393630981445, "SurfFltRuptProb": 0.5, "PDsNone": 0.9312, "PDsSlight": 0.037, "PDsModerate": 0.0162, "PDsExtensive": 0.0122, "PDsComplete": 0.003, "PDsExceedSlight": 0.0687, "PDsExceedModerate": 0.0316, "PDsExceedExtensive": 0.0153, "FunctDay1": 96.4, "FunctDay3": 97.8, "FunctDay7": 98.4, "FunctDay14": 98.5, "FunctDay30": 98.6, "FunctDay90": 99.2, "EconLoss": 7524.69775390625, "Name": "'WEST BRANCH ALAMO CREEK'", "City": "null", "State": "null" }, "geometry": { "type": "Point", "coordinates": [ -121.924756, 37.778039 ] } },
{ "type": "Feature", "properties": { "FacilityType": "HighwayBridge", "FacilityId": "CA007278", "Anchor": "null", "FoundationType": "null", "eqBldgType": "null", "DesignLevel": "null", "SoilType": "D", "LqfSusCat": 0, "LndSusCat": 0, "WaterDepth": 5.0, "Distance": "null", "PGA": 0.27899497747421265, "PGV": 9.7650613784790039, "Sa03": 0.62554401159286499, "Sa10": 0.26399409770965576, "LqfSettlPGD": 0.0, "LqfSprPGD": 0.0, "LqfProb": 0.0, "LndPGD": 0.0, "LndProb": 0.0, "SufFltRuptPGD": 29.523393630981445, "SurfFltRuptProb": 0.5, "PDsNone": 0.9676, "PDsSlight": 0.019, "PDsModerate": 0.0074, "PDsExtensive": 0.0048, "PDsComplete": 0.0009, "PDsExceedSlight": 0.0323, "PDsExceedModerate": 0.0132, "PDsExceedExtensive": 0.0058, "FunctDay1": 98.4, "FunctDay3": 99.1, "FunctDay7": 99.3, "FunctDay14": 99.4, "FunctDay30": 99.4, "FunctDay90": 99.7, "EconLoss": 1481.5400390625, "Name": "'E BRANCH PKWY'", "City": "null", "State": "null" }, "geometry": { "type": "Point", "coordinates": [ -121.910117, 37.751642 ] } },
{ "type": "Feature", "properties": { "FacilityType": "HighwayBridge", "FacilityId": "CA007279", "Anchor": "null", "FoundationType": "null", "eqBldgType": "null", "DesignLevel": "null", "SoilType": "D", "LqfSusCat": 0, "LndSusCat": 0, "WaterDepth": 5.0, "Distance": "null", "PGA": 0.27899497747421265, "PGV": 9.7650613784790039, "Sa03": 0.62554401159286499, "Sa10": 0.26399409770965576, "LqfSettlPGD": 0.0, "LqfSprPGD": 0.0, "LqfProb": 0.0, "LndPGD": 0.0, "LndProb": 0.0, "SufFltRuptPGD": 29.523393630981445, "SurfFltRuptProb": 0.5, "PDsNone": 0.9676, "PDsSlight": 0.019, "PDsModerate": 0.0074, "PDsExtensive": 0.0048, "PDsComplete": 0.0009, "PDsExceedSlight": 0.0323, "PDsExceedModerate": 0.0132, "PDsExceedExtensive": 0.0058, "FunctDay1": 98.4, "FunctDay3": 99.1, "FunctDay7": 99.3, "FunctDay14": 99.4, "FunctDay30": 99.4, "FunctDay90": 99.7, "EconLoss": 1610.369384765625, "Name": "'CAMINO TASSAJARA'", "City": "null", "State": "null" }, "geometry": { "type": "Point", "coordinates": [ -121.878264, 37.746867 ] } },
{ "type": "Feature", "properties": { "FacilityType": "HighwayBridge", "FacilityId": "CA007280", "Anchor": "null", "FoundationType": "null", "eqBldgType": "null", "DesignLevel": "null", "SoilType": "D", "LqfSusCat": 0, "LndSusCat": 0, "WaterDepth": 5.0, "Distance": "null", "PGA": 0.2943108081817627, "PGV": 11.463701248168945, "Sa03": 0.70164155960083008, "Sa10": 0.32814300060272217, "LqfSettlPGD": 0.0, "LqfSprPGD": 0.0, "LqfProb": 0.0, "LndPGD": 0.0, "LndProb": 0.0, "SufFltRuptPGD": 29.523393630981445, "SurfFltRuptProb": 0.5, "PDsNone": 0.9312, "PDsSlight": 0.0233, "PDsModerate": 0.0223, "PDsExtensive": 0.018, "PDsComplete": 0.005, "PDsExceedSlight": 0.0687, "PDsExceedModerate": 0.0454, "PDsExceedExtensive": 0.023, "FunctDay1": 95.5, "FunctDay3": 96.8, "FunctDay7": 97.6, "FunctDay14": 97.8, "FunctDay30": 97.9, "FunctDay90": 98.8, "EconLoss": 31327.27734375, "Name": "'SHADOW CREEK'", "City": "null", "State": "null" }, "geometry": { "type": "Point", "coordinates": [ -121.889642, 37.797158 ] } },
{ "type": "Feature", "properties": { "FacilityType": "HighwayBridge", "FacilityId": "CA007281", "Anchor": "null", "FoundationType": "null", "eqBldgType": "null", "DesignLevel": "null", "SoilType": "D", "LqfSusCat": 0, "LndSusCat": 0, "WaterDepth": 5.0, "Distance": "null", "PGA": 0.27899497747421265, "PGV": 9.7650613784790039, "Sa03": 0.62554401159286499, "Sa10": 0.26399409770965576, "LqfSettlPGD": 0.0, "LqfSprPGD": 0.0, "LqfProb": 0.0, "LndPGD": 0.0, "LndProb": 0.0, "SufFltRuptPGD": 29.523393630981445, "SurfFltRuptProb": 0.5, "PDsNone": 0.8564, "PDsSlight": 0.1112, "PDsModerate": 0.0236, "PDsExtensive": 0.0077, "PDsComplete": 0.0009, "PDsExceedSlight": 0.1435, "PDsExceedModerate": 0.0323, "PDsExceedExtensive": 0.0086, "FunctDay1": 94.6, "FunctDay3": 98.1, "FunctDay7": 99.0, "FunctDay14": 99.1, "FunctDay30": 99.2, "FunctDay90": 99.6, "EconLoss": 126320.78125, "Name": "'CAMINO TASSAJARA'", "City": "null", "State": "null" }, "geometry": { "type": "Point", "coordinates": [ -121.875744, 37.749336 ] } },
{ "type": "Feature", "properties": { "FacilityType": "HighwayBridge", "FacilityId": "CA007282", "Anchor": "null", "FoundationType": "null", "eqBldgType": "null", "DesignLevel": "null", "SoilType": "D", "LqfSusCat": 0, "LndSusCat": 0, "WaterDepth": 5.0, "Distance": "null", "PGA": 0.19879564642906189, "PGV": 8.5364665985107422, "Sa03": 0.51979398727416992, "Sa10": 0.25990328192710876, "LqfSettlPGD": 0.0, "LqfSprPGD": 0.0, "LqfProb": 0.0, "LndPGD": 0.0, "LndProb": 0.0, "SufFltRuptPGD": 29.523393630981445, "SurfFltRuptProb": 0.5, "PDsNone": 0.9807, "PDsSlight": 0.0, "PDsModerate": 0.0111, "PDsExtensive": 0.0063, "PDsComplete": 0.0017, "PDsExceedSlight": 0.0192, "PDsExceedModerate": 0.0192, "PDsExceedExtensive": 0.008, "FunctDay1": 98.4, "FunctDay3": 98.7, "FunctDay7": 99.1, "FunctDay14": 99.2, "FunctDay30": 99.2, "FunctDay90": 99.6, "EconLoss": 4308.48681640625, "Name": "'FRISK CREEK'", "City": "null", "State": "null" }, "geometry": { "type": "Point", "coordinates": [ -121.6144, 37.890508 ] } },
{ "type": "Feature", "properties": { "FacilityType": "HighwayBridge", "FacilityId": "CA007283", "Anchor": "null", "FoundationType": "null", "eqBldgType": "null", "DesignLevel": "null", "SoilType": "D", "LqfSusCat": 0, "LndSusCat": 0, "WaterDepth": 5.0, "Distance": "null", "PGA": 0.19879564642906189, "PGV": 8.5364665985107422, "Sa03": 0.51979398727416992, "Sa10": 0.25990328192710876, "LqfSettlPGD": 0.0, "LqfSprPGD": 0.0, "LqfProb": 0.0, "LndPGD": 0.0, "LndProb": 0.0, "SufFltRuptPGD": 29.523393630981445, "SurfFltRuptProb": 0.5, "PDsNone": 0.9776, "PDsSlight": 0.0, "PDsModerate": 0.0127, "PDsExtensive": 0.0074, "PDsComplete": 0.0021, "PDsExceedSlight": 0.0223, "PDsExceedModerate": 0.0223, "PDsExceedExtensive": 0.0096, "FunctDay1": 98.1, "FunctDay3": 98.5, "FunctDay7": 99.0, "FunctDay14": 99.0, "FunctDay30": 99.1, "FunctDay90": 99.5, "EconLoss": 4248.50341796875, "Name": "'KELLOGG CREEK'", "City": "null", "State": "null" }, "geometry": { "type": "Point", "coordinates": [ -121.617831, 37.894381 ] } },
{ "type": "Feature", "properties": { "FacilityType": "HighwayBridge", "FacilityId": "CA007284", "Anchor": "null", "FoundationType": "null", "eqBldgType": "null", "DesignLevel": "null", "SoilType": "D", "LqfSusCat": 0, "LndSusCat": 0, "WaterDepth": 5.0, "Distance": "null", "PGA": 0.24465948343276978, "PGV": 9.4923553466796875, "Sa03": 0.5979543924331665, "Sa10": 0.26503649353981018, "LqfSettlPGD": 0.0, "LqfSprPGD": 0.0, "LqfProb": 0.0, "LndPGD": 0.0, "LndProb": 0.0, "SufFltRuptPGD": 29.523393630981445, "SurfFltRuptProb": 0.5, "PDsNone": 0.9672, "PDsSlight": 0.0193, "PDsModerate": 0.0075, "PDsExtensive": 0.0049, "PDsComplete": 0.0009, "PDsExceedSlight": 0.0327, "PDsExceedModerate": 0.0134, "PDsExceedExtensive": 0.0059, "FunctDay1": 98.4, "FunctDay3": 99.1, "FunctDay7": 99.3, "FunctDay14": 99.4, "FunctDay30": 99.4, "FunctDay90": 99.7, "EconLoss": 7685.90478515625, "Name": "'CONTRA COSTA CANAL'", "City": "null", "State": "null" }, "geometry": { "type": "Point", "coordinates": [ -121.847497, 37.994964 ] } },
{ "type": "Feature", "properties": { "FacilityType": "HighwayBridge", "FacilityId": "CA007285", "Anchor": "null", "FoundationType": "null", "eqBldgType": "null", "DesignLevel": "null", "SoilType": "D", "LqfSusCat": 0, "LndSusCat": 0, "WaterDepth": 5.0, "Distance": "null", "PGA": 0.31597408652305603, "PGV": 12.950291633605957, "Sa03": 0.75980222225189209, "Sa10": 0.37026152014732361, "LqfSettlPGD": 0.0, "LqfSprPGD": 0.0, "LqfProb": 0.0, "LndPGD": 0.0, "LndProb": 0.0, "SufFltRuptPGD": 29.523393630981445, "SurfFltRuptProb": 0.5, "PDsNone": 0.9088, "PDsSlight": 0.0, "PDsModerate": 0.0435, "PDsExtensive": 0.0332, "PDsComplete": 0.0144, "PDsExceedSlight": 0.0911, "PDsExceedModerate": 0.0911, "PDsExceedExtensive": 0.0476, "FunctDay1": 92.2, "FunctDay3": 93.5, "FunctDay7": 95.2, "FunctDay14": 95.5, "FunctDay30": 95.7, "FunctDay90": 97.4, "EconLoss": 426105.28125, "Name": "'WEST BRANCH ALAMO CREEK'", "City": "null", "State": "null" }, "geometry": { "type": "Point", "coordinates": [ -121.926367, 37.770767 ] } },
{ "type": "Feature", "properties": { "FacilityType": "HighwayBridge", "FacilityId": "CA007286", "Anchor": "null", "FoundationType": "null", "eqBldgType": "null", "DesignLevel": "null", "SoilType": "D", "LqfSusCat": 0, "LndSusCat": 0, "WaterDepth": 5.0, "Distance": "null", "PGA": 0.27899497747421265, "PGV": 9.7650613784790039, "Sa03": 0.62554401159286499, "Sa10": 0.26399409770965576, "LqfSettlPGD": 0.0, "LqfSprPGD": 0.0, "LqfProb": 0.0, "LndPGD": 0.0, "LndProb": 0.0, "SufFltRuptPGD": 29.523393630981445, "SurfFltRuptProb": 0.5, "PDsNone": 0.9787, "PDsSlight": 0.0, "PDsModerate": 0.0121, "PDsExtensive": 0.007, "PDsComplete": 0.0019, "PDsExceedSlight": 0.0212, "PDsExceedModerate": 0.0212, "PDsExceedExtensive": 0.009, "FunctDay1": 98.2, "FunctDay3": 98.5, "FunctDay7": 99.0, "FunctDay14": 99.1, "FunctDay30": 99.1, "FunctDay90": 99.5, "EconLoss": 62211.1015625, "Name": "'LOWER M. BRANCH ALAMO CR'", "City": "null", "State": "null" }, "geometry": { "type": "Point", "coordinates": [ -121.916611, 37.748172 ] } },
{ "type": "Feature", "properties": { "FacilityType": "HighwayBridge", "FacilityId": "CA007287", "Anchor": "null", "FoundationType": "null", "eqBldgType": "null", "DesignLevel": "null", "SoilType": "D", "LqfSusCat": 0, "LndSusCat": 0, "WaterDepth": 5.0, "Distance": "null", "PGA": 0.22118863463401794, "PGV": 8.6739597320556641, "Sa03": 0.544208824634552, "Sa10": 0.24509868025779724, "LqfSettlPGD": 0.0, "LqfSprPGD": 0.0, "LqfProb": 0.0, "LndPGD": 0.0, "LndProb": 0.0, "SufFltRuptPGD": 29.523393630981445, "SurfFltRuptProb": 0.5, "PDsNone": 0.9756, "PDsSlight": 0.0133, "PDsModerate": 0.0062, "PDsExtensive": 0.0039, "PDsComplete": 0.0007, "PDsExceedSlight": 0.0243, "PDsExceedModerate": 0.0109, "PDsExceedExtensive": 0.0047, "FunctDay1": 98.7, "FunctDay3": 99.2, "FunctDay7": 99.5, "FunctDay14": 99.5, "FunctDay30": 99.5, "FunctDay90": 99.7, "EconLoss": 8269.296875, "Name": "'SAND CREEK'", "City": "null", "State": "null" }, "geometry": { "type": "Point", "coordinates": [ -121.735269, 37.947422 ] } },
{ "type": "Feature", "properties": { "FacilityType": "HighwayBridge", "FacilityId": "CA007288", "Anchor": "null", "FoundationType": "null", "eqBldgType": "null", "DesignLevel": "null", "SoilType": "D", "LqfSusCat": 0, "LndSusCat": 0, "WaterDepth": 5.0, "Distance": "null", "PGA": 0.20696081221103668, "PGV": 8.1355552673339844, "Sa03": 0.50839072465896606, "Sa10": 0.22994750738143921, "LqfSettlPGD": 0.0, "LqfSprPGD": 0.0, "LqfProb": 0.0, "LndPGD": 0.0, "LndProb": 0.0, "SufFltRuptPGD": 29.523393630981445, "SurfFltRuptProb": 0.5, "PDsNone": 0.9811, "PDsSlight": 0.0066, "PDsModerate": 0.0068, "PDsExtensive": 0.0044, "PDsComplete": 0.0008, "PDsExceedSlight": 0.0188, "PDsExceedModerate": 0.0121, "PDsExceedExtensive": 0.0053, "FunctDay1": 98.8, "FunctDay3": 99.1, "FunctDay7": 99.4, "FunctDay14": 99.4, "FunctDay30": 99.5, "FunctDay90": 99.7, "EconLoss": 6092.041015625, "Name": "'MARSH CREEK'", "City": "null", "State": "null" }, "geometry": { "type": "Point", "coordinates": [ -121.694083, 37.954342 ] } },
{ "type": "Feature", "properties": { "FacilityType": "HighwayBridge", "FacilityId": "CA007289", "Anchor": "null", "FoundationType": "null", "eqBldgType": "null", "DesignLevel": "null", "SoilType": "D", "LqfSusCat": 0, "LndSusCat": 0, "WaterDepth": 5.0, "Distance": "null", "PGA": 0.20696081221103668, "PGV": 8.1355552673339844, "Sa03": 0.50839072465896606, "Sa10": 0.22994750738143921, "LqfSettlPGD": 0.0, "LqfSprPGD": 0.0, "LqfProb": 0.0, "LndPGD": 0.0, "LndProb": 0.0, "SufFltRuptPGD": 29.523393630981445, "SurfFltRuptProb": 0.5, "PDsNone": 0.9811, "PDsSlight": 0.0117, "PDsModerate": 0.0041, "PDsExtensive": 0.0025, "PDsComplete": 0.0004, "PDsExceedSlight": 0.0188, "PDsExceedModerate": 0.0071, "PDsExceedExtensive": 0.0029, "FunctDay1": 99.1, "FunctDay3": 99.5, "FunctDay7": 99.6, "FunctDay14": 99.7, "FunctDay30": 99.7, "FunctDay90": 99.8, "EconLoss": 9857.931640625, "Name": "'MARSH CREEK'", "City": "null", "State": "null" }, "geometry": { "type": "Point", "coordinates": [ -121.7049, 37.944939 ] } },
{ "type": "Feature", "properties": { "FacilityType": "HighwayBridge", "FacilityId": "CA007290", "Anchor": "null", "FoundationType": "null", "eqBldgType": "null", "DesignLevel": "null", "SoilType": "D", "LqfSusCat": 0, "LndSusCat": 0, "WaterDepth": 5.0, "Distance": "null", "PGA": 0.18962785601615906, "PGV": 8.1818008422851563, "Sa03": 0.49769753217697144, "Sa10": 0.24763405323028564, "LqfSettlPGD": 0.0, "LqfSprPGD": 0.0, "LqfProb": 0.0, "LndPGD": 0.0, "LndProb": 0.0, "SufFltRuptPGD": 29.523393630981445, "SurfFltRuptProb": 0.5, "PDsNone": 0.9829, "PDsSlight": 0.0, "PDsModerate": 0.0099, "PDsExtensive": 0.0056, "PDsComplete": 0.0014, "PDsExceedSlight": 0.017, "PDsExceedModerate": 0.017, "PDsExceedExtensive": 0.007, "FunctDay1": 98.6, "FunctDay3": 98.8, "FunctDay7": 99.2, "FunctDay14": 99.3, "FunctDay30": 99.3, "FunctDay90": 99.6, "EconLoss": 12201.5869140625, "Name": "'WERNER DREDGER CUT'", "City": "null", "State": "null" }, "geometry": { "type": "Point", "coordinates": [ -121.610453, 37.939117 ] } },
{ "type": "Feature", "properties": { "FacilityType": "HighwayBridge", "FacilityId": "CA007291", "Anchor": "null", "FoundationType": "null", "eqBldgType": "null", "DesignLevel": "null", "SoilType": "D", "LqfSusCat": 0, "LndSusCat": 0, "WaterDepth": 5.0, "Distance": "null", "PGA": 0.27735394239425659, "PGV": 10.04581356048584, "Sa03": 0.62787985801696777, "Sa10": 0.26528066396713257, "LqfSettlPGD": 0.0, "LqfSprPGD": 0.0, "LqfProb": 0.0, "LndPGD": 0.0, "LndProb": 0.0, "SufFltRuptPGD": 29.523393630981445, "SurfFltRuptProb": 0.5, "PDsNone": 0.9791, "PDsSlight": 0.0, "PDsModerate": 0.0119, "PDsExtensive": 0.0069, "PDsComplete": 0.0019, "PDsExceedSlight": 0.0208, "PDsExceedModerate": 0.0208, "PDsExceedExtensive": 0.0088, "FunctDay1": 98.2, "FunctDay3": 98.6, "FunctDay7": 99.0, "FunctDay14": 99.1, "FunctDay30": 99.2, "FunctDay90": 99.5, "EconLoss": 8646.0068359375, "Name": "'REFUGIO CREEK'", "City": "null", "State": "null" }, "geometry": { "type": "Point", "coordinates": [ -122.277122, 38.017564 ] } },
{ "type": "Feature", "properties": { "FacilityType": "HighwayBridge", "FacilityId": "CA007292", "Anchor": "null", "FoundationType": "null", "eqBldgType": "null", "DesignLevel": "null", "SoilType": "D", "LqfSusCat": 0, "LndSusCat": 0, "WaterDepth": 5.0, "Distance": "null", "PGA": 0.29659819602966309, "PGV": 10.486924171447754, "Sa03": 0.67186164855957031, "Sa10": 0.28059494495391846, "LqfSettlPGD": 0.0, "LqfSprPGD": 0.0, "LqfProb": 0.0, "LndPGD": 0.0, "LndProb": 0.0, "SufFltRuptPGD": 29.523393630981445, "SurfFltRuptProb": 0.5, "PDsNone": 0.9382, "PDsSlight": 0.0, "PDsModerate": 0.0291, "PDsExtensive": 0.0249, "PDsComplete": 0.0076, "PDsExceedSlight": 0.0617, "PDsExceedModerate": 0.0617, "PDsExceedExtensive": 0.0325, "FunctDay1": 94.7, "FunctDay3": 95.6, "FunctDay7": 96.7, "FunctDay14": 96.9, "FunctDay30": 97.1, "FunctDay90": 98.3, "EconLoss": 4930.80029296875, "Name": "'ARROYO DEL HAMBRE'", "City": "null", "State": "null" }, "geometry": { "type": "Point", "coordinates": [ -122.135175, 38.016372 ] } },
{ "type": "Feature", "properties": { "FacilityType": "HighwayBridge", "FacilityId": "CA007293", "Anchor": "null", "FoundationType": "null", "eqBldgType": "null", "DesignLevel": "null", "SoilType": "D", "LqfSusCat": 0, "LndSusCat": 0, "WaterDepth": 5.0, "Distance": "null", "PGA": 0.32494053244590759, "PGV": 14.086722373962402, "Sa03": 0.80031126737594604, "Sa10": 0.42130327224731445, "LqfSettlPGD": 0.0, "LqfSprPGD": 0.0, "LqfProb": 0.0, "LndPGD": 0.0, "LndProb": 0.0, "SufFltRuptPGD": 29.523393630981445, "SurfFltRuptProb": 0.5, "PDsNone": 0.8739, "PDsSlight": 0.0, "PDsModerate": 0.0565, "PDsExtensive": 0.0465, "PDsComplete": 0.0229, "PDsExceedSlight": 0.126, "PDsExceedModerate": 0.126, "PDsExceedExtensive": 0.0694, "FunctDay1": 89.2, "FunctDay3": 90.8, "FunctDay7": 93.0, "FunctDay14": 93.4, "FunctDay30": 93.7, "FunctDay90": 96.2, "EconLoss": 92551.1875, "Name": "'GRAYSON CREEK'", "City": "null", "State": "null" }, "geometry": { "type": "Point", "coordinates": [ -122.066758, 37.971525 ] } },
{ "type": "Feature", "properties": { "FacilityType": "HighwayBridge", "FacilityId": "CA007294", "Anchor": "null", "FoundationType": "null", "eqBldgType": "null", "DesignLevel": "null", "SoilType": "D", "LqfSusCat": 0, "LndSusCat": 0, "WaterDepth": 5.0, "Distance": "null", "PGA": 0.2055048793554306, "PGV": 8.71514892578125, "Sa03": 0.53198921680450439, "Sa10": 0.26307255029678345, "LqfSettlPGD": 0.0, "LqfSprPGD": 0.0, "LqfProb": 0.0, "LndPGD": 0.0, "LndProb": 0.0, "SufFltRuptPGD": 29.523393630981445, "SurfFltRuptProb": 0.5, "PDsNone": 0.9681, "PDsSlight": 0.0182, "PDsModerate": 0.0076, "PDsExtensive": 0.005, "PDsComplete": 0.0009, "PDsExceedSlight": 0.0318, "PDsExceedModerate": 0.0136, "PDsExceedExtensive": 0.006, "FunctDay1": 98.4, "FunctDay3": 99.0, "FunctDay7": 99.3, "FunctDay14": 99.4, "FunctDay30": 99.4, "FunctDay90": 99.7, "EconLoss": 8382.7978515625, "Name": "'MARSH CREEK'", "City": "null", "State": "null" }, "geometry": { "type": "Point", "coordinates": [ -121.693944, 37.986794 ] } },
{ "type": "Feature", "properties": { "FacilityType": "HighwayBridge", "FacilityId": "CA007295", "Anchor": "null", "FoundationType": "null", "eqBldgType": "null", "DesignLevel": "null", "SoilType": "D", "LqfSusCat": 0, "LndSusCat": 0, "WaterDepth": 5.0, "Distance": "null", "PGA": 0.2055048793554306, "PGV": 8.71514892578125, "Sa03": 0.53198921680450439, "Sa10": 0.26307255029678345, "LqfSettlPGD": 0.0, "LqfSprPGD": 0.0, "LqfProb": 0.0, "LndPGD": 0.0, "LndProb": 0.0, "SufFltRuptPGD": 29.523393630981445, "SurfFltRuptProb": 0.5, "PDsNone": 0.9681, "PDsSlight": 0.0152, "PDsModerate": 0.0091, "PDsExtensive": 0.0061, "PDsComplete": 0.0012, "PDsExceedSlight": 0.0318, "PDsExceedModerate": 0.0166, "PDsExceedExtensive": 0.0074, "FunctDay1": 98.2, "FunctDay3": 98.8, "FunctDay7": 99.2, "FunctDay14": 99.2, "FunctDay30": 99.3, "FunctDay90": 99.6, "EconLoss": 6143.69091796875, "Name": "'MARSH CREEK'", "City": "null", "State": "null" }, "geometry": { "type": "Point", "coordinates": [ -121.690133, 37.983322 ] } },
{ "type": "Feature", "properties": { "FacilityType": "HighwayBridge", "FacilityId": "CA007296", "Anchor": "null", "FoundationType": "null", "eqBldgType": "null", "DesignLevel": "null", "SoilType": "D", "LqfSusCat": 0, "LndSusCat": 0, "WaterDepth": 5.0, "Distance": "null", "PGA": 0.21277272701263428, "PGV": 8.3652181625366211, "Sa03": 0.52310192584991455, "Sa10": 0.23649340867996216, "LqfSettlPGD": 0.0, "LqfSprPGD": 0.0, "LqfProb": 0.0, "LndPGD": 0.0, "LndProb": 0.0, "SufFltRuptPGD": 29.523393630981445, "SurfFltRuptProb": 0.5, "PDsNone": 0.987, "PDsSlight": 0.0, "PDsModerate": 0.0077, "PDsExtensive": 0.0041, "PDsComplete": 0.001, "PDsExceedSlight": 0.0129, "PDsExceedModerate": 0.0129, "PDsExceedExtensive": 0.0052, "FunctDay1": 98.9, "FunctDay3": 99.1, "FunctDay7": 99.4, "FunctDay14": 99.5, "FunctDay30": 99.5, "FunctDay90": 99.7, "EconLoss": 43327.79296875, "Name": "'RR\/NEROLY ROAD'", "City": "null", "State": "null" }, "geometry": { "type": "Point", "coordinates": [ -121.741233, 37.9806 ] } },
{ "type": "Feature", "properties": { "FacilityType": "HighwayBridge", "FacilityId": "CA007297", "Anchor": "null", "FoundationType": "null", "eqBldgType": "null", "DesignLevel": "null", "SoilType": "D", "LqfSusCat": 0, "LndSusCat": 0, "WaterDepth": 5.0, "Distance": "null", "PGA": 0.20696081221103668, "PGV": 8.1355552673339844, "Sa03": 0.50839072465896606, "Sa10": 0.22994750738143921, "LqfSettlPGD": 0.0, "LqfSprPGD": 0.0, "LqfProb": 0.0, "LndPGD": 0.0, "LndProb": 0.0, "SufFltRuptPGD": 29.523393630981445, "SurfFltRuptProb": 0.5, "PDsNone": 0.9022, "PDsSlight": 0.0609, "PDsModerate": 0.0266, "PDsExtensive": 0.009, "PDsComplete": 0.0011, "PDsExceedSlight": 0.0977, "PDsExceedModerate": 0.0367, "PDsExceedExtensive": 0.0101, "FunctDay1": 95.5, "FunctDay3": 97.8, "FunctDay7": 98.8, "FunctDay14": 99.0, "FunctDay30": 99.1, "FunctDay90": 99.5, "EconLoss": 20088.001953125, "Name": "'MARSH CREEK'", "City": "null", "State": "null" }, "geometry": { "type": "Point", "coordinates": [ -121.696019, 37.952678 ] } },
{ "type": "Feature", "properties": { "FacilityType": "HighwayBridge", "FacilityId": "CA007298", "Anchor": "null", "FoundationType": "null", "eqBldgType": "null", "DesignLevel": "null", "SoilType": "D", "LqfSusCat": 0, "LndSusCat": 0, "WaterDepth": 5.0, "Distance": "null", "PGA": 0.2055048793554306, "PGV": 8.71514892578125, "Sa03": 0.53198921680450439, "Sa10": 0.26307255029678345, "LqfSettlPGD": 0.0, "LqfSprPGD": 0.0, "LqfProb": 0.0, "LndPGD": 0.0, "LndProb": 0.0, "SufFltRuptPGD": 29.523393630981445, "SurfFltRuptProb": 0.5, "PDsNone": 0.9681, "PDsSlight": 0.0187, "PDsModerate": 0.0073, "PDsExtensive": 0.0048, "PDsComplete": 0.0009, "PDsExceedSlight": 0.0318, "PDsExceedModerate": 0.0131, "PDsExceedExtensive": 0.0057, "FunctDay1": 98.4, "FunctDay3": 99.1, "FunctDay7": 99.4, "FunctDay14": 99.4, "FunctDay30": 99.4, "FunctDay90": 99.7, "EconLoss": 3246.908203125, "Name": "'CONTRA COSTA CANAL'", "City": "null", "State": "null" }, "geometry": { "type": "Point", "coordinates": [ -121.703431, 37.994556 ] } },
{ "type": "Feature", "properties": { "FacilityType": "HighwayBridge", "FacilityId": "CA007299", "Anchor": "null", "FoundationType": "null", "eqBldgType": "null", "DesignLevel": "null", "SoilType": "D", "LqfSusCat": 0, "LndSusCat": 0, "WaterDepth": 5.0, "Distance": "null", "PGA": 0.21633027493953705, "PGV": 8.5382785797119141, "Sa03": 0.53441286087036133, "Sa10": 0.24253241717815399, "LqfSettlPGD": 0.0, "LqfSprPGD": 0.0, "LqfProb": 0.0, "LndPGD": 0.0, "LndProb": 0.0, "SufFltRuptPGD": 29.523393630981445, "SurfFltRuptProb": 0.5, "PDsNone": 0.9766, "PDsSlight": 0.0142, "PDsModerate": 0.0052, "PDsExtensive": 0.0032, "PDsComplete": 0.0005, "PDsExceedSlight": 0.0233, "PDsExceedModerate": 0.0091, "PDsExceedExtensive": 0.0038, "FunctDay1": 98.8, "FunctDay3": 99.3, "FunctDay7": 99.5, "FunctDay14": 99.6, "FunctDay30": 99.6, "FunctDay90": 99.8, "EconLoss": 5929.87060546875, "Name": "'MARSH CREEK'", "City": "null", "State": "null" }, "geometry": { "type": "Point", "coordinates": [ -121.721517, 37.893506 ] } },
{ "type": "Feature", "properties": { "FacilityType": "HighwayBridge", "FacilityId": "CA007300", "Anchor": "null", "FoundationType": "null", "eqBldgType": "null", "DesignLevel": "null", "SoilType": "D", "LqfSusCat": 0, "LndSusCat": 0, "WaterDepth": 5.0, "Distance": "null", "PGA": 0.21633027493953705, "PGV": 8.5382785797119141, "Sa03": 0.53441286087036133, "Sa10": 0.24253241717815399, "LqfSettlPGD": 0.0, "LqfSprPGD": 0.0, "LqfProb": 0.0, "LndPGD": 0.0, "LndProb": 0.0, "SufFltRuptPGD": 29.523393630981445, "SurfFltRuptProb": 0.5, "PDsNone": 0.9766, "PDsSlight": 0.0142, "PDsModerate": 0.0052, "PDsExtensive": 0.0032, "PDsComplete": 0.0005, "PDsExceedSlight": 0.0233, "PDsExceedModerate": 0.0091, "PDsExceedExtensive": 0.0038, "FunctDay1": 98.8, "FunctDay3": 99.3, "FunctDay7": 99.5, "FunctDay14": 99.6, "FunctDay30": 99.6, "FunctDay90": 99.8, "EconLoss": 5929.87060546875, "Name": "'MARSH CREEK'", "City": "null", "State": "null" }, "geometry": { "type": "Point", "coordinates": [ -121.721542, 37.893375 ] } },
{ "type": "Feature", "properties": { "FacilityType": "HighwayBridge", "FacilityId": "CA007301", "Anchor": "null", "FoundationType": "null", "eqBldgType": "null", "DesignLevel": "null", "SoilType": "D", "LqfSusCat": 0, "LndSusCat": 0, "WaterDepth": 5.0, "Distance": "null", "PGA": 0.28216192126274109, "PGV": 10.506894111633301, "Sa03": 0.6519501805305481, "Sa10": 0.28619259595870972, "LqfSettlPGD": 0.0, "LqfSprPGD": 0.0, "LqfProb": 0.0, "LndPGD": 0.0, "LndProb": 0.0, "SufFltRuptPGD": 29.523393630981445, "SurfFltRuptProb": 0.5, "PDsNone": 0.9566, "PDsSlight": 0.0248, "PDsModerate": 0.01, "PDsExtensive": 0.0069, "PDsComplete": 0.0014, "PDsExceedSlight": 0.0433, "PDsExceedModerate": 0.0185, "PDsExceedExtensive": 0.0084, "FunctDay1": 97.8, "FunctDay3": 98.7, "FunctDay7": 99.1, "FunctDay14": 99.1, "FunctDay30": 99.2, "FunctDay90": 99.5, "EconLoss": 9433.916015625, "Name": "'RODEO CREEK'", "City": "null", "State": "null" }, "geometry": { "type": "Point", "coordinates": [ -122.267269, 38.038411 ] } },
{ "type": "Feature", "properties": { "FacilityType": "HighwayBridge", "FacilityId": "CA007302", "Anchor": "null", "FoundationType": "null", "eqBldgType": "null", "DesignLevel": "null", "SoilType": "D", "LqfSusCat": 0, "LndSusCat": 0, "WaterDepth": 5.0, "Distance": "null", "PGA": 0.24639458954334259, "PGV": 8.380436897277832, "Sa03": 0.54738587141036987, "Sa10": 0.21089017391204834, "LqfSettlPGD": 0.0, "LqfSprPGD": 0.0, "LqfProb": 0.0, "LndPGD": 0.0, "LndProb": 0.0, "SufFltRuptPGD": 29.523393630981445, "SurfFltRuptProb": 0.5, "PDsNone": 0.9845, "PDsSlight": 0.0075, "PDsModerate": 0.0045, "PDsExtensive": 0.0027, "PDsComplete": 0.0004, "PDsExceedSlight": 0.0154, "PDsExceedModerate": 0.0078, "PDsExceedExtensive": 0.0032, "FunctDay1": 99.1, "FunctDay3": 99.4, "FunctDay7": 99.6, "FunctDay14": 99.6, "FunctDay30": 99.6, "FunctDay90": 99.8, "EconLoss": 3721.526611328125, "Name": "'MARSH CREEK'", "City": "null", "State": "null" }, "geometry": { "type": "Point", "coordinates": [ -121.8492, 37.8917 ] } },
{ "type": "Feature", "properties": { "FacilityType": "HighwayBridge", "FacilityId": "CA007303", "Anchor": "null", "FoundationType": "null", "eqBldgType": "null", "DesignLevel": "null", "SoilType": "D", "LqfSusCat": 0, "LndSusCat": 0, "WaterDepth": 5.0, "Distance": "null", "PGA": 0.24639458954334259, "PGV": 8.380436897277832, "Sa03": 0.54738587141036987, "Sa10": 0.21089017391204834, "LqfSettlPGD": 0.0, "LqfSprPGD": 0.0, "LqfProb": 0.0, "LndPGD": 0.0, "LndProb": 0.0, "SufFltRuptPGD": 29.523393630981445, "SurfFltRuptProb": 0.5, "PDsNone": 0.9845, "PDsSlight": 0.0106, "PDsModerate": 0.0028, "PDsExtensive": 0.0016, "PDsComplete": 0.0002, "PDsExceedSlight": 0.0154, "PDsExceedModerate": 0.0047, "PDsExceedExtensive": 0.0018, "FunctDay1": 99.3, "FunctDay3": 99.6, "FunctDay7": 99.7, "FunctDay14": 99.8, "FunctDay30": 99.8, "FunctDay90": 99.8, "EconLoss": 620.5888671875, "Name": "'MARSH CREEK'", "City": "null", "State": "null" }, "geometry": { "type": "Point", "coordinates": [ -121.860983, 37.893017 ] } },
{ "type": "Feature", "properties": { "FacilityType": "HighwayBridge", "FacilityId": "CA007304", "Anchor": "null", "FoundationType": "null", "eqBldgType": "null", "DesignLevel": "null", "SoilType": "D", "LqfSusCat": 0, "LndSusCat": 0, "WaterDepth": 5.0, "Distance": "null", "PGA": 0.25617694854736328, "PGV": 8.608607292175293, "Sa03": 0.56298106908798218, "Sa10": 0.21416859328746796, "LqfSettlPGD": 0.0, "LqfSprPGD": 0.0, "LqfProb": 0.0, "LndPGD": 0.0, "LndProb": 0.0, "SufFltRuptPGD": 29.523393630981445, "SurfFltRuptProb": 0.5, "PDsNone": 0.9826, "PDsSlight": 0.0111, "PDsModerate": 0.0036, "PDsExtensive": 0.0021, "PDsComplete": 0.0003, "PDsExceedSlight": 0.0173, "PDsExceedModerate": 0.0061, "PDsExceedExtensive": 0.0024, "FunctDay1": 99.2, "FunctDay3": 99.5, "FunctDay7": 99.7, "FunctDay14": 99.7, "FunctDay30": 99.7, "FunctDay90": 99.8, "EconLoss": 1458.30322265625, "Name": "'CONTRA COSTA CANAL'", "City": "null", "State": "null" }, "geometry": { "type": "Point", "coordinates": [ -121.950978, 38.020947 ] } },
{ "type": "Feature", "properties": { "FacilityType": "HighwayBridge", "FacilityId": "CA007305", "Anchor": "null", "FoundationType": "null", "eqBldgType": "null", "DesignLevel": "null", "SoilType": "D", "LqfSusCat": 0, "LndSusCat": 0, "WaterDepth": 5.0, "Distance": "null", "PGA": 0.32494053244590759, "PGV": 14.086722373962402, "Sa03": 0.80031126737594604, "Sa10": 0.42130327224731445, "LqfSettlPGD": 0.0, "LqfSprPGD": 0.0, "LqfProb": 0.0, "LndPGD": 0.0, "LndProb": 0.0, "SufFltRuptPGD": 29.523393630981445, "SurfFltRuptProb": 0.5, "PDsNone": 0.8574, "PDsSlight": 0.0394, "PDsModerate": 0.0446, "PDsExtensive": 0.0426, "PDsComplete": 0.0158, "PDsExceedSlight": 0.1425, "PDsExceedModerate": 0.1031, "PDsExceedExtensive": 0.0584, "FunctDay1": 90.1, "FunctDay3": 92.4, "FunctDay7": 94.1, "FunctDay14": 94.4, "FunctDay30": 94.7, "FunctDay90": 97.0, "EconLoss": 17390.513671875, "Name": "'SDM CHANNEL'", "City": "null", "State": "null" }, "geometry": { "type": "Point", "coordinates": [ -122.033492, 37.943114 ] } },
{ "type": "Feature", "properties": { "FacilityType": "HighwayBridge", "FacilityId": "CA007306", "Anchor": "null", "FoundationType": "null", "eqBldgType": "null", "DesignLevel": "null", "SoilType": "D", "LqfSusCat": 0, "LndSusCat": 0, "WaterDepth": 5.0, "Distance": "null", "PGA": 0.30504786968231201, "PGV": 12.021832466125488, "Sa03": 0.72809457778930664, "Sa10": 0.32921820878982544, "LqfSettlPGD": 0.0, "LqfSprPGD": 0.0, "LqfProb": 0.0, "LndPGD": 0.0, "LndProb": 0.0, "SufFltRuptPGD": 29.523393630981445, "SurfFltRuptProb": 0.5, "PDsNone": 0.9305, "PDsSlight": 0.0365, "PDsModerate": 0.0168, "PDsExtensive": 0.0128, "PDsComplete": 0.0032, "PDsExceedSlight": 0.0694, "PDsExceedModerate": 0.0329, "PDsExceedExtensive": 0.016, "FunctDay1": 96.3, "FunctDay3": 97.7, "FunctDay7": 98.3, "FunctDay14": 98.4, "FunctDay30": 98.5, "FunctDay90": 99.2, "EconLoss": 3388.581787109375, "Name": "'HOLBROOK CHANNEL'", "City": "null", "State": "null" }, "geometry": { "type": "Point", "coordinates": [ -122.031444, 37.993231 ] } },
{ "type": "Feature", "properties": { "FacilityType": "HighwayBridge", "FacilityId": "CA007307", "Anchor": "null", "FoundationType": "null", "eqBldgType": "null", "DesignLevel": "null", "SoilType": "D", "LqfSusCat": 0, "LndSusCat": 0, "WaterDepth": 5.0, "Distance": "null", "PGA": 0.24465948343276978, "PGV": 9.4923553466796875, "Sa03": 0.5979543924331665, "Sa10": 0.26503649353981018, "LqfSettlPGD": 0.0, "LqfSprPGD": 0.0, "LqfProb": 0.0, "LndPGD": 0.0, "LndProb": 0.0, "SufFltRuptPGD": 29.523393630981445, "SurfFltRuptProb": 0.5, "PDsNone": 0.9672, "PDsSlight": 0.0167, "PDsModerate": 0.0088, "PDsExtensive": 0.0059, "PDsComplete": 0.0012, "PDsExceedSlight": 0.0327, "PDsExceedModerate": 0.016, "PDsExceedExtensive": 0.0071, "FunctDay1": 98.2, "FunctDay3": 98.9, "FunctDay7": 99.2, "FunctDay14": 99.3, "FunctDay30": 99.3, "FunctDay90": 99.6, "EconLoss": 5702.8310546875, "Name": "'CONTRA COSTA CANAL'", "City": "null", "State": "null" }, "geometry": { "type": "Point", "coordinates": [ -121.8738, 38.000172 ] } },
{ "type": "Feature", "properties": { "FacilityType": "HighwayBridge", "FacilityId": "CA007308", "Anchor": "null", "FoundationType": "null", "eqBldgType": "null", "DesignLevel": "null", "SoilType": "D", "LqfSusCat": 0, "LndSusCat": 0, "WaterDepth": 5.0, "Distance": "null", "PGA": 0.24465948343276978, "PGV": 9.4923553466796875, "Sa03": 0.5979543924331665, "Sa10": 0.26503649353981018, "LqfSettlPGD": 0.0, "LqfSprPGD": 0.0, "LqfProb": 0.0, "LndPGD": 0.0, "LndProb": 0.0, "SufFltRuptPGD": 29.523393630981445, "SurfFltRuptProb": 0.5, "PDsNone": 0.9672, "PDsSlight": 0.0181, "PDsModerate": 0.0081, "PDsExtensive": 0.0054, "PDsComplete": 0.001, "PDsExceedSlight": 0.0327, "PDsExceedModerate": 0.0146, "PDsExceedExtensive": 0.0064, "FunctDay1": 98.3, "FunctDay3": 99.0, "FunctDay7": 99.3, "FunctDay14": 99.3, "FunctDay30": 99.4, "FunctDay90": 99.6, "EconLoss": 3044.199951171875, "Name": "'CONTRA COSTA CANAL'", "City": "null", "State": "null" }, "geometry": { "type": "Point", "coordinates": [ -121.850775, 37.997944 ] } },
{ "type": "Feature", "properties": { "FacilityType": "HighwayBridge", "FacilityId": "CA007309", "Anchor": "null", "FoundationType": "null", "eqBldgType": "null", "DesignLevel": "null", "SoilType": "D", "LqfSusCat": 0, "LndSusCat": 0, "WaterDepth": 5.0, "Distance": "null", "PGA": 0.22777557373046875, "PGV": 8.8810701370239258, "Sa03": 0.55822324752807617, "Sa10": 0.24961048364639282, "LqfSettlPGD": 0.0, "LqfSprPGD": 0.0, "LqfProb": 0.0, "LndPGD": 0.0, "LndProb": 0.0, "SufFltRuptPGD": 29.523393630981445, "SurfFltRuptProb": 0.5, "PDsNone": 0.9738, "PDsSlight": 0.0153, "PDsModerate": 0.0061, "PDsExtensive": 0.0039, "PDsComplete": 0.0007, "PDsExceedSlight": 0.0261, "PDsExceedModerate": 0.0107, "PDsExceedExtensive": 0.0046, "FunctDay1": 98.7, "FunctDay3": 99.2, "FunctDay7": 99.5, "FunctDay14": 99.5, "FunctDay30": 99.5, "FunctDay90": 99.7, "EconLoss": 1141.51708984375, "Name": "'WEST ANTIOCH CREEK'", "City": "null", "State": "null" }, "geometry": { "type": "Point", "coordinates": [ -121.817944, 37.994031 ] } },
{ "type": "Feature", "properties": { "FacilityType": "HighwayBridge", "FacilityId": "CA007310", "Anchor": "null", "FoundationType": "null", "eqBldgType": "null", "DesignLevel": "null", "SoilType": "D", "LqfSusCat": 0, "LndSusCat": 0, "WaterDepth": 5.0, "Distance": "null", "PGA": 0.22777557373046875, "PGV": 8.8810701370239258, "Sa03": 0.55822324752807617, "Sa10": 0.24961048364639282, "LqfSettlPGD": 0.0, "LqfSprPGD": 0.0, "LqfProb": 0.0, "LndPGD": 0.0, "LndProb": 0.0, "SufFltRuptPGD": 29.523393630981445, "SurfFltRuptProb": 0.5, "PDsNone": 0.928, "PDsSlight": 0.0544, "PDsModerate": 0.0102, "PDsExtensive": 0.0057, "PDsComplete": 0.0015, "PDsExceedSlight": 0.0719, "PDsExceedModerate": 0.0174, "PDsExceedExtensive": 0.0072, "FunctDay1": 97.1, "FunctDay3": 98.8, "FunctDay7": 99.2, "FunctDay14": 99.3, "FunctDay30": 99.3, "FunctDay90": 99.6, "EconLoss": 16039.21484375, "Name": "'UP RR'", "City": "null", "State": "null" }, "geometry": { "type": "Point", "coordinates": [ -121.815064, 38.003328 ] } },
{ "type": "Feature", "properties": { "FacilityType": "HighwayBridge", "FacilityId": "CA007311", "Anchor": "null", "FoundationType": "null", "eqBldgType": "null", "DesignLevel": "null", "SoilType": "D", "LqfSusCat": 0, "LndSusCat": 0, "WaterDepth": 5.0, "Distance": "null", "PGA": 0.22777557373046875, "PGV": 8.8810701370239258, "Sa03": 0.55822324752807617, "Sa10": 0.24961048364639282, "LqfSettlPGD": 0.0, "LqfSprPGD": 0.0, "LqfProb": 0.0, "LndPGD": 0.0, "LndProb": 0.0, "SufFltRuptPGD": 29.523393630981445, "SurfFltRuptProb": 0.5, "PDsNone": 0.9738, "PDsSlight": 0.0157, "PDsModerate": 0.0059, "PDsExtensive": 0.0037, "PDsComplete": 0.0006, "PDsExceedSlight": 0.0261, "PDsExceedModerate": 0.0103, "PDsExceedExtensive": 0.0044, "FunctDay1": 98.7, "FunctDay3": 99.3, "FunctDay7": 99.5, "FunctDay14": 99.5, "FunctDay30": 99.5, "FunctDay90": 99.7, "EconLoss": 1969.9852294921875, "Name": "'E ANTIOCH CR'", "City": "null", "State": "null" }, "geometry": { "type": "Point", "coordinates": [ -121.796522, 38.010447 ] } },
{ "type": "Feature", "properties": { "FacilityType": "HighwayBridge", "FacilityId": "CA007312", "Anchor": "null", "FoundationType": "null", "eqBldgType": "null", "DesignLevel": "null", "SoilType": "D", "LqfSusCat": 0, "LndSusCat": 0, "WaterDepth": 5.0, "Distance": "null", "PGA": 0.22777557373046875, "PGV": 8.8810701370239258, "Sa03": 0.55822324752807617, "Sa10": 0.24961048364639282, "LqfSettlPGD": 0.0, "LqfSprPGD": 0.0, "LqfProb": 0.0, "LndPGD": 0.0, "LndProb": 0.0, "SufFltRuptPGD": 29.523393630981445, "SurfFltRuptProb": 0.5, "PDsNone": 0.9738, "PDsSlight": 0.0157, "PDsModerate": 0.0059, "PDsExtensive": 0.0037, "PDsComplete": 0.0006, "PDsExceedSlight": 0.0261, "PDsExceedModerate": 0.0103, "PDsExceedExtensive": 0.0044, "FunctDay1": 98.7, "FunctDay3": 99.3, "FunctDay7": 99.5, "FunctDay14": 99.5, "FunctDay30": 99.5, "FunctDay90": 99.7, "EconLoss": 1047.236083984375, "Name": "'GILLIPPI GULCH'", "City": "null", "State": "null" }, "geometry": { "type": "Point", "coordinates": [ -121.7878, 38.006386 ] } },
{ "type": "Feature", "properties": { "FacilityType": "HighwayBridge", "FacilityId": "CA007313", "Anchor": "null", "FoundationType": "null", "eqBldgType": "null", "DesignLevel": "null", "SoilType": "D", "LqfSusCat": 0, "LndSusCat": 0, "WaterDepth": 5.0, "Distance": "null", "PGA": 0.28633642196655273, "PGV": 12.898520469665527, "Sa03": 0.71656978130340576, "Sa10": 0.36990472674369812, "LqfSettlPGD": 0.0, "LqfSprPGD": 0.0, "LqfProb": 0.0, "LndPGD": 0.0, "LndProb": 0.0, "SufFltRuptPGD": 29.523393630981445, "SurfFltRuptProb": 0.5, "PDsNone": 0.3635, "PDsSlight": 0.221, "PDsModerate": 0.113, "PDsExtensive": 0.186, "PDsComplete": 0.1164, "PDsExceedSlight": 0.6364, "PDsExceedModerate": 0.4154, "PDsExceedExtensive": 0.3024, "FunctDay1": 57.0, "FunctDay3": 65.9, "FunctDay7": 70.4, "FunctDay14": 71.4, "FunctDay30": 72.7, "FunctDay90": 82.8, "EconLoss": 2240252.5, "Name": "'UP RR BNSF AMTRAK BARTD'", "City": "null", "State": "null" }, "geometry": { "type": "Point", "coordinates": [ -122.358964, 37.942908 ] } },
{ "type": "Feature", "properties": { "FacilityType": "HighwayBridge", "FacilityId": "CA007314", "Anchor": "null", "FoundationType": "null", "eqBldgType": "null", "DesignLevel": "null", "SoilType": "D", "LqfSusCat": 0, "LndSusCat": 0, "WaterDepth": 5.0, "Distance": "null", "PGA": 0.28633642196655273, "PGV": 12.898520469665527, "Sa03": 0.71656978130340576, "Sa10": 0.36990472674369812, "LqfSettlPGD": 0.0, "LqfSprPGD": 0.0, "LqfProb": 0.0, "LndPGD": 0.0, "LndProb": 0.0, "SufFltRuptPGD": 29.523393630981445, "SurfFltRuptProb": 0.5, "PDsNone": 0.9007, "PDsSlight": 0.0382, "PDsModerate": 0.0288, "PDsExtensive": 0.0246, "PDsComplete": 0.0075, "PDsExceedSlight": 0.0992, "PDsExceedModerate": 0.061, "PDsExceedExtensive": 0.0321, "FunctDay1": 93.8, "FunctDay3": 95.6, "FunctDay7": 96.7, "FunctDay14": 96.9, "FunctDay30": 97.1, "FunctDay90": 98.4, "EconLoss": 12233.173828125, "Name": "'WILDCAT CREEK'", "City": "null", "State": "null" }, "geometry": { "type": "Point", "coordinates": [ -122.338333, 37.953186 ] } },
{ "type": "Feature", "properties": { "FacilityType": "HighwayBridge", "FacilityId": "CA007315", "Anchor": "null", "FoundationType": "null", "eqBldgType": "null", "DesignLevel": "null", "SoilType": "D", "LqfSusCat": 0, "LndSusCat": 0, "WaterDepth": 5.0, "Distance": "null", "PGA": 0.28633642196655273, "PGV": 12.898520469665527, "Sa03": 0.71656978130340576, "Sa10": 0.36990472674369812, "LqfSettlPGD": 0.0, "LqfSprPGD": 0.0, "LqfProb": 0.0, "LndPGD": 0.0, "LndProb": 0.0, "SufFltRuptPGD": 29.523393630981445, "SurfFltRuptProb": 0.5, "PDsNone": 0.9007, "PDsSlight": 0.0451, "PDsModerate": 0.026, "PDsExtensive": 0.0217, "PDsComplete": 0.0063, "PDsExceedSlight": 0.0992, "PDsExceedModerate": 0.0541, "PDsExceedExtensive": 0.028, "FunctDay1": 94.2, "FunctDay3": 96.1, "FunctDay7": 97.1, "FunctDay14": 97.3, "FunctDay30": 97.5, "FunctDay90": 98.6, "EconLoss": 11886.767578125, "Name": "'WILDCAT CREEK'", "City": "null", "State": "null" }, "geometry": { "type": "Point", "coordinates": [ -122.340767, 37.95795 ] } },
{ "type": "Feature", "properties": { "FacilityType": "HighwayBridge", "FacilityId": "CA007316", "Anchor": "null", "FoundationType": "null", "eqBldgType": "null", "DesignLevel": "null", "SoilType": "D", "LqfSusCat": 0, "LndSusCat": 0, "WaterDepth": 5.0, "Distance": "null", "PGA": 0.28633642196655273, "PGV": 12.898520469665527, "Sa03": 0.71656978130340576, "Sa10": 0.36990472674369812, "LqfSettlPGD": 0.0, "LqfSprPGD": 0.0, "LqfProb": 0.0, "LndPGD": 0.0, "LndProb": 0.0, "SufFltRuptPGD": 29.523393630981445, "SurfFltRuptProb": 0.5, "PDsNone": 0.3635, "PDsSlight": 0.3287, "PDsModerate": 0.0976, "PDsExtensive": 0.1408, "PDsComplete": 0.0691, "PDsExceedSlight": 0.6364, "PDsExceedModerate": 0.3077, "PDsExceedExtensive": 0.21, "FunctDay1": 64.4, "FunctDay3": 75.5, "FunctDay7": 79.4, "FunctDay14": 80.1, "FunctDay30": 81.2, "FunctDay90": 88.6, "EconLoss": 198425.671875, "Name": "'SAN PABLO CREEK'", "City": "null", "State": "null" }, "geometry": { "type": "Point", "coordinates": [ -122.336367, 37.961986 ] } },
{ "type": "Feature", "properties": { "FacilityType": "HighwayBridge", "FacilityId": "CA007317", "Anchor": "null", "FoundationType": "null", "eqBldgType": "null", "DesignLevel": "null", "SoilType": "D", "LqfSusCat": 0, "LndSusCat": 0, "WaterDepth": 5.0, "Distance": "null", "PGA": 0.28633642196655273, "PGV": 12.898520469665527, "Sa03": 0.71656978130340576, "Sa10": 0.36990472674369812, "LqfSettlPGD": 0.0, "LqfSprPGD": 0.0, "LqfProb": 0.0, "LndPGD": 0.0, "LndProb": 0.0, "SufFltRuptPGD": 29.523393630981445, "SurfFltRuptProb": 0.5, "PDsNone": 0.9007, "PDsSlight": 0.0417, "PDsModerate": 0.0274, "PDsExtensive": 0.0231, "PDsComplete": 0.0069, "PDsExceedSlight": 0.0992, "PDsExceedModerate": 0.0575, "PDsExceedExtensive": 0.03, "FunctDay1": 94.0, "FunctDay3": 95.9, "FunctDay7": 96.9, "FunctDay14": 97.1, "FunctDay30": 97.3, "FunctDay90": 98.5, "EconLoss": 13368.9462890625, "Name": "'WILDCAT CREEK'", "City": "null", "State": "null" }, "geometry": { "type": "Point", "coordinates": [ -122.355767, 37.961875 ] } },
{ "type": "Feature", "properties": { "FacilityType": "HighwayBridge", "FacilityId": "CA007318", "Anchor": "null", "FoundationType": "null", "eqBldgType": "null", "DesignLevel": "null", "SoilType": "D", "LqfSusCat": 0, "LndSusCat": 0, "WaterDepth": 5.0, "Distance": "null", "PGA": 0.28633642196655273, "PGV": 12.898520469665527, "Sa03": 0.71656978130340576, "Sa10": 0.36990472674369812, "LqfSettlPGD": 0.0, "LqfSprPGD": 0.0, "LqfProb": 0.0, "LndPGD": 0.0, "LndProb": 0.0, "SufFltRuptPGD": 29.523393630981445, "SurfFltRuptProb": 0.5, "PDsNone": 0.9007, "PDsSlight": 0.0462, "PDsModerate": 0.0256, "PDsExtensive": 0.0212, "PDsComplete": 0.0062, "PDsExceedSlight": 0.0992, "PDsExceedModerate": 0.053, "PDsExceedExtensive": 0.0274, "FunctDay1": 94.3, "FunctDay3": 96.2, "FunctDay7": 97.2, "FunctDay14": 97.4, "FunctDay30": 97.5, "FunctDay90": 98.6, "EconLoss": 34652.60546875, "Name": "'SAN PABLO CREEK'", "City": "null", "State": "null" }, "geometry": { "type": "Point", "coordinates": [ -122.356342, 37.966578 ] } },
{ "type": "Feature", "properties": { "FacilityType": "HighwayBridge", "FacilityId": "CA007319", "Anchor": "null", "FoundationType": "null", "eqBldgType": "null", "DesignLevel": "null", "SoilType": "D", "LqfSusCat": 0, "LndSusCat": 0, "WaterDepth": 5.0, "Distance": "null", "PGA": 0.26603028178215027, "PGV": 9.6765861511230469, "Sa03": 0.59830844402313232, "Sa10": 0.26067140698432922, "LqfSettlPGD": 0.0, "LqfSprPGD": 0.0, "LqfProb": 0.0, "LndPGD": 0.0, "LndProb": 0.0, "SufFltRuptPGD": 29.523393630981445, "SurfFltRuptProb": 0.5, "PDsNone": 0.9691, "PDsSlight": 0.0156, "PDsModerate": 0.0084, "PDsExtensive": 0.0056, "PDsComplete": 0.0011, "PDsExceedSlight": 0.0308, "PDsExceedModerate": 0.0151, "PDsExceedExtensive": 0.0067, "FunctDay1": 98.3, "FunctDay3": 98.9, "FunctDay7": 99.3, "FunctDay14": 99.3, "FunctDay30": 99.3, "FunctDay90": 99.6, "EconLoss": 1525.033935546875, "Name": "'RHEAM CREEK'", "City": "null", "State": "null" }, "geometry": { "type": "Point", "coordinates": [ -122.353486, 37.977175 ] } },
{ "type": "Feature", "properties": { "FacilityType": "HighwayBridge", "FacilityId": "CA007320", "Anchor": "null", "FoundationType": "null", "eqBldgType": "null", "DesignLevel": "null", "SoilType": "D", "LqfSusCat": 0, "LndSusCat": 0, "WaterDepth": 5.0, "Distance": "null", "PGA": 0.28016680479049683, "PGV": 10.005664825439453, "Sa03": 0.62862586975097656, "Sa10": 0.27086547017097473, "LqfSettlPGD": 0.0, "LqfSprPGD": 0.0, "LqfProb": 0.0, "LndPGD": 0.0, "LndProb": 0.0, "SufFltRuptPGD": 29.523393630981445, "SurfFltRuptProb": 0.5, "PDsNone": 0.9551, "PDsSlight": 0.0, "PDsModerate": 0.0, "PDsExtensive": 0.035, "PDsComplete": 0.0097, "PDsExceedSlight": 0.0448, "PDsExceedModerate": 0.0448, "PDsExceedExtensive": 0.0448, "FunctDay1": 95.6, "FunctDay3": 95.6, "FunctDay7": 95.7, "FunctDay14": 95.7, "FunctDay30": 96.0, "FunctDay90": 97.8, "EconLoss": 69199.671875, "Name": "'SAN PABLO CREEK'", "City": "null", "State": "null" }, "geometry": { "type": "Point", "coordinates": [ -122.309289, 37.966411 ] } },
{ "type": "Feature", "properties": { "FacilityType": "HighwayBridge", "FacilityId": "CA007321", "Anchor": "null", "FoundationType": "null", "eqBldgType": "null", "DesignLevel": "null", "SoilType": "D", "LqfSusCat": 0, "LndSusCat": 0, "WaterDepth": 5.0, "Distance": "null", "PGA": 0.30203935503959656, "PGV": 10.406497955322266, "Sa03": 0.66494113206863403, "Sa10": 0.27777394652366638, "LqfSettlPGD": 0.0, "LqfSprPGD": 0.0, "LqfProb": 0.0, "LndPGD": 0.0, "LndProb": 0.0, "SufFltRuptPGD": 29.523393630981445, "SurfFltRuptProb": 0.5, "PDsNone": 0.551, "PDsSlight": 0.2853, "PDsModerate": 0.0639, "PDsExtensive": 0.0746, "PDsComplete": 0.025, "PDsExceedSlight": 0.4489, "PDsExceedModerate": 0.1636, "PDsExceedExtensive": 0.0996, "FunctDay1": 78.6, "FunctDay3": 87.6, "FunctDay7": 90.1, "FunctDay14": 90.6, "FunctDay30": 91.1, "FunctDay90": 95.0, "EconLoss": 51153.84765625, "Name": "'SAN PABLO CREEK'", "City": "null", "State": "null" }, "geometry": { "type": "Point", "coordinates": [ -122.194311, 37.889181 ] } },
{ "type": "Feature", "properties": { "FacilityType": "HighwayBridge", "FacilityId": "CA007322", "Anchor": "null", "FoundationType": "null", "eqBldgType": "null", "DesignLevel": "null", "SoilType": "D", "LqfSusCat": 0, "LndSusCat": 0, "WaterDepth": 5.0, "Distance": "null", "PGA": 0.30203935503959656, "PGV": 10.406497955322266, "Sa03": 0.66494113206863403, "Sa10": 0.27777394652366638, "LqfSettlPGD": 0.0, "LqfSprPGD": 0.0, "LqfProb": 0.0, "LndPGD": 0.0, "LndProb": 0.0, "SufFltRuptPGD": 29.523393630981445, "SurfFltRuptProb": 0.5, "PDsNone": 0.551, "PDsSlight": 0.2722, "PDsModerate": 0.0677, "PDsExtensive": 0.0808, "PDsComplete": 0.0282, "PDsExceedSlight": 0.4489, "PDsExceedModerate": 0.1767, "PDsExceedExtensive": 0.109, "FunctDay1": 77.7, "FunctDay3": 86.6, "FunctDay7": 89.2, "FunctDay14": 89.7, "FunctDay30": 90.3, "FunctDay90": 94.5, "EconLoss": 104673.2890625, "Name": "'SAN PABLO CREEK'", "City": "null", "State": "null" }, "geometry": { "type": "Point", "coordinates": [ -122.207086, 37.901394 ] } },
{ "type": "Feature", "properties": { "FacilityType": "HighwayBridge", "FacilityId": "CA007323", "Anchor": "null", "FoundationType": "null", "eqBldgType": "null", "DesignLevel": "null", "SoilType": "D", "LqfSusCat": 0, "LndSusCat": 0, "WaterDepth": 5.0, "Distance": "null", "PGA": 0.32553109526634216, "PGV": 12.258646011352539, "Sa03": 0.75154876708984375, "Sa10": 0.33662161231040955, "LqfSettlPGD": 0.0, "LqfSprPGD": 0.0, "LqfProb": 0.0, "LndPGD": 0.0, "LndProb": 0.0, "SufFltRuptPGD": 29.523393630981445, "SurfFltRuptProb": 0.5, "PDsNone": 0.909, "PDsSlight": 0.0, "PDsModerate": 0.0, "PDsExtensive": 0.0666, "PDsComplete": 0.0242, "PDsExceedSlight": 0.0909, "PDsExceedModerate": 0.0909, "PDsExceedExtensive": 0.0909, "FunctDay1": 91.2, "FunctDay3": 91.2, "FunctDay7": 91.3, "FunctDay14": 91.4, "FunctDay30": 91.9, "FunctDay90": 95.4, "EconLoss": 51750.05859375, "Name": "'LAS TRAMPAS CREEK'", "City": "null", "State": "null" }, "geometry": { "type": "Point", "coordinates": [ -122.112286, 37.890928 ] } },
{ "type": "Feature", "properties": { "FacilityType": "HighwayBridge", "FacilityId": "CA007324", "Anchor": "null", "FoundationType": "null", "eqBldgType": "null", "DesignLevel": "null", "SoilType": "D", "LqfSusCat": 0, "LndSusCat": 0, "WaterDepth": 5.0, "Distance": "null", "PGA": 0.31597408652305603, "PGV": 12.950291633605957, "Sa03": 0.75980222225189209, "Sa10": 0.37026152014732361, "LqfSettlPGD": 0.0, "LqfSprPGD": 0.0, "LqfProb": 0.0, "LndPGD": 0.0, "LndProb": 0.0, "SufFltRuptPGD": 29.523393630981445, "SurfFltRuptProb": 0.5, "PDsNone": 0.9004, "PDsSlight": 0.0477, "PDsModerate": 0.0251, "PDsExtensive": 0.0207, "PDsComplete": 0.006, "PDsExceedSlight": 0.0995, "PDsExceedModerate": 0.0518, "PDsExceedExtensive": 0.0267, "FunctDay1": 94.4, "FunctDay3": 96.3, "FunctDay7": 97.3, "FunctDay14": 97.4, "FunctDay30": 97.6, "FunctDay90": 98.7, "EconLoss": 12270.822265625, "Name": "'SOUTH SAN RAMON CREEK'", "City": "null", "State": "null" }, "geometry": { "type": "Point", "coordinates": [ -121.928492, 37.731267 ] } },
{ "type": "Feature", "properties": { "FacilityType": "HighwayBridge", "FacilityId": "CA007325", "Anchor": "null", "FoundationType": "null", "eqBldgType": "null", "DesignLevel": "null", "SoilType": "D", "LqfSusCat": 0, "LndSusCat": 0, "WaterDepth": 5.0, "Distance": "null", "PGA": 0.31081861257553101, "PGV": 10.68083381652832, "Sa03": 0.68266290426254272, "Sa10": 0.28262096643447876, "LqfSettlPGD": 0.0, "LqfSprPGD": 0.0, "LqfProb": 0.0, "LndPGD": 0.0, "LndProb": 0.0, "SufFltRuptPGD": 29.523393630981445, "SurfFltRuptProb": 0.5, "PDsNone": 0.9585, "PDsSlight": 0.0232, "PDsModerate": 0.0098, "PDsExtensive": 0.0068, "PDsComplete": 0.0014, "PDsExceedSlight": 0.0414, "PDsExceedModerate": 0.0181, "PDsExceedExtensive": 0.0082, "FunctDay1": 97.8, "FunctDay3": 98.7, "FunctDay7": 99.1, "FunctDay14": 99.2, "FunctDay30": 99.2, "FunctDay90": 99.5, "EconLoss": 3208.76318359375, "Name": "'GREEN VALLEY CREEK'", "City": "null", "State": "null" }, "geometry": { "type": "Point", "coordinates": [ -121.987267, 37.826783 ] } },
{ "type": "Feature", "properties": { "FacilityType": "HighwayBridge", "FacilityId": "CA007326", "Anchor": "null", "FoundationType": "null", "eqBldgType": "null", "DesignLevel": "null", "SoilType": "D", "LqfSusCat": 0, "LndSusCat": 0, "WaterDepth": 5.0, "Distance": "null", "PGA": 0.31081861257553101, "PGV": 10.68083381652832, "Sa03": 0.68266290426254272, "Sa10": 0.28262096643447876, "LqfSettlPGD": 0.0, "LqfSprPGD": 0.0, "LqfProb": 0.0, "LndPGD": 0.0, "LndProb": 0.0, "SufFltRuptPGD": 29.523393630981445, "SurfFltRuptProb": 0.5, "PDsNone": 0.5396, "PDsSlight": 0.2895, "PDsModerate": 0.066, "PDsExtensive": 0.078, "PDsComplete": 0.0267, "PDsExceedSlight": 0.4603, "PDsExceedModerate": 0.1708, "PDsExceedExtensive": 0.1047, "FunctDay1": 77.8, "FunctDay3": 87.0, "FunctDay7": 89.6, "FunctDay14": 90.1, "FunctDay30": 90.7, "FunctDay90": 94.7, "EconLoss": 92426.1328125, "Name": "'SAN RAMON CREEK'", "City": "null", "State": "null" }, "geometry": { "type": "Point", "coordinates": [ -122.003639, 37.82555 ] } },
{ "type": "Feature", "properties": { "FacilityType": "HighwayBridge", "FacilityId": "CA007327", "Anchor": "null", "FoundationType": "null", "eqBldgType": "null", "DesignLevel": "null", "SoilType": "D", "LqfSusCat": 0, "LndSusCat": 0, "WaterDepth": 5.0, "Distance": "null", "PGA": 0.31993374228477478, "PGV": 11.038826942443848, "Sa03": 0.69984692335128784, "Sa10": 0.29034751653671265, "LqfSettlPGD": 0.0, "LqfSprPGD": 0.0, "LqfProb": 0.0, "LndPGD": 0.0, "LndProb": 0.0, "SufFltRuptPGD": 29.523393630981445, "SurfFltRuptProb": 0.5, "PDsNone": 0.9544, "PDsSlight": 0.0126, "PDsModerate": 0.0168, "PDsExtensive": 0.0128, "PDsComplete": 0.0032, "PDsExceedSlight": 0.0455, "PDsExceedModerate": 0.0329, "PDsExceedExtensive": 0.016, "FunctDay1": 96.9, "FunctDay3": 97.7, "FunctDay7": 98.3, "FunctDay14": 98.4, "FunctDay30": 98.5, "FunctDay90": 99.2, "EconLoss": 26315.2734375, "Name": "'SAN RAMON CREEK'", "City": "null", "State": "null" }, "geometry": { "type": "Point", "coordinates": [ -122.036308, 37.86285 ] } },
{ "type": "Feature", "properties": { "FacilityType": "HighwayBridge", "FacilityId": "CA007328", "Anchor": "null", "FoundationType": "null", "eqBldgType": "null", "DesignLevel": "null", "SoilType": "D", "LqfSusCat": 0, "LndSusCat": 0, "WaterDepth": 5.0, "Distance": "null", "PGA": 0.32111510634422302, "PGV": 11.395089149475098, "Sa03": 0.7213207483291626, "Sa10": 0.30600848793983459, "LqfSettlPGD": 0.0, "LqfSprPGD": 0.0, "LqfProb": 0.0, "LndPGD": 0.0, "LndProb": 0.0, "SufFltRuptPGD": 29.523393630981445, "SurfFltRuptProb": 0.5, "PDsNone": 0.9639, "PDsSlight": 0.0, "PDsModerate": 0.0196, "PDsExtensive": 0.0124, "PDsComplete": 0.004, "PDsExceedSlight": 0.036, "PDsExceedModerate": 0.036, "PDsExceedExtensive": 0.0164, "FunctDay1": 97.0, "FunctDay3": 97.5, "FunctDay7": 98.3, "FunctDay14": 98.4, "FunctDay30": 98.5, "FunctDay90": 99.1, "EconLoss": 29250.474609375, "Name": "'SAN RAMON CREEK'", "City": "null", "State": "null" }, "geometry": { "type": "Point", "coordinates": [ -122.057203, 37.893139 ] } },
{ "type": "Feature", "properties": { "FacilityType": "HighwayBridge", "FacilityId": "CA007329", "Anchor": "null", "FoundationType": "null", "eqBldgType": "null", "DesignLevel": "null", "SoilType": "D", "LqfSusCat": 0, "LndSusCat": 0, "WaterDepth": 5.0, "Distance": "null", "PGA": 0.32111510634422302, "PGV": 11.395089149475098, "Sa03": 0.7213207483291626, "Sa10": 0.30600848793983459, "LqfSettlPGD": 0.0, "LqfSprPGD": 0.0, "LqfProb": 0.0, "LndPGD": 0.0, "LndProb": 0.0, "SufFltRuptPGD": 29.523393630981445, "SurfFltRuptProb": 0.5, "PDsNone": 0.9055, "PDsSlight": 0.0, "PDsModerate": 0.0448, "PDsExtensive": 0.0344, "PDsComplete": 0.0151, "PDsExceedSlight": 0.0944, "PDsExceedModerate": 0.0944, "PDsExceedExtensive": 0.0496, "FunctDay1": 92.0, "FunctDay3": 93.2, "FunctDay7": 95.0, "FunctDay14": 95.3, "FunctDay30": 95.5, "FunctDay90": 97.3, "EconLoss": 54526.08203125, "Name": "'LAS TRAMPAS CREEK'", "City": "null", "State": "null" }, "geometry": { "type": "Point", "coordinates": [ -122.068144, 37.892214 ] } },
{ "type": "Feature", "properties": { "FacilityType": "HighwayBridge", "FacilityId": "CA007330", "Anchor": "null", "FoundationType": "null", "eqBldgType": "null", "DesignLevel": "null", "SoilType": "D", "LqfSusCat": 0, "LndSusCat": 0, "WaterDepth": 5.0, "Distance": "null", "PGA": 0.32111510634422302, "PGV": 11.395089149475098, "Sa03": 0.7213207483291626, "Sa10": 0.30600848793983459, "LqfSettlPGD": 0.0, "LqfSprPGD": 0.0, "LqfProb": 0.0, "LndPGD": 0.0, "LndProb": 0.0, "SufFltRuptPGD": 29.523393630981445, "SurfFltRuptProb": 0.5, "PDsNone": 0.9453, "PDsSlight": 0.0303, "PDsModerate": 0.0128, "PDsExtensive": 0.0092, "PDsComplete": 0.0021, "PDsExceedSlight": 0.0546, "PDsExceedModerate": 0.0242, "PDsExceedExtensive": 0.0113, "FunctDay1": 97.2, "FunctDay3": 98.3, "FunctDay7": 98.8, "FunctDay14": 98.9, "FunctDay30": 98.9, "FunctDay90": 99.4, "EconLoss": 7342.55322265625, "Name": "'WALNUT CREEK'", "City": "null", "State": "null" }, "geometry": { "type": "Point", "coordinates": [ -122.054608, 37.917506 ] } },
{ "type": "Feature", "properties": { "FacilityType": "HighwayBridge", "FacilityId": "CA007331", "Anchor": "null", "FoundationType": "null", "eqBldgType": "null", "DesignLevel": "null", "SoilType": "D", "LqfSusCat": 0, "LndSusCat": 0, "WaterDepth": 5.0, "Distance": "null", "PGA": 0.32494053244590759, "PGV": 14.086722373962402, "Sa03": 0.80031126737594604, "Sa10": 0.42130327224731445, "LqfSettlPGD": 0.0, "LqfSprPGD": 0.0, "LqfProb": 0.0, "LndPGD": 0.0, "LndProb": 0.0, "SufFltRuptPGD": 29.523393630981445, "SurfFltRuptProb": 0.5, "PDsNone": 0.8574, "PDsSlight": 0.0493, "PDsModerate": 0.0411, "PDsExtensive": 0.0383, "PDsComplete": 0.0137, "PDsExceedSlight": 0.1425, "PDsExceedModerate": 0.0932, "PDsExceedExtensive": 0.0521, "FunctDay1": 90.7, "FunctDay3": 93.2, "FunctDay7": 94.8, "FunctDay14": 95.0, "FunctDay30": 95.3, "FunctDay90": 97.3, "EconLoss": 73256.15625, "Name": "'WALNUT CREEK'", "City": "null", "State": "null" }, "geometry": { "type": "Point", "coordinates": [ -122.048936, 37.925933 ] } },
{ "type": "Feature", "properties": { "FacilityType": "HighwayBridge", "FacilityId": "CA007332", "Anchor": "null", "FoundationType": "null", "eqBldgType": "null", "DesignLevel": "null", "SoilType": "D", "LqfSusCat": 0, "LndSusCat": 0, "WaterDepth": 5.0, "Distance": "null", "PGA": 0.32494053244590759, "PGV": 14.086722373962402, "Sa03": 0.80031126737594604, "Sa10": 0.42130327224731445, "LqfSettlPGD": 0.0, "LqfSprPGD": 0.0, "LqfProb": 0.0, "LndPGD": 0.0, "LndProb": 0.0, "SufFltRuptPGD": 29.523393630981445, "SurfFltRuptProb": 0.5, "PDsNone": 0.8574, "PDsSlight": 0.0677, "PDsModerate": 0.0343, "PDsExtensive": 0.0304, "PDsComplete": 0.01, "PDsExceedSlight": 0.1425, "PDsExceedModerate": 0.0748, "PDsExceedExtensive": 0.0405, "FunctDay1": 91.9, "FunctDay3": 94.6, "FunctDay7": 95.9, "FunctDay14": 96.1, "FunctDay30": 96.4, "FunctDay90": 97.9, "EconLoss": 28218.255859375, "Name": "'CONTRA COSTA CANAL'", "City": "null", "State": "null" }, "geometry": { "type": "Point", "coordinates": [ -122.040219, 37.927067 ] } },
{ "type": "Feature", "properties": { "FacilityType": "HighwayBridge", "FacilityId": "CA007333", "Anchor": "null", "FoundationType": "null", "eqBldgType": "null", "DesignLevel": "null", "SoilType": "D", "LqfSusCat": 0, "LndSusCat": 0, "WaterDepth": 5.0, "Distance": "null", "PGA": 0.32494053244590759, "PGV": 14.086722373962402, "Sa03": 0.80031126737594604, "Sa10": 0.42130327224731445, "LqfSettlPGD": 0.0, "LqfSprPGD": 0.0, "LqfProb": 0.0, "LndPGD": 0.0, "LndProb": 0.0, "SufFltRuptPGD": 29.523393630981445, "SurfFltRuptProb": 0.5, "PDsNone": 0.8574, "PDsSlight": 0.0493, "PDsModerate": 0.0411, "PDsExtensive": 0.0383, "PDsComplete": 0.0137, "PDsExceedSlight": 0.1425, "PDsExceedModerate": 0.0932, "PDsExceedExtensive": 0.0521, "FunctDay1": 90.7, "FunctDay3": 93.2, "FunctDay7": 94.8, "FunctDay14": 95.0, "FunctDay30": 95.3, "FunctDay90": 97.3, "EconLoss": 11019.1376953125, "Name": "'E. FORK GRAYSON CREEK'", "City": "null", "State": "null" }, "geometry": { "type": "Point", "coordinates": [ -122.065675, 37.943414 ] } },
{ "type": "Feature", "properties": { "FacilityType": "HighwayBridge", "FacilityId": "CA007334", "Anchor": "null", "FoundationType": "null", "eqBldgType": "null", "DesignLevel": "null", "SoilType": "D", "LqfSusCat": 0, "LndSusCat": 0, "WaterDepth": 5.0, "Distance": "null", "PGA": 0.30383887887001038, "PGV": 10.245465278625488, "Sa03": 0.66524195671081543, "Sa10": 0.26814252138137817, "LqfSettlPGD": 0.0, "LqfSprPGD": 0.0, "LqfProb": 0.0, "LndPGD": 0.0, "LndProb": 0.0, "SufFltRuptPGD": 29.523393630981445, "SurfFltRuptProb": 0.5, "PDsNone": 0.9657, "PDsSlight": 0.0197, "PDsModerate": 0.008, "PDsExtensive": 0.0053, "PDsComplete": 0.001, "PDsExceedSlight": 0.0342, "PDsExceedModerate": 0.0145, "PDsExceedExtensive": 0.0064, "FunctDay1": 98.2, "FunctDay3": 99.0, "FunctDay7": 99.3, "FunctDay14": 99.3, "FunctDay30": 99.4, "FunctDay90": 99.6, "EconLoss": 3294.95751953125, "Name": "'CONTRA COSTA CANAL'", "City": "null", "State": "null" }, "geometry": { "type": "Point", "coordinates": [ -122.080511, 37.9478 ] } },
{ "type": "Feature", "properties": { "FacilityType": "HighwayBridge", "FacilityId": "CA007335", "Anchor": "null", "FoundationType": "null", "eqBldgType": "null", "DesignLevel": "null", "SoilType": "D", "LqfSusCat": 0, "LndSusCat": 0, "WaterDepth": 5.0, "Distance": "null", "PGA": 0.32494053244590759, "PGV": 14.086722373962402, "Sa03": 0.80031126737594604, "Sa10": 0.42130327224731445, "LqfSettlPGD": 0.0, "LqfSprPGD": 0.0, "LqfProb": 0.0, "LndPGD": 0.0, "LndProb": 0.0, "SufFltRuptPGD": 29.523393630981445, "SurfFltRuptProb": 0.5, "PDsNone": 0.8574, "PDsSlight": 0.0665, "PDsModerate": 0.0347, "PDsExtensive": 0.0309, "PDsComplete": 0.0102, "PDsExceedSlight": 0.1425, "PDsExceedModerate": 0.0759, "PDsExceedExtensive": 0.0412, "FunctDay1": 91.8, "FunctDay3": 94.5, "FunctDay7": 95.8, "FunctDay14": 96.1, "FunctDay30": 96.3, "FunctDay90": 97.9, "EconLoss": 15406.8046875, "Name": "'GRAYSON CREEK'", "City": "null", "State": "null" }, "geometry": { "type": "Point", "coordinates": [ -122.067717, 37.947869 ] } },
{ "type": "Feature", "properties": { "FacilityType": "HighwayBridge", "FacilityId": "CA007336", "Anchor": "null", "FoundationType": "null", "eqBldgType": "null", "DesignLevel": "null", "SoilType": "D", "LqfSusCat": 0, "LndSusCat": 0, "WaterDepth": 5.0, "Distance": "null", "PGA": 0.32494053244590759, "PGV": 14.086722373962402, "Sa03": 0.80031126737594604, "Sa10": 0.42130327224731445, "LqfSettlPGD": 0.0, "LqfSprPGD": 0.0, "LqfProb": 0.0, "LndPGD": 0.0, "LndProb": 0.0, "SufFltRuptPGD": 29.523393630981445, "SurfFltRuptProb": 0.5, "PDsNone": 0.8574, "PDsSlight": 0.0668, "PDsModerate": 0.0346, "PDsExtensive": 0.0308, "PDsComplete": 0.0102, "PDsExceedSlight": 0.1425, "PDsExceedModerate": 0.0757, "PDsExceedExtensive": 0.041, "FunctDay1": 91.8, "FunctDay3": 94.5, "FunctDay7": 95.8, "FunctDay14": 96.1, "FunctDay30": 96.3, "FunctDay90": 97.9, "EconLoss": 9592.9453125, "Name": "'GRAYSON CREEK'", "City": "null", "State": "null" }, "geometry": { "type": "Point", "coordinates": [ -122.067514, 37.95395 ] } },
{ "type": "Feature", "properties": { "FacilityType": "HighwayBridge", "FacilityId": "CA007337", "Anchor": "null", "FoundationType": "null", "eqBldgType": "null", "DesignLevel": "null", "SoilType": "D", "LqfSusCat": 0, "LndSusCat": 0, "WaterDepth": 5.0, "Distance": "null", "PGA": 0.31993821263313293, "PGV": 11.802117347717285, "Sa03": 0.73467093706130981, "Sa10": 0.32258957624435425, "LqfSettlPGD": 0.0, "LqfSprPGD": 0.0, "LqfProb": 0.0, "LndPGD": 0.0, "LndProb": 0.0, "SufFltRuptPGD": 29.523393630981445, "SurfFltRuptProb": 0.5, "PDsNone": 0.9349, "PDsSlight": 0.0156, "PDsModerate": 0.024, "PDsExtensive": 0.0196, "PDsComplete": 0.0056, "PDsExceedSlight": 0.065, "PDsExceedModerate": 0.0493, "PDsExceedExtensive": 0.0252, "FunctDay1": 95.4, "FunctDay3": 96.5, "FunctDay7": 97.4, "FunctDay14": 97.6, "FunctDay30": 97.7, "FunctDay90": 98.7, "EconLoss": 19618.642578125, "Name": "'PINE CREEK'", "City": "null", "State": "null" }, "geometry": { "type": "Point", "coordinates": [ -122.006519, 37.913494 ] } },
{ "type": "Feature", "properties": { "FacilityType": "HighwayBridge", "FacilityId": "CA007338", "Anchor": "null", "FoundationType": "null", "eqBldgType": "null", "DesignLevel": "null", "SoilType": "D", "LqfSusCat": 0, "LndSusCat": 0, "WaterDepth": 5.0, "Distance": "null", "PGA": 0.31993821263313293, "PGV": 11.802117347717285, "Sa03": 0.73467093706130981, "Sa10": 0.32258957624435425, "LqfSettlPGD": 0.0, "LqfSprPGD": 0.0, "LqfProb": 0.0, "LndPGD": 0.0, "LndProb": 0.0, "SufFltRuptPGD": 29.523393630981445, "SurfFltRuptProb": 0.5, "PDsNone": 0.9001, "PDsSlight": 0.0, "PDsModerate": 0.0435, "PDsExtensive": 0.0412, "PDsComplete": 0.0151, "PDsExceedSlight": 0.0998, "PDsExceedModerate": 0.0998, "PDsExceedExtensive": 0.0563, "FunctDay1": 91.4, "FunctDay3": 92.7, "FunctDay7": 94.4, "FunctDay14": 94.6, "FunctDay30": 94.9, "FunctDay90": 97.1, "EconLoss": 16449.294921875, "Name": "'PINE CREEK'", "City": "null", "State": "null" }, "geometry": { "type": "Point", "coordinates": [ -122.007703, 37.914683 ] } },
{ "type": "Feature", "properties": { "FacilityType": "HighwayBridge", "FacilityId": "CA007339", "Anchor": "null", "FoundationType": "null", "eqBldgType": "null", "DesignLevel": "null", "SoilType": "D", "LqfSusCat": 0, "LndSusCat": 0, "WaterDepth": 5.0, "Distance": "null", "PGA": 0.31993821263313293, "PGV": 11.802117347717285, "Sa03": 0.73467093706130981, "Sa10": 0.32258957624435425, "LqfSettlPGD": 0.0, "LqfSprPGD": 0.0, "LqfProb": 0.0, "LndPGD": 0.0, "LndProb": 0.0, "SufFltRuptPGD": 29.523393630981445, "SurfFltRuptProb": 0.5, "PDsNone": 0.9349, "PDsSlight": 0.0082, "PDsModerate": 0.0271, "PDsExtensive": 0.0228, "PDsComplete": 0.0068, "PDsExceedSlight": 0.065, "PDsExceedModerate": 0.0568, "PDsExceedExtensive": 0.0296, "FunctDay1": 94.9, "FunctDay3": 95.9, "FunctDay7": 97.0, "FunctDay14": 97.2, "FunctDay30": 97.3, "FunctDay90": 98.5, "EconLoss": 7289.85888671875, "Name": "'PINE CREEK'", "City": "null", "State": "null" }, "geometry": { "type": "Point", "coordinates": [ -122.010644, 37.920867 ] } },
{ "type": "Feature", "properties": { "FacilityType": "HighwayBridge", "FacilityId": "CA007340", "Anchor": "null", "FoundationType": "null", "eqBldgType": "null", "DesignLevel": "null", "SoilType": "D", "LqfSusCat": 0, "LndSusCat": 0, "WaterDepth": 5.0, "Distance": "null", "PGA": 0.30044370889663696, "PGV": 10.422507286071777, "Sa03": 0.67442941665649414, "Sa10": 0.26809030771255493, "LqfSettlPGD": 0.0, "LqfSprPGD": 0.0, "LqfProb": 0.0, "LndPGD": 0.0, "LndProb": 0.0, "SufFltRuptPGD": 29.523393630981445, "SurfFltRuptProb": 0.5, "PDsNone": 0.9649, "PDsSlight": 0.0187, "PDsModerate": 0.0089, "PDsExtensive": 0.006, "PDsComplete": 0.0012, "PDsExceedSlight": 0.035, "PDsExceedModerate": 0.0163, "PDsExceedExtensive": 0.0073, "FunctDay1": 98.1, "FunctDay3": 98.8, "FunctDay7": 99.2, "FunctDay14": 99.2, "FunctDay30": 99.3, "FunctDay90": 99.6, "EconLoss": 4685.48974609375, "Name": "'PINE CREEK'", "City": "null", "State": "null" }, "geometry": { "type": "Point", "coordinates": [ -122.014539, 37.945511 ] } },
{ "type": "Feature", "properties": { "FacilityType": "HighwayBridge", "FacilityId": "CA007341", "Anchor": "null", "FoundationType": "null", "eqBldgType": "null", "DesignLevel": "null", "SoilType": "D", "LqfSusCat": 0, "LndSusCat": 0, "WaterDepth": 5.0, "Distance": "null", "PGA": 0.30044370889663696, "PGV": 10.422507286071777, "Sa03": 0.67442941665649414, "Sa10": 0.26809030771255493, "LqfSettlPGD": 0.0, "LqfSprPGD": 0.0, "LqfProb": 0.0, "LndPGD": 0.0, "LndProb": 0.0, "SufFltRuptPGD": 29.523393630981445, "SurfFltRuptProb": 0.5, "PDsNone": 0.9657, "PDsSlight": 0.0201, "PDsModerate": 0.0078, "PDsExtensive": 0.0052, "PDsComplete": 0.001, "PDsExceedSlight": 0.0342, "PDsExceedModerate": 0.0141, "PDsExceedExtensive": 0.0062, "FunctDay1": 98.3, "FunctDay3": 99.0, "FunctDay7": 99.3, "FunctDay14": 99.4, "FunctDay30": 99.4, "FunctDay90": 99.7, "EconLoss": 6166.38232421875, "Name": "'CONTRA COSTA CANAL'", "City": "null", "State": "null" }, "geometry": { "type": "Point", "coordinates": [ -122.013686, 37.946072 ] } },
{ "type": "Feature", "properties": { "FacilityType": "HighwayBridge", "FacilityId": "CA007342", "Anchor": "null", "FoundationType": "null", "eqBldgType": "null", "DesignLevel": "null", "SoilType": "D", "LqfSusCat": 0, "LndSusCat": 0, "WaterDepth": 5.0, "Distance": "null", "PGA": 0.30044370889663696, "PGV": 10.422507286071777, "Sa03": 0.67442941665649414, "Sa10": 0.26809030771255493, "LqfSettlPGD": 0.0, "LqfSprPGD": 0.0, "LqfProb": 0.0, "LndPGD": 0.0, "LndProb": 0.0, "SufFltRuptPGD": 29.523393630981445, "SurfFltRuptProb": 0.5, "PDsNone": 0.9649, "PDsSlight": 0.0066, "PDsModerate": 0.0147, "PDsExtensive": 0.0109, "PDsComplete": 0.0026, "PDsExceedSlight": 0.035, "PDsExceedModerate": 0.0283, "PDsExceedExtensive": 0.0135, "FunctDay1": 97.4, "FunctDay3": 98.0, "FunctDay7": 98.6, "FunctDay14": 98.7, "FunctDay30": 98.7, "FunctDay90": 99.3, "EconLoss": 8099.1552734375, "Name": "'PINE CREEK'", "City": "null", "State": "null" }, "geometry": { "type": "Point", "coordinates": [ -122.016511, 37.948375 ] } },
{ "type": "Feature", "properties": { "FacilityType": "HighwayBridge", "FacilityId": "CA007343", "Anchor": "null", "FoundationType": "null", "eqBldgType": "null", "DesignLevel": "null", "SoilType": "D", "LqfSusCat": 0, "LndSusCat": 0, "WaterDepth": 5.0, "Distance": "null", "PGA": 0.32494053244590759, "PGV": 14.086722373962402, "Sa03": 0.80031126737594604, "Sa10": 0.42130327224731445, "LqfSettlPGD": 0.0, "LqfSprPGD": 0.0, "LqfProb": 0.0, "LndPGD": 0.0, "LndProb": 0.0, "SufFltRuptPGD": 29.523393630981445, "SurfFltRuptProb": 0.5, "PDsNone": 0.8574, "PDsSlight": 0.0674, "PDsModerate": 0.0344, "PDsExtensive": 0.0306, "PDsComplete": 0.01, "PDsExceedSlight": 0.1425, "PDsExceedModerate": 0.0751, "PDsExceedExtensive": 0.0407, "FunctDay1": 91.9, "FunctDay3": 94.6, "FunctDay7": 95.9, "FunctDay14": 96.1, "FunctDay30": 96.3, "FunctDay90": 97.9, "EconLoss": 15555.7939453125, "Name": "'PINE CREEK'", "City": "null", "State": "null" }, "geometry": { "type": "Point", "coordinates": [ -122.027997, 37.952639 ] } },
{ "type": "Feature", "properties": { "FacilityType": "HighwayBridge", "FacilityId": "CA007344", "Anchor": "null", "FoundationType": "null", "eqBldgType": "null", "DesignLevel": "null", "SoilType": "D", "LqfSusCat": 0, "LndSusCat": 0, "WaterDepth": 5.0, "Distance": "null", "PGA": 0.30044370889663696, "PGV": 10.422507286071777, "Sa03": 0.67442941665649414, "Sa10": 0.26809030771255493, "LqfSettlPGD": 0.0, "LqfSprPGD": 0.0, "LqfProb": 0.0, "LndPGD": 0.0, "LndProb": 0.0, "SufFltRuptPGD": 29.523393630981445, "SurfFltRuptProb": 0.5, "PDsNone": 0.9649, "PDsSlight": 0.0173, "PDsModerate": 0.0096, "PDsExtensive": 0.0066, "PDsComplete": 0.0013, "PDsExceedSlight": 0.035, "PDsExceedModerate": 0.0176, "PDsExceedExtensive": 0.0079, "FunctDay1": 98.0, "FunctDay3": 98.8, "FunctDay7": 99.1, "FunctDay14": 99.2, "FunctDay30": 99.2, "FunctDay90": 99.6, "EconLoss": 1003.0216064453125, "Name": "'GALINDO CREEK'", "City": "null", "State": "null" }, "geometry": { "type": "Point", "coordinates": [ -121.994531, 37.961289 ] } },
{ "type": "Feature", "properties": { "FacilityType": "HighwayBridge", "FacilityId": "CA007345", "Anchor": "null", "FoundationType": "null", "eqBldgType": "null", "DesignLevel": "null", "SoilType": "D", "LqfSusCat": 0, "LndSusCat": 0, "WaterDepth": 5.0, "Distance": "null", "PGA": 0.29740694165229797, "PGV": 11.480756759643555, "Sa03": 0.70742017030715942, "Sa10": 0.31338182091712952, "LqfSettlPGD": 0.0, "LqfSprPGD": 0.0, "LqfProb": 0.0, "LndPGD": 0.0, "LndProb": 0.0, "SufFltRuptPGD": 29.523393630981445, "SurfFltRuptProb": 0.5, "PDsNone": 0.7819, "PDsSlight": 0.1467, "PDsModerate": 0.0484, "PDsExtensive": 0.0196, "PDsComplete": 0.0032, "PDsExceedSlight": 0.218, "PDsExceedModerate": 0.0713, "PDsExceedExtensive": 0.0229, "FunctDay1": 90.6, "FunctDay3": 95.7, "FunctDay7": 97.5, "FunctDay14": 97.8, "FunctDay30": 97.9, "FunctDay90": 98.9, "EconLoss": 46170.51171875, "Name": "'MOUNT DIABLO CREEK'", "City": "null", "State": "null" }, "geometry": { "type": "Point", "coordinates": [ -121.9693, 37.966258 ] } },
{ "type": "Feature", "properties": { "FacilityType": "HighwayBridge", "FacilityId": "CA007346", "Anchor": "null", "FoundationType": "null", "eqBldgType": "null", "DesignLevel": "null", "SoilType": "D", "LqfSusCat": 0, "LndSusCat": 0, "WaterDepth": 5.0, "Distance": "null", "PGA": 0.29740694165229797, "PGV": 11.480756759643555, "Sa03": 0.70742017030715942, "Sa10": 0.31338182091712952, "LqfSettlPGD": 0.0, "LqfSprPGD": 0.0, "LqfProb": 0.0, "LndPGD": 0.0, "LndProb": 0.0, "SufFltRuptPGD": 29.523393630981445, "SurfFltRuptProb": 0.5, "PDsNone": 0.9408, "PDsSlight": 0.0304, "PDsModerate": 0.0149, "PDsExtensive": 0.011, "PDsComplete": 0.0026, "PDsExceedSlight": 0.0591, "PDsExceedModerate": 0.0286, "PDsExceedExtensive": 0.0137, "FunctDay1": 96.8, "FunctDay3": 98.0, "FunctDay7": 98.6, "FunctDay14": 98.6, "FunctDay30": 98.7, "FunctDay90": 99.3, "EconLoss": 12210.2509765625, "Name": "'MOUNT DIABLO CREEK'", "City": "null", "State": "null" }, "geometry": { "type": "Point", "coordinates": [ -121.967028, 37.959461 ] } },
{ "type": "Feature", "properties": { "FacilityType": "HighwayBridge", "FacilityId": "CA007347", "Anchor": "null", "FoundationType": "null", "eqBldgType": "null", "DesignLevel": "null", "SoilType": "D", "LqfSusCat": 0, "LndSusCat": 0, "WaterDepth": 5.0, "Distance": "null", "PGA": 0.30504786968231201, "PGV": 12.021832466125488, "Sa03": 0.72809457778930664, "Sa10": 0.32921820878982544, "LqfSettlPGD": 0.0, "LqfSprPGD": 0.0, "LqfProb": 0.0, "LndPGD": 0.0, "LndProb": 0.0, "SufFltRuptPGD": 29.523393630981445, "SurfFltRuptProb": 0.5, "PDsNone": 0.9234, "PDsSlight": 0.0, "PDsModerate": 0.0349, "PDsExtensive": 0.0312, "PDsComplete": 0.0103, "PDsExceedSlight": 0.0765, "PDsExceedModerate": 0.0765, "PDsExceedExtensive": 0.0415, "FunctDay1": 93.4, "FunctDay3": 94.4, "FunctDay7": 95.8, "FunctDay14": 96.0, "FunctDay30": 96.3, "FunctDay90": 97.9, "EconLoss": 48524.81640625, "Name": "'GRAYSON CREEK'", "City": "null", "State": "null" }, "geometry": { "type": "Point", "coordinates": [ -122.066508, 37.975083 ] } },
{ "type": "Feature", "properties": { "FacilityType": "HighwayBridge", "FacilityId": "CA007348", "Anchor": "null", "FoundationType": "null", "eqBldgType": "null", "DesignLevel": "null", "SoilType": "D", "LqfSusCat": 0, "LndSusCat": 0, "WaterDepth": 5.0, "Distance": "null", "PGA": 0.30504786968231201, "PGV": 12.021832466125488, "Sa03": 0.72809457778930664, "Sa10": 0.32921820878982544, "LqfSettlPGD": 0.0, "LqfSprPGD": 0.0, "LqfProb": 0.0, "LndPGD": 0.0, "LndProb": 0.0, "SufFltRuptPGD": 29.523393630981445, "SurfFltRuptProb": 0.5, "PDsNone": 0.8414, "PDsSlight": 0.1084, "PDsModerate": 0.0261, "PDsExtensive": 0.0176, "PDsComplete": 0.0063, "PDsExceedSlight": 0.1585, "PDsExceedModerate": 0.0501, "PDsExceedExtensive": 0.0239, "FunctDay1": 93.0, "FunctDay3": 96.5, "FunctDay7": 97.5, "FunctDay14": 97.7, "FunctDay30": 97.8, "FunctDay90": 98.7, "EconLoss": 19268.876953125, "Name": "'GRAYSON CREEK'", "City": "null", "State": "null" }, "geometry": { "type": "Point", "coordinates": [ -122.068753, 37.983367 ] } },
{ "type": "Feature", "properties": { "FacilityType": "HighwayBridge", "FacilityId": "CA007349", "Anchor": "null", "FoundationType": "null", "eqBldgType": "null", "DesignLevel": "null", "SoilType": "D", "LqfSusCat": 0, "LndSusCat": 0, "WaterDepth": 5.0, "Distance": "null", "PGA": 0.29659819602966309, "PGV": 10.486924171447754, "Sa03": 0.67186164855957031, "Sa10": 0.28059494495391846, "LqfSettlPGD": 0.0, "LqfSprPGD": 0.0, "LqfProb": 0.0, "LndPGD": 0.0, "LndProb": 0.0, "SufFltRuptPGD": 29.523393630981445, "SurfFltRuptProb": 0.5, "PDsNone": 0.9596, "PDsSlight": 0.0231, "PDsModerate": 0.0094, "PDsExtensive": 0.0064, "PDsComplete": 0.0013, "PDsExceedSlight": 0.0403, "PDsExceedModerate": 0.0172, "PDsExceedExtensive": 0.0077, "FunctDay1": 97.9, "FunctDay3": 98.8, "FunctDay7": 99.2, "FunctDay14": 99.2, "FunctDay30": 99.3, "FunctDay90": 99.6, "EconLoss": 3314.406005859375, "Name": "'ARROYO DEL HAMBRE'", "City": "null", "State": "null" }, "geometry": { "type": "Point", "coordinates": [ -122.129808, 38.003547 ] } },
{ "type": "Feature", "properties": { "FacilityType": "HighwayBridge", "FacilityId": "CA007350", "Anchor": "null", "FoundationType": "null", "eqBldgType": "null", "DesignLevel": "null", "SoilType": "D", "LqfSusCat": 0, "LndSusCat": 0, "WaterDepth": 5.0, "Distance": "null", "PGA": 0.29659819602966309, "PGV": 10.486924171447754, "Sa03": 0.67186164855957031, "Sa10": 0.28059494495391846, "LqfSettlPGD": 0.0, "LqfSprPGD": 0.0, "LqfProb": 0.0, "LndPGD": 0.0, "LndProb": 0.0, "SufFltRuptPGD": 29.523393630981445, "SurfFltRuptProb": 0.5, "PDsNone": 0.9596, "PDsSlight": 0.0175, "PDsModerate": 0.0121, "PDsExtensive": 0.0086, "PDsComplete": 0.0019, "PDsExceedSlight": 0.0403, "PDsExceedModerate": 0.0228, "PDsExceedExtensive": 0.0106, "FunctDay1": 97.6, "FunctDay3": 98.4, "FunctDay7": 98.9, "FunctDay14": 98.9, "FunctDay30": 99.0, "FunctDay90": 99.4, "EconLoss": 2379.245361328125, "Name": "'ARROYO DEL HAMBRE'", "City": "null", "State": "null" }, "geometry": { "type": "Point", "coordinates": [ -122.129094, 38.011328 ] } },
{ "type": "Feature", "properties": { "FacilityType": "HighwayBridge", "FacilityId": "CA007351", "Anchor": "null", "FoundationType": "null", "eqBldgType": "null", "DesignLevel": "null", "SoilType": "D", "LqfSusCat": 0, "LndSusCat": 0, "WaterDepth": 5.0, "Distance": "null", "PGA": 0.29659819602966309, "PGV": 10.486924171447754, "Sa03": 0.67186164855957031, "Sa10": 0.28059494495391846, "LqfSettlPGD": 0.0, "LqfSprPGD": 0.0, "LqfProb": 0.0, "LndPGD": 0.0, "LndProb": 0.0, "SufFltRuptPGD": 29.523393630981445, "SurfFltRuptProb": 0.5, "PDsNone": 0.9596, "PDsSlight": 0.0233, "PDsModerate": 0.0093, "PDsExtensive": 0.0063, "PDsComplete": 0.0013, "PDsExceedSlight": 0.0403, "PDsExceedModerate": 0.017, "PDsExceedExtensive": 0.0077, "FunctDay1": 97.9, "FunctDay3": 98.8, "FunctDay7": 99.2, "FunctDay14": 99.2, "FunctDay30": 99.3, "FunctDay90": 99.6, "EconLoss": 3864.68505859375, "Name": "'ARROYO DEL HAMBRE'", "City": "null", "State": "null" }, "geometry": { "type": "Point", "coordinates": [ -122.133008, 38.014206 ] } },
{ "type": "Feature", "properties": { "FacilityType": "HighwayBridge", "FacilityId": "CA007352", "Anchor": "null", "FoundationType": "null", "eqBldgType": "null", "DesignLevel": "null", "SoilType": "D", "LqfSusCat": 0, "LndSusCat": 0, "WaterDepth": 5.0, "Distance": "null", "PGA": 0.29659819602966309, "PGV": 10.486924171447754, "Sa03": 0.67186164855957031, "Sa10": 0.28059494495391846, "LqfSettlPGD": 0.0, "LqfSprPGD": 0.0, "LqfProb": 0.0, "LndPGD": 0.0, "LndProb": 0.0, "SufFltRuptPGD": 29.523393630981445, "SurfFltRuptProb": 0.5, "PDsNone": 0.951, "PDsSlight": 0.0, "PDsModerate": 0.0239, "PDsExtensive": 0.0195, "PDsComplete": 0.0055, "PDsExceedSlight": 0.0489, "PDsExceedModerate": 0.0489, "PDsExceedExtensive": 0.025, "FunctDay1": 95.8, "FunctDay3": 96.5, "FunctDay7": 97.4, "FunctDay14": 97.6, "FunctDay30": 97.7, "FunctDay90": 98.7, "EconLoss": 9252.6318359375, "Name": "'ARROYO DEL HAMBRE'", "City": "null", "State": "null" }, "geometry": { "type": "Point", "coordinates": [ -122.134581, 38.016356 ] } },
{ "type": "Feature", "properties": { "FacilityType": "HighwayBridge", "FacilityId": "CA007353", "Anchor": "null", "FoundationType": "null", "eqBldgType": "null", "DesignLevel": "null", "SoilType": "D", "LqfSusCat": 0, "LndSusCat": 0, "WaterDepth": 5.0, "Distance": "null", "PGA": 0.28914901614189148, "PGV": 9.8484163284301758, "Sa03": 0.64303761720657349, "Sa10": 0.26246479153633118, "LqfSettlPGD": 0.0, "LqfSprPGD": 0.0, "LqfProb": 0.0, "LndPGD": 0.0, "LndProb": 0.0, "SufFltRuptPGD": 29.523393630981445, "SurfFltRuptProb": 0.5, "PDsNone": 0.5881, "PDsSlight": 0.2704, "PDsModerate": 0.0572, "PDsExtensive": 0.0641, "PDsComplete": 0.0199, "PDsExceedSlight": 0.4118, "PDsExceedModerate": 0.1413, "PDsExceedExtensive": 0.084, "FunctDay1": 80.9, "FunctDay3": 89.4, "FunctDay7": 91.6, "FunctDay14": 92.0, "FunctDay30": 92.5, "FunctDay90": 95.8, "EconLoss": 16327.5546875, "Name": "'SHELL OIL PIPE UC'", "City": "null", "State": "null" }, "geometry": { "type": "Point", "coordinates": [ -122.117886, 38.016569 ] } },
{ "type": "Feature", "properties": { "FacilityType": "HighwayBridge", "FacilityId": "CA007354", "Anchor": "null", "FoundationType": "null", "eqBldgType": "null", "DesignLevel": "null", "SoilType": "D", "LqfSusCat": 0, "LndSusCat": 0, "WaterDepth": 5.0, "Distance": "null", "PGA": 0.25753375887870789, "PGV": 9.6131410598754883, "Sa03": 0.61345106363296509, "Sa10": 0.25921157002449036, "LqfSettlPGD": 0.0, "LqfSprPGD": 0.0, "LqfProb": 0.0, "LndPGD": 0.0, "LndProb": 0.0, "SufFltRuptPGD": 29.523393630981445, "SurfFltRuptProb": 0.5, "PDsNone": 0.9698, "PDsSlight": 0.0088, "PDsModerate": 0.0114, "PDsExtensive": 0.008, "PDsComplete": 0.0017, "PDsExceedSlight": 0.0301, "PDsExceedModerate": 0.0212, "PDsExceedExtensive": 0.0098, "FunctDay1": 98.0, "FunctDay3": 98.5, "FunctDay7": 98.9, "FunctDay14": 99.0, "FunctDay30": 99.1, "FunctDay90": 99.5, "EconLoss": 1245.419677734375, "Name": "'KIRKER CREEK'", "City": "null", "State": "null" }, "geometry": { "type": "Point", "coordinates": [ -121.88485, 38.004731 ] } },
{ "type": "Feature", "properties": { "FacilityType": "HighwayBridge", "FacilityId": "CA007355", "Anchor": "null", "FoundationType": "null", "eqBldgType": "null", "DesignLevel": "null", "SoilType": "D", "LqfSusCat": 0, "LndSusCat": 0, "WaterDepth": 5.0, "Distance": "null", "PGA": 0.28632470965385437, "PGV": 10.346205711364746, "Sa03": 0.65192687511444092, "Sa10": 0.27895393967628479, "LqfSettlPGD": 0.0, "LqfSprPGD": 0.0, "LqfProb": 0.0, "LndPGD": 0.0, "LndProb": 0.0, "SufFltRuptPGD": 29.523393630981445, "SurfFltRuptProb": 0.5, "PDsNone": 0.8991, "PDsSlight": 0.0754, "PDsModerate": 0.0143, "PDsExtensive": 0.0085, "PDsComplete": 0.0025, "PDsExceedSlight": 0.1008, "PDsExceedModerate": 0.0254, "PDsExceedExtensive": 0.0111, "FunctDay1": 95.9, "FunctDay3": 98.3, "FunctDay7": 98.8, "FunctDay14": 98.9, "FunctDay30": 99.0, "FunctDay90": 99.4, "EconLoss": 6556.05517578125, "Name": "'RODEO CREEK'", "City": "null", "State": "null" }, "geometry": { "type": "Point", "coordinates": [ -122.263156, 38.024583 ] } },
{ "type": "Feature", "properties": { "FacilityType": "HighwayBridge", "FacilityId": "CA007356", "Anchor": "null", "FoundationType": "null", "eqBldgType": "null", "DesignLevel": "null", "SoilType": "D", "LqfSusCat": 0, "LndSusCat": 0, "WaterDepth": 5.0, "Distance": "null", "PGA": 0.28216192126274109, "PGV": 10.506894111633301, "Sa03": 0.6519501805305481, "Sa10": 0.28619259595870972, "LqfSettlPGD": 0.0, "LqfSprPGD": 0.0, "LqfProb": 0.0, "LndPGD": 0.0, "LndProb": 0.0, "SufFltRuptPGD": 29.523393630981445, "SurfFltRuptProb": 0.5, "PDsNone": 0.9566, "PDsSlight": 0.0234, "PDsModerate": 0.0107, "PDsExtensive": 0.0074, "PDsComplete": 0.0016, "PDsExceedSlight": 0.0433, "PDsExceedModerate": 0.0198, "PDsExceedExtensive": 0.0091, "FunctDay1": 97.7, "FunctDay3": 98.6, "FunctDay7": 99.0, "FunctDay14": 99.1, "FunctDay30": 99.1, "FunctDay90": 99.5, "EconLoss": 2961.220703125, "Name": "'RODEO CREEK'", "City": "null", "State": "null" }, "geometry": { "type": "Point", "coordinates": [ -122.266281, 38.035281 ] } },
{ "type": "Feature", "properties": { "FacilityType": "HighwayBridge", "FacilityId": "CA007357", "Anchor": "null", "FoundationType": "null", "eqBldgType": "null", "DesignLevel": "null", "SoilType": "D", "LqfSusCat": 0, "LndSusCat": 0, "WaterDepth": 5.0, "Distance": "null", "PGA": 0.28216192126274109, "PGV": 10.506894111633301, "Sa03": 0.6519501805305481, "Sa10": 0.28619259595870972, "LqfSettlPGD": 0.0, "LqfSprPGD": 0.0, "LqfProb": 0.0, "LndPGD": 0.0, "LndProb": 0.0, "SufFltRuptPGD": 29.523393630981445, "SurfFltRuptProb": 0.5, "PDsNone": 0.8237, "PDsSlight": 0.1328, "PDsModerate": 0.0309, "PDsExtensive": 0.0109, "PDsComplete": 0.0014, "PDsExceedSlight": 0.1762, "PDsExceedModerate": 0.0433, "PDsExceedExtensive": 0.0124, "FunctDay1": 93.2, "FunctDay3": 97.4, "FunctDay7": 98.6, "FunctDay14": 98.8, "FunctDay30": 98.8, "FunctDay90": 99.4, "EconLoss": 26515.654296875, "Name": "'UP RR  BNSF RY  & AMTRAK'", "City": "null", "State": "null" }, "geometry": { "type": "Point", "coordinates": [ -122.271081, 38.037639 ] } },
{ "type": "Feature", "properties": { "FacilityType": "HighwayBridge", "FacilityId": "CA007358", "Anchor": "null", "FoundationType": "null", "eqBldgType": "null", "DesignLevel": "null", "SoilType": "D", "LqfSusCat": 0, "LndSusCat": 0, "WaterDepth": 5.0, "Distance": "null", "PGA": 0.28216192126274109, "PGV": 10.506894111633301, "Sa03": 0.6519501805305481, "Sa10": 0.28619259595870972, "LqfSettlPGD": 0.0, "LqfSprPGD": 0.0, "LqfProb": 0.0, "LndPGD": 0.0, "LndProb": 0.0, "SufFltRuptPGD": 29.523393630981445, "SurfFltRuptProb": 0.5, "PDsNone": 0.9566, "PDsSlight": 0.0234, "PDsModerate": 0.0107, "PDsExtensive": 0.0074, "PDsComplete": 0.0016, "PDsExceedSlight": 0.0433, "PDsExceedModerate": 0.0198, "PDsExceedExtensive": 0.0091, "FunctDay1": 97.7, "FunctDay3": 98.6, "FunctDay7": 99.0, "FunctDay14": 99.1, "FunctDay30": 99.1, "FunctDay90": 99.5, "EconLoss": 3671.81298828125, "Name": "'RODEO CREEK'", "City": "null", "State": "null" }, "geometry": { "type": "Point", "coordinates": [ -122.266864, 38.037614 ] } },
{ "type": "Feature", "properties": { "FacilityType": "HighwayBridge", "FacilityId": "CA007359", "Anchor": "null", "FoundationType": "null", "eqBldgType": "null", "DesignLevel": "null", "SoilType": "D", "LqfSusCat": 0, "LndSusCat": 0, "WaterDepth": 5.0, "Distance": "null", "PGA": 0.28016680479049683, "PGV": 10.005664825439453, "Sa03": 0.62862586975097656, "Sa10": 0.27086547017097473, "LqfSettlPGD": 0.0, "LqfSprPGD": 0.0, "LqfProb": 0.0, "LndPGD": 0.0, "LndProb": 0.0, "SufFltRuptPGD": 29.523393630981445, "SurfFltRuptProb": 0.5, "PDsNone": 0.9644, "PDsSlight": 0.0207, "PDsModerate": 0.0081, "PDsExtensive": 0.0054, "PDsComplete": 0.0011, "PDsExceedSlight": 0.0355, "PDsExceedModerate": 0.0147, "PDsExceedExtensive": 0.0065, "FunctDay1": 98.2, "FunctDay3": 98.9, "FunctDay7": 99.3, "FunctDay14": 99.3, "FunctDay30": 99.4, "FunctDay90": 99.6, "EconLoss": 1755.6397705078125, "Name": "'SAN PABLO CREEK'", "City": "null", "State": "null" }, "geometry": { "type": "Point", "coordinates": [ -122.28715, 37.963144 ] } },
{ "type": "Feature", "properties": { "FacilityType": "HighwayBridge", "FacilityId": "CA007360", "Anchor": "null", "FoundationType": "null", "eqBldgType": "null", "DesignLevel": "null", "SoilType": "D", "LqfSusCat": 0, "LndSusCat": 0, "WaterDepth": 5.0, "Distance": "null", "PGA": 0.30504786968231201, "PGV": 12.021832466125488, "Sa03": 0.72809457778930664, "Sa10": 0.32921820878982544, "LqfSettlPGD": 0.0, "LqfSprPGD": 0.0, "LqfProb": 0.0, "LndPGD": 0.0, "LndProb": 0.0, "SufFltRuptPGD": 29.523393630981445, "SurfFltRuptProb": 0.5, "PDsNone": 0.8414, "PDsSlight": 0.1015, "PDsModerate": 0.0292, "PDsExtensive": 0.0202, "PDsComplete": 0.0075, "PDsExceedSlight": 0.1585, "PDsExceedModerate": 0.057, "PDsExceedExtensive": 0.0277, "FunctDay1": 92.6, "FunctDay3": 96.0, "FunctDay7": 97.1, "FunctDay14": 97.3, "FunctDay30": 97.5, "FunctDay90": 98.5, "EconLoss": 13609.9296875, "Name": "'GRAYSON CREEK'", "City": "null", "State": "null" }, "geometry": { "type": "Point", "coordinates": [ -122.069244, 37.981678 ] } },
{ "type": "Feature", "properties": { "FacilityType": "HighwayBridge", "FacilityId": "CA007361", "Anchor": "null", "FoundationType": "null", "eqBldgType": "null", "DesignLevel": "null", "SoilType": "D", "LqfSusCat": 0, "LndSusCat": 0, "WaterDepth": 5.0, "Distance": "null", "PGA": 0.28971868753433228, "PGV": 10.825994491577148, "Sa03": 0.68194842338562012, "Sa10": 0.28876844048500061, "LqfSettlPGD": 0.0, "LqfSprPGD": 0.0, "LqfProb": 0.0, "LndPGD": 0.0, "LndProb": 0.0, "SufFltRuptPGD": 29.523393630981445, "SurfFltRuptProb": 0.5, "PDsNone": 0.9552, "PDsSlight": 0.0255, "PDsModerate": 0.0104, "PDsExtensive": 0.0072, "PDsComplete": 0.0015, "PDsExceedSlight": 0.0447, "PDsExceedModerate": 0.0192, "PDsExceedExtensive": 0.0087, "FunctDay1": 97.7, "FunctDay3": 98.7, "FunctDay7": 99.1, "FunctDay14": 99.1, "FunctDay30": 99.2, "FunctDay90": 99.5, "EconLoss": 3330.080078125, "Name": "'CONTRA COSTA CANAL'", "City": "null", "State": "null" }, "geometry": { "type": "Point", "coordinates": [ -122.017714, 37.980403 ] } },
{ "type": "Feature", "properties": { "FacilityType": "HighwayBridge", "FacilityId": "CA007362", "Anchor": "null", "FoundationType": "null", "eqBldgType": "null", "DesignLevel": "null", "SoilType": "D", "LqfSusCat": 0, "LndSusCat": 0, "WaterDepth": 5.0, "Distance": "null", "PGA": 0.28914901614189148, "PGV": 9.8484163284301758, "Sa03": 0.64303761720657349, "Sa10": 0.26246479153633118, "LqfSettlPGD": 0.0, "LqfSprPGD": 0.0, "LqfProb": 0.0, "LndPGD": 0.0, "LndProb": 0.0, "SufFltRuptPGD": 29.523393630981445, "SurfFltRuptProb": 0.5, "PDsNone": 0.966, "PDsSlight": 0.0, "PDsModerate": 0.0173, "PDsExtensive": 0.0132, "PDsComplete": 0.0033, "PDsExceedSlight": 0.0339, "PDsExceedModerate": 0.0339, "PDsExceedExtensive": 0.0166, "FunctDay1": 97.1, "FunctDay3": 97.6, "FunctDay7": 98.3, "FunctDay14": 98.4, "FunctDay30": 98.5, "FunctDay90": 99.2, "EconLoss": 7254.96826171875, "Name": "'CONTRA COSTA CANAL'", "City": "null", "State": "null" }, "geometry": { "type": "Point", "coordinates": [ -122.076472, 37.978697 ] } },
{ "type": "Feature", "properties": { "FacilityType": "HighwayBridge", "FacilityId": "CA007363", "Anchor": "null", "FoundationType": "null", "eqBldgType": "null", "DesignLevel": "null", "SoilType": "D", "LqfSusCat": 0, "LndSusCat": 0, "WaterDepth": 5.0, "Distance": "null", "PGA": 0.30203935503959656, "PGV": 10.406497955322266, "Sa03": 0.66494113206863403, "Sa10": 0.27777394652366638, "LqfSettlPGD": 0.0, "LqfSprPGD": 0.0, "LqfProb": 0.0, "LndPGD": 0.0, "LndProb": 0.0, "SufFltRuptPGD": 29.523393630981445, "SurfFltRuptProb": 0.5, "PDsNone": 0.961, "PDsSlight": 0.0225, "PDsModerate": 0.009, "PDsExtensive": 0.0061, "PDsComplete": 0.0012, "PDsExceedSlight": 0.0389, "PDsExceedModerate": 0.0163, "PDsExceedExtensive": 0.0073, "FunctDay1": 98.0, "FunctDay3": 98.8, "FunctDay7": 99.2, "FunctDay14": 99.2, "FunctDay30": 99.3, "FunctDay90": 99.6, "EconLoss": 2066.10009765625, "Name": "'SAN PABLO CREEK'", "City": "null", "State": "null" }, "geometry": { "type": "Point", "coordinates": [ -122.193156, 37.885944 ] } },
{ "type": "Feature", "properties": { "FacilityType": "HighwayBridge", "FacilityId": "CA007364", "Anchor": "null", "FoundationType": "null", "eqBldgType": "null", "DesignLevel": "null", "SoilType": "D", "LqfSusCat": 0, "LndSusCat": 0, "WaterDepth": 5.0, "Distance": "null", "PGA": 0.30203935503959656, "PGV": 10.406497955322266, "Sa03": 0.66494113206863403, "Sa10": 0.27777394652366638, "LqfSettlPGD": 0.0, "LqfSprPGD": 0.0, "LqfProb": 0.0, "LndPGD": 0.0, "LndProb": 0.0, "SufFltRuptPGD": 29.523393630981445, "SurfFltRuptProb": 0.5, "PDsNone": 0.961, "PDsSlight": 0.0225, "PDsModerate": 0.009, "PDsExtensive": 0.0061, "PDsComplete": 0.0012, "PDsExceedSlight": 0.0389, "PDsExceedModerate": 0.0163, "PDsExceedExtensive": 0.0073, "FunctDay1": 98.0, "FunctDay3": 98.8, "FunctDay7": 99.2, "FunctDay14": 99.2, "FunctDay30": 99.3, "FunctDay90": 99.6, "EconLoss": 898.32476806640625, "Name": "'SAN PABLO CREEK'", "City": "null", "State": "null" }, "geometry": { "type": "Point", "coordinates": [ -122.191806, 37.883758 ] } },
{ "type": "Feature", "properties": { "FacilityType": "HighwayBridge", "FacilityId": "CA007365", "Anchor": "null", "FoundationType": "null", "eqBldgType": "null", "DesignLevel": "null", "SoilType": "D", "LqfSusCat": 0, "LndSusCat": 0, "WaterDepth": 5.0, "Distance": "null", "PGA": 0.32553109526634216, "PGV": 12.258646011352539, "Sa03": 0.75154876708984375, "Sa10": 0.33662161231040955, "LqfSettlPGD": 0.0, "LqfSprPGD": 0.0, "LqfProb": 0.0, "LndPGD": 0.0, "LndProb": 0.0, "SufFltRuptPGD": 29.523393630981445, "SurfFltRuptProb": 0.5, "PDsNone": 0.4238, "PDsSlight": 0.3212, "PDsModerate": 0.0871, "PDsExtensive": 0.1171, "PDsComplete": 0.0506, "PDsExceedSlight": 0.5761, "PDsExceedModerate": 0.2548, "PDsExceedExtensive": 0.1677, "FunctDay1": 69.4, "FunctDay3": 80.0, "FunctDay7": 83.5, "FunctDay14": 84.1, "FunctDay30": 85.0, "FunctDay90": 91.2, "EconLoss": 152257.546875, "Name": "'LAS TRAMPAS CREEK'", "City": "null", "State": "null" }, "geometry": { "type": "Point", "coordinates": [ -122.085922, 37.885775 ] } },
{ "type": "Feature", "properties": { "FacilityType": "HighwayBridge", "FacilityId": "CA007366", "Anchor": "null", "FoundationType": "null", "eqBldgType": "null", "DesignLevel": "null", "SoilType": "D", "LqfSusCat": 0, "LndSusCat": 0, "WaterDepth": 5.0, "Distance": "null", "PGA": 0.32041805982589722, "PGV": 12.237601280212402, "Sa03": 0.74365264177322388, "Sa10": 0.33581742644309998, "LqfSettlPGD": 0.0, "LqfSprPGD": 0.0, "LqfProb": 0.0, "LndPGD": 0.0, "LndProb": 0.0, "SufFltRuptPGD": 29.523393630981445, "SurfFltRuptProb": 0.5, "PDsNone": 0.4254, "PDsSlight": 0.321, "PDsModerate": 0.0868, "PDsExtensive": 0.1165, "PDsComplete": 0.0501, "PDsExceedSlight": 0.5745, "PDsExceedModerate": 0.2535, "PDsExceedExtensive": 0.1667, "FunctDay1": 69.5, "FunctDay3": 80.2, "FunctDay7": 83.6, "FunctDay14": 84.2, "FunctDay30": 85.1, "FunctDay90": 91.2, "EconLoss": 140011.28125, "Name": "'SAN RAMON CREEK'", "City": "null", "State": "null" }, "geometry": { "type": "Point", "coordinates": [ -121.981103, 37.806508 ] } },
{ "type": "Feature", "properties": { "FacilityType": "HighwayBridge", "FacilityId": "CA007367", "Anchor": "null", "FoundationType": "null", "eqBldgType": "null", "DesignLevel": "null", "SoilType": "D", "LqfSusCat": 0, "LndSusCat": 0, "WaterDepth": 5.0, "Distance": "null", "PGA": 0.29757538437843323, "PGV": 10.518417358398438, "Sa03": 0.67064261436462402, "Sa10": 0.28520533442497253, "LqfSettlPGD": 0.0, "LqfSprPGD": 0.0, "LqfProb": 0.0, "LndPGD": 0.0, "LndProb": 0.0, "SufFltRuptPGD": 29.523393630981445, "SurfFltRuptProb": 0.5, "PDsNone": 0.8924, "PDsSlight": 0.079, "PDsModerate": 0.0159, "PDsExtensive": 0.0096, "PDsComplete": 0.0029, "PDsExceedSlight": 0.1075, "PDsExceedModerate": 0.0285, "PDsExceedExtensive": 0.0126, "FunctDay1": 95.6, "FunctDay3": 98.0, "FunctDay7": 98.7, "FunctDay14": 98.8, "FunctDay30": 98.8, "FunctDay90": 99.3, "EconLoss": 4888.0537109375, "Name": "'COW CREEK'", "City": "null", "State": "null" }, "geometry": { "type": "Point", "coordinates": [ -121.973997, 37.796389 ] } },
{ "type": "Feature", "properties": { "FacilityType": "HighwayBridge", "FacilityId": "CA007368", "Anchor": "null", "FoundationType": "null", "eqBldgType": "null", "DesignLevel": "null", "SoilType": "D", "LqfSusCat": 0, "LndSusCat": 0, "WaterDepth": 5.0, "Distance": "null", "PGA": 0.32041805982589722, "PGV": 12.237601280212402, "Sa03": 0.74365264177322388, "Sa10": 0.33581742644309998, "LqfSettlPGD": 0.0, "LqfSprPGD": 0.0, "LqfProb": 0.0, "LndPGD": 0.0, "LndProb": 0.0, "SufFltRuptPGD": 29.523393630981445, "SurfFltRuptProb": 0.5, "PDsNone": 0.926, "PDsSlight": 0.0395, "PDsModerate": 0.0175, "PDsExtensive": 0.0134, "PDsComplete": 0.0034, "PDsExceedSlight": 0.0739, "PDsExceedModerate": 0.0344, "PDsExceedExtensive": 0.0168, "FunctDay1": 96.1, "FunctDay3": 97.6, "FunctDay7": 98.2, "FunctDay14": 98.4, "FunctDay30": 98.5, "FunctDay90": 99.1, "EconLoss": 3411.72412109375, "Name": "'GREEN VALLEY CREEK'", "City": "null", "State": "null" }, "geometry": { "type": "Point", "coordinates": [ -121.998222, 37.823661 ] } },
{ "type": "Feature", "properties": { "FacilityType": "HighwayBridge", "FacilityId": "CA007369", "Anchor": "null", "FoundationType": "null", "eqBldgType": "null", "DesignLevel": "null", "SoilType": "D", "LqfSusCat": 0, "LndSusCat": 0, "WaterDepth": 5.0, "Distance": "null", "PGA": 0.32041805982589722, "PGV": 12.237601280212402, "Sa03": 0.74365264177322388, "Sa10": 0.33581742644309998, "LqfSettlPGD": 0.0, "LqfSprPGD": 0.0, "LqfProb": 0.0, "LndPGD": 0.0, "LndProb": 0.0, "SufFltRuptPGD": 29.523393630981445, "SurfFltRuptProb": 0.5, "PDsNone": 0.8332, "PDsSlight": 0.1028, "PDsModerate": 0.0322, "PDsExtensive": 0.0228, "PDsComplete": 0.0087, "PDsExceedSlight": 0.1667, "PDsExceedModerate": 0.0638, "PDsExceedExtensive": 0.0316, "FunctDay1": 92.0, "FunctDay3": 95.5, "FunctDay7": 96.8, "FunctDay14": 97.0, "FunctDay30": 97.1, "FunctDay90": 98.3, "EconLoss": 17250.4140625, "Name": "'SAN RAMON CREEK'", "City": "null", "State": "null" }, "geometry": { "type": "Point", "coordinates": [ -121.977839, 37.794964 ] } },
{ "type": "Feature", "properties": { "FacilityType": "HighwayBridge", "FacilityId": "CA007370", "Anchor": "null", "FoundationType": "null", "eqBldgType": "null", "DesignLevel": "null", "SoilType": "D", "LqfSusCat": 0, "LndSusCat": 0, "WaterDepth": 5.0, "Distance": "null", "PGA": 0.32041805982589722, "PGV": 12.237601280212402, "Sa03": 0.74365264177322388, "Sa10": 0.33581742644309998, "LqfSettlPGD": 0.0, "LqfSprPGD": 0.0, "LqfProb": 0.0, "LndPGD": 0.0, "LndProb": 0.0, "SufFltRuptPGD": 29.523393630981445, "SurfFltRuptProb": 0.5, "PDsNone": 0.9484, "PDsSlight": 0.0, "PDsModerate": 0.0267, "PDsExtensive": 0.0181, "PDsComplete": 0.0065, "PDsExceedSlight": 0.0515, "PDsExceedModerate": 0.0515, "PDsExceedExtensive": 0.0247, "FunctDay1": 95.6, "FunctDay3": 96.4, "FunctDay7": 97.4, "FunctDay14": 97.6, "FunctDay30": 97.7, "FunctDay90": 98.7, "EconLoss": 16188.0947265625, "Name": "'SAN RAMON CREEK'", "City": "null", "State": "null" }, "geometry": { "type": "Point", "coordinates": [ -121.977003, 37.800717 ] } },
{ "type": "Feature", "properties": { "FacilityType": "HighwayBridge", "FacilityId": "CA007371", "Anchor": "null", "FoundationType": "null", "eqBldgType": "null", "DesignLevel": "null", "SoilType": "D", "LqfSusCat": 0, "LndSusCat": 0, "WaterDepth": 5.0, "Distance": "null", "PGA": 0.32494053244590759, "PGV": 14.086722373962402, "Sa03": 0.80031126737594604, "Sa10": 0.42130327224731445, "LqfSettlPGD": 0.0, "LqfSprPGD": 0.0, "LqfProb": 0.0, "LndPGD": 0.0, "LndProb": 0.0, "SufFltRuptPGD": 29.523393630981445, "SurfFltRuptProb": 0.5, "PDsNone": 0.8574, "PDsSlight": 0.0677, "PDsModerate": 0.0343, "PDsExtensive": 0.0304, "PDsComplete": 0.01, "PDsExceedSlight": 0.1425, "PDsExceedModerate": 0.0748, "PDsExceedExtensive": 0.0405, "FunctDay1": 91.9, "FunctDay3": 94.6, "FunctDay7": 95.9, "FunctDay14": 96.1, "FunctDay30": 96.4, "FunctDay90": 97.9, "EconLoss": 18716.0234375, "Name": "'CONTRA COSTA CANAL'", "City": "null", "State": "null" }, "geometry": { "type": "Point", "coordinates": [ -122.073856, 37.971294 ] } },
{ "type": "Feature", "properties": { "FacilityType": "HighwayBridge", "FacilityId": "CA007372", "Anchor": "null", "FoundationType": "null", "eqBldgType": "null", "DesignLevel": "null", "SoilType": "D", "LqfSusCat": 0, "LndSusCat": 0, "WaterDepth": 5.0, "Distance": "null", "PGA": 0.21633027493953705, "PGV": 8.5382785797119141, "Sa03": 0.53441286087036133, "Sa10": 0.24253241717815399, "LqfSettlPGD": 0.0, "LqfSprPGD": 0.0, "LqfProb": 0.0, "LndPGD": 0.0, "LndProb": 0.0, "SufFltRuptPGD": 29.523393630981445, "SurfFltRuptProb": 0.5, "PDsNone": 0.9766, "PDsSlight": 0.0125, "PDsModerate": 0.0061, "PDsExtensive": 0.0039, "PDsComplete": 0.0007, "PDsExceedSlight": 0.0233, "PDsExceedModerate": 0.0107, "PDsExceedExtensive": 0.0046, "FunctDay1": 98.7, "FunctDay3": 99.2, "FunctDay7": 99.5, "FunctDay14": 99.5, "FunctDay30": 99.5, "FunctDay90": 99.7, "EconLoss": 710.9744873046875, "Name": "'MARSH CREEK'", "City": "null", "State": "null" }, "geometry": { "type": "Point", "coordinates": [ -121.71635, 37.903683 ] } },
{ "type": "Feature", "properties": { "FacilityType": "HighwayBridge", "FacilityId": "CA007373", "Anchor": "null", "FoundationType": "null", "eqBldgType": "null", "DesignLevel": "null", "SoilType": "D", "LqfSusCat": 0, "LndSusCat": 0, "WaterDepth": 5.0, "Distance": "null", "PGA": 0.20696081221103668, "PGV": 8.1355552673339844, "Sa03": 0.50839072465896606, "Sa10": 0.22994750738143921, "LqfSettlPGD": 0.0, "LqfSprPGD": 0.0, "LqfProb": 0.0, "LndPGD": 0.0, "LndProb": 0.0, "SufFltRuptPGD": 29.523393630981445, "SurfFltRuptProb": 0.5, "PDsNone": 0.9776, "PDsSlight": 0.0, "PDsModerate": 0.0119, "PDsExtensive": 0.0085, "PDsComplete": 0.0019, "PDsExceedSlight": 0.0223, "PDsExceedModerate": 0.0223, "PDsExceedExtensive": 0.0104, "FunctDay1": 98.1, "FunctDay3": 98.4, "FunctDay7": 98.9, "FunctDay14": 99.0, "FunctDay30": 99.0, "FunctDay90": 99.5, "EconLoss": 13675.087890625, "Name": "'SAND CREEK'", "City": "null", "State": "null" }, "geometry": { "type": "Point", "coordinates": [ -121.723358, 37.944128 ] } },
{ "type": "Feature", "properties": { "FacilityType": "HighwayBridge", "FacilityId": "CA007374", "Anchor": "null", "FoundationType": "null", "eqBldgType": "null", "DesignLevel": "null", "SoilType": "D", "LqfSusCat": 0, "LndSusCat": 0, "WaterDepth": 5.0, "Distance": "null", "PGA": 0.20696081221103668, "PGV": 8.1355552673339844, "Sa03": 0.50839072465896606, "Sa10": 0.22994750738143921, "LqfSettlPGD": 0.0, "LqfSprPGD": 0.0, "LqfProb": 0.0, "LndPGD": 0.0, "LndProb": 0.0, "SufFltRuptPGD": 29.523393630981445, "SurfFltRuptProb": 0.5, "PDsNone": 0.9811, "PDsSlight": 0.0113, "PDsModerate": 0.0044, "PDsExtensive": 0.0026, "PDsComplete": 0.0004, "PDsExceedSlight": 0.0188, "PDsExceedModerate": 0.0075, "PDsExceedExtensive": 0.0031, "FunctDay1": 99.0, "FunctDay3": 99.5, "FunctDay7": 99.6, "FunctDay14": 99.7, "FunctDay30": 99.7, "FunctDay90": 99.8, "EconLoss": 1385.895751953125, "Name": "'MARSH CREEK'", "City": "null", "State": "null" }, "geometry": { "type": "Point", "coordinates": [ -121.711289, 37.932589 ] } },
{ "type": "Feature", "properties": { "FacilityType": "HighwayBridge", "FacilityId": "CA007375", "Anchor": "null", "FoundationType": "null", "eqBldgType": "null", "DesignLevel": "null", "SoilType": "D", "LqfSusCat": 0, "LndSusCat": 0, "WaterDepth": 5.0, "Distance": "null", "PGA": 0.26049831509590149, "PGV": 9.1479768753051758, "Sa03": 0.59168910980224609, "Sa10": 0.25100517272949219, "LqfSettlPGD": 0.0, "LqfSprPGD": 0.0, "LqfProb": 0.0, "LndPGD": 0.0, "LndProb": 0.0, "SufFltRuptPGD": 29.523393630981445, "SurfFltRuptProb": 0.5, "PDsNone": 0.9733, "PDsSlight": 0.016, "PDsModerate": 0.006, "PDsExtensive": 0.0038, "PDsComplete": 0.0007, "PDsExceedSlight": 0.0266, "PDsExceedModerate": 0.0106, "PDsExceedExtensive": 0.0045, "FunctDay1": 98.7, "FunctDay3": 99.2, "FunctDay7": 99.5, "FunctDay14": 99.5, "FunctDay30": 99.5, "FunctDay90": 99.7, "EconLoss": 4361.0537109375, "Name": "'TASSAJARA CREEK'", "City": "null", "State": "null" }, "geometry": { "type": "Point", "coordinates": [ -121.860964, 37.775792 ] } },
{ "type": "Feature", "properties": { "FacilityType": "HighwayBridge", "FacilityId": "CA007376", "Anchor": "null", "FoundationType": "null", "eqBldgType": "null", "DesignLevel": "null", "SoilType": "D", "LqfSusCat": 0, "LndSusCat": 0, "WaterDepth": 5.0, "Distance": "null", "PGA": 0.1994965672492981, "PGV": 7.9972310066223145, "Sa03": 0.4967210590839386, "Sa10": 0.22938884794712067, "LqfSettlPGD": 0.0, "LqfSprPGD": 0.0, "LqfProb": 0.0, "LndPGD": 0.0, "LndProb": 0.0, "SufFltRuptPGD": 29.523393630981445, "SurfFltRuptProb": 0.5, "PDsNone": 0.9813, "PDsSlight": 0.0116, "PDsModerate": 0.0041, "PDsExtensive": 0.0024, "PDsComplete": 0.0004, "PDsExceedSlight": 0.0186, "PDsExceedModerate": 0.007, "PDsExceedExtensive": 0.0029, "FunctDay1": 99.1, "FunctDay3": 99.5, "FunctDay7": 99.6, "FunctDay14": 99.7, "FunctDay30": 99.7, "FunctDay90": 99.8, "EconLoss": 3245.921630859375, "Name": "'DELTA-MENDOTA CANAL'", "City": "null", "State": "null" }, "geometry": { "type": "Point", "coordinates": [ -121.561164, 37.815689 ] } },
{ "type": "Feature", "properties": { "FacilityType": "HighwayBridge", "FacilityId": "CA007377", "Anchor": "null", "FoundationType": "null", "eqBldgType": "null", "DesignLevel": "null", "SoilType": "D", "LqfSusCat": 0, "LndSusCat": 0, "WaterDepth": 5.0, "Distance": "null", "PGA": 0.20270222425460815, "PGV": 8.1746959686279297, "Sa03": 0.50676202774047852, "Sa10": 0.23597131669521332, "LqfSettlPGD": 0.0, "LqfSprPGD": 0.0, "LqfProb": 0.0, "LndPGD": 0.0, "LndProb": 0.0, "SufFltRuptPGD": 29.523393630981445, "SurfFltRuptProb": 0.5, "PDsNone": 0.979, "PDsSlight": 0.0128, "PDsModerate": 0.0046, "PDsExtensive": 0.0028, "PDsComplete": 0.0004, "PDsExceedSlight": 0.0209, "PDsExceedModerate": 0.008, "PDsExceedExtensive": 0.0033, "FunctDay1": 99.0, "FunctDay3": 99.4, "FunctDay7": 99.6, "FunctDay14": 99.6, "FunctDay30": 99.6, "FunctDay90": 99.8, "EconLoss": 1251.038818359375, "Name": "'ITALIAN SLOUGH'", "City": "null", "State": "null" }, "geometry": { "type": "Point", "coordinates": [ -121.60335, 37.837956 ] } },
{ "type": "Feature", "properties": { "FacilityType": "HighwayBridge", "FacilityId": "CA007378", "Anchor": "null", "FoundationType": "null", "eqBldgType": "null", "DesignLevel": "null", "SoilType": "D", "LqfSusCat": 0, "LndSusCat": 0, "WaterDepth": 5.0, "Distance": "null", "PGA": 0.19384707510471344, "PGV": 8.4068498611450195, "Sa03": 0.50997316837310791, "Sa10": 0.25659772753715515, "LqfSettlPGD": 0.0, "LqfSprPGD": 0.0, "LqfProb": 0.0, "LndPGD": 0.0, "LndProb": 0.0, "SufFltRuptPGD": 29.523393630981445, "SurfFltRuptProb": 0.5, "PDsNone": 0.9709, "PDsSlight": 0.0173, "PDsModerate": 0.0066, "PDsExtensive": 0.0042, "PDsComplete": 0.0008, "PDsExceedSlight": 0.029, "PDsExceedModerate": 0.0116, "PDsExceedExtensive": 0.005, "FunctDay1": 98.5, "FunctDay3": 99.2, "FunctDay7": 99.4, "FunctDay14": 99.5, "FunctDay30": 99.5, "FunctDay90": 99.7, "EconLoss": 11146.9775390625, "Name": "'DUTCH SLOUGH'", "City": "null", "State": "null" }, "geometry": { "type": "Point", "coordinates": [ -121.660614, 38.011953 ] } },
{ "type": "Feature", "properties": { "FacilityType": "HighwayBridge", "FacilityId": "CA007379", "Anchor": "null", "FoundationType": "null", "eqBldgType": "null", "DesignLevel": "null", "SoilType": "D", "LqfSusCat": 0, "LndSusCat": 0, "WaterDepth": 5.0, "Distance": "null", "PGA": 0.29659819602966309, "PGV": 10.486924171447754, "Sa03": 0.67186164855957031, "Sa10": 0.28059494495391846, "LqfSettlPGD": 0.0, "LqfSprPGD": 0.0, "LqfProb": 0.0, "LndPGD": 0.0, "LndProb": 0.0, "SufFltRuptPGD": 29.523393630981445, "SurfFltRuptProb": 0.5, "PDsNone": 0.9596, "PDsSlight": 0.0184, "PDsModerate": 0.0117, "PDsExtensive": 0.0083, "PDsComplete": 0.0018, "PDsExceedSlight": 0.0403, "PDsExceedModerate": 0.0219, "PDsExceedExtensive": 0.0102, "FunctDay1": 97.7, "FunctDay3": 98.5, "FunctDay7": 98.9, "FunctDay14": 99.0, "FunctDay30": 99.0, "FunctDay90": 99.5, "EconLoss": 3716.460205078125, "Name": "'ARROYO DEL HAMBRE'", "City": "null", "State": "null" }, "geometry": { "type": "Point", "coordinates": [ -122.135981, 38.016747 ] } },
{ "type": "Feature", "properties": { "FacilityType": "HighwayBridge", "FacilityId": "CA007380", "Anchor": "null", "FoundationType": "null", "eqBldgType": "null", "DesignLevel": "null", "SoilType": "D", "LqfSusCat": 0, "LndSusCat": 0, "WaterDepth": 5.0, "Distance": "null", "PGA": 0.29659819602966309, "PGV": 10.486924171447754, "Sa03": 0.67186164855957031, "Sa10": 0.28059494495391846, "LqfSettlPGD": 0.0, "LqfSprPGD": 0.0, "LqfProb": 0.0, "LndPGD": 0.0, "LndProb": 0.0, "SufFltRuptPGD": 29.523393630981445, "SurfFltRuptProb": 0.5, "PDsNone": 0.9596, "PDsSlight": 0.0114, "PDsModerate": 0.015, "PDsExtensive": 0.0111, "PDsComplete": 0.0027, "PDsExceedSlight": 0.0403, "PDsExceedModerate": 0.0289, "PDsExceedExtensive": 0.0139, "FunctDay1": 97.2, "FunctDay3": 98.0, "FunctDay7": 98.5, "FunctDay14": 98.6, "FunctDay30": 98.7, "FunctDay90": 99.3, "EconLoss": 10060.923828125, "Name": "'ARROYO DEL HAMBRE'", "City": "null", "State": "null" }, "geometry": { "type": "Point", "coordinates": [ -122.136667, 38.017128 ] } },
{ "type": "Feature", "properties": { "FacilityType": "HighwayBridge", "FacilityId": "CA007381", "Anchor": "null", "FoundationType": "null", "eqBldgType": "null", "DesignLevel": "null", "SoilType": "D", "LqfSusCat": 0, "LndSusCat": 0, "WaterDepth": 5.0, "Distance": "null", "PGA": 0.32041805982589722, "PGV": 12.237601280212402, "Sa03": 0.74365264177322388, "Sa10": 0.33581742644309998, "LqfSettlPGD": 0.0, "LqfSprPGD": 0.0, "LqfProb": 0.0, "LndPGD": 0.0, "LndProb": 0.0, "SufFltRuptPGD": 29.523393630981445, "SurfFltRuptProb": 0.5, "PDsNone": 0.926, "PDsSlight": 0.0395, "PDsModerate": 0.0175, "PDsExtensive": 0.0134, "PDsComplete": 0.0034, "PDsExceedSlight": 0.0739, "PDsExceedModerate": 0.0344, "PDsExceedExtensive": 0.0168, "FunctDay1": 96.1, "FunctDay3": 97.6, "FunctDay7": 98.2, "FunctDay14": 98.4, "FunctDay30": 98.5, "FunctDay90": 99.1, "EconLoss": 3836.911865234375, "Name": "'SYCAMORE CREEK'", "City": "null", "State": "null" }, "geometry": { "type": "Point", "coordinates": [ -121.981314, 37.811578 ] } },
{ "type": "Feature", "properties": { "FacilityType": "HighwayBridge", "FacilityId": "CA007382", "Anchor": "null", "FoundationType": "null", "eqBldgType": "null", "DesignLevel": "null", "SoilType": "D", "LqfSusCat": 0, "LndSusCat": 0, "WaterDepth": 5.0, "Distance": "null", "PGA": 0.30383887887001038, "PGV": 10.245465278625488, "Sa03": 0.66524195671081543, "Sa10": 0.26814252138137817, "LqfSettlPGD": 0.0, "LqfSprPGD": 0.0, "LqfProb": 0.0, "LndPGD": 0.0, "LndProb": 0.0, "SufFltRuptPGD": 29.523393630981445, "SurfFltRuptProb": 0.5, "PDsNone": 0.9657, "PDsSlight": 0.0168, "PDsModerate": 0.0094, "PDsExtensive": 0.0064, "PDsComplete": 0.0013, "PDsExceedSlight": 0.0342, "PDsExceedModerate": 0.0173, "PDsExceedExtensive": 0.0078, "FunctDay1": 98.1, "FunctDay3": 98.8, "FunctDay7": 99.1, "FunctDay14": 99.2, "FunctDay30": 99.2, "FunctDay90": 99.6, "EconLoss": 3378.498291015625, "Name": "'CONTRA COSTA CANAL'", "City": "null", "State": "null" }, "geometry": { "type": "Point", "coordinates": [ -122.076772, 37.967397 ] } },
{ "type": "Feature", "properties": { "FacilityType": "HighwayBridge", "FacilityId": "CA007383", "Anchor": "null", "FoundationType": "null", "eqBldgType": "null", "DesignLevel": "null", "SoilType": "D", "LqfSusCat": 0, "LndSusCat": 0, "WaterDepth": 5.0, "Distance": "null", "PGA": 0.32494053244590759, "PGV": 14.086722373962402, "Sa03": 0.80031126737594604, "Sa10": 0.42130327224731445, "LqfSettlPGD": 0.0, "LqfSprPGD": 0.0, "LqfProb": 0.0, "LndPGD": 0.0, "LndProb": 0.0, "SufFltRuptPGD": 29.523393630981445, "SurfFltRuptProb": 0.5, "PDsNone": 0.8574, "PDsSlight": 0.0677, "PDsModerate": 0.0343, "PDsExtensive": 0.0304, "PDsComplete": 0.01, "PDsExceedSlight": 0.1425, "PDsExceedModerate": 0.0748, "PDsExceedExtensive": 0.0405, "FunctDay1": 91.9, "FunctDay3": 94.6, "FunctDay7": 95.9, "FunctDay14": 96.1, "FunctDay30": 96.4, "FunctDay90": 97.9, "EconLoss": 33596.53125, "Name": "'GRAYSON CREEK'", "City": "null", "State": "null" }, "geometry": { "type": "Point", "coordinates": [ -122.066783, 37.966519 ] } },
{ "type": "Feature", "properties": { "FacilityType": "HighwayBridge", "FacilityId": "CA007384", "Anchor": "null", "FoundationType": "null", "eqBldgType": "null", "DesignLevel": "null", "SoilType": "D", "LqfSusCat": 0, "LndSusCat": 0, "WaterDepth": 5.0, "Distance": "null", "PGA": 0.32494053244590759, "PGV": 14.086722373962402, "Sa03": 0.80031126737594604, "Sa10": 0.42130327224731445, "LqfSettlPGD": 0.0, "LqfSprPGD": 0.0, "LqfProb": 0.0, "LndPGD": 0.0, "LndProb": 0.0, "SufFltRuptPGD": 29.523393630981445, "SurfFltRuptProb": 0.5, "PDsNone": 0.8574, "PDsSlight": 0.0672, "PDsModerate": 0.0344, "PDsExtensive": 0.0306, "PDsComplete": 0.0101, "PDsExceedSlight": 0.1425, "PDsExceedModerate": 0.0752, "PDsExceedExtensive": 0.0408, "FunctDay1": 91.8, "FunctDay3": 94.5, "FunctDay7": 95.9, "FunctDay14": 96.1, "FunctDay30": 96.3, "FunctDay90": 97.9, "EconLoss": 16387.6640625, "Name": "'GRAYSON CREEK'", "City": "null", "State": "null" }, "geometry": { "type": "Point", "coordinates": [ -122.066283, 37.959933 ] } },
{ "type": "Feature", "properties": { "FacilityType": "HighwayBridge", "FacilityId": "CA007385", "Anchor": "null", "FoundationType": "null", "eqBldgType": "null", "DesignLevel": "null", "SoilType": "D", "LqfSusCat": 0, "LndSusCat": 0, "WaterDepth": 5.0, "Distance": "null", "PGA": 0.32494053244590759, "PGV": 14.086722373962402, "Sa03": 0.80031126737594604, "Sa10": 0.42130327224731445, "LqfSettlPGD": 0.0, "LqfSprPGD": 0.0, "LqfProb": 0.0, "LndPGD": 0.0, "LndProb": 0.0, "SufFltRuptPGD": 29.523393630981445, "SurfFltRuptProb": 0.5, "PDsNone": 0.8574, "PDsSlight": 0.0616, "PDsModerate": 0.0366, "PDsExtensive": 0.0331, "PDsComplete": 0.0112, "PDsExceedSlight": 0.1425, "PDsExceedModerate": 0.0809, "PDsExceedExtensive": 0.0443, "FunctDay1": 91.5, "FunctDay3": 94.1, "FunctDay7": 95.5, "FunctDay14": 95.8, "FunctDay30": 96.0, "FunctDay90": 97.7, "EconLoss": 17829.2578125, "Name": "'GRAYSON CREEK'", "City": "null", "State": "null" }, "geometry": { "type": "Point", "coordinates": [ -122.073397, 37.956578 ] } },
{ "type": "Feature", "properties": { "FacilityType": "HighwayBridge", "FacilityId": "CA007386", "Anchor": "null", "FoundationType": "null", "eqBldgType": "null", "DesignLevel": "null", "SoilType": "D", "LqfSusCat": 0, "LndSusCat": 0, "WaterDepth": 5.0, "Distance": "null", "PGA": 0.32494053244590759, "PGV": 14.086722373962402, "Sa03": 0.80031126737594604, "Sa10": 0.42130327224731445, "LqfSettlPGD": 0.0, "LqfSprPGD": 0.0, "LqfProb": 0.0, "LndPGD": 0.0, "LndProb": 0.0, "SufFltRuptPGD": 29.523393630981445, "SurfFltRuptProb": 0.5, "PDsNone": 0.8574, "PDsSlight": 0.0677, "PDsModerate": 0.0343, "PDsExtensive": 0.0304, "PDsComplete": 0.01, "PDsExceedSlight": 0.1425, "PDsExceedModerate": 0.0748, "PDsExceedExtensive": 0.0405, "FunctDay1": 91.9, "FunctDay3": 94.6, "FunctDay7": 95.9, "FunctDay14": 96.1, "FunctDay30": 96.4, "FunctDay90": 97.9, "EconLoss": 11804.7392578125, "Name": "'GRAYSON CREEK'", "City": "null", "State": "null" }, "geometry": { "type": "Point", "coordinates": [ -122.074556, 37.955883 ] } },
{ "type": "Feature", "properties": { "FacilityType": "HighwayBridge", "FacilityId": "CA007387", "Anchor": "null", "FoundationType": "null", "eqBldgType": "null", "DesignLevel": "null", "SoilType": "D", "LqfSusCat": 0, "LndSusCat": 0, "WaterDepth": 5.0, "Distance": "null", "PGA": 0.27735394239425659, "PGV": 10.04581356048584, "Sa03": 0.62787985801696777, "Sa10": 0.26528066396713257, "LqfSettlPGD": 0.0, "LqfSprPGD": 0.0, "LqfProb": 0.0, "LndPGD": 0.0, "LndProb": 0.0, "SufFltRuptPGD": 29.523393630981445, "SurfFltRuptProb": 0.5, "PDsNone": 0.967, "PDsSlight": 0.0185, "PDsModerate": 0.008, "PDsExtensive": 0.0053, "PDsComplete": 0.001, "PDsExceedSlight": 0.0329, "PDsExceedModerate": 0.0143, "PDsExceedExtensive": 0.0063, "FunctDay1": 98.3, "FunctDay3": 99.0, "FunctDay7": 99.3, "FunctDay14": 99.3, "FunctDay30": 99.4, "FunctDay90": 99.6, "EconLoss": 2485.24072265625, "Name": "'PINOLE CREEK'", "City": "null", "State": "null" }, "geometry": { "type": "Point", "coordinates": [ -122.283836, 37.990842 ] } },
{ "type": "Feature", "properties": { "FacilityType": "HighwayBridge", "FacilityId": "CA007388", "Anchor": "null", "FoundationType": "null", "eqBldgType": "null", "DesignLevel": "null", "SoilType": "D", "LqfSusCat": 0, "LndSusCat": 0, "WaterDepth": 5.0, "Distance": "null", "PGA": 0.27735394239425659, "PGV": 10.04581356048584, "Sa03": 0.62787985801696777, "Sa10": 0.26528066396713257, "LqfSettlPGD": 0.0, "LqfSprPGD": 0.0, "LqfProb": 0.0, "LndPGD": 0.0, "LndProb": 0.0, "SufFltRuptPGD": 29.523393630981445, "SurfFltRuptProb": 0.5, "PDsNone": 0.9131, "PDsSlight": 0.0592, "PDsModerate": 0.0154, "PDsExtensive": 0.0093, "PDsComplete": 0.0028, "PDsExceedSlight": 0.0868, "PDsExceedModerate": 0.0276, "PDsExceedExtensive": 0.0122, "FunctDay1": 96.2, "FunctDay3": 98.1, "FunctDay7": 98.7, "FunctDay14": 98.8, "FunctDay30": 98.9, "FunctDay90": 99.3, "EconLoss": 10455.9443359375, "Name": "'PINOLE CREEK'", "City": "null", "State": "null" }, "geometry": { "type": "Point", "coordinates": [ -122.279764, 37.985361 ] } },
{ "type": "Feature", "properties": { "FacilityType": "HighwayBridge", "FacilityId": "CA007389", "Anchor": "null", "FoundationType": "null", "eqBldgType": "null", "DesignLevel": "null", "SoilType": "D", "LqfSusCat": 0, "LndSusCat": 0, "WaterDepth": 5.0, "Distance": "null", "PGA": 0.28016680479049683, "PGV": 10.005664825439453, "Sa03": 0.62862586975097656, "Sa10": 0.27086547017097473, "LqfSettlPGD": 0.0, "LqfSprPGD": 0.0, "LqfProb": 0.0, "LndPGD": 0.0, "LndProb": 0.0, "SufFltRuptPGD": 29.523393630981445, "SurfFltRuptProb": 0.5, "PDsNone": 0.9644, "PDsSlight": 0.0203, "PDsModerate": 0.0084, "PDsExtensive": 0.0056, "PDsComplete": 0.0011, "PDsExceedSlight": 0.0355, "PDsExceedModerate": 0.0152, "PDsExceedExtensive": 0.0067, "FunctDay1": 98.2, "FunctDay3": 98.9, "FunctDay7": 99.3, "FunctDay14": 99.3, "FunctDay30": 99.3, "FunctDay90": 99.6, "EconLoss": 918.6275634765625, "Name": "'SAN PABLO CREEK'", "City": "null", "State": "null" }, "geometry": { "type": "Point", "coordinates": [ -122.281008, 37.961794 ] } },
{ "type": "Feature", "properties": { "FacilityType": "HighwayBridge", "FacilityId": "CA007390", "Anchor": "null", "FoundationType": "null", "eqBldgType": "null", "DesignLevel": "null", "SoilType": "D", "LqfSusCat": 0, "LndSusCat": 0, "WaterDepth": 5.0, "Distance": "null", "PGA": 0.28016680479049683, "PGV": 10.005664825439453, "Sa03": 0.62862586975097656, "Sa10": 0.27086547017097473, "LqfSettlPGD": 0.0, "LqfSprPGD": 0.0, "LqfProb": 0.0, "LndPGD": 0.0, "LndProb": 0.0, "SufFltRuptPGD": 29.523393630981445, "SurfFltRuptProb": 0.5, "PDsNone": 0.9644, "PDsSlight": 0.0203, "PDsModerate": 0.0084, "PDsExtensive": 0.0056, "PDsComplete": 0.0011, "PDsExceedSlight": 0.0355, "PDsExceedModerate": 0.0152, "PDsExceedExtensive": 0.0067, "FunctDay1": 98.2, "FunctDay3": 98.9, "FunctDay7": 99.3, "FunctDay14": 99.3, "FunctDay30": 99.3, "FunctDay90": 99.6, "EconLoss": 918.6275634765625, "Name": "'SAN PABLO CREEK'", "City": "null", "State": "null" }, "geometry": { "type": "Point", "coordinates": [ -122.296678, 37.964869 ] } },
{ "type": "Feature", "properties": { "FacilityType": "HighwayBridge", "FacilityId": "CA007391", "Anchor": "null", "FoundationType": "null", "eqBldgType": "null", "DesignLevel": "null", "SoilType": "D", "LqfSusCat": 0, "LndSusCat": 0, "WaterDepth": 5.0, "Distance": "null", "PGA": 0.32553109526634216, "PGV": 12.258646011352539, "Sa03": 0.75154876708984375, "Sa10": 0.33662161231040955, "LqfSettlPGD": 0.0, "LqfSprPGD": 0.0, "LqfProb": 0.0, "LndPGD": 0.0, "LndProb": 0.0, "SufFltRuptPGD": 29.523393630981445, "SurfFltRuptProb": 0.5, "PDsNone": 0.909, "PDsSlight": 0.0, "PDsModerate": 0.0, "PDsExtensive": 0.0666, "PDsComplete": 0.0242, "PDsExceedSlight": 0.0909, "PDsExceedModerate": 0.0909, "PDsExceedExtensive": 0.0909, "FunctDay1": 91.2, "FunctDay3": 91.2, "FunctDay7": 91.3, "FunctDay14": 91.4, "FunctDay30": 91.9, "FunctDay90": 95.4, "EconLoss": 44531.66796875, "Name": "'LAS TRAMPAS CREEK'", "City": "null", "State": "null" }, "geometry": { "type": "Point", "coordinates": [ -122.097236, 37.886878 ] } },
{ "type": "Feature", "properties": { "FacilityType": "HighwayBridge", "FacilityId": "CA007392", "Anchor": "null", "FoundationType": "null", "eqBldgType": "null", "DesignLevel": "null", "SoilType": "D", "LqfSusCat": 0, "LndSusCat": 0, "WaterDepth": 5.0, "Distance": "null", "PGA": 0.31993821263313293, "PGV": 11.802117347717285, "Sa03": 0.73467093706130981, "Sa10": 0.32258957624435425, "LqfSettlPGD": 0.0, "LqfSprPGD": 0.0, "LqfProb": 0.0, "LndPGD": 0.0, "LndProb": 0.0, "SufFltRuptPGD": 29.523393630981445, "SurfFltRuptProb": 0.5, "PDsNone": 0.9349, "PDsSlight": 0.0353, "PDsModerate": 0.0153, "PDsExtensive": 0.0114, "PDsComplete": 0.0028, "PDsExceedSlight": 0.065, "PDsExceedModerate": 0.0296, "PDsExceedExtensive": 0.0142, "FunctDay1": 96.6, "FunctDay3": 97.9, "FunctDay7": 98.5, "FunctDay14": 98.6, "FunctDay30": 98.7, "FunctDay90": 99.3, "EconLoss": 6368.16162109375, "Name": "'PINE CREEK'", "City": "null", "State": "null" }, "geometry": { "type": "Point", "coordinates": [ -122.010222, 37.917822 ] } },
{ "type": "Feature", "properties": { "FacilityType": "HighwayBridge", "FacilityId": "CA007393", "Anchor": "null", "FoundationType": "null", "eqBldgType": "null", "DesignLevel": "null", "SoilType": "D", "LqfSusCat": 0, "LndSusCat": 0, "WaterDepth": 5.0, "Distance": "null", "PGA": 0.32553109526634216, "PGV": 12.258646011352539, "Sa03": 0.75154876708984375, "Sa10": 0.33662161231040955, "LqfSettlPGD": 0.0, "LqfSprPGD": 0.0, "LqfProb": 0.0, "LndPGD": 0.0, "LndProb": 0.0, "SufFltRuptPGD": 29.523393630981445, "SurfFltRuptProb": 0.5, "PDsNone": 0.9069, "PDsSlight": 0.0, "PDsModerate": 0.0, "PDsExtensive": 0.068, "PDsComplete": 0.0249, "PDsExceedSlight": 0.093, "PDsExceedModerate": 0.093, "PDsExceedExtensive": 0.093, "FunctDay1": 91.0, "FunctDay3": 91.0, "FunctDay7": 91.1, "FunctDay14": 91.2, "FunctDay30": 91.7, "FunctDay90": 95.2, "EconLoss": 105953.0703125, "Name": "'LAS TRAMPAS CREEK'", "City": "null", "State": "null" }, "geometry": { "type": "Point", "coordinates": [ -122.1027, 37.889742 ] } },
{ "type": "Feature", "properties": { "FacilityType": "HighwayBridge", "FacilityId": "CA007394", "Anchor": "null", "FoundationType": "null", "eqBldgType": "null", "DesignLevel": "null", "SoilType": "D", "LqfSusCat": 0, "LndSusCat": 0, "WaterDepth": 5.0, "Distance": "null", "PGA": 0.22777557373046875, "PGV": 8.8810701370239258, "Sa03": 0.55822324752807617, "Sa10": 0.24961048364639282, "LqfSettlPGD": 0.0, "LqfSprPGD": 0.0, "LqfProb": 0.0, "LndPGD": 0.0, "LndProb": 0.0, "SufFltRuptPGD": 29.523393630981445, "SurfFltRuptProb": 0.5, "PDsNone": 0.9738, "PDsSlight": 0.0157, "PDsModerate": 0.0059, "PDsExtensive": 0.0037, "PDsComplete": 0.0006, "PDsExceedSlight": 0.0261, "PDsExceedModerate": 0.0103, "PDsExceedExtensive": 0.0044, "FunctDay1": 98.7, "FunctDay3": 99.3, "FunctDay7": 99.5, "FunctDay14": 99.5, "FunctDay30": 99.5, "FunctDay90": 99.7, "EconLoss": 909.534423828125, "Name": "'LAKE ALHAMBRA'", "City": "null", "State": "null" }, "geometry": { "type": "Point", "coordinates": [ -121.795794, 38.0101 ] } },
{ "type": "Feature", "properties": { "FacilityType": "HighwayBridge", "FacilityId": "CA007395", "Anchor": "null", "FoundationType": "null", "eqBldgType": "null", "DesignLevel": "null", "SoilType": "D", "LqfSusCat": 0, "LndSusCat": 0, "WaterDepth": 5.0, "Distance": "null", "PGA": 0.24465948343276978, "PGV": 9.4923553466796875, "Sa03": 0.5979543924331665, "Sa10": 0.26503649353981018, "LqfSettlPGD": 0.0, "LqfSprPGD": 0.0, "LqfProb": 0.0, "LndPGD": 0.0, "LndProb": 0.0, "SufFltRuptPGD": 29.523393630981445, "SurfFltRuptProb": 0.5, "PDsNone": 0.9672, "PDsSlight": 0.0146, "PDsModerate": 0.0099, "PDsExtensive": 0.0068, "PDsComplete": 0.0014, "PDsExceedSlight": 0.0327, "PDsExceedModerate": 0.0181, "PDsExceedExtensive": 0.0082, "FunctDay1": 98.1, "FunctDay3": 98.7, "FunctDay7": 99.1, "FunctDay14": 99.2, "FunctDay30": 99.2, "FunctDay90": 99.6, "EconLoss": 7374.06689453125, "Name": "'CONTRA COSTA CANAL'", "City": "null", "State": "null" }, "geometry": { "type": "Point", "coordinates": [ -121.8295, 37.982997 ] } },
{ "type": "Feature", "properties": { "FacilityType": "HighwayBridge", "FacilityId": "CA007396", "Anchor": "null", "FoundationType": "null", "eqBldgType": "null", "DesignLevel": "null", "SoilType": "D", "LqfSusCat": 0, "LndSusCat": 0, "WaterDepth": 5.0, "Distance": "null", "PGA": 0.24465948343276978, "PGV": 9.4923553466796875, "Sa03": 0.5979543924331665, "Sa10": 0.26503649353981018, "LqfSettlPGD": 0.0, "LqfSprPGD": 0.0, "LqfProb": 0.0, "LndPGD": 0.0, "LndProb": 0.0, "SufFltRuptPGD": 29.523393630981445, "SurfFltRuptProb": 0.5, "PDsNone": 0.9672, "PDsSlight": 0.0193, "PDsModerate": 0.0075, "PDsExtensive": 0.0049, "PDsComplete": 0.0009, "PDsExceedSlight": 0.0327, "PDsExceedModerate": 0.0134, "PDsExceedExtensive": 0.0059, "FunctDay1": 98.4, "FunctDay3": 99.1, "FunctDay7": 99.3, "FunctDay14": 99.4, "FunctDay30": 99.4, "FunctDay90": 99.7, "EconLoss": 2253.722900390625, "Name": "'CONTRA COSTA CANAL'", "City": "null", "State": "null" }, "geometry": { "type": "Point", "coordinates": [ -121.84015, 37.989658 ] } },
{ "type": "Feature", "properties": { "FacilityType": "HighwayBridge", "FacilityId": "CA007397", "Anchor": "null", "FoundationType": "null", "eqBldgType": "null", "DesignLevel": "null", "SoilType": "D", "LqfSusCat": 0, "LndSusCat": 0, "WaterDepth": 5.0, "Distance": "null", "PGA": 0.30044370889663696, "PGV": 10.422507286071777, "Sa03": 0.67442941665649414, "Sa10": 0.26809030771255493, "LqfSettlPGD": 0.0, "LqfSprPGD": 0.0, "LqfProb": 0.0, "LndPGD": 0.0, "LndProb": 0.0, "SufFltRuptPGD": 29.523393630981445, "SurfFltRuptProb": 0.5, "PDsNone": 0.9649, "PDsSlight": 0.0066, "PDsModerate": 0.0147, "PDsExtensive": 0.0109, "PDsComplete": 0.0026, "PDsExceedSlight": 0.035, "PDsExceedModerate": 0.0283, "PDsExceedExtensive": 0.0135, "FunctDay1": 97.4, "FunctDay3": 98.0, "FunctDay7": 98.6, "FunctDay14": 98.7, "FunctDay30": 98.7, "FunctDay90": 99.3, "EconLoss": 1898.844970703125, "Name": "'GALINDO CREEK'", "City": "null", "State": "null" }, "geometry": { "type": "Point", "coordinates": [ -122.007336, 37.960919 ] } },
{ "type": "Feature", "properties": { "FacilityType": "HighwayBridge", "FacilityId": "CA007398", "Anchor": "null", "FoundationType": "null", "eqBldgType": "null", "DesignLevel": "null", "SoilType": "D", "LqfSusCat": 0, "LndSusCat": 0, "WaterDepth": 5.0, "Distance": "null", "PGA": 0.27899497747421265, "PGV": 9.7650613784790039, "Sa03": 0.62554401159286499, "Sa10": 0.26399409770965576, "LqfSettlPGD": 0.0, "LqfSprPGD": 0.0, "LqfProb": 0.0, "LndPGD": 0.0, "LndProb": 0.0, "SufFltRuptPGD": 29.523393630981445, "SurfFltRuptProb": 0.5, "PDsNone": 0.9676, "PDsSlight": 0.0172, "PDsModerate": 0.0083, "PDsExtensive": 0.0055, "PDsComplete": 0.0011, "PDsExceedSlight": 0.0323, "PDsExceedModerate": 0.015, "PDsExceedExtensive": 0.0067, "FunctDay1": 98.3, "FunctDay3": 98.9, "FunctDay7": 99.3, "FunctDay14": 99.3, "FunctDay30": 99.3, "FunctDay90": 99.6, "EconLoss": 2501.017333984375, "Name": "'ALAMO CREEK'", "City": "null", "State": "null" }, "geometry": { "type": "Point", "coordinates": [ -121.916164, 37.739067 ] } },
{ "type": "Feature", "properties": { "FacilityType": "HighwayBridge", "FacilityId": "CA007399", "Anchor": "null", "FoundationType": "null", "eqBldgType": "null", "DesignLevel": "null", "SoilType": "D", "LqfSusCat": 0, "LndSusCat": 0, "WaterDepth": 5.0, "Distance": "null", "PGA": 0.31597408652305603, "PGV": 12.950291633605957, "Sa03": 0.75980222225189209, "Sa10": 0.37026152014732361, "LqfSettlPGD": 0.0, "LqfSprPGD": 0.0, "LqfProb": 0.0, "LndPGD": 0.0, "LndProb": 0.0, "SufFltRuptPGD": 29.523393630981445, "SurfFltRuptProb": 0.5, "PDsNone": 0.9004, "PDsSlight": 0.0507, "PDsModerate": 0.0238, "PDsExtensive": 0.0194, "PDsComplete": 0.0055, "PDsExceedSlight": 0.0995, "PDsExceedModerate": 0.0488, "PDsExceedExtensive": 0.025, "FunctDay1": 94.6, "FunctDay3": 96.5, "FunctDay7": 97.4, "FunctDay14": 97.6, "FunctDay30": 97.7, "FunctDay90": 98.7, "EconLoss": 7396.806640625, "Name": "'SOUTH SAN RAMON CREEK'", "City": "null", "State": "null" }, "geometry": { "type": "Point", "coordinates": [ -121.937953, 37.740764 ] } },
{ "type": "Feature", "properties": { "FacilityType": "HighwayBridge", "FacilityId": "CA007400", "Anchor": "null", "FoundationType": "null", "eqBldgType": "null", "DesignLevel": "null", "SoilType": "D", "LqfSusCat": 0, "LndSusCat": 0, "WaterDepth": 5.0, "Distance": "null", "PGA": 0.31597408652305603, "PGV": 12.950291633605957, "Sa03": 0.75980222225189209, "Sa10": 0.37026152014732361, "LqfSettlPGD": 0.0, "LqfSprPGD": 0.0, "LqfProb": 0.0, "LndPGD": 0.0, "LndProb": 0.0, "SufFltRuptPGD": 29.523393630981445, "SurfFltRuptProb": 0.5, "PDsNone": 0.9004, "PDsSlight": 0.0507, "PDsModerate": 0.0238, "PDsExtensive": 0.0194, "PDsComplete": 0.0055, "PDsExceedSlight": 0.0995, "PDsExceedModerate": 0.0488, "PDsExceedExtensive": 0.025, "FunctDay1": 94.6, "FunctDay3": 96.5, "FunctDay7": 97.4, "FunctDay14": 97.6, "FunctDay30": 97.7, "FunctDay90": 98.7, "EconLoss": 6399.0400390625, "Name": "'SOUTH SAN RAMON CREEK'", "City": "null", "State": "null" }, "geometry": { "type": "Point", "coordinates": [ -121.947211, 37.753611 ] } },
{ "type": "Feature", "properties": { "FacilityType": "HighwayBridge", "FacilityId": "CA007401", "Anchor": "null", "FoundationType": "null", "eqBldgType": "null", "DesignLevel": "null", "SoilType": "D", "LqfSusCat": 0, "LndSusCat": 0, "WaterDepth": 5.0, "Distance": "null", "PGA": 0.28016680479049683, "PGV": 10.005664825439453, "Sa03": 0.62862586975097656, "Sa10": 0.27086547017097473, "LqfSettlPGD": 0.0, "LqfSprPGD": 0.0, "LqfProb": 0.0, "LndPGD": 0.0, "LndProb": 0.0, "SufFltRuptPGD": 29.523393630981445, "SurfFltRuptProb": 0.5, "PDsNone": 0.9644, "PDsSlight": 0.0133, "PDsModerate": 0.0118, "PDsExtensive": 0.0084, "PDsComplete": 0.0018, "PDsExceedSlight": 0.0355, "PDsExceedModerate": 0.0221, "PDsExceedExtensive": 0.0103, "FunctDay1": 97.8, "FunctDay3": 98.4, "FunctDay7": 98.9, "FunctDay14": 99.0, "FunctDay30": 99.0, "FunctDay90": 99.5, "EconLoss": 1477.34521484375, "Name": "'WILDCAT CREEK'", "City": "null", "State": "null" }, "geometry": { "type": "Point", "coordinates": [ -122.316342, 37.950994 ] } },
{ "type": "Feature", "properties": { "FacilityType": "HighwayBridge", "FacilityId": "CA007402", "Anchor": "null", "FoundationType": "null", "eqBldgType": "null", "DesignLevel": "null", "SoilType": "D", "LqfSusCat": 0, "LndSusCat": 0, "WaterDepth": 5.0, "Distance": "null", "PGA": 0.30044370889663696, "PGV": 10.422507286071777, "Sa03": 0.67442941665649414, "Sa10": 0.26809030771255493, "LqfSettlPGD": 0.0, "LqfSprPGD": 0.0, "LqfProb": 0.0, "LndPGD": 0.0, "LndProb": 0.0, "SufFltRuptPGD": 29.523393630981445, "SurfFltRuptProb": 0.5, "PDsNone": 0.9657, "PDsSlight": 0.0201, "PDsModerate": 0.0078, "PDsExtensive": 0.0052, "PDsComplete": 0.001, "PDsExceedSlight": 0.0342, "PDsExceedModerate": 0.0141, "PDsExceedExtensive": 0.0062, "FunctDay1": 98.3, "FunctDay3": 99.0, "FunctDay7": 99.3, "FunctDay14": 99.4, "FunctDay30": 99.4, "FunctDay90": 99.7, "EconLoss": 1190.5234375, "Name": "'CONTRA COSTA CANAL'", "City": "null", "State": "null" }, "geometry": { "type": "Point", "coordinates": [ -122.017378, 37.974544 ] } },
{ "type": "Feature", "properties": { "FacilityType": "HighwayBridge", "FacilityId": "CA007403", "Anchor": "null", "FoundationType": "null", "eqBldgType": "null", "DesignLevel": "null", "SoilType": "D", "LqfSusCat": 0, "LndSusCat": 0, "WaterDepth": 5.0, "Distance": "null", "PGA": 0.28632470965385437, "PGV": 10.346205711364746, "Sa03": 0.65192687511444092, "Sa10": 0.27895393967628479, "LqfSettlPGD": 0.0, "LqfSprPGD": 0.0, "LqfProb": 0.0, "LndPGD": 0.0, "LndProb": 0.0, "SufFltRuptPGD": 29.523393630981445, "SurfFltRuptProb": 0.5, "PDsNone": 0.9604, "PDsSlight": 0.0206, "PDsModerate": 0.0102, "PDsExtensive": 0.0071, "PDsComplete": 0.0015, "PDsExceedSlight": 0.0395, "PDsExceedModerate": 0.0189, "PDsExceedExtensive": 0.0086, "FunctDay1": 97.9, "FunctDay3": 98.7, "FunctDay7": 99.1, "FunctDay14": 99.1, "FunctDay30": 99.2, "FunctDay90": 99.5, "EconLoss": 1427.6722412109375, "Name": "'RODEO CREEK'", "City": "null", "State": "null" }, "geometry": { "type": "Point", "coordinates": [ -122.256619, 38.018344 ] } },
{ "type": "Feature", "properties": { "FacilityType": "HighwayBridge", "FacilityId": "CA007404", "Anchor": "null", "FoundationType": "null", "eqBldgType": "null", "DesignLevel": "null", "SoilType": "D", "LqfSusCat": 0, "LndSusCat": 0, "WaterDepth": 5.0, "Distance": "null", "PGA": 0.31081861257553101, "PGV": 10.68083381652832, "Sa03": 0.68266290426254272, "Sa10": 0.28262096643447876, "LqfSettlPGD": 0.0, "LqfSprPGD": 0.0, "LqfProb": 0.0, "LndPGD": 0.0, "LndProb": 0.0, "SufFltRuptPGD": 29.523393630981445, "SurfFltRuptProb": 0.5, "PDsNone": 0.9585, "PDsSlight": 0.0237, "PDsModerate": 0.0096, "PDsExtensive": 0.0066, "PDsComplete": 0.0014, "PDsExceedSlight": 0.0414, "PDsExceedModerate": 0.0177, "PDsExceedExtensive": 0.008, "FunctDay1": 97.9, "FunctDay3": 98.8, "FunctDay7": 99.1, "FunctDay14": 99.2, "FunctDay30": 99.2, "FunctDay90": 99.6, "EconLoss": 3145.877197265625, "Name": "'GREEN VALLEY CREEK'", "City": "null", "State": "null" }, "geometry": { "type": "Point", "coordinates": [ -121.985325, 37.830642 ] } },
{ "type": "Feature", "properties": { "FacilityType": "HighwayBridge", "FacilityId": "CA007405", "Anchor": "null", "FoundationType": "null", "eqBldgType": "null", "DesignLevel": "null", "SoilType": "D", "LqfSusCat": 0, "LndSusCat": 0, "WaterDepth": 5.0, "Distance": "null", "PGA": 0.32041805982589722, "PGV": 12.237601280212402, "Sa03": 0.74365264177322388, "Sa10": 0.33581742644309998, "LqfSettlPGD": 0.0, "LqfSprPGD": 0.0, "LqfProb": 0.0, "LndPGD": 0.0, "LndProb": 0.0, "SufFltRuptPGD": 29.523393630981445, "SurfFltRuptProb": 0.5, "PDsNone": 0.926, "PDsSlight": 0.0395, "PDsModerate": 0.0175, "PDsExtensive": 0.0134, "PDsComplete": 0.0034, "PDsExceedSlight": 0.0739, "PDsExceedModerate": 0.0344, "PDsExceedExtensive": 0.0168, "FunctDay1": 96.1, "FunctDay3": 97.6, "FunctDay7": 98.2, "FunctDay14": 98.4, "FunctDay30": 98.5, "FunctDay90": 99.1, "EconLoss": 5932.06640625, "Name": "'SYCAMORE CREEK'", "City": "null", "State": "null" }, "geometry": { "type": "Point", "coordinates": [ -121.976781, 37.812231 ] } },
{ "type": "Feature", "properties": { "FacilityType": "HighwayBridge", "FacilityId": "CA007406", "Anchor": "null", "FoundationType": "null", "eqBldgType": "null", "DesignLevel": "null", "SoilType": "D", "LqfSusCat": 0, "LndSusCat": 0, "WaterDepth": 5.0, "Distance": "null", "PGA": 0.29757538437843323, "PGV": 10.518417358398438, "Sa03": 0.67064261436462402, "Sa10": 0.28520533442497253, "LqfSettlPGD": 0.0, "LqfSprPGD": 0.0, "LqfProb": 0.0, "LndPGD": 0.0, "LndProb": 0.0, "SufFltRuptPGD": 29.523393630981445, "SurfFltRuptProb": 0.5, "PDsNone": 0.9571, "PDsSlight": 0.0245, "PDsModerate": 0.0099, "PDsExtensive": 0.0068, "PDsComplete": 0.0014, "PDsExceedSlight": 0.0428, "PDsExceedModerate": 0.0182, "PDsExceedExtensive": 0.0083, "FunctDay1": 97.8, "FunctDay3": 98.7, "FunctDay7": 99.1, "FunctDay14": 99.2, "FunctDay30": 99.2, "FunctDay90": 99.5, "EconLoss": 2572.06689453125, "Name": "'SYCAMORE CREEK'", "City": "null", "State": "null" }, "geometry": { "type": "Point", "coordinates": [ -121.97375, 37.813497 ] } },
{ "type": "Feature", "properties": { "FacilityType": "HighwayBridge", "FacilityId": "CA007407", "Anchor": "null", "FoundationType": "null", "eqBldgType": "null", "DesignLevel": "null", "SoilType": "D", "LqfSusCat": 0, "LndSusCat": 0, "WaterDepth": 5.0, "Distance": "null", "PGA": 0.29757538437843323, "PGV": 10.518417358398438, "Sa03": 0.67064261436462402, "Sa10": 0.28520533442497253, "LqfSettlPGD": 0.0, "LqfSprPGD": 0.0, "LqfProb": 0.0, "LndPGD": 0.0, "LndProb": 0.0, "SufFltRuptPGD": 29.523393630981445, "SurfFltRuptProb": 0.5, "PDsNone": 0.9571, "PDsSlight": 0.0184, "PDsModerate": 0.0129, "PDsExtensive": 0.0093, "PDsComplete": 0.0021, "PDsExceedSlight": 0.0428, "PDsExceedModerate": 0.0243, "PDsExceedExtensive": 0.0114, "FunctDay1": 97.4, "FunctDay3": 98.3, "FunctDay7": 98.8, "FunctDay14": 98.9, "FunctDay30": 98.9, "FunctDay90": 99.4, "EconLoss": 7272.96044921875, "Name": "'SYCAMORE CREEK'", "City": "null", "State": "null" }, "geometry": { "type": "Point", "coordinates": [ -121.970669, 37.814708 ] } },
{ "type": "Feature", "properties": { "FacilityType": "HighwayBridge", "FacilityId": "CA007408", "Anchor": "null", "FoundationType": "null", "eqBldgType": "null", "DesignLevel": "null", "SoilType": "D", "LqfSusCat": 0, "LndSusCat": 0, "WaterDepth": 5.0, "Distance": "null", "PGA": 0.30504786968231201, "PGV": 12.021832466125488, "Sa03": 0.72809457778930664, "Sa10": 0.32921820878982544, "LqfSettlPGD": 0.0, "LqfSprPGD": 0.0, "LqfProb": 0.0, "LndPGD": 0.0, "LndProb": 0.0, "SufFltRuptPGD": 29.523393630981445, "SurfFltRuptProb": 0.5, "PDsNone": 0.8414, "PDsSlight": 0.1114, "PDsModerate": 0.0248, "PDsExtensive": 0.0165, "PDsComplete": 0.0057, "PDsExceedSlight": 0.1585, "PDsExceedModerate": 0.0471, "PDsExceedExtensive": 0.0223, "FunctDay1": 93.2, "FunctDay3": 96.7, "FunctDay7": 97.7, "FunctDay14": 97.8, "FunctDay30": 98.0, "FunctDay90": 98.8, "EconLoss": 35232.1640625, "Name": "'WALNUT CREEK'", "City": "null", "State": "null" }, "geometry": { "type": "Point", "coordinates": [ -122.056881, 37.998836 ] } },
{ "type": "Feature", "properties": { "FacilityType": "HighwayBridge", "FacilityId": "CA007409", "Anchor": "null", "FoundationType": "null", "eqBldgType": "null", "DesignLevel": "null", "SoilType": "D", "LqfSusCat": 0, "LndSusCat": 0, "WaterDepth": 5.0, "Distance": "null", "PGA": 0.21277272701263428, "PGV": 8.3652181625366211, "Sa03": 0.52310192584991455, "Sa10": 0.23649340867996216, "LqfSettlPGD": 0.0, "LqfSprPGD": 0.0, "LqfProb": 0.0, "LndPGD": 0.0, "LndProb": 0.0, "SufFltRuptPGD": 29.523393630981445, "SurfFltRuptProb": 0.5, "PDsNone": 0.9788, "PDsSlight": 0.0129, "PDsModerate": 0.0047, "PDsExtensive": 0.0028, "PDsComplete": 0.0005, "PDsExceedSlight": 0.0211, "PDsExceedModerate": 0.0081, "PDsExceedExtensive": 0.0033, "FunctDay1": 98.9, "FunctDay3": 99.4, "FunctDay7": 99.6, "FunctDay14": 99.6, "FunctDay30": 99.6, "FunctDay90": 99.8, "EconLoss": 1827.41748046875, "Name": "'CONTRA COSTA CANAL'", "City": "null", "State": "null" }, "geometry": { "type": "Point", "coordinates": [ -121.773181, 37.982881 ] } },
{ "type": "Feature", "properties": { "FacilityType": "HighwayBridge", "FacilityId": "CA007410", "Anchor": "null", "FoundationType": "null", "eqBldgType": "null", "DesignLevel": "null", "SoilType": "D", "LqfSusCat": 0, "LndSusCat": 0, "WaterDepth": 5.0, "Distance": "null", "PGA": 0.27735394239425659, "PGV": 10.04581356048584, "Sa03": 0.62787985801696777, "Sa10": 0.26528066396713257, "LqfSettlPGD": 0.0, "LqfSprPGD": 0.0, "LqfProb": 0.0, "LndPGD": 0.0, "LndProb": 0.0, "SufFltRuptPGD": 29.523393630981445, "SurfFltRuptProb": 0.5, "PDsNone": 0.967, "PDsSlight": 0.0192, "PDsModerate": 0.0076, "PDsExtensive": 0.005, "PDsComplete": 0.0009, "PDsExceedSlight": 0.0329, "PDsExceedModerate": 0.0136, "PDsExceedExtensive": 0.0059, "FunctDay1": 98.3, "FunctDay3": 99.0, "FunctDay7": 99.3, "FunctDay14": 99.4, "FunctDay30": 99.4, "FunctDay90": 99.7, "EconLoss": 16413.923828125, "Name": "'BNSF RY'", "City": "null", "State": "null" }, "geometry": { "type": "Point", "coordinates": [ -122.282339, 38.009664 ] } },
{ "type": "Feature", "properties": { "FacilityType": "HighwayBridge", "FacilityId": "CA007411", "Anchor": "null", "FoundationType": "null", "eqBldgType": "null", "DesignLevel": "null", "SoilType": "D", "LqfSusCat": 0, "LndSusCat": 0, "WaterDepth": 5.0, "Distance": "null", "PGA": 0.31081861257553101, "PGV": 10.68083381652832, "Sa03": 0.68266290426254272, "Sa10": 0.28262096643447876, "LqfSettlPGD": 0.0, "LqfSprPGD": 0.0, "LqfProb": 0.0, "LndPGD": 0.0, "LndProb": 0.0, "SufFltRuptPGD": 29.523393630981445, "SurfFltRuptProb": 0.5, "PDsNone": 0.9585, "PDsSlight": 0.0236, "PDsModerate": 0.0097, "PDsExtensive": 0.0066, "PDsComplete": 0.0014, "PDsExceedSlight": 0.0414, "PDsExceedModerate": 0.0177, "PDsExceedExtensive": 0.008, "FunctDay1": 97.9, "FunctDay3": 98.7, "FunctDay7": 99.1, "FunctDay14": 99.2, "FunctDay30": 99.2, "FunctDay90": 99.6, "EconLoss": 12099.7451171875, "Name": "'SAN RAMON CREEK'", "City": "null", "State": "null" }, "geometry": { "type": "Point", "coordinates": [ -122.005828, 37.828467 ] } },
{ "type": "Feature", "properties": { "FacilityType": "HighwayBridge", "FacilityId": "CA007412", "Anchor": "null", "FoundationType": "null", "eqBldgType": "null", "DesignLevel": "null", "SoilType": "D", "LqfSusCat": 0, "LndSusCat": 0, "WaterDepth": 5.0, "Distance": "null", "PGA": 0.25753375887870789, "PGV": 9.6131410598754883, "Sa03": 0.61345106363296509, "Sa10": 0.25921157002449036, "LqfSettlPGD": 0.0, "LqfSprPGD": 0.0, "LqfProb": 0.0, "LndPGD": 0.0, "LndProb": 0.0, "SufFltRuptPGD": 29.523393630981445, "SurfFltRuptProb": 0.5, "PDsNone": 0.9809, "PDsSlight": 0.0, "PDsModerate": 0.011, "PDsExtensive": 0.0062, "PDsComplete": 0.0017, "PDsExceedSlight": 0.019, "PDsExceedModerate": 0.019, "PDsExceedExtensive": 0.008, "FunctDay1": 98.4, "FunctDay3": 98.7, "FunctDay7": 99.1, "FunctDay14": 99.2, "FunctDay30": 99.2, "FunctDay90": 99.6, "EconLoss": 32181.880859375, "Name": "'UP RR PARKSIDE RAILROAD'", "City": "null", "State": "null" }, "geometry": { "type": "Point", "coordinates": [ -121.887017, 38.023483 ] } },
{ "type": "Feature", "properties": { "FacilityType": "HighwayBridge", "FacilityId": "CA007413", "Anchor": "null", "FoundationType": "null", "eqBldgType": "null", "DesignLevel": "null", "SoilType": "D", "LqfSusCat": 0, "LndSusCat": 0, "WaterDepth": 5.0, "Distance": "null", "PGA": 0.2943108081817627, "PGV": 11.463701248168945, "Sa03": 0.70164155960083008, "Sa10": 0.32814300060272217, "LqfSettlPGD": 0.0, "LqfSprPGD": 0.0, "LqfProb": 0.0, "LndPGD": 0.0, "LndProb": 0.0, "SufFltRuptPGD": 29.523393630981445, "SurfFltRuptProb": 0.5, "PDsNone": 0.9312, "PDsSlight": 0.037, "PDsModerate": 0.0162, "PDsExtensive": 0.0122, "PDsComplete": 0.003, "PDsExceedSlight": 0.0687, "PDsExceedModerate": 0.0316, "PDsExceedExtensive": 0.0153, "FunctDay1": 96.4, "FunctDay3": 97.8, "FunctDay7": 98.4, "FunctDay14": 98.5, "FunctDay30": 98.6, "FunctDay90": 99.2, "EconLoss": 8873.75390625, "Name": "'WEST BRANCH ALAMO CREEK'", "City": "null", "State": "null" }, "geometry": { "type": "Point", "coordinates": [ -121.924011, 37.787389 ] } },
{ "type": "Feature", "properties": { "FacilityType": "HighwayBridge", "FacilityId": "CA007414", "Anchor": "null", "FoundationType": "null", "eqBldgType": "null", "DesignLevel": "null", "SoilType": "D", "LqfSusCat": 0, "LndSusCat": 0, "WaterDepth": 5.0, "Distance": "null", "PGA": 0.27899497747421265, "PGV": 9.7650613784790039, "Sa03": 0.62554401159286499, "Sa10": 0.26399409770965576, "LqfSettlPGD": 0.0, "LqfSprPGD": 0.0, "LqfProb": 0.0, "LndPGD": 0.0, "LndProb": 0.0, "SufFltRuptPGD": 29.523393630981445, "SurfFltRuptProb": 0.5, "PDsNone": 0.9676, "PDsSlight": 0.0189, "PDsModerate": 0.0074, "PDsExtensive": 0.0048, "PDsComplete": 0.0009, "PDsExceedSlight": 0.0323, "PDsExceedModerate": 0.0133, "PDsExceedExtensive": 0.0058, "FunctDay1": 98.4, "FunctDay3": 99.0, "FunctDay7": 99.3, "FunctDay14": 99.4, "FunctDay30": 99.4, "FunctDay90": 99.7, "EconLoss": 6653.19580078125, "Name": "'ALAMO CREEK'", "City": "null", "State": "null" }, "geometry": { "type": "Point", "coordinates": [ -121.913656, 37.734319 ] } },
{ "type": "Feature", "properties": { "FacilityType": "HighwayBridge", "FacilityId": "CA007415", "Anchor": "null", "FoundationType": "null", "eqBldgType": "null", "DesignLevel": "null", "SoilType": "D", "LqfSusCat": 0, "LndSusCat": 0, "WaterDepth": 5.0, "Distance": "null", "PGA": 0.32494053244590759, "PGV": 14.086722373962402, "Sa03": 0.80031126737594604, "Sa10": 0.42130327224731445, "LqfSettlPGD": 0.0, "LqfSprPGD": 0.0, "LqfProb": 0.0, "LndPGD": 0.0, "LndProb": 0.0, "SufFltRuptPGD": 29.523393630981445, "SurfFltRuptProb": 0.5, "PDsNone": 0.8574, "PDsSlight": 0.0677, "PDsModerate": 0.0343, "PDsExtensive": 0.0304, "PDsComplete": 0.01, "PDsExceedSlight": 0.1425, "PDsExceedModerate": 0.0748, "PDsExceedExtensive": 0.0405, "FunctDay1": 91.9, "FunctDay3": 94.6, "FunctDay7": 95.9, "FunctDay14": 96.1, "FunctDay30": 96.4, "FunctDay90": 97.9, "EconLoss": 17535.51953125, "Name": "'GRAYSON CREEK'", "City": "null", "State": "null" }, "geometry": { "type": "Point", "coordinates": [ -122.065467, 37.973578 ] } },
{ "type": "Feature", "properties": { "FacilityType": "HighwayBridge", "FacilityId": "CA007416", "Anchor": "null", "FoundationType": "null", "eqBldgType": "null", "DesignLevel": "null", "SoilType": "D", "LqfSusCat": 0, "LndSusCat": 0, "WaterDepth": 5.0, "Distance": "null", "PGA": 0.29659819602966309, "PGV": 10.486924171447754, "Sa03": 0.67186164855957031, "Sa10": 0.28059494495391846, "LqfSettlPGD": 0.0, "LqfSprPGD": 0.0, "LqfProb": 0.0, "LndPGD": 0.0, "LndProb": 0.0, "SufFltRuptPGD": 29.523393630981445, "SurfFltRuptProb": 0.5, "PDsNone": 0.9596, "PDsSlight": 0.0149, "PDsModerate": 0.0134, "PDsExtensive": 0.0097, "PDsComplete": 0.0022, "PDsExceedSlight": 0.0403, "PDsExceedModerate": 0.0254, "PDsExceedExtensive": 0.012, "FunctDay1": 97.5, "FunctDay3": 98.2, "FunctDay7": 98.7, "FunctDay14": 98.8, "FunctDay30": 98.9, "FunctDay90": 99.4, "EconLoss": 3688.48779296875, "Name": "'SHELL OIL CO PIPE UC'", "City": "null", "State": "null" }, "geometry": { "type": "Point", "coordinates": [ -122.125092, 38.022483 ] } },
{ "type": "Feature", "properties": { "FacilityType": "HighwayBridge", "FacilityId": "CA007417", "Anchor": "null", "FoundationType": "null", "eqBldgType": "null", "DesignLevel": "null", "SoilType": "D", "LqfSusCat": 0, "LndSusCat": 0, "WaterDepth": 5.0, "Distance": "null", "PGA": 0.28216192126274109, "PGV": 10.506894111633301, "Sa03": 0.6519501805305481, "Sa10": 0.28619259595870972, "LqfSettlPGD": 0.0, "LqfSprPGD": 0.0, "LqfProb": 0.0, "LndPGD": 0.0, "LndProb": 0.0, "SufFltRuptPGD": 29.523393630981445, "SurfFltRuptProb": 0.5, "PDsNone": 0.9566, "PDsSlight": 0.0242, "PDsModerate": 0.0103, "PDsExtensive": 0.0071, "PDsComplete": 0.0015, "PDsExceedSlight": 0.0433, "PDsExceedModerate": 0.0191, "PDsExceedExtensive": 0.0087, "FunctDay1": 97.7, "FunctDay3": 98.7, "FunctDay7": 99.1, "FunctDay14": 99.1, "FunctDay30": 99.2, "FunctDay90": 99.5, "EconLoss": 3030.109130859375, "Name": "'RODEO CREEK'", "City": "null", "State": "null" }, "geometry": { "type": "Point", "coordinates": [ -122.264631, 38.028347 ] } },
{ "type": "Feature", "properties": { "FacilityType": "HighwayBridge", "FacilityId": "CA007418", "Anchor": "null", "FoundationType": "null", "eqBldgType": "null", "DesignLevel": "null", "SoilType": "D", "LqfSusCat": 0, "LndSusCat": 0, "WaterDepth": 5.0, "Distance": "null", "PGA": 0.2055048793554306, "PGV": 8.71514892578125, "Sa03": 0.53198921680450439, "Sa10": 0.26307255029678345, "LqfSettlPGD": 0.0, "LqfSprPGD": 0.0, "LqfProb": 0.0, "LndPGD": 0.0, "LndProb": 0.0, "SufFltRuptPGD": 29.523393630981445, "SurfFltRuptProb": 0.5, "PDsNone": 0.9754, "PDsSlight": 0.0, "PDsModerate": 0.0138, "PDsExtensive": 0.0082, "PDsComplete": 0.0024, "PDsExceedSlight": 0.0245, "PDsExceedModerate": 0.0245, "PDsExceedExtensive": 0.0106, "FunctDay1": 97.9, "FunctDay3": 98.3, "FunctDay7": 98.9, "FunctDay14": 98.9, "FunctDay30": 99.0, "FunctDay90": 99.4, "EconLoss": 17390.814453125, "Name": "'BNSF RY & AMTRAK'", "City": "null", "State": "null" }, "geometry": { "type": "Point", "coordinates": [ -121.719017, 38.000039 ] } },
{ "type": "Feature", "properties": { "FacilityType": "HighwayBridge", "FacilityId": "CA007419", "Anchor": "null", "FoundationType": "null", "eqBldgType": "null", "DesignLevel": "null", "SoilType": "D", "LqfSusCat": 0, "LndSusCat": 0, "WaterDepth": 5.0, "Distance": "null", "PGA": 0.28633642196655273, "PGV": 12.898520469665527, "Sa03": 0.71656978130340576, "Sa10": 0.36990472674369812, "LqfSettlPGD": 0.0, "LqfSprPGD": 0.0, "LqfProb": 0.0, "LndPGD": 0.0, "LndProb": 0.0, "SufFltRuptPGD": 29.523393630981445, "SurfFltRuptProb": 0.5, "PDsNone": 0.9291, "PDsSlight": 0.0, "PDsModerate": 0.0352, "PDsExtensive": 0.0254, "PDsComplete": 0.0101, "PDsExceedSlight": 0.0708, "PDsExceedModerate": 0.0708, "PDsExceedExtensive": 0.0356, "FunctDay1": 94.0, "FunctDay3": 95.0, "FunctDay7": 96.4, "FunctDay14": 96.6, "FunctDay30": 96.8, "FunctDay90": 98.1, "EconLoss": 69095.4453125, "Name": "'SAN PABLO CREEK'", "City": "null", "State": "null" }, "geometry": { "type": "Point", "coordinates": [ -122.373558, 37.96655 ] } },
{ "type": "Feature", "properties": { "FacilityType": "HighwayBridge", "FacilityId": "CA007420", "Anchor": "null", "FoundationType": "null", "eqBldgType": "null", "DesignLevel": "null", "SoilType": "D", "LqfSusCat": 0, "LndSusCat": 0, "WaterDepth": 5.0, "Distance": "null", "PGA": 0.28633642196655273, "PGV": 12.898520469665527, "Sa03": 0.71656978130340576, "Sa10": 0.36990472674369812, "LqfSettlPGD": 0.0, "LqfSprPGD": 0.0, "LqfProb": 0.0, "LndPGD": 0.0, "LndProb": 0.0, "SufFltRuptPGD": 29.523393630981445, "SurfFltRuptProb": 0.5, "PDsNone": 0.9091, "PDsSlight": 0.0, "PDsModerate": 0.0434, "PDsExtensive": 0.0331, "PDsComplete": 0.0143, "PDsExceedSlight": 0.0908, "PDsExceedModerate": 0.0908, "PDsExceedExtensive": 0.0474, "FunctDay1": 92.3, "FunctDay3": 93.5, "FunctDay7": 95.2, "FunctDay14": 95.5, "FunctDay30": 95.7, "FunctDay90": 97.5, "EconLoss": 32632.712890625, "Name": "'WILD CAT CREEK'", "City": "null", "State": "null" }, "geometry": { "type": "Point", "coordinates": [ -122.373631, 37.958008 ] } },
{ "type": "Feature", "properties": { "FacilityType": "HighwayBridge", "FacilityId": "CA007421", "Anchor": "null", "FoundationType": "null", "eqBldgType": "null", "DesignLevel": "null", "SoilType": "D", "LqfSusCat": 0, "LndSusCat": 0, "WaterDepth": 5.0, "Distance": "null", "PGA": 0.28633642196655273, "PGV": 12.898520469665527, "Sa03": 0.71656978130340576, "Sa10": 0.36990472674369812, "LqfSettlPGD": 0.0, "LqfSprPGD": 0.0, "LqfProb": 0.0, "LndPGD": 0.0, "LndProb": 0.0, "SufFltRuptPGD": 29.523393630981445, "SurfFltRuptProb": 0.5, "PDsNone": 0.9091, "PDsSlight": 0.0, "PDsModerate": 0.0434, "PDsExtensive": 0.0331, "PDsComplete": 0.0143, "PDsExceedSlight": 0.0908, "PDsExceedModerate": 0.0908, "PDsExceedExtensive": 0.0474, "FunctDay1": 92.3, "FunctDay3": 93.5, "FunctDay7": 95.2, "FunctDay14": 95.5, "FunctDay30": 95.7, "FunctDay90": 97.5, "EconLoss": 42626.484375, "Name": "'WILD CAT CREEK'", "City": "null", "State": "null" }, "geometry": { "type": "Point", "coordinates": [ -122.373372, 37.958053 ] } },
{ "type": "Feature", "properties": { "FacilityType": "HighwayBridge", "FacilityId": "CA007422", "Anchor": "null", "FoundationType": "null", "eqBldgType": "null", "DesignLevel": "null", "SoilType": "D", "LqfSusCat": 0, "LndSusCat": 0, "WaterDepth": 5.0, "Distance": "null", "PGA": 0.20696081221103668, "PGV": 8.1355552673339844, "Sa03": 0.50839072465896606, "Sa10": 0.22994750738143921, "LqfSettlPGD": 0.0, "LqfSprPGD": 0.0, "LqfProb": 0.0, "LndPGD": 0.0, "LndProb": 0.0, "SufFltRuptPGD": 29.523393630981445, "SurfFltRuptProb": 0.5, "PDsNone": 0.9022, "PDsSlight": 0.071, "PDsModerate": 0.0198, "PDsExtensive": 0.0061, "PDsComplete": 0.0007, "PDsExceedSlight": 0.0977, "PDsExceedModerate": 0.0267, "PDsExceedExtensive": 0.0069, "FunctDay1": 96.1, "FunctDay3": 98.4, "FunctDay7": 99.2, "FunctDay14": 99.3, "FunctDay30": 99.3, "FunctDay90": 99.6, "EconLoss": 11539.595703125, "Name": "'MARSH CREEK'", "City": "null", "State": "null" }, "geometry": { "type": "Point", "coordinates": [ -121.7095, 37.934492 ] } },
{ "type": "Feature", "properties": { "FacilityType": "HighwayBridge", "FacilityId": "CA007423", "Anchor": "null", "FoundationType": "null", "eqBldgType": "null", "DesignLevel": "null", "SoilType": "D", "LqfSusCat": 0, "LndSusCat": 0, "WaterDepth": 5.0, "Distance": "null", "PGA": 0.26466062664985657, "PGV": 14.063728332519531, "Sa03": 0.7253606915473938, "Sa10": 0.47763624787330627, "LqfSettlPGD": 0.0, "LqfSprPGD": 0.0, "LqfProb": 0.0, "LndPGD": 0.0, "LndProb": 0.0, "SufFltRuptPGD": 29.523393630981445, "SurfFltRuptProb": 0.5, "PDsNone": 0.6466, "PDsSlight": 0.0, "PDsModerate": 0.1051, "PDsExtensive": 0.1444, "PDsComplete": 0.1037, "PDsExceedSlight": 0.3533, "PDsExceedModerate": 0.3533, "PDsExceedExtensive": 0.2481, "FunctDay1": 68.4, "FunctDay3": 71.5, "FunctDay7": 75.6, "FunctDay14": 76.4, "FunctDay30": 77.5, "FunctDay90": 85.4, "EconLoss": 578129.125, "Name": "'CONTRA COSTA CANAL'", "City": "null", "State": "null" }, "geometry": { "type": "Point", "coordinates": [ -121.961558, 38.025264 ] } },
{ "type": "Feature", "properties": { "FacilityType": "HighwayBridge", "FacilityId": "CA007424", "Anchor": "null", "FoundationType": "null", "eqBldgType": "null", "DesignLevel": "null", "SoilType": "D", "LqfSusCat": 0, "LndSusCat": 0, "WaterDepth": 5.0, "Distance": "null", "PGA": 0.25753375887870789, "PGV": 9.6131410598754883, "Sa03": 0.61345106363296509, "Sa10": 0.25921157002449036, "LqfSettlPGD": 0.0, "LqfSprPGD": 0.0, "LqfProb": 0.0, "LndPGD": 0.0, "LndProb": 0.0, "SufFltRuptPGD": 29.523393630981445, "SurfFltRuptProb": 0.5, "PDsNone": 0.9698, "PDsSlight": 0.0179, "PDsModerate": 0.0068, "PDsExtensive": 0.0044, "PDsComplete": 0.0008, "PDsExceedSlight": 0.0301, "PDsExceedModerate": 0.0122, "PDsExceedExtensive": 0.0053, "FunctDay1": 98.5, "FunctDay3": 99.1, "FunctDay7": 99.4, "FunctDay14": 99.4, "FunctDay30": 99.5, "FunctDay90": 99.7, "EconLoss": 4041.367919921875, "Name": "'CONTRA COSTA CANAL'", "City": "null", "State": "null" }, "geometry": { "type": "Point", "coordinates": [ -121.914519, 38.012867 ] } },
{ "type": "Feature", "properties": { "FacilityType": "HighwayBridge", "FacilityId": "CA007425", "Anchor": "null", "FoundationType": "null", "eqBldgType": "null", "DesignLevel": "null", "SoilType": "D", "LqfSusCat": 0, "LndSusCat": 0, "WaterDepth": 5.0, "Distance": "null", "PGA": 0.28633642196655273, "PGV": 12.898520469665527, "Sa03": 0.71656978130340576, "Sa10": 0.36990472674369812, "LqfSettlPGD": 0.0, "LqfSprPGD": 0.0, "LqfProb": 0.0, "LndPGD": 0.0, "LndProb": 0.0, "SufFltRuptPGD": 29.523393630981445, "SurfFltRuptProb": 0.5, "PDsNone": 0.8961, "PDsSlight": 0.0, "PDsModerate": 0.0484, "PDsExtensive": 0.038, "PDsComplete": 0.0173, "PDsExceedSlight": 0.1038, "PDsExceedModerate": 0.1038, "PDsExceedExtensive": 0.0554, "FunctDay1": 91.1, "FunctDay3": 92.5, "FunctDay7": 94.4, "FunctDay14": 94.7, "FunctDay30": 95.0, "FunctDay90": 97.0, "EconLoss": 307942.96875, "Name": "'CASTRO ST'", "City": "null", "State": "null" }, "geometry": { "type": "Point", "coordinates": [ -122.368922, 37.948533 ] } },
{ "type": "Feature", "properties": { "FacilityType": "HighwayBridge", "FacilityId": "CA007426", "Anchor": "null", "FoundationType": "null", "eqBldgType": "null", "DesignLevel": "null", "SoilType": "D", "LqfSusCat": 0, "LndSusCat": 0, "WaterDepth": 5.0, "Distance": "null", "PGA": 0.26603028178215027, "PGV": 9.6765861511230469, "Sa03": 0.59830844402313232, "Sa10": 0.26067140698432922, "LqfSettlPGD": 0.0, "LqfSprPGD": 0.0, "LqfProb": 0.0, "LndPGD": 0.0, "LndProb": 0.0, "SufFltRuptPGD": 29.523393630981445, "SurfFltRuptProb": 0.5, "PDsNone": 0.9691, "PDsSlight": 0.0182, "PDsModerate": 0.007, "PDsExtensive": 0.0045, "PDsComplete": 0.0008, "PDsExceedSlight": 0.0308, "PDsExceedModerate": 0.0125, "PDsExceedExtensive": 0.0054, "FunctDay1": 98.4, "FunctDay3": 99.1, "FunctDay7": 99.4, "FunctDay14": 99.4, "FunctDay30": 99.4, "FunctDay90": 99.7, "EconLoss": 27283.201171875, "Name": "'GIANT HIGHWAY'", "City": "null", "State": "null" }, "geometry": { "type": "Point", "coordinates": [ -122.348889, 37.981758 ] } },
{ "type": "Feature", "properties": { "FacilityType": "HighwayBridge", "FacilityId": "CA007427", "Anchor": "null", "FoundationType": "null", "eqBldgType": "null", "DesignLevel": "null", "SoilType": "D", "LqfSusCat": 0, "LndSusCat": 0, "WaterDepth": 5.0, "Distance": "null", "PGA": 0.26758855581283569, "PGV": 11.357602119445801, "Sa03": 0.65700381994247437, "Sa10": 0.31031322479248047, "LqfSettlPGD": 0.0, "LqfSprPGD": 0.0, "LqfProb": 0.0, "LndPGD": 0.0, "LndProb": 0.0, "SufFltRuptPGD": 29.523393630981445, "SurfFltRuptProb": 0.5, "PDsNone": 0.9501, "PDsSlight": 0.0, "PDsModerate": 0.026, "PDsExtensive": 0.0175, "PDsComplete": 0.0062, "PDsExceedSlight": 0.0498, "PDsExceedModerate": 0.0498, "PDsExceedExtensive": 0.0238, "FunctDay1": 95.8, "FunctDay3": 96.5, "FunctDay7": 97.5, "FunctDay14": 97.7, "FunctDay30": 97.8, "FunctDay90": 98.7, "EconLoss": 74672.21875, "Name": "'CHEVRON RAILROAD TRACKS'", "City": "null", "State": "null" }, "geometry": { "type": "Point", "coordinates": [ -122.378558, 37.937142 ] } },
{ "type": "Feature", "properties": { "FacilityType": "HighwayBridge", "FacilityId": "CA007428", "Anchor": "null", "FoundationType": "null", "eqBldgType": "null", "DesignLevel": "null", "SoilType": "D", "LqfSusCat": 0, "LndSusCat": 0, "WaterDepth": 5.0, "Distance": "null", "PGA": 0.26603028178215027, "PGV": 9.6765861511230469, "Sa03": 0.59830844402313232, "Sa10": 0.26067140698432922, "LqfSettlPGD": 0.0, "LqfSprPGD": 0.0, "LqfProb": 0.0, "LndPGD": 0.0, "LndProb": 0.0, "SufFltRuptPGD": 29.523393630981445, "SurfFltRuptProb": 0.5, "PDsNone": 0.9805, "PDsSlight": 0.0, "PDsModerate": 0.0112, "PDsExtensive": 0.0064, "PDsComplete": 0.0017, "PDsExceedSlight": 0.0194, "PDsExceedModerate": 0.0194, "PDsExceedExtensive": 0.0082, "FunctDay1": 98.4, "FunctDay3": 98.7, "FunctDay7": 99.1, "FunctDay14": 99.2, "FunctDay30": 99.2, "FunctDay90": 99.5, "EconLoss": 106238.625, "Name": "'GIANT UP RR BNSF AMTRAK'", "City": "null", "State": "null" }, "geometry": { "type": "Point", "coordinates": [ -122.358803, 37.976603 ] } },
{ "type": "Feature", "properties": { "FacilityType": "HighwayBridge", "FacilityId": "CA007429", "Anchor": "null", "FoundationType": "null", "eqBldgType": "null", "DesignLevel": "null", "SoilType": "D", "LqfSusCat": 0, "LndSusCat": 0, "WaterDepth": 5.0, "Distance": "null", "PGA": 0.26603028178215027, "PGV": 9.6765861511230469, "Sa03": 0.59830844402313232, "Sa10": 0.26067140698432922, "LqfSettlPGD": 0.0, "LqfSprPGD": 0.0, "LqfProb": 0.0, "LndPGD": 0.0, "LndProb": 0.0, "SufFltRuptPGD": 29.523393630981445, "SurfFltRuptProb": 0.5, "PDsNone": 0.9805, "PDsSlight": 0.0, "PDsModerate": 0.0112, "PDsExtensive": 0.0064, "PDsComplete": 0.0017, "PDsExceedSlight": 0.0194, "PDsExceedModerate": 0.0194, "PDsExceedExtensive": 0.0082, "FunctDay1": 98.4, "FunctDay3": 98.7, "FunctDay7": 99.1, "FunctDay14": 99.2, "FunctDay30": 99.2, "FunctDay90": 99.5, "EconLoss": 106238.625, "Name": "'GIANT UP RR BNSF AMTRAK'", "City": "null", "State": "null" }, "geometry": { "type": "Point", "coordinates": [ -122.358831, 37.976336 ] } },
{ "type": "Feature", "properties": { "FacilityType": "HighwayBridge", "FacilityId": "CA007430", "Anchor": "null", "FoundationType": "null", "eqBldgType": "null", "DesignLevel": "null", "SoilType": "D", "LqfSusCat": 0, "LndSusCat": 0, "WaterDepth": 5.0, "Distance": "null", "PGA": 0.28633642196655273, "PGV": 12.898520469665527, "Sa03": 0.71656978130340576, "Sa10": 0.36990472674369812, "LqfSettlPGD": 0.0, "LqfSprPGD": 0.0, "LqfProb": 0.0, "LndPGD": 0.0, "LndProb": 0.0, "SufFltRuptPGD": 29.523393630981445, "SurfFltRuptProb": 0.5, "PDsNone": 0.9007, "PDsSlight": 0.0114, "PDsModerate": 0.0392, "PDsExtensive": 0.036, "PDsComplete": 0.0126, "PDsExceedSlight": 0.0992, "PDsExceedModerate": 0.0878, "PDsExceedExtensive": 0.0486, "FunctDay1": 92.2, "FunctDay3": 93.6, "FunctDay7": 95.1, "FunctDay14": 95.4, "FunctDay30": 95.6, "FunctDay90": 97.5, "EconLoss": 20099.171875, "Name": "'PARKWAY WETLANDS'", "City": "null", "State": "null" }, "geometry": { "type": "Point", "coordinates": [ -122.369289, 37.972606 ] } },
{ "type": "Feature", "properties": { "FacilityType": "HighwayBridge", "FacilityId": "CA007431", "Anchor": "null", "FoundationType": "null", "eqBldgType": "null", "DesignLevel": "null", "SoilType": "D", "LqfSusCat": 0, "LndSusCat": 0, "WaterDepth": 5.0, "Distance": "null", "PGA": 0.24465948343276978, "PGV": 9.4923553466796875, "Sa03": 0.5979543924331665, "Sa10": 0.26503649353981018, "LqfSettlPGD": 0.0, "LqfSprPGD": 0.0, "LqfProb": 0.0, "LndPGD": 0.0, "LndProb": 0.0, "SufFltRuptPGD": 29.523393630981445, "SurfFltRuptProb": 0.5, "PDsNone": 0.9672, "PDsSlight": 0.0184, "PDsModerate": 0.0079, "PDsExtensive": 0.0052, "PDsComplete": 0.001, "PDsExceedSlight": 0.0327, "PDsExceedModerate": 0.0143, "PDsExceedExtensive": 0.0063, "FunctDay1": 98.3, "FunctDay3": 99.0, "FunctDay7": 99.3, "FunctDay14": 99.3, "FunctDay30": 99.4, "FunctDay90": 99.6, "EconLoss": 5111.73583984375, "Name": "'WEST ANTIOCH CREEK'", "City": "null", "State": "null" }, "geometry": { "type": "Point", "coordinates": [ -121.826017, 38.015456 ] } },
{ "type": "Feature", "properties": { "FacilityType": "HighwayBridge", "FacilityId": "CA007432", "Anchor": "null", "FoundationType": "null", "eqBldgType": "null", "DesignLevel": "null", "SoilType": "D", "LqfSusCat": 0, "LndSusCat": 0, "WaterDepth": 5.0, "Distance": "null", "PGA": 0.27343964576721191, "PGV": 14.547263145446777, "Sa03": 0.74149256944656372, "Sa10": 0.49189117550849915, "LqfSettlPGD": 0.0, "LqfSprPGD": 0.0, "LqfProb": 0.0, "LndPGD": 0.0, "LndProb": 0.0, "SufFltRuptPGD": 29.523393630981445, "SurfFltRuptProb": 0.5, "PDsNone": 0.7911, "PDsSlight": 0.0902, "PDsModerate": 0.0499, "PDsExtensive": 0.0492, "PDsComplete": 0.0193, "PDsExceedSlight": 0.2088, "PDsExceedModerate": 0.1185, "PDsExceedExtensive": 0.0685, "FunctDay1": 87.5, "FunctDay3": 91.2, "FunctDay7": 93.1, "FunctDay14": 93.5, "FunctDay30": 93.8, "FunctDay90": 96.4, "EconLoss": 44410.1640625, "Name": "'CONTRA COSTA CANAL'", "City": "null", "State": "null" }, "geometry": { "type": "Point", "coordinates": [ -121.978911, 38.0334 ] } },
{ "type": "Feature", "properties": { "FacilityType": "HighwayBridge", "FacilityId": "CA007433", "Anchor": "null", "FoundationType": "null", "eqBldgType": "null", "DesignLevel": "null", "SoilType": "D", "LqfSusCat": 0, "LndSusCat": 0, "WaterDepth": 5.0, "Distance": "null", "PGA": 0.26466062664985657, "PGV": 14.063728332519531, "Sa03": 0.7253606915473938, "Sa10": 0.47763624787330627, "LqfSettlPGD": 0.0, "LqfSprPGD": 0.0, "LqfProb": 0.0, "LndPGD": 0.0, "LndProb": 0.0, "SufFltRuptPGD": 29.523393630981445, "SurfFltRuptProb": 0.5, "PDsNone": 0.8049, "PDsSlight": 0.0748, "PDsModerate": 0.0504, "PDsExtensive": 0.0499, "PDsComplete": 0.0197, "PDsExceedSlight": 0.195, "PDsExceedModerate": 0.1201, "PDsExceedExtensive": 0.0696, "FunctDay1": 87.7, "FunctDay3": 91.1, "FunctDay7": 93.0, "FunctDay14": 93.4, "FunctDay30": 93.7, "FunctDay90": 96.4, "EconLoss": 36850.7265625, "Name": "'CONTRA COSTA CANAL'", "City": "null", "State": "null" }, "geometry": { "type": "Point", "coordinates": [ -121.972531, 38.029025 ] } },
{ "type": "Feature", "properties": { "FacilityType": "HighwayBridge", "FacilityId": "CA007434", "Anchor": "null", "FoundationType": "null", "eqBldgType": "null", "DesignLevel": "null", "SoilType": "D", "LqfSusCat": 0, "LndSusCat": 0, "WaterDepth": 5.0, "Distance": "null", "PGA": 0.26466062664985657, "PGV": 14.063728332519531, "Sa03": 0.7253606915473938, "Sa10": 0.47763624787330627, "LqfSettlPGD": 0.0, "LqfSprPGD": 0.0, "LqfProb": 0.0, "LndPGD": 0.0, "LndProb": 0.0, "SufFltRuptPGD": 29.523393630981445, "SurfFltRuptProb": 0.5, "PDsNone": 0.8049, "PDsSlight": 0.0859, "PDsModerate": 0.0467, "PDsExtensive": 0.0451, "PDsComplete": 0.0171, "PDsExceedSlight": 0.195, "PDsExceedModerate": 0.109, "PDsExceedExtensive": 0.0623, "FunctDay1": 88.4, "FunctDay3": 91.9, "FunctDay7": 93.8, "FunctDay14": 94.1, "FunctDay30": 94.4, "FunctDay90": 96.8, "EconLoss": 20892.03125, "Name": "'CONTRA COSTA CANAL'", "City": "null", "State": "null" }, "geometry": { "type": "Point", "coordinates": [ -121.967439, 38.027833 ] } },
{ "type": "Feature", "properties": { "FacilityType": "HighwayBridge", "FacilityId": "CA007435", "Anchor": "null", "FoundationType": "null", "eqBldgType": "null", "DesignLevel": "null", "SoilType": "D", "LqfSusCat": 0, "LndSusCat": 0, "WaterDepth": 5.0, "Distance": "null", "PGA": 0.20009920001029968, "PGV": 7.2326183319091797, "Sa03": 0.46664437651634216, "Sa10": 0.19327041506767273, "LqfSettlPGD": 0.0, "LqfSprPGD": 0.0, "LqfProb": 0.0, "LndPGD": 0.0, "LndProb": 0.0, "SufFltRuptPGD": 29.523393630981445, "SurfFltRuptProb": 0.5, "PDsNone": 0.991, "PDsSlight": 0.0055, "PDsModerate": 0.002, "PDsExtensive": 0.0011, "PDsComplete": 0.0001, "PDsExceedSlight": 0.0089, "PDsExceedModerate": 0.0033, "PDsExceedExtensive": 0.0013, "FunctDay1": 99.5, "FunctDay3": 99.7, "FunctDay7": 99.8, "FunctDay14": 99.8, "FunctDay30": 99.8, "FunctDay90": 99.9, "EconLoss": 338.18453979492188, "Name": "'BRUSHY CREEK'", "City": "null", "State": "null" }, "geometry": { "type": "Point", "coordinates": [ -121.629353, 37.838308 ] } },
{ "type": "Feature", "properties": { "FacilityType": "HighwayBridge", "FacilityId": "CA007436", "Anchor": "null", "FoundationType": "null", "eqBldgType": "null", "DesignLevel": "null", "SoilType": "D", "LqfSusCat": 0, "LndSusCat": 0, "WaterDepth": 5.0, "Distance": "null", "PGA": 0.28971868753433228, "PGV": 10.825994491577148, "Sa03": 0.68194842338562012, "Sa10": 0.28876844048500061, "LqfSettlPGD": 0.0, "LqfSprPGD": 0.0, "LqfProb": 0.0, "LndPGD": 0.0, "LndProb": 0.0, "SufFltRuptPGD": 29.523393630981445, "SurfFltRuptProb": 0.5, "PDsNone": 0.9552, "PDsSlight": 0.0255, "PDsModerate": 0.0104, "PDsExtensive": 0.0072, "PDsComplete": 0.0015, "PDsExceedSlight": 0.0447, "PDsExceedModerate": 0.0192, "PDsExceedExtensive": 0.0087, "FunctDay1": 97.7, "FunctDay3": 98.7, "FunctDay7": 99.1, "FunctDay14": 99.1, "FunctDay30": 99.2, "FunctDay90": 99.5, "EconLoss": 2248.567626953125, "Name": "'CONTRA COSTA CANAL'", "City": "null", "State": "null" }, "geometry": { "type": "Point", "coordinates": [ -122.017836, 37.978572 ] } },
{ "type": "Feature", "properties": { "FacilityType": "HighwayBridge", "FacilityId": "CA007437", "Anchor": "null", "FoundationType": "null", "eqBldgType": "null", "DesignLevel": "null", "SoilType": "D", "LqfSusCat": 0, "LndSusCat": 0, "WaterDepth": 5.0, "Distance": "null", "PGA": 0.19384707510471344, "PGV": 8.4068498611450195, "Sa03": 0.50997316837310791, "Sa10": 0.25659772753715515, "LqfSettlPGD": 0.0, "LqfSprPGD": 0.0, "LqfProb": 0.0, "LndPGD": 0.0, "LndProb": 0.0, "SufFltRuptPGD": 29.523393630981445, "SurfFltRuptProb": 0.5, "PDsNone": 0.9817, "PDsSlight": 0.0, "PDsModerate": 0.0106, "PDsExtensive": 0.006, "PDsComplete": 0.0016, "PDsExceedSlight": 0.0182, "PDsExceedModerate": 0.0182, "PDsExceedExtensive": 0.0076, "FunctDay1": 98.5, "FunctDay3": 98.8, "FunctDay7": 99.2, "FunctDay14": 99.2, "FunctDay30": 99.3, "FunctDay90": 99.6, "EconLoss": 45243.9375, "Name": "'DUTCH SLOUGH'", "City": "null", "State": "null" }, "geometry": { "type": "Point", "coordinates": [ -121.641094, 38.010633 ] } },
{ "type": "Feature", "properties": { "FacilityType": "HighwayBridge", "FacilityId": "CA007438", "Anchor": "null", "FoundationType": "null", "eqBldgType": "null", "DesignLevel": "null", "SoilType": "D", "LqfSusCat": 0, "LndSusCat": 0, "WaterDepth": 5.0, "Distance": "null", "PGA": 0.28633642196655273, "PGV": 12.898520469665527, "Sa03": 0.71656978130340576, "Sa10": 0.36990472674369812, "LqfSettlPGD": 0.0, "LqfSprPGD": 0.0, "LqfProb": 0.0, "LndPGD": 0.0, "LndProb": 0.0, "SufFltRuptPGD": 29.523393630981445, "SurfFltRuptProb": 0.5, "PDsNone": 0.9007, "PDsSlight": 0.0505, "PDsModerate": 0.0237, "PDsExtensive": 0.0194, "PDsComplete": 0.0055, "PDsExceedSlight": 0.0992, "PDsExceedModerate": 0.0487, "PDsExceedExtensive": 0.0249, "FunctDay1": 94.6, "FunctDay3": 96.5, "FunctDay7": 97.4, "FunctDay14": 97.6, "FunctDay30": 97.7, "FunctDay90": 98.7, "EconLoss": 36120.3515625, "Name": "'SAN PABLO CREEK'", "City": "null", "State": "null" }, "geometry": { "type": "Point", "coordinates": [ -122.354678, 37.963919 ] } },
{ "type": "Feature", "properties": { "FacilityType": "HighwayBridge", "FacilityId": "CA007439", "Anchor": "null", "FoundationType": "null", "eqBldgType": "null", "DesignLevel": "null", "SoilType": "D", "LqfSusCat": 0, "LndSusCat": 0, "WaterDepth": 5.0, "Distance": "null", "PGA": 0.28016680479049683, "PGV": 10.005664825439453, "Sa03": 0.62862586975097656, "Sa10": 0.27086547017097473, "LqfSettlPGD": 0.0, "LqfSprPGD": 0.0, "LqfProb": 0.0, "LndPGD": 0.0, "LndProb": 0.0, "SufFltRuptPGD": 29.523393630981445, "SurfFltRuptProb": 0.5, "PDsNone": 0.9644, "PDsSlight": 0.0207, "PDsModerate": 0.0081, "PDsExtensive": 0.0054, "PDsComplete": 0.0011, "PDsExceedSlight": 0.0355, "PDsExceedModerate": 0.0147, "PDsExceedExtensive": 0.0065, "FunctDay1": 98.2, "FunctDay3": 98.9, "FunctDay7": 99.3, "FunctDay14": 99.3, "FunctDay30": 99.4, "FunctDay90": 99.6, "EconLoss": 1119.9473876953125, "Name": "'SAN PABLO CREEK'", "City": "null", "State": "null" }, "geometry": { "type": "Point", "coordinates": [ -122.320553, 37.965742 ] } },
{ "type": "Feature", "properties": { "FacilityType": "HighwayBridge", "FacilityId": "CA007440", "Anchor": "null", "FoundationType": "null", "eqBldgType": "null", "DesignLevel": "null", "SoilType": "D", "LqfSusCat": 0, "LndSusCat": 0, "WaterDepth": 5.0, "Distance": "null", "PGA": 0.28633642196655273, "PGV": 12.898520469665527, "Sa03": 0.71656978130340576, "Sa10": 0.36990472674369812, "LqfSettlPGD": 0.0, "LqfSprPGD": 0.0, "LqfProb": 0.0, "LndPGD": 0.0, "LndProb": 0.0, "SufFltRuptPGD": 29.523393630981445, "SurfFltRuptProb": 0.5, "PDsNone": 0.9007, "PDsSlight": 0.0391, "PDsModerate": 0.0285, "PDsExtensive": 0.0242, "PDsComplete": 0.0073, "PDsExceedSlight": 0.0992, "PDsExceedModerate": 0.0601, "PDsExceedExtensive": 0.0316, "FunctDay1": 93.9, "FunctDay3": 95.7, "FunctDay7": 96.8, "FunctDay14": 97.0, "FunctDay30": 97.1, "FunctDay90": 98.4, "EconLoss": 11886.5009765625, "Name": "'WILDCAT CREEK'", "City": "null", "State": "null" }, "geometry": { "type": "Point", "coordinates": [ -122.343697, 37.959197 ] } },
{ "type": "Feature", "properties": { "FacilityType": "HighwayBridge", "FacilityId": "CA007441", "Anchor": "null", "FoundationType": "null", "eqBldgType": "null", "DesignLevel": "null", "SoilType": "D", "LqfSusCat": 0, "LndSusCat": 0, "WaterDepth": 5.0, "Distance": "null", "PGA": 0.22777557373046875, "PGV": 8.8810701370239258, "Sa03": 0.55822324752807617, "Sa10": 0.24961048364639282, "LqfSettlPGD": 0.0, "LqfSprPGD": 0.0, "LqfProb": 0.0, "LndPGD": 0.0, "LndProb": 0.0, "SufFltRuptPGD": 29.523393630981445, "SurfFltRuptProb": 0.5, "PDsNone": 0.9738, "PDsSlight": 0.0157, "PDsModerate": 0.0059, "PDsExtensive": 0.0037, "PDsComplete": 0.0006, "PDsExceedSlight": 0.0261, "PDsExceedModerate": 0.0103, "PDsExceedExtensive": 0.0044, "FunctDay1": 98.7, "FunctDay3": 99.3, "FunctDay7": 99.5, "FunctDay14": 99.5, "FunctDay30": 99.5, "FunctDay90": 99.7, "EconLoss": 2597.181640625, "Name": "'CONTRA COSTA CANAL'", "City": "null", "State": "null" }, "geometry": { "type": "Point", "coordinates": [ -121.798114, 37.984117 ] } },
{ "type": "Feature", "properties": { "FacilityType": "HighwayBridge", "FacilityId": "CA007442", "Anchor": "null", "FoundationType": "null", "eqBldgType": "null", "DesignLevel": "null", "SoilType": "D", "LqfSusCat": 0, "LndSusCat": 0, "WaterDepth": 5.0, "Distance": "null", "PGA": 0.30598485469818115, "PGV": 10.546538352966309, "Sa03": 0.66895943880081177, "Sa10": 0.28050541877746582, "LqfSettlPGD": 0.0, "LqfSprPGD": 0.0, "LqfProb": 0.0, "LndPGD": 0.0, "LndProb": 0.0, "SufFltRuptPGD": 29.523393630981445, "SurfFltRuptProb": 0.5, "PDsNone": 0.9596, "PDsSlight": 0.0232, "PDsModerate": 0.0093, "PDsExtensive": 0.0063, "PDsComplete": 0.0013, "PDsExceedSlight": 0.0403, "PDsExceedModerate": 0.0171, "PDsExceedExtensive": 0.0077, "FunctDay1": 97.9, "FunctDay3": 98.8, "FunctDay7": 99.2, "FunctDay14": 99.2, "FunctDay30": 99.3, "FunctDay90": 99.6, "EconLoss": 2671.65771484375, "Name": "'QUERCUS CREEK'", "City": "null", "State": "null" }, "geometry": { "type": "Point", "coordinates": [ -122.192856, 37.865486 ] } },
{ "type": "Feature", "properties": { "FacilityType": "HighwayBridge", "FacilityId": "CA007443", "Anchor": "null", "FoundationType": "null", "eqBldgType": "null", "DesignLevel": "null", "SoilType": "D", "LqfSusCat": 0, "LndSusCat": 0, "WaterDepth": 5.0, "Distance": "null", "PGA": 0.23084500432014465, "PGV": 8.0883922576904297, "Sa03": 0.52538204193115234, "Sa10": 0.20815137028694153, "LqfSettlPGD": 0.0, "LqfSprPGD": 0.0, "LqfProb": 0.0, "LndPGD": 0.0, "LndProb": 0.0, "SufFltRuptPGD": 29.523393630981445, "SurfFltRuptProb": 0.5, "PDsNone": 0.987, "PDsSlight": 0.0084, "PDsModerate": 0.0026, "PDsExtensive": 0.0015, "PDsComplete": 0.0002, "PDsExceedSlight": 0.0129, "PDsExceedModerate": 0.0044, "PDsExceedExtensive": 0.0017, "FunctDay1": 99.4, "FunctDay3": 99.6, "FunctDay7": 99.7, "FunctDay14": 99.8, "FunctDay30": 99.8, "FunctDay90": 99.8, "EconLoss": 177.58282470703125, "Name": "'BRIONES VALLEY CREEK'", "City": "null", "State": "null" }, "geometry": { "type": "Point", "coordinates": [ -121.814733, 37.909806 ] } },
{ "type": "Feature", "properties": { "FacilityType": "HighwayBridge", "FacilityId": "CA007444", "Anchor": "null", "FoundationType": "null", "eqBldgType": "null", "DesignLevel": "null", "SoilType": "D", "LqfSusCat": 0, "LndSusCat": 0, "WaterDepth": 5.0, "Distance": "null", "PGA": 0.24465948343276978, "PGV": 9.4923553466796875, "Sa03": 0.5979543924331665, "Sa10": 0.26503649353981018, "LqfSettlPGD": 0.0, "LqfSprPGD": 0.0, "LqfProb": 0.0, "LndPGD": 0.0, "LndProb": 0.0, "SufFltRuptPGD": 29.523393630981445, "SurfFltRuptProb": 0.5, "PDsNone": 0.9672, "PDsSlight": 0.0193, "PDsModerate": 0.0075, "PDsExtensive": 0.0049, "PDsComplete": 0.0009, "PDsExceedSlight": 0.0327, "PDsExceedModerate": 0.0134, "PDsExceedExtensive": 0.0059, "FunctDay1": 98.4, "FunctDay3": 99.1, "FunctDay7": 99.3, "FunctDay14": 99.4, "FunctDay30": 99.4, "FunctDay90": 99.7, "EconLoss": 1461.1651611328125, "Name": "'KIRKER CREEK'", "City": "null", "State": "null" }, "geometry": { "type": "Point", "coordinates": [ -121.869567, 38.018247 ] } },
{ "type": "Feature", "properties": { "FacilityType": "HighwayBridge", "FacilityId": "CA007445", "Anchor": "null", "FoundationType": "null", "eqBldgType": "null", "DesignLevel": "null", "SoilType": "D", "LqfSusCat": 0, "LndSusCat": 0, "WaterDepth": 5.0, "Distance": "null", "PGA": 0.24465948343276978, "PGV": 9.4923553466796875, "Sa03": 0.5979543924331665, "Sa10": 0.26503649353981018, "LqfSettlPGD": 0.0, "LqfSprPGD": 0.0, "LqfProb": 0.0, "LndPGD": 0.0, "LndProb": 0.0, "SufFltRuptPGD": 29.523393630981445, "SurfFltRuptProb": 0.5, "PDsNone": 0.9672, "PDsSlight": 0.0193, "PDsModerate": 0.0075, "PDsExtensive": 0.0049, "PDsComplete": 0.0009, "PDsExceedSlight": 0.0327, "PDsExceedModerate": 0.0134, "PDsExceedExtensive": 0.0059, "FunctDay1": 98.4, "FunctDay3": 99.1, "FunctDay7": 99.3, "FunctDay14": 99.4, "FunctDay30": 99.4, "FunctDay90": 99.7, "EconLoss": 1330.766845703125, "Name": "'KIRKER CREEK'", "City": "null", "State": "null" }, "geometry": { "type": "Point", "coordinates": [ -121.868981, 38.018125 ] } },
{ "type": "Feature", "properties": { "FacilityType": "HighwayBridge", "FacilityId": "CA007446", "Anchor": "null", "FoundationType": "null", "eqBldgType": "null", "DesignLevel": "null", "SoilType": "D", "LqfSusCat": 0, "LndSusCat": 0, "WaterDepth": 5.0, "Distance": "null", "PGA": 0.30203935503959656, "PGV": 10.406497955322266, "Sa03": 0.66494113206863403, "Sa10": 0.27777394652366638, "LqfSettlPGD": 0.0, "LqfSprPGD": 0.0, "LqfProb": 0.0, "LndPGD": 0.0, "LndProb": 0.0, "SufFltRuptPGD": 29.523393630981445, "SurfFltRuptProb": 0.5, "PDsNone": 0.9749, "PDsSlight": 0.0, "PDsModerate": 0.0141, "PDsExtensive": 0.0084, "PDsComplete": 0.0024, "PDsExceedSlight": 0.025, "PDsExceedModerate": 0.025, "PDsExceedExtensive": 0.0109, "FunctDay1": 97.9, "FunctDay3": 98.3, "FunctDay7": 98.8, "FunctDay14": 98.9, "FunctDay30": 99.0, "FunctDay90": 99.4, "EconLoss": 3987.359375, "Name": "'SAN PABLO CREEK'", "City": "null", "State": "null" }, "geometry": { "type": "Point", "coordinates": [ -122.202217, 37.893675 ] } },
{ "type": "Feature", "properties": { "FacilityType": "HighwayBridge", "FacilityId": "CA007447", "Anchor": "null", "FoundationType": "null", "eqBldgType": "null", "DesignLevel": "null", "SoilType": "D", "LqfSusCat": 0, "LndSusCat": 0, "WaterDepth": 5.0, "Distance": "null", "PGA": 0.22777557373046875, "PGV": 8.8810701370239258, "Sa03": 0.55822324752807617, "Sa10": 0.24961048364639282, "LqfSettlPGD": 0.0, "LqfSprPGD": 0.0, "LqfProb": 0.0, "LndPGD": 0.0, "LndProb": 0.0, "SufFltRuptPGD": 29.523393630981445, "SurfFltRuptProb": 0.5, "PDsNone": 0.9738, "PDsSlight": 0.0157, "PDsModerate": 0.0059, "PDsExtensive": 0.0037, "PDsComplete": 0.0006, "PDsExceedSlight": 0.0261, "PDsExceedModerate": 0.0103, "PDsExceedExtensive": 0.0044, "FunctDay1": 98.7, "FunctDay3": 99.3, "FunctDay7": 99.5, "FunctDay14": 99.5, "FunctDay30": 99.5, "FunctDay90": 99.7, "EconLoss": 6105.3447265625, "Name": "'CONTRA COSTA CANAL'", "City": "null", "State": "null" }, "geometry": { "type": "Point", "coordinates": [ -121.785353, 37.984719 ] } },
{ "type": "Feature", "properties": { "FacilityType": "HighwayBridge", "FacilityId": "CA007448", "Anchor": "null", "FoundationType": "null", "eqBldgType": "null", "DesignLevel": "null", "SoilType": "D", "LqfSusCat": 0, "LndSusCat": 0, "WaterDepth": 5.0, "Distance": "null", "PGA": 0.22777557373046875, "PGV": 8.8810701370239258, "Sa03": 0.55822324752807617, "Sa10": 0.24961048364639282, "LqfSettlPGD": 0.0, "LqfSprPGD": 0.0, "LqfProb": 0.0, "LndPGD": 0.0, "LndProb": 0.0, "SufFltRuptPGD": 29.523393630981445, "SurfFltRuptProb": 0.5, "PDsNone": 0.9738, "PDsSlight": 0.0157, "PDsModerate": 0.0059, "PDsExtensive": 0.0037, "PDsComplete": 0.0006, "PDsExceedSlight": 0.0261, "PDsExceedModerate": 0.0103, "PDsExceedExtensive": 0.0044, "FunctDay1": 98.7, "FunctDay3": 99.3, "FunctDay7": 99.5, "FunctDay14": 99.5, "FunctDay30": 99.5, "FunctDay90": 99.7, "EconLoss": 6050.18212890625, "Name": "'CONTRA COSTA CANAL'", "City": "null", "State": "null" }, "geometry": { "type": "Point", "coordinates": [ -121.79025, 37.984081 ] } },
{ "type": "Feature", "properties": { "FacilityType": "HighwayBridge", "FacilityId": "CA007449", "Anchor": "null", "FoundationType": "null", "eqBldgType": "null", "DesignLevel": "null", "SoilType": "D", "LqfSusCat": 0, "LndSusCat": 0, "WaterDepth": 5.0, "Distance": "null", "PGA": 0.31597408652305603, "PGV": 12.950291633605957, "Sa03": 0.75980222225189209, "Sa10": 0.37026152014732361, "LqfSettlPGD": 0.0, "LqfSprPGD": 0.0, "LqfProb": 0.0, "LndPGD": 0.0, "LndProb": 0.0, "SufFltRuptPGD": 29.523393630981445, "SurfFltRuptProb": 0.5, "PDsNone": 0.8649, "PDsSlight": 0.0, "PDsModerate": 0.0552, "PDsExtensive": 0.0562, "PDsComplete": 0.0234, "PDsExceedSlight": 0.135, "PDsExceedModerate": 0.135, "PDsExceedExtensive": 0.0797, "FunctDay1": 88.3, "FunctDay3": 89.9, "FunctDay7": 92.0, "FunctDay14": 92.4, "FunctDay30": 92.8, "FunctDay90": 95.8, "EconLoss": 23975.134765625, "Name": "'SAN RAMON VALLEY BLVD'", "City": "null", "State": "null" }, "geometry": { "type": "Point", "coordinates": [ -121.95415, 37.734644 ] } },
{ "type": "Feature", "properties": { "FacilityType": "HighwayBridge", "FacilityId": "CA007450", "Anchor": "null", "FoundationType": "null", "eqBldgType": "null", "DesignLevel": "null", "SoilType": "D", "LqfSusCat": 0, "LndSusCat": 0, "WaterDepth": 5.0, "Distance": "null", "PGA": 0.22777557373046875, "PGV": 8.8810701370239258, "Sa03": 0.55822324752807617, "Sa10": 0.24961048364639282, "LqfSettlPGD": 0.0, "LqfSprPGD": 0.0, "LqfProb": 0.0, "LndPGD": 0.0, "LndProb": 0.0, "SufFltRuptPGD": 29.523393630981445, "SurfFltRuptProb": 0.5, "PDsNone": 0.9738, "PDsSlight": 0.0157, "PDsModerate": 0.0059, "PDsExtensive": 0.0037, "PDsComplete": 0.0006, "PDsExceedSlight": 0.0261, "PDsExceedModerate": 0.0103, "PDsExceedExtensive": 0.0044, "FunctDay1": 98.7, "FunctDay3": 99.3, "FunctDay7": 99.5, "FunctDay14": 99.5, "FunctDay30": 99.5, "FunctDay90": 99.7, "EconLoss": 1764.1231689453125, "Name": "'CONTRA COSTA CANAL'", "City": "null", "State": "null" }, "geometry": { "type": "Point", "coordinates": [ -121.820461, 37.979819 ] } },
{ "type": "Feature", "properties": { "FacilityType": "HighwayBridge", "FacilityId": "CA007451", "Anchor": "null", "FoundationType": "null", "eqBldgType": "null", "DesignLevel": "null", "SoilType": "D", "LqfSusCat": 0, "LndSusCat": 0, "WaterDepth": 5.0, "Distance": "null", "PGA": 0.27899497747421265, "PGV": 9.7650613784790039, "Sa03": 0.62554401159286499, "Sa10": 0.26399409770965576, "LqfSettlPGD": 0.0, "LqfSprPGD": 0.0, "LqfProb": 0.0, "LndPGD": 0.0, "LndProb": 0.0, "SufFltRuptPGD": 29.523393630981445, "SurfFltRuptProb": 0.5, "PDsNone": 0.9676, "PDsSlight": 0.019, "PDsModerate": 0.0074, "PDsExtensive": 0.0048, "PDsComplete": 0.0009, "PDsExceedSlight": 0.0323, "PDsExceedModerate": 0.0132, "PDsExceedExtensive": 0.0058, "FunctDay1": 98.4, "FunctDay3": 99.1, "FunctDay7": 99.3, "FunctDay14": 99.4, "FunctDay30": 99.4, "FunctDay90": 99.7, "EconLoss": 26677.275390625, "Name": "'WEST BRANCH ALAMO CREEK'", "City": "null", "State": "null" }, "geometry": { "type": "Point", "coordinates": [ -121.920167, 37.7575 ] } },
{ "type": "Feature", "properties": { "FacilityType": "HighwayBridge", "FacilityId": "CA007452", "Anchor": "null", "FoundationType": "null", "eqBldgType": "null", "DesignLevel": "null", "SoilType": "D", "LqfSusCat": 0, "LndSusCat": 0, "WaterDepth": 5.0, "Distance": "null", "PGA": 0.27899497747421265, "PGV": 9.7650613784790039, "Sa03": 0.62554401159286499, "Sa10": 0.26399409770965576, "LqfSettlPGD": 0.0, "LqfSprPGD": 0.0, "LqfProb": 0.0, "LndPGD": 0.0, "LndProb": 0.0, "SufFltRuptPGD": 29.523393630981445, "SurfFltRuptProb": 0.5, "PDsNone": 0.9676, "PDsSlight": 0.019, "PDsModerate": 0.0074, "PDsExtensive": 0.0048, "PDsComplete": 0.0009, "PDsExceedSlight": 0.0323, "PDsExceedModerate": 0.0132, "PDsExceedExtensive": 0.0058, "FunctDay1": 98.4, "FunctDay3": 99.1, "FunctDay7": 99.3, "FunctDay14": 99.4, "FunctDay30": 99.4, "FunctDay90": 99.7, "EconLoss": 26677.275390625, "Name": "'WEST BRANCH ALAMO CREEK'", "City": "null", "State": "null" }, "geometry": { "type": "Point", "coordinates": [ -121.920678, 37.760058 ] } },
{ "type": "Feature", "properties": { "FacilityType": "HighwayBridge", "FacilityId": "CA007453", "Anchor": "null", "FoundationType": "null", "eqBldgType": "null", "DesignLevel": "null", "SoilType": "D", "LqfSusCat": 0, "LndSusCat": 0, "WaterDepth": 5.0, "Distance": "null", "PGA": 0.25753375887870789, "PGV": 9.6131410598754883, "Sa03": 0.61345106363296509, "Sa10": 0.25921157002449036, "LqfSettlPGD": 0.0, "LqfSprPGD": 0.0, "LqfProb": 0.0, "LndPGD": 0.0, "LndProb": 0.0, "SufFltRuptPGD": 29.523393630981445, "SurfFltRuptProb": 0.5, "PDsNone": 0.9698, "PDsSlight": 0.0179, "PDsModerate": 0.0068, "PDsExtensive": 0.0044, "PDsComplete": 0.0008, "PDsExceedSlight": 0.0301, "PDsExceedModerate": 0.0122, "PDsExceedExtensive": 0.0053, "FunctDay1": 98.5, "FunctDay3": 99.1, "FunctDay7": 99.4, "FunctDay14": 99.4, "FunctDay30": 99.5, "FunctDay90": 99.7, "EconLoss": 7221.09521484375, "Name": "'CONTRA COSTA CANAL'", "City": "null", "State": "null" }, "geometry": { "type": "Point", "coordinates": [ -121.901733, 38.008031 ] } },
{ "type": "Feature", "properties": { "FacilityType": "HighwayBridge", "FacilityId": "CA007454", "Anchor": "null", "FoundationType": "null", "eqBldgType": "null", "DesignLevel": "null", "SoilType": "D", "LqfSusCat": 0, "LndSusCat": 0, "WaterDepth": 5.0, "Distance": "null", "PGA": 0.3122633695602417, "PGV": 10.710003852844238, "Sa03": 0.67904609441757202, "Sa10": 0.2819371223449707, "LqfSettlPGD": 0.0, "LqfSprPGD": 0.0, "LqfProb": 0.0, "LndPGD": 0.0, "LndProb": 0.0, "SufFltRuptPGD": 29.523393630981445, "SurfFltRuptProb": 0.5, "PDsNone": 0.9589, "PDsSlight": 0.0236, "PDsModerate": 0.0095, "PDsExtensive": 0.0065, "PDsComplete": 0.0013, "PDsExceedSlight": 0.041, "PDsExceedModerate": 0.0174, "PDsExceedExtensive": 0.0078, "FunctDay1": 97.9, "FunctDay3": 98.8, "FunctDay7": 99.1, "FunctDay14": 99.2, "FunctDay30": 99.2, "FunctDay90": 99.6, "EconLoss": 4680.3759765625, "Name": "'MORAGA CREEK'", "City": "null", "State": "null" }, "geometry": { "type": "Point", "coordinates": [ -122.132242, 37.825708 ] } },
{ "type": "Feature", "properties": { "FacilityType": "HighwayBridge", "FacilityId": "CA007455", "Anchor": "null", "FoundationType": "null", "eqBldgType": "null", "DesignLevel": "null", "SoilType": "D", "LqfSusCat": 0, "LndSusCat": 0, "WaterDepth": 5.0, "Distance": "null", "PGA": 0.32111510634422302, "PGV": 11.395089149475098, "Sa03": 0.7213207483291626, "Sa10": 0.30600848793983459, "LqfSettlPGD": 0.0, "LqfSprPGD": 0.0, "LqfProb": 0.0, "LndPGD": 0.0, "LndProb": 0.0, "SufFltRuptPGD": 29.523393630981445, "SurfFltRuptProb": 0.5, "PDsNone": 0.8691, "PDsSlight": 0.0947, "PDsModerate": 0.0196, "PDsExtensive": 0.0124, "PDsComplete": 0.004, "PDsExceedSlight": 0.1308, "PDsExceedModerate": 0.036, "PDsExceedExtensive": 0.0164, "FunctDay1": 94.6, "FunctDay3": 97.5, "FunctDay7": 98.3, "FunctDay14": 98.4, "FunctDay30": 98.5, "FunctDay90": 99.1, "EconLoss": 7914.76416015625, "Name": "'WALNUT CREEK'", "City": "null", "State": "null" }, "geometry": { "type": "Point", "coordinates": [ -122.059358, 37.898422 ] } },
{ "type": "Feature", "properties": { "FacilityType": "HighwayBridge", "FacilityId": "CA007456", "Anchor": "null", "FoundationType": "null", "eqBldgType": "null", "DesignLevel": "null", "SoilType": "D", "LqfSusCat": 0, "LndSusCat": 0, "WaterDepth": 5.0, "Distance": "null", "PGA": 0.32111510634422302, "PGV": 11.395089149475098, "Sa03": 0.7213207483291626, "Sa10": 0.30600848793983459, "LqfSettlPGD": 0.0, "LqfSprPGD": 0.0, "LqfProb": 0.0, "LndPGD": 0.0, "LndProb": 0.0, "SufFltRuptPGD": 29.523393630981445, "SurfFltRuptProb": 0.5, "PDsNone": 0.9453, "PDsSlight": 0.0303, "PDsModerate": 0.0128, "PDsExtensive": 0.0092, "PDsComplete": 0.0021, "PDsExceedSlight": 0.0546, "PDsExceedModerate": 0.0242, "PDsExceedExtensive": 0.0113, "FunctDay1": 97.2, "FunctDay3": 98.3, "FunctDay7": 98.8, "FunctDay14": 98.9, "FunctDay30": 98.9, "FunctDay90": 99.4, "EconLoss": 4608.89453125, "Name": "'LAS TRAMPAS CREEK'", "City": "null", "State": "null" }, "geometry": { "type": "Point", "coordinates": [ -122.059492, 37.897472 ] } },
{ "type": "Feature", "properties": { "FacilityType": "HighwayBridge", "FacilityId": "CA007457", "Anchor": "null", "FoundationType": "null", "eqBldgType": "null", "DesignLevel": "null", "SoilType": "D", "LqfSusCat": 0, "LndSusCat": 0, "WaterDepth": 5.0, "Distance": "null", "PGA": 0.32111510634422302, "PGV": 11.395089149475098, "Sa03": 0.7213207483291626, "Sa10": 0.30600848793983459, "LqfSettlPGD": 0.0, "LqfSprPGD": 0.0, "LqfProb": 0.0, "LndPGD": 0.0, "LndProb": 0.0, "SufFltRuptPGD": 29.523393630981445, "SurfFltRuptProb": 0.5, "PDsNone": 0.9453, "PDsSlight": 0.0303, "PDsModerate": 0.0128, "PDsExtensive": 0.0092, "PDsComplete": 0.0021, "PDsExceedSlight": 0.0546, "PDsExceedModerate": 0.0242, "PDsExceedExtensive": 0.0113, "FunctDay1": 97.2, "FunctDay3": 98.3, "FunctDay7": 98.8, "FunctDay14": 98.9, "FunctDay30": 98.9, "FunctDay90": 99.4, "EconLoss": 4815.2626953125, "Name": "'SAN RAMON CREEK'", "City": "null", "State": "null" }, "geometry": { "type": "Point", "coordinates": [ -122.058683, 37.897728 ] } },
{ "type": "Feature", "properties": { "FacilityType": "HighwayBridge", "FacilityId": "CA007458", "Anchor": "null", "FoundationType": "null", "eqBldgType": "null", "DesignLevel": "null", "SoilType": "D", "LqfSusCat": 0, "LndSusCat": 0, "WaterDepth": 5.0, "Distance": "null", "PGA": 0.27735394239425659, "PGV": 10.04581356048584, "Sa03": 0.62787985801696777, "Sa10": 0.26528066396713257, "LqfSettlPGD": 0.0, "LqfSprPGD": 0.0, "LqfProb": 0.0, "LndPGD": 0.0, "LndProb": 0.0, "SufFltRuptPGD": 29.523393630981445, "SurfFltRuptProb": 0.5, "PDsNone": 0.967, "PDsSlight": 0.0194, "PDsModerate": 0.0075, "PDsExtensive": 0.0049, "PDsComplete": 0.0009, "PDsExceedSlight": 0.0329, "PDsExceedModerate": 0.0134, "PDsExceedExtensive": 0.0059, "FunctDay1": 98.3, "FunctDay3": 99.0, "FunctDay7": 99.3, "FunctDay14": 99.4, "FunctDay30": 99.4, "FunctDay90": 99.7, "EconLoss": 1697.8883056640625, "Name": "'PINOLE CREEK'", "City": "null", "State": "null" }, "geometry": { "type": "Point", "coordinates": [ -122.288222, 37.999089 ] } },
{ "type": "Feature", "properties": { "FacilityType": "HighwayBridge", "FacilityId": "CA025691", "Anchor": "null", "FoundationType": "null", "eqBldgType": "null", "DesignLevel": "null", "SoilType": "D", "LqfSusCat": 0, "LndSusCat": 0, "WaterDepth": 5.0, "Distance": "null", "PGA": 0.28153252601623535, "PGV": 15.143756866455078, "Sa03": 0.75594973564147949, "Sa10": 0.50844579935073853, "LqfSettlPGD": 0.0, "LqfSprPGD": 0.0, "LqfProb": 0.0, "LndPGD": 0.0, "LndProb": 0.0, "SufFltRuptPGD": 29.523393630981445, "SurfFltRuptProb": 0.5, "PDsNone": 0.1896, "PDsSlight": 0.2844, "PDsModerate": 0.1203, "PDsExtensive": 0.2254, "PDsComplete": 0.1802, "PDsExceedSlight": 0.8103, "PDsExceedModerate": 0.5259, "PDsExceedExtensive": 0.4056, "FunctDay1": 44.9, "FunctDay3": 55.6, "FunctDay7": 60.4, "FunctDay14": 61.5, "FunctDay30": 63.2, "FunctDay90": 75.6, "EconLoss": 2172065.0, "Name": "'COUNTY RD & RR'", "City": "null", "State": "null" }, "geometry": { "type": "Point", "coordinates": [ -122.0313, 38.044631 ] } },
{ "type": "Feature", "properties": { "FacilityType": "HighwayBridge", "FacilityId": "CA025692", "Anchor": "null", "FoundationType": "null", "eqBldgType": "null", "DesignLevel": "null", "SoilType": "D", "LqfSusCat": 0, "LndSusCat": 0, "WaterDepth": 5.0, "Distance": "null", "PGA": 0.27343964576721191, "PGV": 14.547263145446777, "Sa03": 0.74149256944656372, "Sa10": 0.49189117550849915, "LqfSettlPGD": 0.0, "LqfSprPGD": 0.0, "LqfProb": 0.0, "LndPGD": 0.0, "LndProb": 0.0, "SufFltRuptPGD": 29.523393630981445, "SurfFltRuptProb": 0.5, "PDsNone": 0.7911, "PDsSlight": 0.0902, "PDsModerate": 0.0499, "PDsExtensive": 0.0492, "PDsComplete": 0.0193, "PDsExceedSlight": 0.2088, "PDsExceedModerate": 0.1185, "PDsExceedExtensive": 0.0685, "FunctDay1": 87.5, "FunctDay3": 91.2, "FunctDay7": 93.1, "FunctDay14": 93.5, "FunctDay30": 93.8, "FunctDay90": 96.4, "EconLoss": 21193.6953125, "Name": "'BELLOMA SLOUGH'", "City": "null", "State": "null" }, "geometry": { "type": "Point", "coordinates": [ -122.0197, 38.056981 ] } },
{ "type": "Feature", "properties": { "FacilityType": "HighwayBridge", "FacilityId": "CA025693", "Anchor": "null", "FoundationType": "null", "eqBldgType": "null", "DesignLevel": "null", "SoilType": "D", "LqfSusCat": 0, "LndSusCat": 0, "WaterDepth": 5.0, "Distance": "null", "PGA": 0.27343964576721191, "PGV": 14.547263145446777, "Sa03": 0.74149256944656372, "Sa10": 0.49189117550849915, "LqfSettlPGD": 0.0, "LqfSprPGD": 0.0, "LqfProb": 0.0, "LndPGD": 0.0, "LndProb": 0.0, "SufFltRuptPGD": 29.523393630981445, "SurfFltRuptProb": 0.5, "PDsNone": 0.7911, "PDsSlight": 0.0827, "PDsModerate": 0.0523, "PDsExtensive": 0.0524, "PDsComplete": 0.0211, "PDsExceedSlight": 0.2088, "PDsExceedModerate": 0.126, "PDsExceedExtensive": 0.0736, "FunctDay1": 87.0, "FunctDay3": 90.6, "FunctDay7": 92.6, "FunctDay14": 93.0, "FunctDay30": 93.4, "FunctDay90": 96.1, "EconLoss": 23434.283203125, "Name": "'CUNNINHAM SLOUGH'", "City": "null", "State": "null" }, "geometry": { "type": "Point", "coordinates": [ -122.016, 38.05635 ] } },
{ "type": "Feature", "properties": { "FacilityType": "HighwayBridge", "FacilityId": "CA025694", "Anchor": "null", "FoundationType": "null", "eqBldgType": "null", "DesignLevel": "null", "SoilType": "D", "LqfSusCat": 0, "LndSusCat": 0, "WaterDepth": 5.0, "Distance": "null", "PGA": 0.27343964576721191, "PGV": 14.547263145446777, "Sa03": 0.74149256944656372, "Sa10": 0.49189117550849915, "LqfSettlPGD": 0.0, "LqfSprPGD": 0.0, "LqfProb": 0.0, "LndPGD": 0.0, "LndProb": 0.0, "SufFltRuptPGD": 29.523393630981445, "SurfFltRuptProb": 0.5, "PDsNone": 0.7911, "PDsSlight": 0.0902, "PDsModerate": 0.0499, "PDsExtensive": 0.0492, "PDsComplete": 0.0193, "PDsExceedSlight": 0.2088, "PDsExceedModerate": 0.1185, "PDsExceedExtensive": 0.0685, "FunctDay1": 87.5, "FunctDay3": 91.2, "FunctDay7": 93.1, "FunctDay14": 93.5, "FunctDay30": 93.8, "FunctDay90": 96.4, "EconLoss": 29345.111328125, "Name": "'CUNNINGHAM SLOUGH'", "City": "null", "State": "null" }, "geometry": { "type": "Point", "coordinates": [ -122.0016, 38.053119 ] } },
{ "type": "Feature", "properties": { "FacilityType": "HighwayBridge", "FacilityId": "CA025695", "Anchor": "null", "FoundationType": "null", "eqBldgType": "null", "DesignLevel": "null", "SoilType": "D", "LqfSusCat": 0, "LndSusCat": 0, "WaterDepth": 5.0, "Distance": "null", "PGA": 0.28153252601623535, "PGV": 15.143756866455078, "Sa03": 0.75594973564147949, "Sa10": 0.50844579935073853, "LqfSettlPGD": 0.0, "LqfSprPGD": 0.0, "LqfProb": 0.0, "LndPGD": 0.0, "LndProb": 0.0, "SufFltRuptPGD": 29.523393630981445, "SurfFltRuptProb": 0.5, "PDsNone": 0.775, "PDsSlight": 0.0951, "PDsModerate": 0.0536, "PDsExtensive": 0.054, "PDsComplete": 0.0221, "PDsExceedSlight": 0.2249, "PDsExceedModerate": 0.1298, "PDsExceedExtensive": 0.0761, "FunctDay1": 86.4, "FunctDay3": 90.3, "FunctDay7": 92.4, "FunctDay14": 92.8, "FunctDay30": 93.2, "FunctDay90": 96.0, "EconLoss": 13693.587890625, "Name": "'SLOUGH'", "City": "null", "State": "null" }, "geometry": { "type": "Point", "coordinates": [ -122.049369, 38.040611 ] } },
{ "type": "Feature", "properties": { "FacilityType": "HighwayBridge", "FacilityId": "CA025696", "Anchor": "null", "FoundationType": "null", "eqBldgType": "null", "DesignLevel": "null", "SoilType": "D", "LqfSusCat": 0, "LndSusCat": 0, "WaterDepth": 5.0, "Distance": "null", "PGA": 0.27343964576721191, "PGV": 14.547263145446777, "Sa03": 0.74149256944656372, "Sa10": 0.49189117550849915, "LqfSettlPGD": 0.0, "LqfSprPGD": 0.0, "LqfProb": 0.0, "LndPGD": 0.0, "LndProb": 0.0, "SufFltRuptPGD": 29.523393630981445, "SurfFltRuptProb": 0.5, "PDsNone": 0.5108, "PDsSlight": 0.2803, "PDsModerate": 0.1188, "PDsExtensive": 0.0705, "PDsComplete": 0.0193, "PDsExceedSlight": 0.4891, "PDsExceedModerate": 0.2088, "PDsExceedExtensive": 0.0899, "FunctDay1": 75.7, "FunctDay3": 86.2, "FunctDay7": 90.8, "FunctDay14": 91.5, "FunctDay30": 92.0, "FunctDay90": 95.6, "EconLoss": 67681.8984375, "Name": "'CONTRA COSTA CANAL'", "City": "null", "State": "null" }, "geometry": { "type": "Point", "coordinates": [ -121.98785, 38.036089 ] } },
{ "type": "Feature", "properties": { "FacilityType": "HighwayTunnel", "FacilityId": "CA000012", "Anchor": "null", "FoundationType": "null", "eqBldgType": "null", "DesignLevel": "null", "SoilType": "D", "LqfSusCat": 0, "LndSusCat": 0, "WaterDepth": 5.0, "Distance": "null", "PGA": 0.30598485469818115, "PGV": 10.546538352966309, "Sa03": 0.66895943880081177, "Sa10": 0.28050541877746582, "LqfSettlPGD": 0.0, "LqfSprPGD": 0.0, "LqfProb": 0.0, "LndPGD": 0.0, "LndProb": 0.0, "SufFltRuptPGD": 29.523393630981445, "SurfFltRuptProb": 0.5, "PDsNone": 0.7934, "PDsSlight": 0.1226, "PDsModerate": 0.0839, "PDsExtensive": 0.0, "PDsComplete": 0.0, "PDsExceedSlight": 0.2065, "PDsExceedModerate": 0.0839, "PDsExceedExtensive": 0.0, "FunctDay1": 99.9, "FunctDay3": 99.9, "FunctDay7": 99.9, "FunctDay14": 99.9, "FunctDay30": 99.9, "FunctDay90": 99.9, "EconLoss": 900909.5, "Name": "CALDECOTT TUNNEL (BORE 1) EASTBOUND", "City": "null", "State": "null" }, "geometry": { "type": "Point", "coordinates": [ -122.212658, 37.85758 ] } },
{ "type": "Feature", "properties": { "FacilityType": "HighwayTunnel", "FacilityId": "CA000013", "Anchor": "null", "FoundationType": "null", "eqBldgType": "null", "DesignLevel": "null", "SoilType": "D", "LqfSusCat": 0, "LndSusCat": 0, "WaterDepth": 5.0, "Distance": "null", "PGA": 0.30598485469818115, "PGV": 10.546538352966309, "Sa03": 0.66895943880081177, "Sa10": 0.28050541877746582, "LqfSettlPGD": 0.0, "LqfSprPGD": 0.0, "LqfProb": 0.0, "LndPGD": 0.0, "LndProb": 0.0, "SufFltRuptPGD": 29.523393630981445, "SurfFltRuptProb": 0.5, "PDsNone": 0.7934, "PDsSlight": 0.1226, "PDsModerate": 0.0839, "PDsExtensive": 0.0, "PDsComplete": 0.0, "PDsExceedSlight": 0.2065, "PDsExceedModerate": 0.0839, "PDsExceedExtensive": 0.0, "FunctDay1": 99.9, "FunctDay3": 99.9, "FunctDay7": 99.9, "FunctDay14": 99.9, "FunctDay30": 99.9, "FunctDay90": 99.9, "EconLoss": 839130.375, "Name": "CALDECOTT TUNNEL (BORE 2) EASTBOUND", "City": "null", "State": "null" }, "geometry": { "type": "Point", "coordinates": [ -122.212774, 37.857589 ] } },
{ "type": "Feature", "properties": { "FacilityType": "HighwayTunnel", "FacilityId": "CA000054", "Anchor": "null", "FoundationType": "null", "eqBldgType": "null", "DesignLevel": "null", "SoilType": "D", "LqfSusCat": 0, "LndSusCat": 0, "WaterDepth": 5.0, "Distance": "null", "PGA": 0.20771299302577972, "PGV": 6.3362889289855957, "Sa03": 0.38753357529640198, "Sa10": 0.13634732365608215, "LqfSettlPGD": 0.0, "LqfSprPGD": 0.0, "LqfProb": 0.0, "LndPGD": 0.0, "LndProb": 0.0, "SufFltRuptPGD": 29.523393630981445, "SurfFltRuptProb": 0.5, "PDsNone": 0.9284, "PDsSlight": 0.0501, "PDsModerate": 0.0214, "PDsExtensive": 0.0, "PDsComplete": 0.0, "PDsExceedSlight": 0.0715, "PDsExceedModerate": 0.0214, "PDsExceedExtensive": 0.0, "FunctDay1": 99.9, "FunctDay3": 99.9, "FunctDay7": 99.9, "FunctDay14": 99.9, "FunctDay30": 99.9, "FunctDay90": 99.9, "EconLoss": 61860.33203125, "Name": "DORNAN DRIVE TUNNEL", "City": "null", "State": "null" }, "geometry": { "type": "Point", "coordinates": [ -122.38505, 37.92219 ] } },
{ "type": "Feature", "properties": { "FacilityType": "HighwayTunnel", "FacilityId": "CA000100", "Anchor": "null", "FoundationType": "null", "eqBldgType": "null", "DesignLevel": "null", "SoilType": "D", "LqfSusCat": 0, "LndSusCat": 0, "WaterDepth": 5.0, "Distance": "null", "PGA": 0.28971868753433228, "PGV": 10.825994491577148, "Sa03": 0.68194842338562012, "Sa10": 0.28876844048500061, "LqfSettlPGD": 0.0, "LqfSprPGD": 0.0, "LqfProb": 0.0, "LndPGD": 0.0, "LndProb": 0.0, "SufFltRuptPGD": 29.523393630981445, "SurfFltRuptProb": 0.5, "PDsNone": 0.8184, "PDsSlight": 0.1108, "PDsModerate": 0.0707, "PDsExtensive": 0.0, "PDsComplete": 0.0, "PDsExceedSlight": 0.1815, "PDsExceedModerate": 0.0707, "PDsExceedExtensive": 0.0, "FunctDay1": 99.9, "FunctDay3": 99.9, "FunctDay7": 99.9, "FunctDay14": 99.9, "FunctDay30": 99.9, "FunctDay90": 99.9, "EconLoss": 194127.9375, "Name": "Bay Point L&R Tunnel", "City": "null", "State": "null" }, "geometry": { "type": "Point", "coordinates": [ -122.006278, 38.012935 ] } },
{ "type": "Feature", "properties": { "FacilityType": "HighwayTunnel", "FacilityId": "CA000101", "Anchor": "null", "FoundationType": "null", "eqBldgType": "null", "DesignLevel": "null", "SoilType": "D", "LqfSusCat": 0, "LndSusCat": 0, "WaterDepth": 5.0, "Distance": "null", "PGA": 0.28971868753433228, "PGV": 10.825994491577148, "Sa03": 0.68194842338562012, "Sa10": 0.28876844048500061, "LqfSettlPGD": 0.0, "LqfSprPGD": 0.0, "LqfProb": 0.0, "LndPGD": 0.0, "LndProb": 0.0, "SufFltRuptPGD": 29.523393630981445, "SurfFltRuptProb": 0.5, "PDsNone": 0.8184, "PDsSlight": 0.1108, "PDsModerate": 0.0707, "PDsExtensive": 0.0, "PDsComplete": 0.0, "PDsExceedSlight": 0.1815, "PDsExceedModerate": 0.0707, "PDsExceedExtensive": 0.0, "FunctDay1": 99.9, "FunctDay3": 99.9, "FunctDay7": 99.9, "FunctDay14": 99.9, "FunctDay30": 99.9, "FunctDay90": 99.9, "EconLoss": 189939.65625, "Name": "Bay Point L&R Tunnel", "City": "null", "State": "null" }, "geometry": { "type": "Point", "coordinates": [ -122.00645, 38.012876 ] } },
{ "type": "Feature", "properties": { "FacilityType": "LightRailBridge", "FacilityId": "CA000001", "Anchor": "null", "FoundationType": "null", "eqBldgType": "null", "DesignLevel": "null", "SoilType": "D", "LqfSusCat": 0, "LndSusCat": 0, "WaterDepth": 5.0, "Distance": "null", "PGA": 0.32111510634422302, "PGV": 11.395089149475098, "Sa03": 0.7213207483291626, "Sa10": 0.30600848793983459, "LqfSettlPGD": 0.0, "LqfSprPGD": 0.0, "LqfProb": 0.0, "LndPGD": 0.0, "LndProb": 0.0, "SufFltRuptPGD": 29.523393630981445, "SurfFltRuptProb": 0.5, "PDsNone": 0.9453, "PDsSlight": 0.0303, "PDsModerate": 0.0128, "PDsExtensive": 0.0092, "PDsComplete": 0.0021, "PDsExceedSlight": 0.0546, "PDsExceedModerate": 0.0242, "PDsExceedExtensive": 0.0113, "FunctDay1": 97.2, "FunctDay3": 98.3, "FunctDay7": 98.8, "FunctDay14": 98.9, "FunctDay30": 98.9, "FunctDay90": 99.4, "EconLoss": 2331.557373046875, "Name": "INTERSTATE 680", "City": "null", "State": "null" }, "geometry": { "type": "Point", "coordinates": [ -122.07, 37.9 ] } },
{ "type": "Feature", "properties": { "FacilityType": "LightRailBridge", "FacilityId": "CA000002", "Anchor": "null", "FoundationType": "null", "eqBldgType": "null", "DesignLevel": "null", "SoilType": "D", "LqfSusCat": 0, "LndSusCat": 0, "WaterDepth": 5.0, "Distance": "null", "PGA": 0.32111510634422302, "PGV": 11.395089149475098, "Sa03": 0.7213207483291626, "Sa10": 0.30600848793983459, "LqfSettlPGD": 0.0, "LqfSprPGD": 0.0, "LqfProb": 0.0, "LndPGD": 0.0, "LndProb": 0.0, "SufFltRuptPGD": 29.523393630981445, "SurfFltRuptProb": 0.5, "PDsNone": 0.9453, "PDsSlight": 0.0303, "PDsModerate": 0.0128, "PDsExtensive": 0.0092, "PDsComplete": 0.0021, "PDsExceedSlight": 0.0546, "PDsExceedModerate": 0.0242, "PDsExceedExtensive": 0.0113, "FunctDay1": 97.2, "FunctDay3": 98.3, "FunctDay7": 98.8, "FunctDay14": 98.9, "FunctDay30": 98.9, "FunctDay90": 99.4, "EconLoss": 2331.557373046875, "Name": "INTERSTATE 680", "City": "null", "State": "null" }, "geometry": { "type": "Point", "coordinates": [ -122.07, 37.9 ] } },
{ "type": "Feature", "properties": { "FacilityType": "LightRailBridge", "FacilityId": "CA000003", "Anchor": "null", "FoundationType": "null", "eqBldgType": "null", "DesignLevel": "null", "SoilType": "D", "LqfSusCat": 0, "LndSusCat": 0, "WaterDepth": 5.0, "Distance": "null", "PGA": 0.28016680479049683, "PGV": 10.005664825439453, "Sa03": 0.62862586975097656, "Sa10": 0.27086547017097473, "LqfSettlPGD": 0.0, "LqfSprPGD": 0.0, "LqfProb": 0.0, "LndPGD": 0.0, "LndProb": 0.0, "SufFltRuptPGD": 29.523393630981445, "SurfFltRuptProb": 0.5, "PDsNone": 0.9644, "PDsSlight": 0.0207, "PDsModerate": 0.0081, "PDsExtensive": 0.0054, "PDsComplete": 0.0011, "PDsExceedSlight": 0.0355, "PDsExceedModerate": 0.0147, "PDsExceedExtensive": 0.0065, "FunctDay1": 98.2, "FunctDay3": 98.9, "FunctDay7": 99.3, "FunctDay14": 99.3, "FunctDay30": 99.4, "FunctDay90": 99.6, "EconLoss": 302.80099487304688, "Name": "SAN PABLO AVE", "City": "null", "State": "null" }, "geometry": { "type": "Point", "coordinates": [ -122.32, 37.93 ] } },
{ "type": "Feature", "properties": { "FacilityType": "LightRailBridge", "FacilityId": "CA000004", "Anchor": "null", "FoundationType": "null", "eqBldgType": "null", "DesignLevel": "null", "SoilType": "D", "LqfSusCat": 0, "LndSusCat": 0, "WaterDepth": 5.0, "Distance": "null", "PGA": 0.28633642196655273, "PGV": 12.898520469665527, "Sa03": 0.71656978130340576, "Sa10": 0.36990472674369812, "LqfSettlPGD": 0.0, "LqfSprPGD": 0.0, "LqfProb": 0.0, "LndPGD": 0.0, "LndProb": 0.0, "SufFltRuptPGD": 29.523393630981445, "SurfFltRuptProb": 0.5, "PDsNone": 0.9007, "PDsSlight": 0.0505, "PDsModerate": 0.0237, "PDsExtensive": 0.0194, "PDsComplete": 0.0055, "PDsExceedSlight": 0.0992, "PDsExceedModerate": 0.0487, "PDsExceedExtensive": 0.0249, "FunctDay1": 94.6, "FunctDay3": 96.5, "FunctDay7": 97.4, "FunctDay14": 97.6, "FunctDay30": 97.7, "FunctDay90": 98.7, "EconLoss": 3020.264404296875, "Name": "23RD ST", "City": "null", "State": "null" }, "geometry": { "type": "Point", "coordinates": [ -122.34667, 37.93167 ] } },
{ "type": "Feature", "properties": { "FacilityType": "LightRailBridge", "FacilityId": "CA000005", "Anchor": "null", "FoundationType": "null", "eqBldgType": "null", "DesignLevel": "null", "SoilType": "D", "LqfSusCat": 0, "LndSusCat": 0, "WaterDepth": 5.0, "Distance": "null", "PGA": 0.30203935503959656, "PGV": 10.406497955322266, "Sa03": 0.66494113206863403, "Sa10": 0.27777394652366638, "LqfSettlPGD": 0.0, "LqfSprPGD": 0.0, "LqfProb": 0.0, "LndPGD": 0.0, "LndProb": 0.0, "SufFltRuptPGD": 29.523393630981445, "SurfFltRuptProb": 0.5, "PDsNone": 0.961, "PDsSlight": 0.0225, "PDsModerate": 0.009, "PDsExtensive": 0.0061, "PDsComplete": 0.0012, "PDsExceedSlight": 0.0389, "PDsExceedModerate": 0.0163, "PDsExceedExtensive": 0.0073, "FunctDay1": 98.0, "FunctDay3": 98.8, "FunctDay7": 99.2, "FunctDay14": 99.2, "FunctDay30": 99.3, "FunctDay90": 99.6, "EconLoss": 408.3743896484375, "Name": "ORINDA STA. - BART", "City": "null", "State": "null" }, "geometry": { "type": "Point", "coordinates": [ -122.18389, 37.87889 ] } },
{ "type": "Feature", "properties": { "FacilityType": "LightRailBridge", "FacilityId": "CA000006", "Anchor": "null", "FoundationType": "null", "eqBldgType": "null", "DesignLevel": "null", "SoilType": "D", "LqfSusCat": 0, "LndSusCat": 0, "WaterDepth": 5.0, "Distance": "null", "PGA": 0.28633642196655273, "PGV": 12.898520469665527, "Sa03": 0.71656978130340576, "Sa10": 0.36990472674369812, "LqfSettlPGD": 0.0, "LqfSprPGD": 0.0, "LqfProb": 0.0, "LndPGD": 0.0, "LndProb": 0.0, "SufFltRuptPGD": 29.523393630981445, "SurfFltRuptProb": 0.5, "PDsNone": 0.9007, "PDsSlight": 0.0505, "PDsModerate": 0.0237, "PDsExtensive": 0.0194, "PDsComplete": 0.0055, "PDsExceedSlight": 0.0992, "PDsExceedModerate": 0.0487, "PDsExceedExtensive": 0.0249, "FunctDay1": 94.6, "FunctDay3": 96.5, "FunctDay7": 97.4, "FunctDay14": 97.6, "FunctDay30": 97.7, "FunctDay90": 98.7, "EconLoss": 1461.418212890625, "Name": "BARRETT AVE", "City": "null", "State": "null" }, "geometry": { "type": "Point", "coordinates": [ -122.35333, 37.93833 ] } },
{ "type": "Feature", "properties": { "FacilityType": "LightRailBridge", "FacilityId": "CA000007", "Anchor": "null", "FoundationType": "null", "eqBldgType": "null", "DesignLevel": "null", "SoilType": "D", "LqfSusCat": 0, "LndSusCat": 0, "WaterDepth": 5.0, "Distance": "null", "PGA": 0.28633642196655273, "PGV": 12.898520469665527, "Sa03": 0.71656978130340576, "Sa10": 0.36990472674369812, "LqfSettlPGD": 0.0, "LqfSprPGD": 0.0, "LqfProb": 0.0, "LndPGD": 0.0, "LndProb": 0.0, "SufFltRuptPGD": 29.523393630981445, "SurfFltRuptProb": 0.5, "PDsNone": 0.9007, "PDsSlight": 0.0505, "PDsModerate": 0.0237, "PDsExtensive": 0.0194, "PDsComplete": 0.0055, "PDsExceedSlight": 0.0992, "PDsExceedModerate": 0.0487, "PDsExceedExtensive": 0.0249, "FunctDay1": 94.6, "FunctDay3": 96.5, "FunctDay7": 97.4, "FunctDay14": 97.6, "FunctDay30": 97.7, "FunctDay90": 98.7, "EconLoss": 1461.418212890625, "Name": "BARRETT AVE", "City": "null", "State": "null" }, "geometry": { "type": "Point", "coordinates": [ -122.35333, 37.93833 ] } },
{ "type": "Feature", "properties": { "FacilityType": "LightRailBridge", "FacilityId": "CA000008", "Anchor": "null", "FoundationType": "null", "eqBldgType": "null", "DesignLevel": "null", "SoilType": "D", "LqfSusCat": 0, "LndSusCat": 0, "WaterDepth": 5.0, "Distance": "null", "PGA": 0.32111510634422302, "PGV": 11.395089149475098, "Sa03": 0.7213207483291626, "Sa10": 0.30600848793983459, "LqfSettlPGD": 0.0, "LqfSprPGD": 0.0, "LqfProb": 0.0, "LndPGD": 0.0, "LndProb": 0.0, "SufFltRuptPGD": 29.523393630981445, "SurfFltRuptProb": 0.5, "PDsNone": 0.9453, "PDsSlight": 0.0303, "PDsModerate": 0.0128, "PDsExtensive": 0.0092, "PDsComplete": 0.0021, "PDsExceedSlight": 0.0546, "PDsExceedModerate": 0.0242, "PDsExceedExtensive": 0.0113, "FunctDay1": 97.2, "FunctDay3": 98.3, "FunctDay7": 98.8, "FunctDay14": 98.9, "FunctDay30": 98.9, "FunctDay90": 99.4, "EconLoss": 829.496337890625, "Name": "NORTH CALIFORNIA B", "City": "null", "State": "null" }, "geometry": { "type": "Point", "coordinates": [ -122.065, 37.91167 ] } },
{ "type": "Feature", "properties": { "FacilityType": "LightRailBridge", "FacilityId": "CA000009", "Anchor": "null", "FoundationType": "null", "eqBldgType": "null", "DesignLevel": "null", "SoilType": "D", "LqfSusCat": 0, "LndSusCat": 0, "WaterDepth": 5.0, "Distance": "null", "PGA": 0.29944267868995667, "PGV": 12.994046211242676, "Sa03": 0.73564881086349487, "Sa10": 0.36676627397537231, "LqfSettlPGD": 0.0, "LqfSprPGD": 0.0, "LqfProb": 0.0, "LndPGD": 0.0, "LndProb": 0.0, "SufFltRuptPGD": 29.523393630981445, "SurfFltRuptProb": 0.5, "PDsNone": 0.9031, "PDsSlight": 0.0495, "PDsModerate": 0.0231, "PDsExtensive": 0.0188, "PDsComplete": 0.0052, "PDsExceedSlight": 0.0968, "PDsExceedModerate": 0.0472, "PDsExceedExtensive": 0.0241, "FunctDay1": 94.7, "FunctDay3": 96.6, "FunctDay7": 97.5, "FunctDay14": 97.7, "FunctDay30": 97.8, "FunctDay90": 98.8, "EconLoss": 1733.2584228515625, "Name": "BARTD", "City": "null", "State": "null" }, "geometry": { "type": "Point", "coordinates": [ -122.29667, 37.90167 ] } },
{ "type": "Feature", "properties": { "FacilityType": "LightRailBridge", "FacilityId": "CA000010", "Anchor": "null", "FoundationType": "null", "eqBldgType": "null", "DesignLevel": "null", "SoilType": "D", "LqfSusCat": 0, "LndSusCat": 0, "WaterDepth": 5.0, "Distance": "null", "PGA": 0.29944267868995667, "PGV": 12.994046211242676, "Sa03": 0.73564881086349487, "Sa10": 0.36676627397537231, "LqfSettlPGD": 0.0, "LqfSprPGD": 0.0, "LqfProb": 0.0, "LndPGD": 0.0, "LndProb": 0.0, "SufFltRuptPGD": 29.523393630981445, "SurfFltRuptProb": 0.5, "PDsNone": 0.9031, "PDsSlight": 0.0495, "PDsModerate": 0.0231, "PDsExtensive": 0.0188, "PDsComplete": 0.0052, "PDsExceedSlight": 0.0968, "PDsExceedModerate": 0.0472, "PDsExceedExtensive": 0.0241, "FunctDay1": 94.7, "FunctDay3": 96.6, "FunctDay7": 97.5, "FunctDay14": 97.7, "FunctDay30": 97.8, "FunctDay90": 98.8, "EconLoss": 1171.1204833984375, "Name": "CENTRAL AVE", "City": "null", "State": "null" }, "geometry": { "type": "Point", "coordinates": [ -122.29833, 37.90333 ] } },
{ "type": "Feature", "properties": { "FacilityType": "LightRailBridge", "FacilityId": "CA000011", "Anchor": "null", "FoundationType": "null", "eqBldgType": "null", "DesignLevel": "null", "SoilType": "D", "LqfSusCat": 0, "LndSusCat": 0, "WaterDepth": 5.0, "Distance": "null", "PGA": 0.29944267868995667, "PGV": 12.994046211242676, "Sa03": 0.73564881086349487, "Sa10": 0.36676627397537231, "LqfSettlPGD": 0.0, "LqfSprPGD": 0.0, "LqfProb": 0.0, "LndPGD": 0.0, "LndProb": 0.0, "SufFltRuptPGD": 29.523393630981445, "SurfFltRuptProb": 0.5, "PDsNone": 0.9031, "PDsSlight": 0.0495, "PDsModerate": 0.0231, "PDsExtensive": 0.0188, "PDsComplete": 0.0052, "PDsExceedSlight": 0.0968, "PDsExceedModerate": 0.0472, "PDsExceedExtensive": 0.0241, "FunctDay1": 94.7, "FunctDay3": 96.6, "FunctDay7": 97.5, "FunctDay14": 97.7, "FunctDay30": 97.8, "FunctDay90": 98.8, "EconLoss": 1171.1204833984375, "Name": "STOCKTON AVE", "City": "null", "State": "null" }, "geometry": { "type": "Point", "coordinates": [ -122.30333, 37.90833 ] } },
{ "type": "Feature", "properties": { "FacilityType": "LightRailBridge", "FacilityId": "CA000012", "Anchor": "null", "FoundationType": "null", "eqBldgType": "null", "DesignLevel": "null", "SoilType": "D", "LqfSusCat": 0, "LndSusCat": 0, "WaterDepth": 5.0, "Distance": "null", "PGA": 0.29944267868995667, "PGV": 12.994046211242676, "Sa03": 0.73564881086349487, "Sa10": 0.36676627397537231, "LqfSettlPGD": 0.0, "LqfSprPGD": 0.0, "LqfProb": 0.0, "LndPGD": 0.0, "LndProb": 0.0, "SufFltRuptPGD": 29.523393630981445, "SurfFltRuptProb": 0.5, "PDsNone": 0.9031, "PDsSlight": 0.0495, "PDsModerate": 0.0231, "PDsExtensive": 0.0188, "PDsComplete": 0.0052, "PDsExceedSlight": 0.0968, "PDsExceedModerate": 0.0472, "PDsExceedExtensive": 0.0241, "FunctDay1": 94.7, "FunctDay3": 96.6, "FunctDay7": 97.5, "FunctDay14": 97.7, "FunctDay30": 97.8, "FunctDay90": 98.8, "EconLoss": 1171.1204833984375, "Name": "MOESER LN", "City": "null", "State": "null" }, "geometry": { "type": "Point", "coordinates": [ -122.305, 37.91167 ] } },
{ "type": "Feature", "properties": { "FacilityType": "LightRailBridge", "FacilityId": "CA000013", "Anchor": "null", "FoundationType": "null", "eqBldgType": "null", "DesignLevel": "null", "SoilType": "D", "LqfSusCat": 0, "LndSusCat": 0, "WaterDepth": 5.0, "Distance": "null", "PGA": 0.29944267868995667, "PGV": 12.994046211242676, "Sa03": 0.73564881086349487, "Sa10": 0.36676627397537231, "LqfSettlPGD": 0.0, "LqfSprPGD": 0.0, "LqfProb": 0.0, "LndPGD": 0.0, "LndProb": 0.0, "SufFltRuptPGD": 29.523393630981445, "SurfFltRuptProb": 0.5, "PDsNone": 0.9031, "PDsSlight": 0.0495, "PDsModerate": 0.0231, "PDsExtensive": 0.0188, "PDsComplete": 0.0052, "PDsExceedSlight": 0.0968, "PDsExceedModerate": 0.0472, "PDsExceedExtensive": 0.0241, "FunctDay1": 94.7, "FunctDay3": 96.6, "FunctDay7": 97.5, "FunctDay14": 97.7, "FunctDay30": 97.8, "FunctDay90": 98.8, "EconLoss": 1217.96533203125, "Name": "MANILA AVE", "City": "null", "State": "null" }, "geometry": { "type": "Point", "coordinates": [ -122.30833, 37.91667 ] } },
{ "type": "Feature", "properties": { "FacilityType": "LightRailBridge", "FacilityId": "CA000014", "Anchor": "null", "FoundationType": "null", "eqBldgType": "null", "DesignLevel": "null", "SoilType": "D", "LqfSusCat": 0, "LndSusCat": 0, "WaterDepth": 5.0, "Distance": "null", "PGA": 0.29944267868995667, "PGV": 12.994046211242676, "Sa03": 0.73564881086349487, "Sa10": 0.36676627397537231, "LqfSettlPGD": 0.0, "LqfSprPGD": 0.0, "LqfProb": 0.0, "LndPGD": 0.0, "LndProb": 0.0, "SufFltRuptPGD": 29.523393630981445, "SurfFltRuptProb": 0.5, "PDsNone": 0.9031, "PDsSlight": 0.0495, "PDsModerate": 0.0231, "PDsExtensive": 0.0188, "PDsComplete": 0.0052, "PDsExceedSlight": 0.0968, "PDsExceedModerate": 0.0472, "PDsExceedExtensive": 0.0241, "FunctDay1": 94.7, "FunctDay3": 96.6, "FunctDay7": 97.5, "FunctDay14": 97.7, "FunctDay30": 97.8, "FunctDay90": 98.8, "EconLoss": 1217.96533203125, "Name": "POTRERO AVE", "City": "null", "State": "null" }, "geometry": { "type": "Point", "coordinates": [ -122.31167, 37.92167 ] } },
{ "type": "Feature", "properties": { "FacilityType": "LightRailBridge", "FacilityId": "CA000015", "Anchor": "null", "FoundationType": "null", "eqBldgType": "null", "DesignLevel": "null", "SoilType": "D", "LqfSusCat": 0, "LndSusCat": 0, "WaterDepth": 5.0, "Distance": "null", "PGA": 0.29944267868995667, "PGV": 12.994046211242676, "Sa03": 0.73564881086349487, "Sa10": 0.36676627397537231, "LqfSettlPGD": 0.0, "LqfSprPGD": 0.0, "LqfProb": 0.0, "LndPGD": 0.0, "LndProb": 0.0, "SufFltRuptPGD": 29.523393630981445, "SurfFltRuptProb": 0.5, "PDsNone": 0.9031, "PDsSlight": 0.0495, "PDsModerate": 0.0231, "PDsExtensive": 0.0188, "PDsComplete": 0.0052, "PDsExceedSlight": 0.0968, "PDsExceedModerate": 0.0472, "PDsExceedExtensive": 0.0241, "FunctDay1": 94.7, "FunctDay3": 96.6, "FunctDay7": 97.5, "FunctDay14": 97.7, "FunctDay30": 97.8, "FunctDay90": 98.8, "EconLoss": 1171.1204833984375, "Name": "HILL ST", "City": "null", "State": "null" }, "geometry": { "type": "Point", "coordinates": [ -122.315, 37.925 ] } },
{ "type": "Feature", "properties": { "FacilityType": "LightRailBridge", "FacilityId": "CA000016", "Anchor": "null", "FoundationType": "null", "eqBldgType": "null", "DesignLevel": "null", "SoilType": "D", "LqfSusCat": 0, "LndSusCat": 0, "WaterDepth": 5.0, "Distance": "null", "PGA": 0.28633642196655273, "PGV": 12.898520469665527, "Sa03": 0.71656978130340576, "Sa10": 0.36990472674369812, "LqfSettlPGD": 0.0, "LqfSprPGD": 0.0, "LqfProb": 0.0, "LndPGD": 0.0, "LndProb": 0.0, "SufFltRuptPGD": 29.523393630981445, "SurfFltRuptProb": 0.5, "PDsNone": 0.9007, "PDsSlight": 0.0505, "PDsModerate": 0.0237, "PDsExtensive": 0.0194, "PDsComplete": 0.0055, "PDsExceedSlight": 0.0992, "PDsExceedModerate": 0.0487, "PDsExceedExtensive": 0.0249, "FunctDay1": 94.6, "FunctDay3": 96.5, "FunctDay7": 97.4, "FunctDay14": 97.6, "FunctDay30": 97.7, "FunctDay90": 98.7, "EconLoss": 1217.8485107421875, "Name": "37TH ST", "City": "null", "State": "null" }, "geometry": { "type": "Point", "coordinates": [ -122.335, 37.93167 ] } },
{ "type": "Feature", "properties": { "FacilityType": "LightRailBridge", "FacilityId": "CA000017", "Anchor": "null", "FoundationType": "null", "eqBldgType": "null", "DesignLevel": "null", "SoilType": "D", "LqfSusCat": 0, "LndSusCat": 0, "WaterDepth": 5.0, "Distance": "null", "PGA": 0.28633642196655273, "PGV": 12.898520469665527, "Sa03": 0.71656978130340576, "Sa10": 0.36990472674369812, "LqfSettlPGD": 0.0, "LqfSprPGD": 0.0, "LqfProb": 0.0, "LndPGD": 0.0, "LndProb": 0.0, "SufFltRuptPGD": 29.523393630981445, "SurfFltRuptProb": 0.5, "PDsNone": 0.9007, "PDsSlight": 0.0505, "PDsModerate": 0.0237, "PDsExtensive": 0.0194, "PDsComplete": 0.0055, "PDsExceedSlight": 0.0992, "PDsExceedModerate": 0.0487, "PDsExceedExtensive": 0.0249, "FunctDay1": 94.6, "FunctDay3": 96.5, "FunctDay7": 97.4, "FunctDay14": 97.6, "FunctDay30": 97.7, "FunctDay90": 98.7, "EconLoss": 1217.8485107421875, "Name": "37TH ST", "City": "null", "State": "null" }, "geometry": { "type": "Point", "coordinates": [ -122.335, 37.93167 ] } },
{ "type": "Feature", "properties": { "FacilityType": "LightRailBridge", "FacilityId": "CA000018", "Anchor": "null", "FoundationType": "null", "eqBldgType": "null", "DesignLevel": "null", "SoilType": "D", "LqfSusCat": 0, "LndSusCat": 0, "WaterDepth": 5.0, "Distance": "null", "PGA": 0.28633642196655273, "PGV": 12.898520469665527, "Sa03": 0.71656978130340576, "Sa10": 0.36990472674369812, "LqfSettlPGD": 0.0, "LqfSprPGD": 0.0, "LqfProb": 0.0, "LndPGD": 0.0, "LndProb": 0.0, "SufFltRuptPGD": 29.523393630981445, "SurfFltRuptProb": 0.5, "PDsNone": 0.9007, "PDsSlight": 0.0505, "PDsModerate": 0.0237, "PDsExtensive": 0.0194, "PDsComplete": 0.0055, "PDsExceedSlight": 0.0992, "PDsExceedModerate": 0.0487, "PDsExceedExtensive": 0.0249, "FunctDay1": 94.6, "FunctDay3": 96.5, "FunctDay7": 97.4, "FunctDay14": 97.6, "FunctDay30": 97.7, "FunctDay90": 98.7, "EconLoss": 1022.9927368164063, "Name": "MACDONALD AVE", "City": "null", "State": "null" }, "geometry": { "type": "Point", "coordinates": [ -122.35167, 37.93667 ] } },
{ "type": "Feature", "properties": { "FacilityType": "LightRailBridge", "FacilityId": "CA000019", "Anchor": "null", "FoundationType": "null", "eqBldgType": "null", "DesignLevel": "null", "SoilType": "D", "LqfSusCat": 0, "LndSusCat": 0, "WaterDepth": 5.0, "Distance": "null", "PGA": 0.28633642196655273, "PGV": 12.898520469665527, "Sa03": 0.71656978130340576, "Sa10": 0.36990472674369812, "LqfSettlPGD": 0.0, "LqfSprPGD": 0.0, "LqfProb": 0.0, "LndPGD": 0.0, "LndProb": 0.0, "SufFltRuptPGD": 29.523393630981445, "SurfFltRuptProb": 0.5, "PDsNone": 0.9007, "PDsSlight": 0.0505, "PDsModerate": 0.0237, "PDsExtensive": 0.0194, "PDsComplete": 0.0055, "PDsExceedSlight": 0.0992, "PDsExceedModerate": 0.0487, "PDsExceedExtensive": 0.0249, "FunctDay1": 94.6, "FunctDay3": 96.5, "FunctDay7": 97.4, "FunctDay14": 97.6, "FunctDay30": 97.7, "FunctDay90": 98.7, "EconLoss": 1558.8460693359375, "Name": "MACDONALD AVE", "City": "null", "State": "null" }, "geometry": { "type": "Point", "coordinates": [ -122.35167, 37.93667 ] } },
{ "type": "Feature", "properties": { "FacilityType": "LightRailBridge", "FacilityId": "CA000020", "Anchor": "null", "FoundationType": "null", "eqBldgType": "null", "DesignLevel": "null", "SoilType": "D", "LqfSusCat": 0, "LndSusCat": 0, "WaterDepth": 5.0, "Distance": "null", "PGA": 0.28633642196655273, "PGV": 12.898520469665527, "Sa03": 0.71656978130340576, "Sa10": 0.36990472674369812, "LqfSettlPGD": 0.0, "LqfSprPGD": 0.0, "LqfProb": 0.0, "LndPGD": 0.0, "LndProb": 0.0, "SufFltRuptPGD": 29.523393630981445, "SurfFltRuptProb": 0.5, "PDsNone": 0.9007, "PDsSlight": 0.0505, "PDsModerate": 0.0237, "PDsExtensive": 0.0194, "PDsComplete": 0.0055, "PDsExceedSlight": 0.0992, "PDsExceedModerate": 0.0487, "PDsExceedExtensive": 0.0249, "FunctDay1": 94.6, "FunctDay3": 96.5, "FunctDay7": 97.4, "FunctDay14": 97.6, "FunctDay30": 97.7, "FunctDay90": 98.7, "EconLoss": 1558.8460693359375, "Name": "MACDONALD AVE", "City": "null", "State": "null" }, "geometry": { "type": "Point", "coordinates": [ -122.35167, 37.93667 ] } },
{ "type": "Feature", "properties": { "FacilityType": "LightRailBridge", "FacilityId": "CA000021", "Anchor": "null", "FoundationType": "null", "eqBldgType": "null", "DesignLevel": "null", "SoilType": "D", "LqfSusCat": 0, "LndSusCat": 0, "WaterDepth": 5.0, "Distance": "null", "PGA": 0.32111510634422302, "PGV": 11.395089149475098, "Sa03": 0.7213207483291626, "Sa10": 0.30600848793983459, "LqfSettlPGD": 0.0, "LqfSprPGD": 0.0, "LqfProb": 0.0, "LndPGD": 0.0, "LndProb": 0.0, "SufFltRuptPGD": 29.523393630981445, "SurfFltRuptProb": 0.5, "PDsNone": 0.9453, "PDsSlight": 0.0303, "PDsModerate": 0.0128, "PDsExtensive": 0.0092, "PDsComplete": 0.0021, "PDsExceedSlight": 0.0546, "PDsExceedModerate": 0.0242, "PDsExceedExtensive": 0.0113, "FunctDay1": 97.2, "FunctDay3": 98.3, "FunctDay7": 98.8, "FunctDay14": 98.9, "FunctDay30": 98.9, "FunctDay90": 99.4, "EconLoss": 896.75274658203125, "Name": "OAKLAND BLVD", "City": "null", "State": "null" }, "geometry": { "type": "Point", "coordinates": [ -122.06833, 37.90167 ] } },
{ "type": "Feature", "properties": { "FacilityType": "LightRailBridge", "FacilityId": "CA000022", "Anchor": "null", "FoundationType": "null", "eqBldgType": "null", "DesignLevel": "null", "SoilType": "D", "LqfSusCat": 0, "LndSusCat": 0, "WaterDepth": 5.0, "Distance": "null", "PGA": 0.32111510634422302, "PGV": 11.395089149475098, "Sa03": 0.7213207483291626, "Sa10": 0.30600848793983459, "LqfSettlPGD": 0.0, "LqfSprPGD": 0.0, "LqfProb": 0.0, "LndPGD": 0.0, "LndProb": 0.0, "SufFltRuptPGD": 29.523393630981445, "SurfFltRuptProb": 0.5, "PDsNone": 0.9453, "PDsSlight": 0.0303, "PDsModerate": 0.0128, "PDsExtensive": 0.0092, "PDsComplete": 0.0021, "PDsExceedSlight": 0.0546, "PDsExceedModerate": 0.0242, "PDsExceedExtensive": 0.0113, "FunctDay1": 97.2, "FunctDay3": 98.3, "FunctDay7": 98.8, "FunctDay14": 98.9, "FunctDay30": 98.9, "FunctDay90": 99.4, "EconLoss": 650.145751953125, "Name": "PARKSIDE ROAD", "City": "null", "State": "null" }, "geometry": { "type": "Point", "coordinates": [ -122.065, 37.91167 ] } },
{ "type": "Feature", "properties": { "FacilityType": "LightRailBridge", "FacilityId": "CA000023", "Anchor": "null", "FoundationType": "null", "eqBldgType": "null", "DesignLevel": "null", "SoilType": "D", "LqfSusCat": 0, "LndSusCat": 0, "WaterDepth": 5.0, "Distance": "null", "PGA": 0.32494053244590759, "PGV": 14.086722373962402, "Sa03": 0.80031126737594604, "Sa10": 0.42130327224731445, "LqfSettlPGD": 0.0, "LqfSprPGD": 0.0, "LqfProb": 0.0, "LndPGD": 0.0, "LndProb": 0.0, "SufFltRuptPGD": 29.523393630981445, "SurfFltRuptProb": 0.5, "PDsNone": 0.8574, "PDsSlight": 0.0677, "PDsModerate": 0.0343, "PDsExtensive": 0.0304, "PDsComplete": 0.01, "PDsExceedSlight": 0.1425, "PDsExceedModerate": 0.0748, "PDsExceedExtensive": 0.0405, "FunctDay1": 91.9, "FunctDay3": 94.6, "FunctDay7": 95.9, "FunctDay14": 96.1, "FunctDay30": 96.4, "FunctDay90": 97.9, "EconLoss": 3881.16748046875, "Name": "TREAT BLVD", "City": "null", "State": "null" }, "geometry": { "type": "Point", "coordinates": [ -122.05833, 37.92667 ] } },
{ "type": "Feature", "properties": { "FacilityType": "LightRailBridge", "FacilityId": "CA000024", "Anchor": "null", "FoundationType": "null", "eqBldgType": "null", "DesignLevel": "null", "SoilType": "D", "LqfSusCat": 0, "LndSusCat": 0, "WaterDepth": 5.0, "Distance": "null", "PGA": 0.32494053244590759, "PGV": 14.086722373962402, "Sa03": 0.80031126737594604, "Sa10": 0.42130327224731445, "LqfSettlPGD": 0.0, "LqfSprPGD": 0.0, "LqfProb": 0.0, "LndPGD": 0.0, "LndProb": 0.0, "SufFltRuptPGD": 29.523393630981445, "SurfFltRuptProb": 0.5, "PDsNone": 0.8574, "PDsSlight": 0.0677, "PDsModerate": 0.0343, "PDsExtensive": 0.0304, "PDsComplete": 0.01, "PDsExceedSlight": 0.1425, "PDsExceedModerate": 0.0748, "PDsExceedExtensive": 0.0405, "FunctDay1": 91.9, "FunctDay3": 94.6, "FunctDay7": 95.9, "FunctDay14": 96.1, "FunctDay30": 96.4, "FunctDay90": 97.9, "EconLoss": 2059.39501953125, "Name": "BANCROFT ROAD", "City": "null", "State": "null" }, "geometry": { "type": "Point", "coordinates": [ -122.04667, 37.93333 ] } },
{ "type": "Feature", "properties": { "FacilityType": "LightRailBridge", "FacilityId": "CA000029", "Anchor": "null", "FoundationType": "null", "eqBldgType": "null", "DesignLevel": "null", "SoilType": "D", "LqfSusCat": 0, "LndSusCat": 0, "WaterDepth": 5.0, "Distance": "null", "PGA": 0.32494053244590759, "PGV": 14.086722373962402, "Sa03": 0.80031126737594604, "Sa10": 0.42130327224731445, "LqfSettlPGD": 0.0, "LqfSprPGD": 0.0, "LqfProb": 0.0, "LndPGD": 0.0, "LndProb": 0.0, "SufFltRuptPGD": 29.523393630981445, "SurfFltRuptProb": 0.5, "PDsNone": 0.8574, "PDsSlight": 0.0677, "PDsModerate": 0.0343, "PDsExtensive": 0.0304, "PDsComplete": 0.01, "PDsExceedSlight": 0.1425, "PDsExceedModerate": 0.0748, "PDsExceedExtensive": 0.0405, "FunctDay1": 91.9, "FunctDay3": 94.6, "FunctDay7": 95.9, "FunctDay14": 96.1, "FunctDay30": 96.4, "FunctDay90": 97.9, "EconLoss": 2059.39501953125, "Name": "OAK GROVE ROAD", "City": "null", "State": "null" }, "geometry": { "type": "Point", "coordinates": [ -122.02833, 37.94167 ] } },
{ "type": "Feature", "properties": { "FacilityType": "LightRailBridge", "FacilityId": "CA000030", "Anchor": "null", "FoundationType": "null", "eqBldgType": "null", "DesignLevel": "null", "SoilType": "D", "LqfSusCat": 0, "LndSusCat": 0, "WaterDepth": 5.0, "Distance": "null", "PGA": 0.32494053244590759, "PGV": 14.086722373962402, "Sa03": 0.80031126737594604, "Sa10": 0.42130327224731445, "LqfSettlPGD": 0.0, "LqfSprPGD": 0.0, "LqfProb": 0.0, "LndPGD": 0.0, "LndProb": 0.0, "SufFltRuptPGD": 29.523393630981445, "SurfFltRuptProb": 0.5, "PDsNone": 0.8574, "PDsSlight": 0.0677, "PDsModerate": 0.0343, "PDsExtensive": 0.0304, "PDsComplete": 0.01, "PDsExceedSlight": 0.1425, "PDsExceedModerate": 0.0748, "PDsExceedExtensive": 0.0405, "FunctDay1": 91.9, "FunctDay3": 94.6, "FunctDay7": 95.9, "FunctDay14": 96.1, "FunctDay30": 96.4, "FunctDay90": 97.9, "EconLoss": 2138.6025390625, "Name": "COWELL ROAD", "City": "null", "State": "null" }, "geometry": { "type": "Point", "coordinates": [ -122.03, 37.96833 ] } },
{ "type": "Feature", "properties": { "FacilityType": "LightRailFlty", "FacilityId": "CA000075", "Anchor": "FALSE", "FoundationType": "0", "eqBldgType": "DFLT", "DesignLevel": "LC", "SoilType": "D", "LqfSusCat": 0, "LndSusCat": 0, "WaterDepth": 5.0, "Distance": "null", "PGA": 0.25617694854736328, "PGV": 8.608607292175293, "Sa03": 0.56298106908798218, "Sa10": 0.21416859328746796, "LqfSettlPGD": 0.0, "LqfSprPGD": 0.0, "LqfProb": 0.0, "LndPGD": 0.0, "LndProb": 0.0, "SufFltRuptPGD": 29.523393630981445, "SurfFltRuptProb": 0.5, "PDsNone": 0.0894, "PDsSlight": 0.6482, "PDsModerate": 0.1867, "PDsExtensive": 0.0618, "PDsComplete": 0.0136, "PDsExceedSlight": 0.9105, "PDsExceedModerate": 0.2622, "PDsExceedExtensive": 0.0754, "FunctDay1": 81.8, "FunctDay3": 90.6, "FunctDay7": 93.7, "FunctDay14": 94.0, "FunctDay30": 94.7, "FunctDay90": 97.7, "EconLoss": 1156503.375, "Name": "Pittsburg\/Bay Point", "City": "PITTSBURG", "State": "CA" }, "geometry": { "type": "Point", "coordinates": [ -121.944398, 38.018917 ] } },
{ "type": "Feature", "properties": { "FacilityType": "LightRailFlty", "FacilityId": "CA000402", "Anchor": "FALSE", "FoundationType": "0", "eqBldgType": "DFLT", "DesignLevel": "LC", "SoilType": "D", "LqfSusCat": 0, "LndSusCat": 0, "WaterDepth": 5.0, "Distance": "null", "PGA": 0.24465948343276978, "PGV": 9.4923553466796875, "Sa03": 0.5979543924331665, "Sa10": 0.26503649353981018, "LqfSettlPGD": 0.0, "LqfSprPGD": 0.0, "LqfProb": 0.0, "LndPGD": 0.0, "LndProb": 0.0, "SufFltRuptPGD": 29.523393630981445, "SurfFltRuptProb": 0.5, "PDsNone": 0.1006, "PDsSlight": 0.6581, "PDsModerate": 0.1746, "PDsExtensive": 0.055, "PDsComplete": 0.0115, "PDsExceedSlight": 0.8993, "PDsExceedModerate": 0.2412, "PDsExceedExtensive": 0.0665, "FunctDay1": 83.3, "FunctDay3": 91.6, "FunctDay7": 94.5, "FunctDay14": 94.7, "FunctDay30": 95.4, "FunctDay90": 98.0, "EconLoss": 1091466.5, "Name": "Pittsburg Center", "City": "PITTSBURG", "State": "CA" }, "geometry": { "type": "Point", "coordinates": [ -121.867902, 38.01201 ] } },
{ "type": "Feature", "properties": { "FacilityType": "LightRailFlty", "FacilityId": "CA000403", "Anchor": "FALSE", "FoundationType": "0", "eqBldgType": "DFLT", "DesignLevel": "LC", "SoilType": "D", "LqfSusCat": 0, "LndSusCat": 0, "WaterDepth": 5.0, "Distance": "null", "PGA": 0.22777557373046875, "PGV": 8.8810701370239258, "Sa03": 0.55822324752807617, "Sa10": 0.24961048364639282, "LqfSettlPGD": 0.0, "LqfSprPGD": 0.0, "LqfProb": 0.0, "LndPGD": 0.0, "LndProb": 0.0, "SufFltRuptPGD": 29.523393630981445, "SurfFltRuptProb": 0.5, "PDsNone": 0.1198, "PDsSlight": 0.6696, "PDsModerate": 0.1562, "PDsExtensive": 0.0455, "PDsComplete": 0.0088, "PDsExceedSlight": 0.8801, "PDsExceedModerate": 0.2105, "PDsExceedExtensive": 0.0543, "FunctDay1": 85.5, "FunctDay3": 92.9, "FunctDay7": 95.5, "FunctDay14": 95.7, "FunctDay30": 96.2, "FunctDay90": 98.4, "EconLoss": 997194.375, "Name": "Antioch", "City": "ANTIOCH", "State": "CA" }, "geometry": { "type": "Point", "coordinates": [ -121.799797, 37.998156 ] } },
{ "type": "Feature", "properties": { "FacilityType": "OilFlty", "FacilityId": "CA000013", "Anchor": "FALSE", "FoundationType": "null", "eqBldgType": "DFLT", "DesignLevel": "LC", "SoilType": "D", "LqfSusCat": 0, "LndSusCat": 0, "WaterDepth": 5.0, "Distance": "null", "PGA": 0.26758855581283569, "PGV": 11.357602119445801, "Sa03": 0.65700381994247437, "Sa10": 0.31031322479248047, "LqfSettlPGD": 0.0, "LqfSprPGD": 0.0, "LqfProb": 0.0, "LndPGD": 0.0, "LndProb": 0.0, "SufFltRuptPGD": 29.523393630981445, "SurfFltRuptProb": 0.5, "PDsNone": 0.1673, "PDsSlight": 0.4082, "PDsModerate": 0.3352, "PDsExtensive": 0.0803, "PDsComplete": 0.0088, "PDsExceedSlight": 0.8326, "PDsExceedModerate": 0.4244, "PDsExceedExtensive": 0.0891, "FunctDay1": 48.2, "FunctDay3": 68.5, "FunctDay7": 76.1, "FunctDay14": 88.2, "FunctDay30": 95.5, "FunctDay90": 99.5, "EconLoss": 15065.060546875, "Name": "CHEVRON PRODUCTS COMPANY RICHMOND REFINE", "City": "RICHMOND", "State": "CA" }, "geometry": { "type": "Point", "coordinates": [ -122.40825, 37.95587 ] } },
{ "type": "Feature", "properties": { "FacilityType": "OilFlty", "FacilityId": "CA000014", "Anchor": "FALSE", "FoundationType": "null", "eqBldgType": "DFLT", "DesignLevel": "LC", "SoilType": "D", "LqfSusCat": 0, "LndSusCat": 0, "WaterDepth": 5.0, "Distance": "null", "PGA": 0.26758855581283569, "PGV": 11.357602119445801, "Sa03": 0.65700381994247437, "Sa10": 0.31031322479248047, "LqfSettlPGD": 0.0, "LqfSprPGD": 0.0, "LqfProb": 0.0, "LndPGD": 0.0, "LndProb": 0.0, "SufFltRuptPGD": 29.523393630981445, "SurfFltRuptProb": 0.5, "PDsNone": 0.1673, "PDsSlight": 0.4082, "PDsModerate": 0.3352, "PDsExtensive": 0.0803, "PDsComplete": 0.0088, "PDsExceedSlight": 0.8326, "PDsExceedModerate": 0.4244, "PDsExceedExtensive": 0.0891, "FunctDay1": 48.2, "FunctDay3": 68.5, "FunctDay7": 76.1, "FunctDay14": 88.2, "FunctDay30": 95.5, "FunctDay90": 99.5, "EconLoss": 15065.060546875, "Name": "CHEVRON RESEARCH COMPANY A DIVISION OF C", "City": "RICHMOND", "State": "CA" }, "geometry": { "type": "Point", "coordinates": [ -122.38526, 37.93001 ] } },
{ "type": "Feature", "properties": { "FacilityType": "OilFlty", "FacilityId": "CA000017", "Anchor": "FALSE", "FoundationType": "null", "eqBldgType": "DFLT", "DesignLevel": "LC", "SoilType": "D", "LqfSusCat": 0, "LndSusCat": 0, "WaterDepth": 5.0, "Distance": "null", "PGA": 0.26466062664985657, "PGV": 14.063728332519531, "Sa03": 0.7253606915473938, "Sa10": 0.47763624787330627, "LqfSettlPGD": 0.0, "LqfSprPGD": 0.0, "LqfProb": 0.0, "LndPGD": 0.0, "LndProb": 0.0, "SufFltRuptPGD": 29.523393630981445, "SurfFltRuptProb": 0.5, "PDsNone": 0.1719, "PDsSlight": 0.4107, "PDsModerate": 0.331, "PDsExtensive": 0.0778, "PDsComplete": 0.0084, "PDsExceedSlight": 0.828, "PDsExceedModerate": 0.4172, "PDsExceedExtensive": 0.0862, "FunctDay1": 48.7, "FunctDay3": 69.0, "FunctDay7": 76.5, "FunctDay14": 88.5, "FunctDay30": 95.6, "FunctDay90": 99.6, "EconLoss": 14781.2705078125, "Name": "CRITERION CATALYST COMPANY LIMITED PARTN", "City": "PITTSBURG", "State": "CA" }, "geometry": { "type": "Point", "coordinates": [ -121.94337, 38.02688 ] } },
{ "type": "Feature", "properties": { "FacilityType": "OilFlty", "FacilityId": "CA000039", "Anchor": "FALSE", "FoundationType": "null", "eqBldgType": "DFLT", "DesignLevel": "LC", "SoilType": "D", "LqfSusCat": 0, "LndSusCat": 0, "WaterDepth": 5.0, "Distance": "null", "PGA": 0.28216192126274109, "PGV": 10.506894111633301, "Sa03": 0.6519501805305481, "Sa10": 0.28619259595870972, "LqfSettlPGD": 0.0, "LqfSprPGD": 0.0, "LqfProb": 0.0, "LndPGD": 0.0, "LndProb": 0.0, "SufFltRuptPGD": 29.523393630981445, "SurfFltRuptProb": 0.5, "PDsNone": 0.1461, "PDsSlight": 0.3945, "PDsModerate": 0.355, "PDsExtensive": 0.0932, "PDsComplete": 0.011, "PDsExceedSlight": 0.8538, "PDsExceedModerate": 0.4593, "PDsExceedExtensive": 0.1043, "FunctDay1": 45.9, "FunctDay3": 65.8, "FunctDay7": 73.9, "FunctDay14": 86.8, "FunctDay30": 94.7, "FunctDay90": 99.5, "EconLoss": 16507.609375, "Name": "HERCULES L.L.C. DBA NEW PACIFIC PROPERTI", "City": "HERCULES", "State": "CA" }, "geometry": { "type": "Point", "coordinates": [ -122.26693, 38.02716 ] } },
{ "type": "Feature", "properties": { "FacilityType": "OilFlty", "FacilityId": "CA000043", "Anchor": "FALSE", "FoundationType": "null", "eqBldgType": "DFLT", "DesignLevel": "LC", "SoilType": "D", "LqfSusCat": 0, "LndSusCat": 0, "WaterDepth": 5.0, "Distance": "null", "PGA": 0.28914901614189148, "PGV": 9.8484163284301758, "Sa03": 0.64303761720657349, "Sa10": 0.26246479153633118, "LqfSettlPGD": 0.0, "LqfSprPGD": 0.0, "LqfProb": 0.0, "LndPGD": 0.0, "LndProb": 0.0, "SufFltRuptPGD": 29.523393630981445, "SurfFltRuptProb": 0.5, "PDsNone": 0.137, "PDsSlight": 0.3874, "PDsModerate": 0.3636, "PDsExtensive": 0.0997, "PDsComplete": 0.0121, "PDsExceedSlight": 0.8629, "PDsExceedModerate": 0.4755, "PDsExceedExtensive": 0.1118, "FunctDay1": 44.8, "FunctDay3": 64.5, "FunctDay7": 72.8, "FunctDay14": 86.1, "FunctDay30": 94.3, "FunctDay90": 99.4, "EconLoss": 17207.94140625, "Name": "IT CORP BAKER FAC", "City": "MARTINEZ", "State": "CA" }, "geometry": { "type": "Point", "coordinates": [ -122.07917, 38.02167 ] } },
{ "type": "Feature", "properties": { "FacilityType": "OilFlty", "FacilityId": "CA000063", "Anchor": "FALSE", "FoundationType": "null", "eqBldgType": "DFLT", "DesignLevel": "LC", "SoilType": "D", "LqfSusCat": 0, "LndSusCat": 0, "WaterDepth": 5.0, "Distance": "null", "PGA": 0.28914901614189148, "PGV": 9.8484163284301758, "Sa03": 0.64303761720657349, "Sa10": 0.26246479153633118, "LqfSettlPGD": 0.0, "LqfSprPGD": 0.0, "LqfProb": 0.0, "LndPGD": 0.0, "LndProb": 0.0, "SufFltRuptPGD": 29.523393630981445, "SurfFltRuptProb": 0.5, "PDsNone": 0.137, "PDsSlight": 0.3874, "PDsModerate": 0.3636, "PDsExtensive": 0.0997, "PDsComplete": 0.0121, "PDsExceedSlight": 0.8629, "PDsExceedModerate": 0.4755, "PDsExceedExtensive": 0.1118, "FunctDay1": 44.8, "FunctDay3": 64.5, "FunctDay7": 72.8, "FunctDay14": 86.1, "FunctDay30": 94.3, "FunctDay90": 99.4, "EconLoss": 17207.94140625, "Name": "SHELL MARTINEZ REFINING COMPANY", "City": "MARTINEZ", "State": "CA" }, "geometry": { "type": "Point", "coordinates": [ -122.11639, 38.01944 ] } },
{ "type": "Feature", "properties": { "FacilityType": "OilFlty", "FacilityId": "CA000068", "Anchor": "FALSE", "FoundationType": "null", "eqBldgType": "DFLT", "DesignLevel": "LC", "SoilType": "D", "LqfSusCat": 0, "LndSusCat": 0, "WaterDepth": 5.0, "Distance": "null", "PGA": 0.29659819602966309, "PGV": 10.486924171447754, "Sa03": 0.67186164855957031, "Sa10": 0.28059494495391846, "LqfSettlPGD": 0.0, "LqfSprPGD": 0.0, "LqfProb": 0.0, "LndPGD": 0.0, "LndProb": 0.0, "SufFltRuptPGD": 29.523393630981445, "SurfFltRuptProb": 0.5, "PDsNone": 0.1279, "PDsSlight": 0.3796, "PDsModerate": 0.3722, "PDsExtensive": 0.1067, "PDsComplete": 0.0134, "PDsExceedSlight": 0.872, "PDsExceedModerate": 0.4924, "PDsExceedExtensive": 0.1201, "FunctDay1": 43.8, "FunctDay3": 63.2, "FunctDay7": 71.7, "FunctDay14": 85.4, "FunctDay30": 93.9, "FunctDay90": 99.4, "EconLoss": 17963.142578125, "Name": "TOSCO CORP AMORCO WHARF", "City": "MARTINEZ", "State": "CA" }, "geometry": { "type": "Point", "coordinates": [ -122.1723, 37.9807 ] } },
{ "type": "Feature", "properties": { "FacilityType": "OilFlty", "FacilityId": "CA000075", "Anchor": "FALSE", "FoundationType": "null", "eqBldgType": "DFLT", "DesignLevel": "LC", "SoilType": "D", "LqfSusCat": 0, "LndSusCat": 0, "WaterDepth": 5.0, "Distance": "null", "PGA": 0.28216192126274109, "PGV": 10.506894111633301, "Sa03": 0.6519501805305481, "Sa10": 0.28619259595870972, "LqfSettlPGD": 0.0, "LqfSprPGD": 0.0, "LqfProb": 0.0, "LndPGD": 0.0, "LndProb": 0.0, "SufFltRuptPGD": 29.523393630981445, "SurfFltRuptProb": 0.5, "PDsNone": 0.1461, "PDsSlight": 0.3945, "PDsModerate": 0.355, "PDsExtensive": 0.0932, "PDsComplete": 0.011, "PDsExceedSlight": 0.8538, "PDsExceedModerate": 0.4593, "PDsExceedExtensive": 0.1043, "FunctDay1": 45.9, "FunctDay3": 65.8, "FunctDay7": 73.9, "FunctDay14": 86.8, "FunctDay30": 94.7, "FunctDay90": 99.5, "EconLoss": 16507.609375, "Name": "TOSCO SAN FRANCISCO AREA REFINERY AT ROD", "City": "RODEO", "State": "CA" }, "geometry": { "type": "Point", "coordinates": [ -122.2471, 38.04054 ] } },
{ "type": "Feature", "properties": { "FacilityType": "OilFlty", "FacilityId": "CA000076", "Anchor": "FALSE", "FoundationType": "null", "eqBldgType": "DFLT", "DesignLevel": "LC", "SoilType": "D", "LqfSusCat": 0, "LndSusCat": 0, "WaterDepth": 5.0, "Distance": "null", "PGA": 0.28632470965385437, "PGV": 10.346205711364746, "Sa03": 0.65192687511444092, "Sa10": 0.27895393967628479, "LqfSettlPGD": 0.0, "LqfSprPGD": 0.0, "LqfProb": 0.0, "LndPGD": 0.0, "LndProb": 0.0, "SufFltRuptPGD": 29.523393630981445, "SurfFltRuptProb": 0.5, "PDsNone": 0.1406, "PDsSlight": 0.3903, "PDsModerate": 0.3602, "PDsExtensive": 0.0971, "PDsComplete": 0.0116, "PDsExceedSlight": 0.8593, "PDsExceedModerate": 0.469, "PDsExceedExtensive": 0.1087, "FunctDay1": 45.2, "FunctDay3": 65.0, "FunctDay7": 73.2, "FunctDay14": 86.4, "FunctDay30": 94.5, "FunctDay90": 99.4, "EconLoss": 16921.791015625, "Name": "TOSCO SFAR CARBON PLANT", "City": "RODEO", "State": "CA" }, "geometry": { "type": "Point", "coordinates": [ -122.23426, 38.01221 ] } },
{ "type": "Feature", "properties": { "FacilityType": "OilFlty", "FacilityId": "CA000077", "Anchor": "FALSE", "FoundationType": "null", "eqBldgType": "DFLT", "DesignLevel": "LC", "SoilType": "D", "LqfSusCat": 0, "LndSusCat": 0, "WaterDepth": 5.0, "Distance": "null", "PGA": 0.30504786968231201, "PGV": 12.021832466125488, "Sa03": 0.72809457778930664, "Sa10": 0.32921820878982544, "LqfSettlPGD": 0.0, "LqfSprPGD": 0.0, "LqfProb": 0.0, "LndPGD": 0.0, "LndProb": 0.0, "SufFltRuptPGD": 29.523393630981445, "SurfFltRuptProb": 0.5, "PDsNone": 0.1183, "PDsSlight": 0.3705, "PDsModerate": 0.3813, "PDsExtensive": 0.1147, "PDsComplete": 0.015, "PDsExceedSlight": 0.8816, "PDsExceedModerate": 0.511, "PDsExceedExtensive": 0.1297, "FunctDay1": 42.6, "FunctDay3": 61.8, "FunctDay7": 70.5, "FunctDay14": 84.5, "FunctDay30": 93.4, "FunctDay90": 99.3, "EconLoss": 18825.720703125, "Name": "ULTRAMAR INCORPORATED", "City": "MARTINEZ", "State": "CA" }, "geometry": { "type": "Point", "coordinates": [ -122.0599, 38.02109 ] } },
{ "type": "Feature", "properties": { "FacilityType": "OilFlty", "FacilityId": "CA000082", "Anchor": "FALSE", "FoundationType": "null", "eqBldgType": "DFLT", "DesignLevel": "LC", "SoilType": "D", "LqfSusCat": 0, "LndSusCat": 0, "WaterDepth": 5.0, "Distance": "null", "PGA": 0.2888011634349823, "PGV": 15.714386940002441, "Sa03": 0.76704096794128418, "Sa10": 0.52228081226348877, "LqfSettlPGD": 0.0, "LqfSprPGD": 0.0, "LqfProb": 0.0, "LndPGD": 0.0, "LndProb": 0.0, "SufFltRuptPGD": 29.523393630981445, "SurfFltRuptProb": 0.5, "PDsNone": 0.1374, "PDsSlight": 0.3878, "PDsModerate": 0.3632, "PDsExtensive": 0.0993, "PDsComplete": 0.012, "PDsExceedSlight": 0.8625, "PDsExceedModerate": 0.4747, "PDsExceedExtensive": 0.1114, "FunctDay1": 44.9, "FunctDay3": 64.6, "FunctDay7": 72.9, "FunctDay14": 86.1, "FunctDay30": 94.3, "FunctDay90": 99.4, "EconLoss": 17163.1015625, "Name": "WICKLAND OIL MARTINEZ", "City": "MARTINEZ", "State": "CA" }, "geometry": { "type": "Point", "coordinates": [ -122.09754, 38.0267 ] } },
{ "type": "Feature", "properties": { "FacilityType": "PortFlty", "FacilityId": "CA000218", "Anchor": "FALSE", "FoundationType": "0", "eqBldgType": "DFLT", "DesignLevel": "LC", "SoilType": "D", "LqfSusCat": 0, "LndSusCat": 0, "WaterDepth": 5.0, "Distance": "null", "PGA": 0.21314780414104462, "PGV": 7.0186705589294434, "Sa03": 0.4316202700138092, "Sa10": 0.15840302407741547, "LqfSettlPGD": 0.0, "LqfSprPGD": 0.0, "LqfProb": 0.0, "LndPGD": 0.0, "LndProb": 0.0, "SufFltRuptPGD": 29.523393630981445, "SurfFltRuptProb": 0.5, "PDsNone": 0.1398, "PDsSlight": 0.6759, "PDsModerate": 0.1395, "PDsExtensive": 0.0379, "PDsComplete": 0.0067, "PDsExceedSlight": 0.8601, "PDsExceedModerate": 0.1842, "PDsExceedExtensive": 0.0446, "FunctDay1": 87.4, "FunctDay3": 94.0, "FunctDay7": 96.3, "FunctDay14": 96.4, "FunctDay30": 96.9, "FunctDay90": 98.7, "EconLoss": 611458.0, "Name": "CHEVRON PRODUCTS CO RICHMOND POINT OR...", "City": "Richmond", "State": "CA" }, "geometry": { "type": "Point", "coordinates": [ -122.42833, 37.955556 ] } },
{ "type": "Feature", "properties": { "FacilityType": "PortFlty", "FacilityId": "CA000219", "Anchor": "FALSE", "FoundationType": "0", "eqBldgType": "DFLT", "DesignLevel": "LC", "SoilType": "D", "LqfSusCat": 0, "LndSusCat": 0, "WaterDepth": 5.0, "Distance": "null", "PGA": 0.21314780414104462, "PGV": 7.0186705589294434, "Sa03": 0.4316202700138092, "Sa10": 0.15840302407741547, "LqfSettlPGD": 0.0, "LqfSprPGD": 0.0, "LqfProb": 0.0, "LndPGD": 0.0, "LndProb": 0.0, "SufFltRuptPGD": 29.523393630981445, "SurfFltRuptProb": 0.5, "PDsNone": 0.1398, "PDsSlight": 0.6759, "PDsModerate": 0.1395, "PDsExtensive": 0.0379, "PDsComplete": 0.0067, "PDsExceedSlight": 0.8601, "PDsExceedModerate": 0.1842, "PDsExceedExtensive": 0.0446, "FunctDay1": 87.4, "FunctDay3": 94.0, "FunctDay7": 96.3, "FunctDay14": 96.4, "FunctDay30": 96.9, "FunctDay90": 98.7, "EconLoss": 611458.0, "Name": "PAKTANK CORP., TERMINAL NO. 4 WHARF", "City": "Richmond", "State": "CA" }, "geometry": { "type": "Point", "coordinates": [ -122.42944, 37.963056 ] } },
{ "type": "Feature", "properties": { "FacilityType": "PortFlty", "FacilityId": "CA000304", "Anchor": "FALSE", "FoundationType": "0", "eqBldgType": "DFLT", "DesignLevel": "LC", "SoilType": "D", "LqfSusCat": 0, "LndSusCat": 0, "WaterDepth": 5.0, "Distance": "null", "PGA": 0.20771299302577972, "PGV": 6.3362889289855957, "Sa03": 0.38753357529640198, "Sa10": 0.13634732365608215, "LqfSettlPGD": 0.0, "LqfSprPGD": 0.0, "LqfProb": 0.0, "LndPGD": 0.0, "LndProb": 0.0, "SufFltRuptPGD": 29.523393630981445, "SurfFltRuptProb": 0.5, "PDsNone": 0.1481, "PDsSlight": 0.6772, "PDsModerate": 0.1332, "PDsExtensive": 0.0352, "PDsComplete": 0.0061, "PDsExceedSlight": 0.8518, "PDsExceedModerate": 0.1745, "PDsExceedExtensive": 0.0413, "FunctDay1": 88.0, "FunctDay3": 94.4, "FunctDay7": 96.6, "FunctDay14": 96.7, "FunctDay30": 97.1, "FunctDay90": 98.8, "EconLoss": 591827.0, "Name": "INDEPENDENT RENDERERS WHALING STATION...", "City": "RICHMOND", "State": "CA" }, "geometry": { "type": "Point", "coordinates": [ -122.394341, 37.907848 ] } },
{ "type": "Feature", "properties": { "FacilityType": "PortFlty", "FacilityId": "CA000305", "Anchor": "FALSE", "FoundationType": "0", "eqBldgType": "DFLT", "DesignLevel": "LC", "SoilType": "D", "LqfSusCat": 0, "LndSusCat": 0, "WaterDepth": 5.0, "Distance": "null", "PGA": 0.20771299302577972, "PGV": 6.3362889289855957, "Sa03": 0.38753357529640198, "Sa10": 0.13634732365608215, "LqfSettlPGD": 0.0, "LqfSprPGD": 0.0, "LqfProb": 0.0, "LndPGD": 0.0, "LndProb": 0.0, "SufFltRuptPGD": 29.523393630981445, "SurfFltRuptProb": 0.5, "PDsNone": 0.1481, "PDsSlight": 0.6772, "PDsModerate": 0.1332, "PDsExtensive": 0.0352, "PDsComplete": 0.0061, "PDsExceedSlight": 0.8518, "PDsExceedModerate": 0.1745, "PDsExceedExtensive": 0.0413, "FunctDay1": 88.0, "FunctDay3": 94.4, "FunctDay7": 96.6, "FunctDay14": 96.7, "FunctDay30": 97.1, "FunctDay90": 98.8, "EconLoss": 591827.0, "Name": "FISHERIES MOORING DOCK - ROH", "City": "RICHMOND", "State": "CA" }, "geometry": { "type": "Point", "coordinates": [ -122.394341, 37.907848 ] } },
{ "type": "Feature", "properties": { "FacilityType": "PortFlty", "FacilityId": "CA000306", "Anchor": "FALSE", "FoundationType": "0", "eqBldgType": "DFLT", "DesignLevel": "LC", "SoilType": "D", "LqfSusCat": 0, "LndSusCat": 0, "WaterDepth": 5.0, "Distance": "null", "PGA": 0.20771299302577972, "PGV": 6.3362889289855957, "Sa03": 0.38753357529640198, "Sa10": 0.13634732365608215, "LqfSettlPGD": 0.0, "LqfSprPGD": 0.0, "LqfProb": 0.0, "LndPGD": 0.0, "LndProb": 0.0, "SufFltRuptPGD": 29.523393630981445, "SurfFltRuptProb": 0.5, "PDsNone": 0.1481, "PDsSlight": 0.6772, "PDsModerate": 0.1332, "PDsExtensive": 0.0352, "PDsComplete": 0.0061, "PDsExceedSlight": 0.8518, "PDsExceedModerate": 0.1745, "PDsExceedExtensive": 0.0413, "FunctDay1": 88.0, "FunctDay3": 94.4, "FunctDay7": 96.6, "FunctDay14": 96.7, "FunctDay30": 97.1, "FunctDay90": 98.8, "EconLoss": 591827.0, "Name": "CHEVRON PRODUCTS CO RICHMOND LONG WHARF", "City": "RICHMOND", "State": "CA" }, "geometry": { "type": "Point", "coordinates": [ -122.41083, 37.92194 ] } },
{ "type": "Feature", "properties": { "FacilityType": "PortFlty", "FacilityId": "CA000307", "Anchor": "FALSE", "FoundationType": "0", "eqBldgType": "DFLT", "DesignLevel": "LC", "SoilType": "D", "LqfSusCat": 0, "LndSusCat": 0, "WaterDepth": 5.0, "Distance": "null", "PGA": 0.20771299302577972, "PGV": 6.3362889289855957, "Sa03": 0.38753357529640198, "Sa10": 0.13634732365608215, "LqfSettlPGD": 0.0, "LqfSprPGD": 0.0, "LqfProb": 0.0, "LndPGD": 0.0, "LndProb": 0.0, "SufFltRuptPGD": 29.523393630981445, "SurfFltRuptProb": 0.5, "PDsNone": 0.1481, "PDsSlight": 0.6772, "PDsModerate": 0.1332, "PDsExtensive": 0.0352, "PDsComplete": 0.0061, "PDsExceedSlight": 0.8518, "PDsExceedModerate": 0.1745, "PDsExceedExtensive": 0.0413, "FunctDay1": 88.0, "FunctDay3": 94.4, "FunctDay7": 96.6, "FunctDay14": 96.7, "FunctDay30": 97.1, "FunctDay90": 98.8, "EconLoss": 591827.0, "Name": "CHEVRON PRODUCTS CO., RICHMOND LONG W...", "City": "Richmond", "State": "CA" }, "geometry": { "type": "Point", "coordinates": [ -122.41083, 37.921944 ] } },
{ "type": "Feature", "properties": { "FacilityType": "PortFlty", "FacilityId": "CA000308", "Anchor": "FALSE", "FoundationType": "0", "eqBldgType": "DFLT", "DesignLevel": "LC", "SoilType": "D", "LqfSusCat": 0, "LndSusCat": 0, "WaterDepth": 5.0, "Distance": "null", "PGA": 0.20771299302577972, "PGV": 6.3362889289855957, "Sa03": 0.38753357529640198, "Sa10": 0.13634732365608215, "LqfSettlPGD": 0.0, "LqfSprPGD": 0.0, "LqfProb": 0.0, "LndPGD": 0.0, "LndProb": 0.0, "SufFltRuptPGD": 29.523393630981445, "SurfFltRuptProb": 0.5, "PDsNone": 0.1481, "PDsSlight": 0.6772, "PDsModerate": 0.1332, "PDsExtensive": 0.0352, "PDsComplete": 0.0061, "PDsExceedSlight": 0.8518, "PDsExceedModerate": 0.1745, "PDsExceedExtensive": 0.0413, "FunctDay1": 88.0, "FunctDay3": 94.4, "FunctDay7": 96.6, "FunctDay14": 96.7, "FunctDay30": 97.1, "FunctDay90": 98.8, "EconLoss": 591827.0, "Name": "Chevron Products Co., Richmond Long W...", "City": "Richmond", "State": "CA" }, "geometry": { "type": "Point", "coordinates": [ -122.40833, 37.921667 ] } },
{ "type": "Feature", "properties": { "FacilityType": "PortFlty", "FacilityId": "CA000309", "Anchor": "FALSE", "FoundationType": "0", "eqBldgType": "DFLT", "DesignLevel": "LC", "SoilType": "D", "LqfSusCat": 0, "LndSusCat": 0, "WaterDepth": 5.0, "Distance": "null", "PGA": 0.20771299302577972, "PGV": 6.3362889289855957, "Sa03": 0.38753357529640198, "Sa10": 0.13634732365608215, "LqfSettlPGD": 0.0, "LqfSprPGD": 0.0, "LqfProb": 0.0, "LndPGD": 0.0, "LndProb": 0.0, "SufFltRuptPGD": 29.523393630981445, "SurfFltRuptProb": 0.5, "PDsNone": 0.1481, "PDsSlight": 0.6772, "PDsModerate": 0.1332, "PDsExtensive": 0.0352, "PDsComplete": 0.0061, "PDsExceedSlight": 0.8518, "PDsExceedModerate": 0.1745, "PDsExceedExtensive": 0.0413, "FunctDay1": 88.0, "FunctDay3": 94.4, "FunctDay7": 96.6, "FunctDay14": 96.7, "FunctDay30": 97.1, "FunctDay90": 98.8, "EconLoss": 591827.0, "Name": "PORT OF RICHMOND TERMINAL NO 1 WHARF", "City": "Richmond", "State": "CA" }, "geometry": { "type": "Point", "coordinates": [ -122.38694, 37.908333 ] } },
{ "type": "Feature", "properties": { "FacilityType": "PortFlty", "FacilityId": "CA000310", "Anchor": "FALSE", "FoundationType": "0", "eqBldgType": "DFLT", "DesignLevel": "LC", "SoilType": "D", "LqfSusCat": 0, "LndSusCat": 0, "WaterDepth": 5.0, "Distance": "null", "PGA": 0.24413135647773743, "PGV": 8.2687568664550781, "Sa03": 0.51250219345092773, "Sa10": 0.19292740523815155, "LqfSettlPGD": 0.0, "LqfSprPGD": 0.0, "LqfProb": 0.0, "LndPGD": 0.0, "LndProb": 0.0, "SufFltRuptPGD": 29.523393630981445, "SurfFltRuptProb": 0.5, "PDsNone": 0.1011, "PDsSlight": 0.6585, "PDsModerate": 0.1741, "PDsExtensive": 0.0547, "PDsComplete": 0.0114, "PDsExceedSlight": 0.8988, "PDsExceedModerate": 0.2402, "PDsExceedExtensive": 0.0661, "FunctDay1": 83.4, "FunctDay3": 91.6, "FunctDay7": 94.5, "FunctDay14": 94.8, "FunctDay30": 95.4, "FunctDay90": 98.0, "EconLoss": 726728.1875, "Name": "PORT OF RICHMOND POINT POTRERO MARINE...", "City": "Richmond", "State": "CA" }, "geometry": { "type": "Point", "coordinates": [ -122.37305, 37.905556 ] } },
{ "type": "Feature", "properties": { "FacilityType": "PortFlty", "FacilityId": "CA000311", "Anchor": "FALSE", "FoundationType": "0", "eqBldgType": "DFLT", "DesignLevel": "LC", "SoilType": "D", "LqfSusCat": 0, "LndSusCat": 0, "WaterDepth": 5.0, "Distance": "null", "PGA": 0.24413135647773743, "PGV": 8.2687568664550781, "Sa03": 0.51250219345092773, "Sa10": 0.19292740523815155, "LqfSettlPGD": 0.0, "LqfSprPGD": 0.0, "LqfProb": 0.0, "LndPGD": 0.0, "LndProb": 0.0, "SufFltRuptPGD": 29.523393630981445, "SurfFltRuptProb": 0.5, "PDsNone": 0.1011, "PDsSlight": 0.6585, "PDsModerate": 0.1741, "PDsExtensive": 0.0547, "PDsComplete": 0.0114, "PDsExceedSlight": 0.8988, "PDsExceedModerate": 0.2402, "PDsExceedExtensive": 0.0661, "FunctDay1": 83.4, "FunctDay3": 91.6, "FunctDay7": 94.5, "FunctDay14": 94.8, "FunctDay30": 95.4, "FunctDay90": 98.0, "EconLoss": 726728.1875, "Name": "PORT OF RICHMOND POINT POTRERO MARINE...", "City": "Richmond", "State": "CA" }, "geometry": { "type": "Point", "coordinates": [ -122.37166, 37.905 ] } },
{ "type": "Feature", "properties": { "FacilityType": "PortFlty", "FacilityId": "CA000312", "Anchor": "FALSE", "FoundationType": "0", "eqBldgType": "DFLT", "DesignLevel": "LC", "SoilType": "D", "LqfSusCat": 0, "LndSusCat": 0, "WaterDepth": 5.0, "Distance": "null", "PGA": 0.24413135647773743, "PGV": 8.2687568664550781, "Sa03": 0.51250219345092773, "Sa10": 0.19292740523815155, "LqfSettlPGD": 0.0, "LqfSprPGD": 0.0, "LqfProb": 0.0, "LndPGD": 0.0, "LndProb": 0.0, "SufFltRuptPGD": 29.523393630981445, "SurfFltRuptProb": 0.5, "PDsNone": 0.1011, "PDsSlight": 0.6585, "PDsModerate": 0.1741, "PDsExtensive": 0.0547, "PDsComplete": 0.0114, "PDsExceedSlight": 0.8988, "PDsExceedModerate": 0.2402, "PDsExceedExtensive": 0.0661, "FunctDay1": 83.4, "FunctDay3": 91.6, "FunctDay7": 94.5, "FunctDay14": 94.8, "FunctDay30": 95.4, "FunctDay90": 98.0, "EconLoss": 726728.1875, "Name": "PORT OF RICHMOND POINT POTRERO MARINE...", "City": "Richmond", "State": "CA" }, "geometry": { "type": "Point", "coordinates": [ -122.36638, 37.904722 ] } },
{ "type": "Feature", "properties": { "FacilityType": "PortFlty", "FacilityId": "CA000313", "Anchor": "FALSE", "FoundationType": "0", "eqBldgType": "DFLT", "DesignLevel": "LC", "SoilType": "D", "LqfSusCat": 0, "LndSusCat": 0, "WaterDepth": 5.0, "Distance": "null", "PGA": 0.24413135647773743, "PGV": 8.2687568664550781, "Sa03": 0.51250219345092773, "Sa10": 0.19292740523815155, "LqfSettlPGD": 0.0, "LqfSprPGD": 0.0, "LqfProb": 0.0, "LndPGD": 0.0, "LndProb": 0.0, "SufFltRuptPGD": 29.523393630981445, "SurfFltRuptProb": 0.5, "PDsNone": 0.1011, "PDsSlight": 0.6585, "PDsModerate": 0.1741, "PDsExtensive": 0.0547, "PDsComplete": 0.0114, "PDsExceedSlight": 0.8988, "PDsExceedModerate": 0.2402, "PDsExceedExtensive": 0.0661, "FunctDay1": 83.4, "FunctDay3": 91.6, "FunctDay7": 94.5, "FunctDay14": 94.8, "FunctDay30": 95.4, "FunctDay90": 98.0, "EconLoss": 726728.1875, "Name": "PORT OF RICHMOND POINT POTRERO MARINE...", "City": "Richmond", "State": "CA" }, "geometry": { "type": "Point", "coordinates": [ -122.36416, 37.905 ] } },
{ "type": "Feature", "properties": { "FacilityType": "PortFlty", "FacilityId": "CA000314", "Anchor": "FALSE", "FoundationType": "0", "eqBldgType": "DFLT", "DesignLevel": "LC", "SoilType": "D", "LqfSusCat": 0, "LndSusCat": 0, "WaterDepth": 5.0, "Distance": "null", "PGA": 0.24413135647773743, "PGV": 8.2687568664550781, "Sa03": 0.51250219345092773, "Sa10": 0.19292740523815155, "LqfSettlPGD": 0.0, "LqfSprPGD": 0.0, "LqfProb": 0.0, "LndPGD": 0.0, "LndProb": 0.0, "SufFltRuptPGD": 29.523393630981445, "SurfFltRuptProb": 0.5, "PDsNone": 0.1011, "PDsSlight": 0.6585, "PDsModerate": 0.1741, "PDsExtensive": 0.0547, "PDsComplete": 0.0114, "PDsExceedSlight": 0.8988, "PDsExceedModerate": 0.2402, "PDsExceedExtensive": 0.0661, "FunctDay1": 83.4, "FunctDay3": 91.6, "FunctDay7": 94.5, "FunctDay14": 94.8, "FunctDay30": 95.4, "FunctDay90": 98.0, "EconLoss": 726728.1875, "Name": "BP PRODUCTS NORTH AMERICA INC. RICHMO...", "City": "Richmond", "State": "CA" }, "geometry": { "type": "Point", "coordinates": [ -122.36472, 37.911944 ] } },
{ "type": "Feature", "properties": { "FacilityType": "PortFlty", "FacilityId": "CA000315", "Anchor": "FALSE", "FoundationType": "0", "eqBldgType": "DFLT", "DesignLevel": "LC", "SoilType": "D", "LqfSusCat": 0, "LndSusCat": 0, "WaterDepth": 5.0, "Distance": "null", "PGA": 0.24413135647773743, "PGV": 8.2687568664550781, "Sa03": 0.51250219345092773, "Sa10": 0.19292740523815155, "LqfSettlPGD": 0.0, "LqfSprPGD": 0.0, "LqfProb": 0.0, "LndPGD": 0.0, "LndProb": 0.0, "SufFltRuptPGD": 29.523393630981445, "SurfFltRuptProb": 0.5, "PDsNone": 0.1011, "PDsSlight": 0.6585, "PDsModerate": 0.1741, "PDsExtensive": 0.0547, "PDsComplete": 0.0114, "PDsExceedSlight": 0.8988, "PDsExceedModerate": 0.2402, "PDsExceedExtensive": 0.0661, "FunctDay1": 83.4, "FunctDay3": 91.6, "FunctDay7": 94.5, "FunctDay14": 94.8, "FunctDay30": 95.4, "FunctDay90": 98.0, "EconLoss": 726728.1875, "Name": "PASHA SERVICES (AUTOS) TERMINAL NO. 7", "City": "Richmond", "State": "CA" }, "geometry": { "type": "Point", "coordinates": [ -122.36388, 37.9075 ] } },
{ "type": "Feature", "properties": { "FacilityType": "PortFlty", "FacilityId": "CA000316", "Anchor": "FALSE", "FoundationType": "0", "eqBldgType": "DFLT", "DesignLevel": "LC", "SoilType": "D", "LqfSusCat": 0, "LndSusCat": 0, "WaterDepth": 5.0, "Distance": "null", "PGA": 0.24413135647773743, "PGV": 8.2687568664550781, "Sa03": 0.51250219345092773, "Sa10": 0.19292740523815155, "LqfSettlPGD": 0.0, "LqfSprPGD": 0.0, "LqfProb": 0.0, "LndPGD": 0.0, "LndProb": 0.0, "SufFltRuptPGD": 29.523393630981445, "SurfFltRuptProb": 0.5, "PDsNone": 0.1011, "PDsSlight": 0.6585, "PDsModerate": 0.1741, "PDsExtensive": 0.0547, "PDsComplete": 0.0114, "PDsExceedSlight": 0.8988, "PDsExceedModerate": 0.2402, "PDsExceedExtensive": 0.0661, "FunctDay1": 83.4, "FunctDay3": 91.6, "FunctDay7": 94.5, "FunctDay14": 94.8, "FunctDay30": 95.4, "FunctDay90": 98.0, "EconLoss": 726728.1875, "Name": "RED AND WHITE FLEET RICHMOND FERRY DOCK", "City": "Richmond", "State": "CA" }, "geometry": { "type": "Point", "coordinates": [ -122.36, 37.909444 ] } },
{ "type": "Feature", "properties": { "FacilityType": "PortFlty", "FacilityId": "CA000317", "Anchor": "FALSE", "FoundationType": "0", "eqBldgType": "DFLT", "DesignLevel": "LC", "SoilType": "D", "LqfSusCat": 0, "LndSusCat": 0, "WaterDepth": 5.0, "Distance": "null", "PGA": 0.20771299302577972, "PGV": 6.3362889289855957, "Sa03": 0.38753357529640198, "Sa10": 0.13634732365608215, "LqfSettlPGD": 0.0, "LqfSprPGD": 0.0, "LqfProb": 0.0, "LndPGD": 0.0, "LndProb": 0.0, "SufFltRuptPGD": 29.523393630981445, "SurfFltRuptProb": 0.5, "PDsNone": 0.1481, "PDsSlight": 0.6772, "PDsModerate": 0.1332, "PDsExtensive": 0.0352, "PDsComplete": 0.0061, "PDsExceedSlight": 0.8518, "PDsExceedModerate": 0.1745, "PDsExceedExtensive": 0.0413, "FunctDay1": 88.0, "FunctDay3": 94.4, "FunctDay7": 96.6, "FunctDay14": 96.7, "FunctDay30": 97.1, "FunctDay90": 98.8, "EconLoss": 591827.0, "Name": "RICHMOND BOAT WORKS WHARF", "City": "Richmond", "State": "CA" }, "geometry": { "type": "Point", "coordinates": [ -122.37555, 37.924444 ] } },
{ "type": "Feature", "properties": { "FacilityType": "PortFlty", "FacilityId": "CA000318", "Anchor": "FALSE", "FoundationType": "0", "eqBldgType": "DFLT", "DesignLevel": "LC", "SoilType": "D", "LqfSusCat": 0, "LndSusCat": 0, "WaterDepth": 5.0, "Distance": "null", "PGA": 0.24413135647773743, "PGV": 8.2687568664550781, "Sa03": 0.51250219345092773, "Sa10": 0.19292740523815155, "LqfSettlPGD": 0.0, "LqfSprPGD": 0.0, "LqfProb": 0.0, "LndPGD": 0.0, "LndProb": 0.0, "SufFltRuptPGD": 29.523393630981445, "SurfFltRuptProb": 0.5, "PDsNone": 0.1011, "PDsSlight": 0.6585, "PDsModerate": 0.1741, "PDsExtensive": 0.0547, "PDsComplete": 0.0114, "PDsExceedSlight": 0.8988, "PDsExceedModerate": 0.2402, "PDsExceedExtensive": 0.0661, "FunctDay1": 83.4, "FunctDay3": 91.6, "FunctDay7": 94.5, "FunctDay14": 94.8, "FunctDay30": 95.4, "FunctDay90": 98.0, "EconLoss": 726728.1875, "Name": "CASTROL NORTH AMERICA RICHMOND WHARF", "City": "Richmond", "State": "CA" }, "geometry": { "type": "Point", "coordinates": [ -122.37388, 37.9225 ] } },
{ "type": "Feature", "properties": { "FacilityType": "PortFlty", "FacilityId": "CA000319", "Anchor": "FALSE", "FoundationType": "0", "eqBldgType": "DFLT", "DesignLevel": "LC", "SoilType": "D", "LqfSusCat": 0, "LndSusCat": 0, "WaterDepth": 5.0, "Distance": "null", "PGA": 0.24413135647773743, "PGV": 8.2687568664550781, "Sa03": 0.51250219345092773, "Sa10": 0.19292740523815155, "LqfSettlPGD": 0.0, "LqfSprPGD": 0.0, "LqfProb": 0.0, "LndPGD": 0.0, "LndProb": 0.0, "SufFltRuptPGD": 29.523393630981445, "SurfFltRuptProb": 0.5, "PDsNone": 0.1011, "PDsSlight": 0.6585, "PDsModerate": 0.1741, "PDsExtensive": 0.0547, "PDsComplete": 0.0114, "PDsExceedSlight": 0.8988, "PDsExceedModerate": 0.2402, "PDsExceedExtensive": 0.0661, "FunctDay1": 83.4, "FunctDay3": 91.6, "FunctDay7": 94.5, "FunctDay14": 94.8, "FunctDay30": 95.4, "FunctDay90": 98.0, "EconLoss": 726728.1875, "Name": "KEEFE KAPLAN MARITIME WHARF", "City": "Richmond", "State": "CA" }, "geometry": { "type": "Point", "coordinates": [ -122.37388, 37.923889 ] } },
{ "type": "Feature", "properties": { "FacilityType": "PortFlty", "FacilityId": "CA000320", "Anchor": "FALSE", "FoundationType": "0", "eqBldgType": "DFLT", "DesignLevel": "LC", "SoilType": "D", "LqfSusCat": 0, "LndSusCat": 0, "WaterDepth": 5.0, "Distance": "null", "PGA": 0.24413135647773743, "PGV": 8.2687568664550781, "Sa03": 0.51250219345092773, "Sa10": 0.19292740523815155, "LqfSettlPGD": 0.0, "LqfSprPGD": 0.0, "LqfProb": 0.0, "LndPGD": 0.0, "LndProb": 0.0, "SufFltRuptPGD": 29.523393630981445, "SurfFltRuptProb": 0.5, "PDsNone": 0.1011, "PDsSlight": 0.6585, "PDsModerate": 0.1741, "PDsExtensive": 0.0547, "PDsComplete": 0.0114, "PDsExceedSlight": 0.8988, "PDsExceedModerate": 0.2402, "PDsExceedExtensive": 0.0661, "FunctDay1": 83.4, "FunctDay3": 91.6, "FunctDay7": 94.5, "FunctDay14": 94.8, "FunctDay30": 95.4, "FunctDay90": 98.0, "EconLoss": 726728.1875, "Name": "RICHMOND CANAL INDUSTRIAL PARK (RCIP)", "City": "RICHMOND", "State": "CA" }, "geometry": { "type": "Point", "coordinates": [ -122.37152, 37.91304 ] } },
{ "type": "Feature", "properties": { "FacilityType": "PortFlty", "FacilityId": "CA000321", "Anchor": "FALSE", "FoundationType": "0", "eqBldgType": "DFLT", "DesignLevel": "LC", "SoilType": "D", "LqfSusCat": 0, "LndSusCat": 0, "WaterDepth": 5.0, "Distance": "null", "PGA": 0.24413135647773743, "PGV": 8.2687568664550781, "Sa03": 0.51250219345092773, "Sa10": 0.19292740523815155, "LqfSettlPGD": 0.0, "LqfSprPGD": 0.0, "LqfProb": 0.0, "LndPGD": 0.0, "LndProb": 0.0, "SufFltRuptPGD": 29.523393630981445, "SurfFltRuptProb": 0.5, "PDsNone": 0.1011, "PDsSlight": 0.6585, "PDsModerate": 0.1741, "PDsExtensive": 0.0547, "PDsComplete": 0.0114, "PDsExceedSlight": 0.8988, "PDsExceedModerate": 0.2402, "PDsExceedExtensive": 0.0661, "FunctDay1": 83.4, "FunctDay3": 91.6, "FunctDay7": 94.5, "FunctDay14": 94.8, "FunctDay30": 95.4, "FunctDay90": 98.0, "EconLoss": 726728.1875, "Name": "PT. RICHMOND", "City": "RICHMOND", "State": "CA" }, "geometry": { "type": "Point", "coordinates": [ -122.37152, 37.91304 ] } },
{ "type": "Feature", "properties": { "FacilityType": "PortFlty", "FacilityId": "CA000322", "Anchor": "FALSE", "FoundationType": "0", "eqBldgType": "DFLT", "DesignLevel": "LC", "SoilType": "D", "LqfSusCat": 0, "LndSusCat": 0, "WaterDepth": 5.0, "Distance": "null", "PGA": 0.24413135647773743, "PGV": 8.2687568664550781, "Sa03": 0.51250219345092773, "Sa10": 0.19292740523815155, "LqfSettlPGD": 0.0, "LqfSprPGD": 0.0, "LqfProb": 0.0, "LndPGD": 0.0, "LndProb": 0.0, "SufFltRuptPGD": 29.523393630981445, "SurfFltRuptProb": 0.5, "PDsNone": 0.1011, "PDsSlight": 0.6585, "PDsModerate": 0.1741, "PDsExtensive": 0.0547, "PDsComplete": 0.0114, "PDsExceedSlight": 0.8988, "PDsExceedModerate": 0.2402, "PDsExceedExtensive": 0.0661, "FunctDay1": 83.4, "FunctDay3": 91.6, "FunctDay7": 94.5, "FunctDay14": 94.8, "FunctDay30": 95.4, "FunctDay90": 98.0, "EconLoss": 726728.1875, "Name": "QUARRY PRODUCTS - SAN RAFAEL", "City": "RICHMOND", "State": "CA" }, "geometry": { "type": "Point", "coordinates": [ -122.37152, 37.91304 ] } },
{ "type": "Feature", "properties": { "FacilityType": "PortFlty", "FacilityId": "CA000323", "Anchor": "FALSE", "FoundationType": "0", "eqBldgType": "DFLT", "DesignLevel": "LC", "SoilType": "D", "LqfSusCat": 0, "LndSusCat": 0, "WaterDepth": 5.0, "Distance": "null", "PGA": 0.24413135647773743, "PGV": 8.2687568664550781, "Sa03": 0.51250219345092773, "Sa10": 0.19292740523815155, "LqfSettlPGD": 0.0, "LqfSprPGD": 0.0, "LqfProb": 0.0, "LndPGD": 0.0, "LndProb": 0.0, "SufFltRuptPGD": 29.523393630981445, "SurfFltRuptProb": 0.5, "PDsNone": 0.1011, "PDsSlight": 0.6585, "PDsModerate": 0.1741, "PDsExtensive": 0.0547, "PDsComplete": 0.0114, "PDsExceedSlight": 0.8988, "PDsExceedModerate": 0.2402, "PDsExceedExtensive": 0.0661, "FunctDay1": 83.4, "FunctDay3": 91.6, "FunctDay7": 94.5, "FunctDay14": 94.8, "FunctDay30": 95.4, "FunctDay90": 98.0, "EconLoss": 726728.1875, "Name": "RICHMOND ANCHOR LIGHT", "City": "RICHMOND", "State": "CA" }, "geometry": { "type": "Point", "coordinates": [ -122.37152, 37.91304 ] } },
{ "type": "Feature", "properties": { "FacilityType": "PortFlty", "FacilityId": "CA000324", "Anchor": "FALSE", "FoundationType": "0", "eqBldgType": "DFLT", "DesignLevel": "LC", "SoilType": "D", "LqfSusCat": 0, "LndSusCat": 0, "WaterDepth": 5.0, "Distance": "null", "PGA": 0.24413135647773743, "PGV": 8.2687568664550781, "Sa03": 0.51250219345092773, "Sa10": 0.19292740523815155, "LqfSettlPGD": 0.0, "LqfSprPGD": 0.0, "LqfProb": 0.0, "LndPGD": 0.0, "LndProb": 0.0, "SufFltRuptPGD": 29.523393630981445, "SurfFltRuptProb": 0.5, "PDsNone": 0.1011, "PDsSlight": 0.6585, "PDsModerate": 0.1741, "PDsExtensive": 0.0547, "PDsComplete": 0.0114, "PDsExceedSlight": 0.8988, "PDsExceedModerate": 0.2402, "PDsExceedExtensive": 0.0661, "FunctDay1": 83.4, "FunctDay3": 91.6, "FunctDay7": 94.5, "FunctDay14": 94.8, "FunctDay30": 95.4, "FunctDay90": 98.0, "EconLoss": 726728.1875, "Name": "POINT SAN PABLO YACHT HARBOR - ROH", "City": "RICHMOND", "State": "CA" }, "geometry": { "type": "Point", "coordinates": [ -122.37152, 37.91304 ] } },
{ "type": "Feature", "properties": { "FacilityType": "PortFlty", "FacilityId": "CA000325", "Anchor": "FALSE", "FoundationType": "0", "eqBldgType": "DFLT", "DesignLevel": "LC", "SoilType": "D", "LqfSusCat": 0, "LndSusCat": 0, "WaterDepth": 5.0, "Distance": "null", "PGA": 0.24413135647773743, "PGV": 8.2687568664550781, "Sa03": 0.51250219345092773, "Sa10": 0.19292740523815155, "LqfSettlPGD": 0.0, "LqfSprPGD": 0.0, "LqfProb": 0.0, "LndPGD": 0.0, "LndProb": 0.0, "SufFltRuptPGD": 29.523393630981445, "SurfFltRuptProb": 0.5, "PDsNone": 0.1011, "PDsSlight": 0.6585, "PDsModerate": 0.1741, "PDsExtensive": 0.0547, "PDsComplete": 0.0114, "PDsExceedSlight": 0.8988, "PDsExceedModerate": 0.2402, "PDsExceedExtensive": 0.0661, "FunctDay1": 83.4, "FunctDay3": 91.6, "FunctDay7": 94.5, "FunctDay14": 94.8, "FunctDay30": 95.4, "FunctDay90": 98.0, "EconLoss": 726728.1875, "Name": "NATIONAL GYPSUM CO RICHMOND DOCK", "City": "Richmond", "State": "CA" }, "geometry": { "type": "Point", "coordinates": [ -122.36833, 37.919444 ] } },
{ "type": "Feature", "properties": { "FacilityType": "PortFlty", "FacilityId": "CA000326", "Anchor": "FALSE", "FoundationType": "0", "eqBldgType": "DFLT", "DesignLevel": "LC", "SoilType": "D", "LqfSusCat": 0, "LndSusCat": 0, "WaterDepth": 5.0, "Distance": "null", "PGA": 0.24413135647773743, "PGV": 8.2687568664550781, "Sa03": 0.51250219345092773, "Sa10": 0.19292740523815155, "LqfSettlPGD": 0.0, "LqfSprPGD": 0.0, "LqfProb": 0.0, "LndPGD": 0.0, "LndProb": 0.0, "SufFltRuptPGD": 29.523393630981445, "SurfFltRuptProb": 0.5, "PDsNone": 0.1011, "PDsSlight": 0.6585, "PDsModerate": 0.1741, "PDsExtensive": 0.0547, "PDsComplete": 0.0114, "PDsExceedSlight": 0.8988, "PDsExceedModerate": 0.2402, "PDsExceedExtensive": 0.0661, "FunctDay1": 83.4, "FunctDay3": 91.6, "FunctDay7": 94.5, "FunctDay14": 94.8, "FunctDay30": 95.4, "FunctDay90": 98.0, "EconLoss": 726728.1875, "Name": "CONOCO PHILLIPS RICHMOND TANKER WHARF", "City": "Richmond", "State": "CA" }, "geometry": { "type": "Point", "coordinates": [ -122.36527, 37.915 ] } },
{ "type": "Feature", "properties": { "FacilityType": "PortFlty", "FacilityId": "CA000327", "Anchor": "FALSE", "FoundationType": "0", "eqBldgType": "DFLT", "DesignLevel": "LC", "SoilType": "D", "LqfSusCat": 0, "LndSusCat": 0, "WaterDepth": 5.0, "Distance": "null", "PGA": 0.24413135647773743, "PGV": 8.2687568664550781, "Sa03": 0.51250219345092773, "Sa10": 0.19292740523815155, "LqfSettlPGD": 0.0, "LqfSprPGD": 0.0, "LqfProb": 0.0, "LndPGD": 0.0, "LndProb": 0.0, "SufFltRuptPGD": 29.523393630981445, "SurfFltRuptProb": 0.5, "PDsNone": 0.1011, "PDsSlight": 0.6585, "PDsModerate": 0.1741, "PDsExtensive": 0.0547, "PDsComplete": 0.0114, "PDsExceedSlight": 0.8988, "PDsExceedModerate": 0.2402, "PDsExceedExtensive": 0.0661, "FunctDay1": 83.4, "FunctDay3": 91.6, "FunctDay7": 94.5, "FunctDay14": 94.8, "FunctDay30": 95.4, "FunctDay90": 98.0, "EconLoss": 726728.1875, "Name": "CONOCO PHILLIPS RICHMOND BARGE WHARF", "City": "Richmond", "State": "CA" }, "geometry": { "type": "Point", "coordinates": [ -122.36555, 37.916111 ] } },
{ "type": "Feature", "properties": { "FacilityType": "PortFlty", "FacilityId": "CA000328", "Anchor": "FALSE", "FoundationType": "0", "eqBldgType": "DFLT", "DesignLevel": "LC", "SoilType": "D", "LqfSusCat": 0, "LndSusCat": 0, "WaterDepth": 5.0, "Distance": "null", "PGA": 0.24413135647773743, "PGV": 8.2687568664550781, "Sa03": 0.51250219345092773, "Sa10": 0.19292740523815155, "LqfSettlPGD": 0.0, "LqfSprPGD": 0.0, "LqfProb": 0.0, "LndPGD": 0.0, "LndProb": 0.0, "SufFltRuptPGD": 29.523393630981445, "SurfFltRuptProb": 0.5, "PDsNone": 0.1011, "PDsSlight": 0.6585, "PDsModerate": 0.1741, "PDsExtensive": 0.0547, "PDsComplete": 0.0114, "PDsExceedSlight": 0.8988, "PDsExceedModerate": 0.2402, "PDsExceedExtensive": 0.0661, "FunctDay1": 83.4, "FunctDay3": 91.6, "FunctDay7": 94.5, "FunctDay14": 94.8, "FunctDay30": 95.4, "FunctDay90": 98.0, "EconLoss": 726728.1875, "Name": "SHORE TERMINALS RICHMOND WHARF", "City": "Richmond", "State": "CA" }, "geometry": { "type": "Point", "coordinates": [ -122.36416, 37.918056 ] } },
{ "type": "Feature", "properties": { "FacilityType": "PortFlty", "FacilityId": "CA000329", "Anchor": "FALSE", "FoundationType": "0", "eqBldgType": "DFLT", "DesignLevel": "LC", "SoilType": "D", "LqfSusCat": 0, "LndSusCat": 0, "WaterDepth": 5.0, "Distance": "null", "PGA": 0.24413135647773743, "PGV": 8.2687568664550781, "Sa03": 0.51250219345092773, "Sa10": 0.19292740523815155, "LqfSettlPGD": 0.0, "LqfSprPGD": 0.0, "LqfProb": 0.0, "LndPGD": 0.0, "LndProb": 0.0, "SufFltRuptPGD": 29.523393630981445, "SurfFltRuptProb": 0.5, "PDsNone": 0.1011, "PDsSlight": 0.6585, "PDsModerate": 0.1741, "PDsExtensive": 0.0547, "PDsComplete": 0.0114, "PDsExceedSlight": 0.8988, "PDsExceedModerate": 0.2402, "PDsExceedExtensive": 0.0661, "FunctDay1": 83.4, "FunctDay3": 91.6, "FunctDay7": 94.5, "FunctDay14": 94.8, "FunctDay30": 95.4, "FunctDay90": 98.0, "EconLoss": 726728.1875, "Name": "BAY SHIP & YACHT CO WHARF", "City": "Richmond", "State": "CA" }, "geometry": { "type": "Point", "coordinates": [ -122.37194, 37.923056 ] } },
{ "type": "Feature", "properties": { "FacilityType": "PortFlty", "FacilityId": "CA000330", "Anchor": "FALSE", "FoundationType": "0", "eqBldgType": "DFLT", "DesignLevel": "LC", "SoilType": "D", "LqfSusCat": 0, "LndSusCat": 0, "WaterDepth": 5.0, "Distance": "null", "PGA": 0.24413135647773743, "PGV": 8.2687568664550781, "Sa03": 0.51250219345092773, "Sa10": 0.19292740523815155, "LqfSettlPGD": 0.0, "LqfSprPGD": 0.0, "LqfProb": 0.0, "LndPGD": 0.0, "LndProb": 0.0, "SufFltRuptPGD": 29.523393630981445, "SurfFltRuptProb": 0.5, "PDsNone": 0.1011, "PDsSlight": 0.6585, "PDsModerate": 0.1741, "PDsExtensive": 0.0547, "PDsComplete": 0.0114, "PDsExceedSlight": 0.8988, "PDsExceedModerate": 0.2402, "PDsExceedExtensive": 0.0661, "FunctDay1": 83.4, "FunctDay3": 91.6, "FunctDay7": 94.5, "FunctDay14": 94.8, "FunctDay30": 95.4, "FunctDay90": 98.0, "EconLoss": 726728.1875, "Name": "IMTT RICHMOND CA RICHMOND WHARF", "City": "Richmond", "State": "CA" }, "geometry": { "type": "Point", "coordinates": [ -122.36916, 37.921111 ] } },
{ "type": "Feature", "properties": { "FacilityType": "PortFlty", "FacilityId": "CA000331", "Anchor": "FALSE", "FoundationType": "0", "eqBldgType": "DFLT", "DesignLevel": "LC", "SoilType": "D", "LqfSusCat": 0, "LndSusCat": 0, "WaterDepth": 5.0, "Distance": "null", "PGA": 0.24413135647773743, "PGV": 8.2687568664550781, "Sa03": 0.51250219345092773, "Sa10": 0.19292740523815155, "LqfSettlPGD": 0.0, "LqfSprPGD": 0.0, "LqfProb": 0.0, "LndPGD": 0.0, "LndProb": 0.0, "SufFltRuptPGD": 29.523393630981445, "SurfFltRuptProb": 0.5, "PDsNone": 0.1011, "PDsSlight": 0.6585, "PDsModerate": 0.1741, "PDsExtensive": 0.0547, "PDsComplete": 0.0114, "PDsExceedSlight": 0.8988, "PDsExceedModerate": 0.2402, "PDsExceedExtensive": 0.0661, "FunctDay1": 83.4, "FunctDay3": 91.6, "FunctDay7": 94.5, "FunctDay14": 94.8, "FunctDay30": 95.4, "FunctDay90": 98.0, "EconLoss": 726728.1875, "Name": "Manson Construction Co., Richmond Wharf.", "City": "Richmond", "State": "CA" }, "geometry": { "type": "Point", "coordinates": [ -122.3675, 37.922778 ] } },
{ "type": "Feature", "properties": { "FacilityType": "PortFlty", "FacilityId": "CA000332", "Anchor": "FALSE", "FoundationType": "0", "eqBldgType": "DFLT", "DesignLevel": "LC", "SoilType": "D", "LqfSusCat": 0, "LndSusCat": 0, "WaterDepth": 5.0, "Distance": "null", "PGA": 0.24413135647773743, "PGV": 8.2687568664550781, "Sa03": 0.51250219345092773, "Sa10": 0.19292740523815155, "LqfSettlPGD": 0.0, "LqfSprPGD": 0.0, "LqfProb": 0.0, "LndPGD": 0.0, "LndProb": 0.0, "SufFltRuptPGD": 29.523393630981445, "SurfFltRuptProb": 0.5, "PDsNone": 0.1011, "PDsSlight": 0.6585, "PDsModerate": 0.1741, "PDsExtensive": 0.0547, "PDsComplete": 0.0114, "PDsExceedSlight": 0.8988, "PDsExceedModerate": 0.2402, "PDsExceedExtensive": 0.0661, "FunctDay1": 83.4, "FunctDay3": 91.6, "FunctDay7": 94.5, "FunctDay14": 94.8, "FunctDay30": 95.4, "FunctDay90": 98.0, "EconLoss": 726728.1875, "Name": "LEVIN RICHMOND TERMINAL CORP RICHMOND...", "City": "Richmond", "State": "CA" }, "geometry": { "type": "Point", "coordinates": [ -122.36694, 37.921111 ] } },
{ "type": "Feature", "properties": { "FacilityType": "PortFlty", "FacilityId": "CA000333", "Anchor": "FALSE", "FoundationType": "0", "eqBldgType": "DFLT", "DesignLevel": "LC", "SoilType": "D", "LqfSusCat": 0, "LndSusCat": 0, "WaterDepth": 5.0, "Distance": "null", "PGA": 0.24413135647773743, "PGV": 8.2687568664550781, "Sa03": 0.51250219345092773, "Sa10": 0.19292740523815155, "LqfSettlPGD": 0.0, "LqfSprPGD": 0.0, "LqfProb": 0.0, "LndPGD": 0.0, "LndProb": 0.0, "SufFltRuptPGD": 29.523393630981445, "SurfFltRuptProb": 0.5, "PDsNone": 0.1011, "PDsSlight": 0.6585, "PDsModerate": 0.1741, "PDsExtensive": 0.0547, "PDsComplete": 0.0114, "PDsExceedSlight": 0.8988, "PDsExceedModerate": 0.2402, "PDsExceedExtensive": 0.0661, "FunctDay1": 83.4, "FunctDay3": 91.6, "FunctDay7": 94.5, "FunctDay14": 94.8, "FunctDay30": 95.4, "FunctDay90": 98.0, "EconLoss": 726728.1875, "Name": "Manson Construction Co., Richmond Moo...", "City": "Richmond", "State": "CA" }, "geometry": { "type": "Point", "coordinates": [ -122.36722, 37.924167 ] } },
{ "type": "Feature", "properties": { "FacilityType": "PortFlty", "FacilityId": "CA000334", "Anchor": "FALSE", "FoundationType": "0", "eqBldgType": "DFLT", "DesignLevel": "LC", "SoilType": "D", "LqfSusCat": 0, "LndSusCat": 0, "WaterDepth": 5.0, "Distance": "null", "PGA": 0.24413135647773743, "PGV": 8.2687568664550781, "Sa03": 0.51250219345092773, "Sa10": 0.19292740523815155, "LqfSettlPGD": 0.0, "LqfSprPGD": 0.0, "LqfProb": 0.0, "LndPGD": 0.0, "LndProb": 0.0, "SufFltRuptPGD": 29.523393630981445, "SurfFltRuptProb": 0.5, "PDsNone": 0.1011, "PDsSlight": 0.6585, "PDsModerate": 0.1741, "PDsExtensive": 0.0547, "PDsComplete": 0.0114, "PDsExceedSlight": 0.8988, "PDsExceedModerate": 0.2402, "PDsExceedExtensive": 0.0661, "FunctDay1": 83.4, "FunctDay3": 91.6, "FunctDay7": 94.5, "FunctDay14": 94.8, "FunctDay30": 95.4, "FunctDay90": 98.0, "EconLoss": 726728.1875, "Name": "MANSON CONSTRUCTION CO RICHMOND WHARF", "City": "RICHMOND", "State": "CA" }, "geometry": { "type": "Point", "coordinates": [ -122.36722, 37.92417 ] } },
{ "type": "Feature", "properties": { "FacilityType": "PortFlty", "FacilityId": "CA000335", "Anchor": "FALSE", "FoundationType": "0", "eqBldgType": "DFLT", "DesignLevel": "LC", "SoilType": "D", "LqfSusCat": 0, "LndSusCat": 0, "WaterDepth": 5.0, "Distance": "null", "PGA": 0.24413135647773743, "PGV": 8.2687568664550781, "Sa03": 0.51250219345092773, "Sa10": 0.19292740523815155, "LqfSettlPGD": 0.0, "LqfSprPGD": 0.0, "LqfProb": 0.0, "LndPGD": 0.0, "LndProb": 0.0, "SufFltRuptPGD": 29.523393630981445, "SurfFltRuptProb": 0.5, "PDsNone": 0.1011, "PDsSlight": 0.6585, "PDsModerate": 0.1741, "PDsExtensive": 0.0547, "PDsComplete": 0.0114, "PDsExceedSlight": 0.8988, "PDsExceedModerate": 0.2402, "PDsExceedExtensive": 0.0661, "FunctDay1": 83.4, "FunctDay3": 91.6, "FunctDay7": 94.5, "FunctDay14": 94.8, "FunctDay30": 95.4, "FunctDay90": 98.0, "EconLoss": 726728.1875, "Name": "City of Richmond, Port of Richmond Te...", "City": "Richmond", "State": "CA" }, "geometry": { "type": "Point", "coordinates": [ -122.36222, 37.915278 ] } },
{ "type": "Feature", "properties": { "FacilityType": "PortFlty", "FacilityId": "CA000336", "Anchor": "FALSE", "FoundationType": "0", "eqBldgType": "DFLT", "DesignLevel": "LC", "SoilType": "D", "LqfSusCat": 0, "LndSusCat": 0, "WaterDepth": 5.0, "Distance": "null", "PGA": 0.24413135647773743, "PGV": 8.2687568664550781, "Sa03": 0.51250219345092773, "Sa10": 0.19292740523815155, "LqfSettlPGD": 0.0, "LqfSprPGD": 0.0, "LqfProb": 0.0, "LndPGD": 0.0, "LndProb": 0.0, "SufFltRuptPGD": 29.523393630981445, "SurfFltRuptProb": 0.5, "PDsNone": 0.1011, "PDsSlight": 0.6585, "PDsModerate": 0.1741, "PDsExtensive": 0.0547, "PDsComplete": 0.0114, "PDsExceedSlight": 0.8988, "PDsExceedModerate": 0.2402, "PDsExceedExtensive": 0.0661, "FunctDay1": 83.4, "FunctDay3": 91.6, "FunctDay7": 94.5, "FunctDay14": 94.8, "FunctDay30": 95.4, "FunctDay90": 98.0, "EconLoss": 726728.1875, "Name": "California Oils Corp., Port of Richmo...", "City": "Richmond", "State": "CA" }, "geometry": { "type": "Point", "coordinates": [ -122.36222, 37.916389 ] } },
{ "type": "Feature", "properties": { "FacilityType": "PortFlty", "FacilityId": "CA000337", "Anchor": "FALSE", "FoundationType": "0", "eqBldgType": "DFLT", "DesignLevel": "LC", "SoilType": "D", "LqfSusCat": 0, "LndSusCat": 0, "WaterDepth": 5.0, "Distance": "null", "PGA": 0.24413135647773743, "PGV": 8.2687568664550781, "Sa03": 0.51250219345092773, "Sa10": 0.19292740523815155, "LqfSettlPGD": 0.0, "LqfSprPGD": 0.0, "LqfProb": 0.0, "LndPGD": 0.0, "LndProb": 0.0, "SufFltRuptPGD": 29.523393630981445, "SurfFltRuptProb": 0.5, "PDsNone": 0.1011, "PDsSlight": 0.6585, "PDsModerate": 0.1741, "PDsExtensive": 0.0547, "PDsComplete": 0.0114, "PDsExceedSlight": 0.8988, "PDsExceedModerate": 0.2402, "PDsExceedExtensive": 0.0661, "FunctDay1": 83.4, "FunctDay3": 91.6, "FunctDay7": 94.5, "FunctDay14": 94.8, "FunctDay30": 95.4, "FunctDay90": 98.0, "EconLoss": 726728.1875, "Name": "PORT OF RICHMOND TERMINAL NO 2", "City": "RICHMOND", "State": "CA" }, "geometry": { "type": "Point", "coordinates": [ -122.36222, 37.91639 ] } },
{ "type": "Feature", "properties": { "FacilityType": "PortFlty", "FacilityId": "CA000338", "Anchor": "FALSE", "FoundationType": "0", "eqBldgType": "DFLT", "DesignLevel": "LC", "SoilType": "D", "LqfSusCat": 0, "LndSusCat": 0, "WaterDepth": 5.0, "Distance": "null", "PGA": 0.24413135647773743, "PGV": 8.2687568664550781, "Sa03": 0.51250219345092773, "Sa10": 0.19292740523815155, "LqfSettlPGD": 0.0, "LqfSprPGD": 0.0, "LqfProb": 0.0, "LndPGD": 0.0, "LndProb": 0.0, "SufFltRuptPGD": 29.523393630981445, "SurfFltRuptProb": 0.5, "PDsNone": 0.1011, "PDsSlight": 0.6585, "PDsModerate": 0.1741, "PDsExtensive": 0.0547, "PDsComplete": 0.0114, "PDsExceedSlight": 0.8988, "PDsExceedModerate": 0.2402, "PDsExceedExtensive": 0.0661, "FunctDay1": 83.4, "FunctDay3": 91.6, "FunctDay7": 94.5, "FunctDay14": 94.8, "FunctDay30": 95.4, "FunctDay90": 98.0, "EconLoss": 726728.1875, "Name": "STEVEDORING SERVICES OF AMERICA AT PO...", "City": "Richmond", "State": "CA" }, "geometry": { "type": "Point", "coordinates": [ -122.36166, 37.913056 ] } },
{ "type": "Feature", "properties": { "FacilityType": "PortFlty", "FacilityId": "CA000357", "Anchor": "FALSE", "FoundationType": "0", "eqBldgType": "DFLT", "DesignLevel": "LC", "SoilType": "D", "LqfSusCat": 0, "LndSusCat": 0, "WaterDepth": 5.0, "Distance": "null", "PGA": 0.24531030654907227, "PGV": 8.0159597396850586, "Sa03": 0.49714407324790955, "Sa10": 0.20353952050209045, "LqfSettlPGD": 0.0, "LqfSprPGD": 0.0, "LqfProb": 0.0, "LndPGD": 0.0, "LndProb": 0.0, "SufFltRuptPGD": 29.523393630981445, "SurfFltRuptProb": 0.5, "PDsNone": 0.0999, "PDsSlight": 0.6576, "PDsModerate": 0.1753, "PDsExtensive": 0.0554, "PDsComplete": 0.0116, "PDsExceedSlight": 0.9, "PDsExceedModerate": 0.2424, "PDsExceedExtensive": 0.067, "FunctDay1": 83.2, "FunctDay3": 91.5, "FunctDay7": 94.4, "FunctDay14": 94.7, "FunctDay30": 95.3, "FunctDay90": 98.0, "EconLoss": 731111.8125, "Name": "RODEO  SAN PABLO BAY", "City": "RODEO", "State": "CA" }, "geometry": { "type": "Point", "coordinates": [ -122.2998, 38.04927 ] } },
{ "type": "Feature", "properties": { "FacilityType": "PortFlty", "FacilityId": "CA000359", "Anchor": "FALSE", "FoundationType": "0", "eqBldgType": "DFLT", "DesignLevel": "LC", "SoilType": "D", "LqfSusCat": 0, "LndSusCat": 0, "WaterDepth": 5.0, "Distance": "null", "PGA": 0.28216192126274109, "PGV": 10.506894111633301, "Sa03": 0.6519501805305481, "Sa10": 0.28619259595870972, "LqfSettlPGD": 0.0, "LqfSprPGD": 0.0, "LqfProb": 0.0, "LndPGD": 0.0, "LndProb": 0.0, "SufFltRuptPGD": 29.523393630981445, "SurfFltRuptProb": 0.5, "PDsNone": 0.0691, "PDsSlight": 0.6217, "PDsModerate": 0.2119, "PDsExtensive": 0.0778, "PDsComplete": 0.0193, "PDsExceedSlight": 0.9308, "PDsExceedModerate": 0.309, "PDsExceedExtensive": 0.0971, "FunctDay1": 78.3, "FunctDay3": 88.4, "FunctDay7": 92.0, "FunctDay14": 92.3, "FunctDay30": 93.2, "FunctDay90": 96.9, "EconLoss": 870892.1875, "Name": "CONOCO PHILLIPS - RODEO OIL REFINERY", "City": "Oleum", "State": "CA" }, "geometry": { "type": "Point", "coordinates": [ -122.26166, 38.056667 ] } },
{ "type": "Feature", "properties": { "FacilityType": "PortFlty", "FacilityId": "CA000360", "Anchor": "FALSE", "FoundationType": "0", "eqBldgType": "DFLT", "DesignLevel": "LC", "SoilType": "D", "LqfSusCat": 0, "LndSusCat": 0, "WaterDepth": 5.0, "Distance": "null", "PGA": 0.28216192126274109, "PGV": 10.506894111633301, "Sa03": 0.6519501805305481, "Sa10": 0.28619259595870972, "LqfSettlPGD": 0.0, "LqfSprPGD": 0.0, "LqfProb": 0.0, "LndPGD": 0.0, "LndProb": 0.0, "SufFltRuptPGD": 29.523393630981445, "SurfFltRuptProb": 0.5, "PDsNone": 0.0691, "PDsSlight": 0.6217, "PDsModerate": 0.2119, "PDsExtensive": 0.0778, "PDsComplete": 0.0193, "PDsExceedSlight": 0.9308, "PDsExceedModerate": 0.309, "PDsExceedExtensive": 0.0971, "FunctDay1": 78.3, "FunctDay3": 88.4, "FunctDay7": 92.0, "FunctDay14": 92.3, "FunctDay30": 93.2, "FunctDay90": 96.9, "EconLoss": 870892.1875, "Name": "SHORE TERMINALS, SELBY MARINE TERMINA...", "City": "Selby", "State": "CA" }, "geometry": { "type": "Point", "coordinates": [ -122.245, 38.058056 ] } },
{ "type": "Feature", "properties": { "FacilityType": "PortFlty", "FacilityId": "CA000361", "Anchor": "FALSE", "FoundationType": "0", "eqBldgType": "DFLT", "DesignLevel": "LC", "SoilType": "D", "LqfSusCat": 0, "LndSusCat": 0, "WaterDepth": 5.0, "Distance": "null", "PGA": 0.28216192126274109, "PGV": 10.506894111633301, "Sa03": 0.6519501805305481, "Sa10": 0.28619259595870972, "LqfSettlPGD": 0.0, "LqfSprPGD": 0.0, "LqfProb": 0.0, "LndPGD": 0.0, "LndProb": 0.0, "SufFltRuptPGD": 29.523393630981445, "SurfFltRuptProb": 0.5, "PDsNone": 0.0691, "PDsSlight": 0.6217, "PDsModerate": 0.2119, "PDsExtensive": 0.0778, "PDsComplete": 0.0193, "PDsExceedSlight": 0.9308, "PDsExceedModerate": 0.309, "PDsExceedExtensive": 0.0971, "FunctDay1": 78.3, "FunctDay3": 88.4, "FunctDay7": 92.0, "FunctDay14": 92.3, "FunctDay30": 93.2, "FunctDay90": 96.9, "EconLoss": 870892.1875, "Name": "Shore Terminals, Selby Marine Termina...", "City": "Selby", "State": "CA" }, "geometry": { "type": "Point", "coordinates": [ -122.24111, 38.059167 ] } },
{ "type": "Feature", "properties": { "FacilityType": "PortFlty", "FacilityId": "CA000362", "Anchor": "FALSE", "FoundationType": "0", "eqBldgType": "DFLT", "DesignLevel": "LC", "SoilType": "D", "LqfSusCat": 0, "LndSusCat": 0, "WaterDepth": 5.0, "Distance": "null", "PGA": 0.28216192126274109, "PGV": 10.506894111633301, "Sa03": 0.6519501805305481, "Sa10": 0.28619259595870972, "LqfSettlPGD": 0.0, "LqfSprPGD": 0.0, "LqfProb": 0.0, "LndPGD": 0.0, "LndProb": 0.0, "SufFltRuptPGD": 29.523393630981445, "SurfFltRuptProb": 0.5, "PDsNone": 0.0691, "PDsSlight": 0.6217, "PDsModerate": 0.2119, "PDsExtensive": 0.0778, "PDsComplete": 0.0193, "PDsExceedSlight": 0.9308, "PDsExceedModerate": 0.309, "PDsExceedExtensive": 0.0971, "FunctDay1": 78.3, "FunctDay3": 88.4, "FunctDay7": 92.0, "FunctDay14": 92.3, "FunctDay30": 93.2, "FunctDay90": 96.9, "EconLoss": 870892.1875, "Name": "NUSTAR ENERGY, CROCKETT TERMINAL", "City": "RODEO", "State": "CA" }, "geometry": { "type": "Point", "coordinates": [ -122.24111, 38.05917 ] } },
{ "type": "Feature", "properties": { "FacilityType": "PortFlty", "FacilityId": "CA000369", "Anchor": "FALSE", "FoundationType": "0", "eqBldgType": "DFLT", "DesignLevel": "LC", "SoilType": "D", "LqfSusCat": 0, "LndSusCat": 0, "WaterDepth": 5.0, "Distance": "null", "PGA": 0.28357955813407898, "PGV": 10.185131072998047, "Sa03": 0.6457984447479248, "Sa10": 0.27398219704627991, "LqfSettlPGD": 0.0, "LqfSprPGD": 0.0, "LqfProb": 0.0, "LndPGD": 0.0, "LndProb": 0.0, "SufFltRuptPGD": 29.523393630981445, "SurfFltRuptProb": 0.5, "PDsNone": 0.0682, "PDsSlight": 0.6201, "PDsModerate": 0.2131, "PDsExtensive": 0.0787, "PDsComplete": 0.0196, "PDsExceedSlight": 0.9317, "PDsExceedModerate": 0.3115, "PDsExceedExtensive": 0.0983, "FunctDay1": 78.2, "FunctDay3": 88.3, "FunctDay7": 91.8, "FunctDay14": 92.2, "FunctDay30": 93.1, "FunctDay90": 96.9, "EconLoss": 876000.0625, "Name": "CALIFORNIA AND HAWAIIAN SUGAR CO BERT...", "City": "Crockett", "State": "CA" }, "geometry": { "type": "Point", "coordinates": [ -122.22027, 38.057222 ] } },
{ "type": "Feature", "properties": { "FacilityType": "PortFlty", "FacilityId": "CA000370", "Anchor": "FALSE", "FoundationType": "0", "eqBldgType": "DFLT", "DesignLevel": "LC", "SoilType": "D", "LqfSusCat": 0, "LndSusCat": 0, "WaterDepth": 5.0, "Distance": "null", "PGA": 0.30169162154197693, "PGV": 13.794893264770508, "Sa03": 0.75881659984588623, "Sa10": 0.40651267766952515, "LqfSettlPGD": 0.0, "LqfSprPGD": 0.0, "LqfProb": 0.0, "LndPGD": 0.0, "LndProb": 0.0, "SufFltRuptPGD": 29.523393630981445, "SurfFltRuptProb": 0.5, "PDsNone": 0.0573, "PDsSlight": 0.5991, "PDsModerate": 0.2288, "PDsExtensive": 0.0903, "PDsComplete": 0.0242, "PDsExceedSlight": 0.9426, "PDsExceedModerate": 0.3434, "PDsExceedExtensive": 0.1146, "FunctDay1": 75.8, "FunctDay3": 86.7, "FunctDay7": 90.5, "FunctDay14": 90.9, "FunctDay30": 92.0, "FunctDay90": 96.3, "EconLoss": 944842.0, "Name": "BENICIA JENSEN & REYNOLDS CONST DOCK", "City": "MARTINEZ", "State": "CA" }, "geometry": { "type": "Point", "coordinates": [ -122.164478, 38.033281 ] } },
{ "type": "Feature", "properties": { "FacilityType": "PortFlty", "FacilityId": "CA000371", "Anchor": "FALSE", "FoundationType": "0", "eqBldgType": "DFLT", "DesignLevel": "LC", "SoilType": "D", "LqfSusCat": 0, "LndSusCat": 0, "WaterDepth": 5.0, "Distance": "null", "PGA": 0.30169162154197693, "PGV": 13.794893264770508, "Sa03": 0.75881659984588623, "Sa10": 0.40651267766952515, "LqfSettlPGD": 0.0, "LqfSprPGD": 0.0, "LqfProb": 0.0, "LndPGD": 0.0, "LndProb": 0.0, "SufFltRuptPGD": 29.523393630981445, "SurfFltRuptProb": 0.5, "PDsNone": 0.0573, "PDsSlight": 0.5991, "PDsModerate": 0.2288, "PDsExtensive": 0.0903, "PDsComplete": 0.0242, "PDsExceedSlight": 0.9426, "PDsExceedModerate": 0.3434, "PDsExceedExtensive": 0.1146, "FunctDay1": 75.8, "FunctDay3": 86.7, "FunctDay7": 90.5, "FunctDay14": 90.9, "FunctDay30": 92.0, "FunctDay90": 96.3, "EconLoss": 944842.0, "Name": "DEFENSE FUEL SUPPLY CENTER OZOL WHARF", "City": "Ozol", "State": "CA" }, "geometry": { "type": "Point", "coordinates": [ -122.16111, 38.028611 ] } },
{ "type": "Feature", "properties": { "FacilityType": "PortFlty", "FacilityId": "CA000377", "Anchor": "FALSE", "FoundationType": "0", "eqBldgType": "DFLT", "DesignLevel": "LC", "SoilType": "D", "LqfSusCat": 0, "LndSusCat": 0, "WaterDepth": 5.0, "Distance": "null", "PGA": 0.30169162154197693, "PGV": 13.794893264770508, "Sa03": 0.75881659984588623, "Sa10": 0.40651267766952515, "LqfSettlPGD": 0.0, "LqfSprPGD": 0.0, "LqfProb": 0.0, "LndPGD": 0.0, "LndProb": 0.0, "SufFltRuptPGD": 29.523393630981445, "SurfFltRuptProb": 0.5, "PDsNone": 0.0573, "PDsSlight": 0.5991, "PDsModerate": 0.2288, "PDsExtensive": 0.0903, "PDsComplete": 0.0242, "PDsExceedSlight": 0.9426, "PDsExceedModerate": 0.3434, "PDsExceedExtensive": 0.1146, "FunctDay1": 75.8, "FunctDay3": 86.7, "FunctDay7": 90.5, "FunctDay14": 90.9, "FunctDay30": 92.0, "FunctDay90": 96.3, "EconLoss": 944842.0, "Name": "MARTINEZ MARINA MUNICIPAL PIER", "City": "Martinez", "State": "CA" }, "geometry": { "type": "Point", "coordinates": [ -122.13944, 38.0275 ] } },
{ "type": "Feature", "properties": { "FacilityType": "PortFlty", "FacilityId": "CA000379", "Anchor": "FALSE", "FoundationType": "0", "eqBldgType": "DFLT", "DesignLevel": "LC", "SoilType": "D", "LqfSusCat": 0, "LndSusCat": 0, "WaterDepth": 5.0, "Distance": "null", "PGA": 0.30169162154197693, "PGV": 13.794893264770508, "Sa03": 0.75881659984588623, "Sa10": 0.40651267766952515, "LqfSettlPGD": 0.0, "LqfSprPGD": 0.0, "LqfProb": 0.0, "LndPGD": 0.0, "LndProb": 0.0, "SufFltRuptPGD": 29.523393630981445, "SurfFltRuptProb": 0.5, "PDsNone": 0.0573, "PDsSlight": 0.5991, "PDsModerate": 0.2288, "PDsExtensive": 0.0903, "PDsComplete": 0.0242, "PDsExceedSlight": 0.9426, "PDsExceedModerate": 0.3434, "PDsExceedExtensive": 0.1146, "FunctDay1": 75.8, "FunctDay3": 86.7, "FunctDay7": 90.5, "FunctDay14": 90.9, "FunctDay30": 92.0, "FunctDay90": 96.3, "EconLoss": 944842.0, "Name": "MARTINEZ REFINING CO MARTINEZ REFINER...", "City": "Martinez", "State": "CA" }, "geometry": { "type": "Point", "coordinates": [ -122.13166, 38.031389 ] } },
{ "type": "Feature", "properties": { "FacilityType": "PortFlty", "FacilityId": "CA000381", "Anchor": "FALSE", "FoundationType": "0", "eqBldgType": "DFLT", "DesignLevel": "LC", "SoilType": "D", "LqfSusCat": 0, "LndSusCat": 0, "WaterDepth": 5.0, "Distance": "null", "PGA": 0.2888011634349823, "PGV": 15.714386940002441, "Sa03": 0.76704096794128418, "Sa10": 0.52228081226348877, "LqfSettlPGD": 0.0, "LqfSprPGD": 0.0, "LqfProb": 0.0, "LndPGD": 0.0, "LndProb": 0.0, "SufFltRuptPGD": 29.523393630981445, "SurfFltRuptProb": 0.5, "PDsNone": 0.0648, "PDsSlight": 0.6142, "PDsModerate": 0.2178, "PDsExtensive": 0.082, "PDsComplete": 0.0209, "PDsExceedSlight": 0.9351, "PDsExceedModerate": 0.3208, "PDsExceedExtensive": 0.1029, "FunctDay1": 77.5, "FunctDay3": 87.8, "FunctDay7": 91.5, "FunctDay14": 91.8, "FunctDay30": 92.8, "FunctDay90": 96.7, "EconLoss": 895936.0625, "Name": "Tosco Refining Co., San Francisco Are...", "City": "Martinez", "State": "CA" }, "geometry": { "type": "Point", "coordinates": [ -122.12388, 38.035 ] } },
{ "type": "Feature", "properties": { "FacilityType": "PortFlty", "FacilityId": "CA000382", "Anchor": "FALSE", "FoundationType": "0", "eqBldgType": "DFLT", "DesignLevel": "LC", "SoilType": "D", "LqfSusCat": 0, "LndSusCat": 0, "WaterDepth": 5.0, "Distance": "null", "PGA": 0.2888011634349823, "PGV": 15.714386940002441, "Sa03": 0.76704096794128418, "Sa10": 0.52228081226348877, "LqfSettlPGD": 0.0, "LqfSprPGD": 0.0, "LqfProb": 0.0, "LndPGD": 0.0, "LndProb": 0.0, "SufFltRuptPGD": 29.523393630981445, "SurfFltRuptProb": 0.5, "PDsNone": 0.0648, "PDsSlight": 0.6142, "PDsModerate": 0.2178, "PDsExtensive": 0.082, "PDsComplete": 0.0209, "PDsExceedSlight": 0.9351, "PDsExceedModerate": 0.3208, "PDsExceedExtensive": 0.1029, "FunctDay1": 77.5, "FunctDay3": 87.8, "FunctDay7": 91.5, "FunctDay14": 91.8, "FunctDay30": 92.8, "FunctDay90": 96.7, "EconLoss": 895936.0625, "Name": "TOSCO REFINING CO., SAN FRANCISCO ARE...", "City": "Martinez", "State": "CA" }, "geometry": { "type": "Point", "coordinates": [ -122.12333, 38.035556 ] } },
{ "type": "Feature", "properties": { "FacilityType": "PortFlty", "FacilityId": "CA000383", "Anchor": "FALSE", "FoundationType": "0", "eqBldgType": "DFLT", "DesignLevel": "LC", "SoilType": "D", "LqfSusCat": 0, "LndSusCat": 0, "WaterDepth": 5.0, "Distance": "null", "PGA": 0.2888011634349823, "PGV": 15.714386940002441, "Sa03": 0.76704096794128418, "Sa10": 0.52228081226348877, "LqfSettlPGD": 0.0, "LqfSprPGD": 0.0, "LqfProb": 0.0, "LndPGD": 0.0, "LndProb": 0.0, "SufFltRuptPGD": 29.523393630981445, "SurfFltRuptProb": 0.5, "PDsNone": 0.0648, "PDsSlight": 0.6142, "PDsModerate": 0.2178, "PDsExtensive": 0.082, "PDsComplete": 0.0209, "PDsExceedSlight": 0.9351, "PDsExceedModerate": 0.3208, "PDsExceedExtensive": 0.1029, "FunctDay1": 77.5, "FunctDay3": 87.8, "FunctDay7": 91.5, "FunctDay14": 91.8, "FunctDay30": 92.8, "FunctDay90": 96.7, "EconLoss": 895936.0625, "Name": "TOSCO REFINING CO SAN FRANCISCO AREA ...", "City": "MARTINEZ", "State": "CA" }, "geometry": { "type": "Point", "coordinates": [ -122.12333, 38.03556 ] } },
{ "type": "Feature", "properties": { "FacilityType": "PortFlty", "FacilityId": "CA000384", "Anchor": "FALSE", "FoundationType": "0", "eqBldgType": "DFLT", "DesignLevel": "LC", "SoilType": "D", "LqfSusCat": 0, "LndSusCat": 0, "WaterDepth": 5.0, "Distance": "null", "PGA": 0.2888011634349823, "PGV": 15.714386940002441, "Sa03": 0.76704096794128418, "Sa10": 0.52228081226348877, "LqfSettlPGD": 0.0, "LqfSprPGD": 0.0, "LqfProb": 0.0, "LndPGD": 0.0, "LndProb": 0.0, "SufFltRuptPGD": 29.523393630981445, "SurfFltRuptProb": 0.5, "PDsNone": 0.0648, "PDsSlight": 0.6142, "PDsModerate": 0.2178, "PDsExtensive": 0.082, "PDsComplete": 0.0209, "PDsExceedSlight": 0.9351, "PDsExceedModerate": 0.3208, "PDsExceedExtensive": 0.1029, "FunctDay1": 77.5, "FunctDay3": 87.8, "FunctDay7": 91.5, "FunctDay14": 91.8, "FunctDay30": 92.8, "FunctDay90": 96.7, "EconLoss": 895936.0625, "Name": "PACIFIC ATLANTIC TERMINALS", "City": "Martinez", "State": "CA" }, "geometry": { "type": "Point", "coordinates": [ -122.10111, 38.045556 ] } },
{ "type": "Feature", "properties": { "FacilityType": "PortFlty", "FacilityId": "CA000387", "Anchor": "FALSE", "FoundationType": "0", "eqBldgType": "DFLT", "DesignLevel": "LC", "SoilType": "D", "LqfSusCat": 0, "LndSusCat": 0, "WaterDepth": 5.0, "Distance": "null", "PGA": 0.2888011634349823, "PGV": 15.714386940002441, "Sa03": 0.76704096794128418, "Sa10": 0.52228081226348877, "LqfSettlPGD": 0.0, "LqfSprPGD": 0.0, "LqfProb": 0.0, "LndPGD": 0.0, "LndProb": 0.0, "SufFltRuptPGD": 29.523393630981445, "SurfFltRuptProb": 0.5, "PDsNone": 0.0648, "PDsSlight": 0.6142, "PDsModerate": 0.2178, "PDsExtensive": 0.082, "PDsComplete": 0.0209, "PDsExceedSlight": 0.9351, "PDsExceedModerate": 0.3208, "PDsExceedExtensive": 0.1029, "FunctDay1": 77.5, "FunctDay3": 87.8, "FunctDay7": 91.5, "FunctDay14": 91.8, "FunctDay30": 92.8, "FunctDay90": 96.7, "EconLoss": 895936.0625, "Name": "TESORO REFINING AT AVON", "City": "MARTINEZ", "State": "CA" }, "geometry": { "type": "Point", "coordinates": [ -122.09222, 38.04833 ] } },
{ "type": "Feature", "properties": { "FacilityType": "PortFlty", "FacilityId": "CA000388", "Anchor": "FALSE", "FoundationType": "0", "eqBldgType": "DFLT", "DesignLevel": "LC", "SoilType": "D", "LqfSusCat": 0, "LndSusCat": 0, "WaterDepth": 5.0, "Distance": "null", "PGA": 0.2888011634349823, "PGV": 15.714386940002441, "Sa03": 0.76704096794128418, "Sa10": 0.52228081226348877, "LqfSettlPGD": 0.0, "LqfSprPGD": 0.0, "LqfProb": 0.0, "LndPGD": 0.0, "LndProb": 0.0, "SufFltRuptPGD": 29.523393630981445, "SurfFltRuptProb": 0.5, "PDsNone": 0.0648, "PDsSlight": 0.6142, "PDsModerate": 0.2178, "PDsExtensive": 0.082, "PDsComplete": 0.0209, "PDsExceedSlight": 0.9351, "PDsExceedModerate": 0.3208, "PDsExceedExtensive": 0.1029, "FunctDay1": 77.5, "FunctDay3": 87.8, "FunctDay7": 91.5, "FunctDay14": 91.8, "FunctDay30": 92.8, "FunctDay90": 96.7, "EconLoss": 895936.0625, "Name": "Tosco Refining Co., San Francisco Are...", "City": "Avon", "State": "CA" }, "geometry": { "type": "Point", "coordinates": [ -122.09222, 38.048333 ] } },
{ "type": "Feature", "properties": { "FacilityType": "PortFlty", "FacilityId": "CA000389", "Anchor": "FALSE", "FoundationType": "0", "eqBldgType": "DFLT", "DesignLevel": "LC", "SoilType": "D", "LqfSusCat": 0, "LndSusCat": 0, "WaterDepth": 5.0, "Distance": "null", "PGA": 0.2888011634349823, "PGV": 15.714386940002441, "Sa03": 0.76704096794128418, "Sa10": 0.52228081226348877, "LqfSettlPGD": 0.0, "LqfSprPGD": 0.0, "LqfProb": 0.0, "LndPGD": 0.0, "LndProb": 0.0, "SufFltRuptPGD": 29.523393630981445, "SurfFltRuptProb": 0.5, "PDsNone": 0.0648, "PDsSlight": 0.6142, "PDsModerate": 0.2178, "PDsExtensive": 0.082, "PDsComplete": 0.0209, "PDsExceedSlight": 0.9351, "PDsExceedModerate": 0.3208, "PDsExceedExtensive": 0.1029, "FunctDay1": 77.5, "FunctDay3": 87.8, "FunctDay7": 91.5, "FunctDay14": 91.8, "FunctDay30": 92.8, "FunctDay90": 96.7, "EconLoss": 895936.0625, "Name": "Tosco Refining Co., San Francisco Are...", "City": "Avon", "State": "CA" }, "geometry": { "type": "Point", "coordinates": [ -122.09222, 38.048611 ] } },
{ "type": "Feature", "properties": { "FacilityType": "PortFlty", "FacilityId": "CA000395", "Anchor": "FALSE", "FoundationType": "0", "eqBldgType": "DFLT", "DesignLevel": "LC", "SoilType": "D", "LqfSusCat": 0, "LndSusCat": 0, "WaterDepth": 5.0, "Distance": "null", "PGA": 0.27343964576721191, "PGV": 14.547263145446777, "Sa03": 0.74149256944656372, "Sa10": 0.49189117550849915, "LqfSettlPGD": 0.0, "LqfSprPGD": 0.0, "LqfProb": 0.0, "LndPGD": 0.0, "LndProb": 0.0, "SufFltRuptPGD": 29.523393630981445, "SurfFltRuptProb": 0.5, "PDsNone": 0.0753, "PDsSlight": 0.6312, "PDsModerate": 0.2037, "PDsExtensive": 0.0723, "PDsComplete": 0.0173, "PDsExceedSlight": 0.9246, "PDsExceedModerate": 0.2934, "PDsExceedExtensive": 0.0896, "FunctDay1": 79.5, "FunctDay3": 89.2, "FunctDay7": 92.6, "FunctDay14": 92.9, "FunctDay30": 93.7, "FunctDay90": 97.2, "EconLoss": 837614.8125, "Name": "SAND ROSE (FOSS MARITIME)", "City": "CONCORD", "State": "CA" }, "geometry": { "type": "Point", "coordinates": [ -121.99909, 38.06009 ] } },
{ "type": "Feature", "properties": { "FacilityType": "PortFlty", "FacilityId": "CA000396", "Anchor": "FALSE", "FoundationType": "0", "eqBldgType": "DFLT", "DesignLevel": "LC", "SoilType": "D", "LqfSusCat": 0, "LndSusCat": 0, "WaterDepth": 5.0, "Distance": "null", "PGA": 0.26466062664985657, "PGV": 14.063728332519531, "Sa03": 0.7253606915473938, "Sa10": 0.47763624787330627, "LqfSettlPGD": 0.0, "LqfSprPGD": 0.0, "LqfProb": 0.0, "LndPGD": 0.0, "LndProb": 0.0, "SufFltRuptPGD": 29.523393630981445, "SurfFltRuptProb": 0.5, "PDsNone": 0.0822, "PDsSlight": 0.6402, "PDsModerate": 0.1952, "PDsExtensive": 0.0669, "PDsComplete": 0.0154, "PDsExceedSlight": 0.9177, "PDsExceedModerate": 0.2775, "PDsExceedExtensive": 0.0823, "FunctDay1": 80.7, "FunctDay3": 89.9, "FunctDay7": 93.2, "FunctDay14": 93.5, "FunctDay30": 94.3, "FunctDay90": 97.5, "EconLoss": 804375.5, "Name": "CHIPPS ISLAND", "City": "PITTSBURG", "State": "CA" }, "geometry": { "type": "Point", "coordinates": [ -121.967676, 38.058459 ] } },
{ "type": "Feature", "properties": { "FacilityType": "PortFlty", "FacilityId": "CA000398", "Anchor": "FALSE", "FoundationType": "0", "eqBldgType": "DFLT", "DesignLevel": "LC", "SoilType": "D", "LqfSusCat": 0, "LndSusCat": 0, "WaterDepth": 5.0, "Distance": "null", "PGA": 0.25543802976608276, "PGV": 13.52338695526123, "Sa03": 0.7071109414100647, "Sa10": 0.45895054936408997, "LqfSettlPGD": 0.0, "LqfSprPGD": 0.0, "LqfProb": 0.0, "LndPGD": 0.0, "LndProb": 0.0, "SufFltRuptPGD": 29.523393630981445, "SurfFltRuptProb": 0.5, "PDsNone": 0.0901, "PDsSlight": 0.6489, "PDsModerate": 0.1859, "PDsExtensive": 0.0613, "PDsComplete": 0.0135, "PDsExceedSlight": 0.9098, "PDsExceedModerate": 0.2608, "PDsExceedExtensive": 0.0749, "FunctDay1": 81.9, "FunctDay3": 90.7, "FunctDay7": 93.8, "FunctDay14": 94.1, "FunctDay30": 94.8, "FunctDay90": 97.7, "EconLoss": 769192.1875, "Name": "PACIFIC GAS & ELECTRIC CO DELTA POWER...", "City": "Pittsburg", "State": "CA" }, "geometry": { "type": "Point", "coordinates": [ -121.88666, 38.041389 ] } },
{ "type": "Feature", "properties": { "FacilityType": "PortFlty", "FacilityId": "CA000399", "Anchor": "FALSE", "FoundationType": "0", "eqBldgType": "DFLT", "DesignLevel": "LC", "SoilType": "D", "LqfSusCat": 0, "LndSusCat": 0, "WaterDepth": 5.0, "Distance": "null", "PGA": 0.24450528621673584, "PGV": 12.875670433044434, "Sa03": 0.68584281206130981, "Sa10": 0.43737316131591797, "LqfSettlPGD": 0.0, "LqfSprPGD": 0.0, "LqfProb": 0.0, "LndPGD": 0.0, "LndProb": 0.0, "SufFltRuptPGD": 29.523393630981445, "SurfFltRuptProb": 0.5, "PDsNone": 0.1007, "PDsSlight": 0.6582, "PDsModerate": 0.1745, "PDsExtensive": 0.0549, "PDsComplete": 0.0115, "PDsExceedSlight": 0.8992, "PDsExceedModerate": 0.2409, "PDsExceedExtensive": 0.0664, "FunctDay1": 83.3, "FunctDay3": 91.6, "FunctDay7": 94.5, "FunctDay14": 94.7, "FunctDay30": 95.4, "FunctDay90": 98.0, "EconLoss": 728214.875, "Name": "BAY AREA BULK TERMINAL, PITTSBURG", "City": "Pittsburg", "State": "CA" }, "geometry": { "type": "Point", "coordinates": [ -121.87399, 38.031303 ] } },
{ "type": "Feature", "properties": { "FacilityType": "PortFlty", "FacilityId": "CA000400", "Anchor": "FALSE", "FoundationType": "0", "eqBldgType": "DFLT", "DesignLevel": "LC", "SoilType": "D", "LqfSusCat": 0, "LndSusCat": 0, "WaterDepth": 5.0, "Distance": "null", "PGA": 0.25543802976608276, "PGV": 13.52338695526123, "Sa03": 0.7071109414100647, "Sa10": 0.45895054936408997, "LqfSettlPGD": 0.0, "LqfSprPGD": 0.0, "LqfProb": 0.0, "LndPGD": 0.0, "LndProb": 0.0, "SufFltRuptPGD": 29.523393630981445, "SurfFltRuptProb": 0.5, "PDsNone": 0.0901, "PDsSlight": 0.6489, "PDsModerate": 0.1859, "PDsExtensive": 0.0613, "PDsComplete": 0.0135, "PDsExceedSlight": 0.9098, "PDsExceedModerate": 0.2608, "PDsExceedExtensive": 0.0749, "FunctDay1": 81.9, "FunctDay3": 90.7, "FunctDay7": 93.8, "FunctDay14": 94.1, "FunctDay30": 94.8, "FunctDay90": 97.7, "EconLoss": 769192.1875, "Name": "DIABLO SERVICE CORP PITTSBURG WHARF", "City": "Pittsburg", "State": "CA" }, "geometry": { "type": "Point", "coordinates": [ -121.87638, 38.034444 ] } },
{ "type": "Feature", "properties": { "FacilityType": "PortFlty", "FacilityId": "CA000401", "Anchor": "FALSE", "FoundationType": "0", "eqBldgType": "DFLT", "DesignLevel": "LC", "SoilType": "D", "LqfSusCat": 0, "LndSusCat": 0, "WaterDepth": 5.0, "Distance": "null", "PGA": 0.25543802976608276, "PGV": 13.52338695526123, "Sa03": 0.7071109414100647, "Sa10": 0.45895054936408997, "LqfSettlPGD": 0.0, "LqfSprPGD": 0.0, "LqfProb": 0.0, "LndPGD": 0.0, "LndProb": 0.0, "SufFltRuptPGD": 29.523393630981445, "SurfFltRuptProb": 0.5, "PDsNone": 0.0901, "PDsSlight": 0.6489, "PDsModerate": 0.1859, "PDsExtensive": 0.0613, "PDsComplete": 0.0135, "PDsExceedSlight": 0.9098, "PDsExceedModerate": 0.2608, "PDsExceedExtensive": 0.0749, "FunctDay1": 81.9, "FunctDay3": 90.7, "FunctDay7": 93.8, "FunctDay14": 94.1, "FunctDay30": 94.8, "FunctDay90": 97.7, "EconLoss": 769192.1875, "Name": "PITTSBURGH CALIF", "City": "PITTSBURG", "State": "CA" }, "geometry": { "type": "Point", "coordinates": [ -121.880549, 38.037877 ] } },
{ "type": "Feature", "properties": { "FacilityType": "PortFlty", "FacilityId": "CA000403", "Anchor": "FALSE", "FoundationType": "0", "eqBldgType": "DFLT", "DesignLevel": "LC", "SoilType": "D", "LqfSusCat": 0, "LndSusCat": 0, "WaterDepth": 5.0, "Distance": "null", "PGA": 0.24450528621673584, "PGV": 12.875670433044434, "Sa03": 0.68584281206130981, "Sa10": 0.43737316131591797, "LqfSettlPGD": 0.0, "LqfSprPGD": 0.0, "LqfProb": 0.0, "LndPGD": 0.0, "LndProb": 0.0, "SufFltRuptPGD": 29.523393630981445, "SurfFltRuptProb": 0.5, "PDsNone": 0.1007, "PDsSlight": 0.6582, "PDsModerate": 0.1745, "PDsExtensive": 0.0549, "PDsComplete": 0.0115, "PDsExceedSlight": 0.8992, "PDsExceedModerate": 0.2409, "PDsExceedExtensive": 0.0664, "FunctDay1": 83.3, "FunctDay3": 91.6, "FunctDay7": 94.5, "FunctDay14": 94.7, "FunctDay30": 95.4, "FunctDay90": 98.0, "EconLoss": 728214.875, "Name": "USS - POSCO INDUSTRIES PITTSBURG WHARF", "City": "PITTSBURG", "State": "CA" }, "geometry": { "type": "Point", "coordinates": [ -121.86056, 38.03083 ] } },
{ "type": "Feature", "properties": { "FacilityType": "PortFlty", "FacilityId": "CA000404", "Anchor": "FALSE", "FoundationType": "0", "eqBldgType": "DFLT", "DesignLevel": "LC", "SoilType": "D", "LqfSusCat": 0, "LndSusCat": 0, "WaterDepth": 5.0, "Distance": "null", "PGA": 0.24450528621673584, "PGV": 12.875670433044434, "Sa03": 0.68584281206130981, "Sa10": 0.43737316131591797, "LqfSettlPGD": 0.0, "LqfSprPGD": 0.0, "LqfProb": 0.0, "LndPGD": 0.0, "LndProb": 0.0, "SufFltRuptPGD": 29.523393630981445, "SurfFltRuptProb": 0.5, "PDsNone": 0.1007, "PDsSlight": 0.6582, "PDsModerate": 0.1745, "PDsExtensive": 0.0549, "PDsComplete": 0.0115, "PDsExceedSlight": 0.8992, "PDsExceedModerate": 0.2409, "PDsExceedExtensive": 0.0664, "FunctDay1": 83.3, "FunctDay3": 91.6, "FunctDay7": 94.5, "FunctDay14": 94.7, "FunctDay30": 95.4, "FunctDay90": 98.0, "EconLoss": 728214.875, "Name": "USS-POSCO INDUSTRIES, PITTSBURG WHARF", "City": "Pittsburg", "State": "CA" }, "geometry": { "type": "Point", "coordinates": [ -121.86055, 38.030833 ] } },
{ "type": "Feature", "properties": { "FacilityType": "PortFlty", "FacilityId": "CA000405", "Anchor": "FALSE", "FoundationType": "0", "eqBldgType": "DFLT", "DesignLevel": "LC", "SoilType": "D", "LqfSusCat": 0, "LndSusCat": 0, "WaterDepth": 5.0, "Distance": "null", "PGA": 0.24450528621673584, "PGV": 12.875670433044434, "Sa03": 0.68584281206130981, "Sa10": 0.43737316131591797, "LqfSettlPGD": 0.0, "LqfSprPGD": 0.0, "LqfProb": 0.0, "LndPGD": 0.0, "LndProb": 0.0, "SufFltRuptPGD": 29.523393630981445, "SurfFltRuptProb": 0.5, "PDsNone": 0.1007, "PDsSlight": 0.6582, "PDsModerate": 0.1745, "PDsExtensive": 0.0549, "PDsComplete": 0.0115, "PDsExceedSlight": 0.8992, "PDsExceedModerate": 0.2409, "PDsExceedExtensive": 0.0664, "FunctDay1": 83.3, "FunctDay3": 91.6, "FunctDay7": 94.5, "FunctDay14": 94.7, "FunctDay30": 95.4, "FunctDay90": 98.0, "EconLoss": 728214.875, "Name": "USS-Posco Industries, Pittsburg Dock.", "City": "Pittsburg", "State": "CA" }, "geometry": { "type": "Point", "coordinates": [ -121.85916, 38.030278 ] } },
{ "type": "Feature", "properties": { "FacilityType": "PortFlty", "FacilityId": "CA000406", "Anchor": "FALSE", "FoundationType": "0", "eqBldgType": "DFLT", "DesignLevel": "LC", "SoilType": "D", "LqfSusCat": 0, "LndSusCat": 0, "WaterDepth": 5.0, "Distance": "null", "PGA": 0.24450528621673584, "PGV": 12.875670433044434, "Sa03": 0.68584281206130981, "Sa10": 0.43737316131591797, "LqfSettlPGD": 0.0, "LqfSprPGD": 0.0, "LqfProb": 0.0, "LndPGD": 0.0, "LndProb": 0.0, "SufFltRuptPGD": 29.523393630981445, "SurfFltRuptProb": 0.5, "PDsNone": 0.1007, "PDsSlight": 0.6582, "PDsModerate": 0.1745, "PDsExtensive": 0.0549, "PDsComplete": 0.0115, "PDsExceedSlight": 0.8992, "PDsExceedModerate": 0.2409, "PDsExceedExtensive": 0.0664, "FunctDay1": 83.3, "FunctDay3": 91.6, "FunctDay7": 94.5, "FunctDay14": 94.7, "FunctDay30": 95.4, "FunctDay90": 98.0, "EconLoss": 728214.875, "Name": "DOW CHEMICAL CO PITTSBURG PLANT WHARF", "City": "Pittsburg", "State": "CA" }, "geometry": { "type": "Point", "coordinates": [ -121.849292, 38.028526 ] } },
{ "type": "Feature", "properties": { "FacilityType": "PortFlty", "FacilityId": "CA000407", "Anchor": "FALSE", "FoundationType": "0", "eqBldgType": "DFLT", "DesignLevel": "LC", "SoilType": "D", "LqfSusCat": 0, "LndSusCat": 0, "WaterDepth": 5.0, "Distance": "null", "PGA": 0.24450528621673584, "PGV": 12.875670433044434, "Sa03": 0.68584281206130981, "Sa10": 0.43737316131591797, "LqfSettlPGD": 0.0, "LqfSprPGD": 0.0, "LqfProb": 0.0, "LndPGD": 0.0, "LndProb": 0.0, "SufFltRuptPGD": 29.523393630981445, "SurfFltRuptProb": 0.5, "PDsNone": 0.1007, "PDsSlight": 0.6582, "PDsModerate": 0.1745, "PDsExtensive": 0.0549, "PDsComplete": 0.0115, "PDsExceedSlight": 0.8992, "PDsExceedModerate": 0.2409, "PDsExceedExtensive": 0.0664, "FunctDay1": 83.3, "FunctDay3": 91.6, "FunctDay7": 94.5, "FunctDay14": 94.7, "FunctDay30": 95.4, "FunctDay90": 98.0, "EconLoss": 728214.875, "Name": "BROAD SLOUGH", "City": "PITTSBURG", "State": "CA" }, "geometry": { "type": "Point", "coordinates": [ -121.848179, 38.029666 ] } },
{ "type": "Feature", "properties": { "FacilityType": "PortFlty", "FacilityId": "CA000411", "Anchor": "FALSE", "FoundationType": "0", "eqBldgType": "DFLT", "DesignLevel": "LC", "SoilType": "D", "LqfSusCat": 0, "LndSusCat": 0, "WaterDepth": 5.0, "Distance": "null", "PGA": 0.22777557373046875, "PGV": 8.8810701370239258, "Sa03": 0.55822324752807617, "Sa10": 0.24961048364639282, "LqfSettlPGD": 0.0, "LqfSprPGD": 0.0, "LqfProb": 0.0, "LndPGD": 0.0, "LndProb": 0.0, "SufFltRuptPGD": 29.523393630981445, "SurfFltRuptProb": 0.5, "PDsNone": 0.1198, "PDsSlight": 0.6696, "PDsModerate": 0.1562, "PDsExtensive": 0.0455, "PDsComplete": 0.0088, "PDsExceedSlight": 0.8801, "PDsExceedModerate": 0.2105, "PDsExceedExtensive": 0.0543, "FunctDay1": 85.5, "FunctDay3": 92.9, "FunctDay7": 95.5, "FunctDay14": 95.7, "FunctDay30": 96.2, "FunctDay90": 98.4, "EconLoss": 665700.5625, "Name": "ANTIOCH HARBOR", "City": "ANTIOCH", "State": "CA" }, "geometry": { "type": "Point", "coordinates": [ -121.816998, 38.021349 ] } },
{ "type": "Feature", "properties": { "FacilityType": "PortFlty", "FacilityId": "CA000412", "Anchor": "FALSE", "FoundationType": "0", "eqBldgType": "DFLT", "DesignLevel": "LC", "SoilType": "D", "LqfSusCat": 0, "LndSusCat": 0, "WaterDepth": 5.0, "Distance": "null", "PGA": 0.22777557373046875, "PGV": 8.8810701370239258, "Sa03": 0.55822324752807617, "Sa10": 0.24961048364639282, "LqfSettlPGD": 0.0, "LqfSprPGD": 0.0, "LqfProb": 0.0, "LndPGD": 0.0, "LndProb": 0.0, "SufFltRuptPGD": 29.523393630981445, "SurfFltRuptProb": 0.5, "PDsNone": 0.1198, "PDsSlight": 0.6696, "PDsModerate": 0.1562, "PDsExtensive": 0.0455, "PDsComplete": 0.0088, "PDsExceedSlight": 0.8801, "PDsExceedModerate": 0.2105, "PDsExceedExtensive": 0.0543, "FunctDay1": 85.5, "FunctDay3": 92.9, "FunctDay7": 95.5, "FunctDay14": 95.7, "FunctDay30": 96.2, "FunctDay90": 98.4, "EconLoss": 665700.5625, "Name": "FULTON SHIPYARD PIER", "City": "Antioch", "State": "CA" }, "geometry": { "type": "Point", "coordinates": [ -121.80083, 38.0175 ] } },
{ "type": "Feature", "properties": { "FacilityType": "PortFlty", "FacilityId": "CA000421", "Anchor": "FALSE", "FoundationType": "0", "eqBldgType": "DFLT", "DesignLevel": "LC", "SoilType": "D", "LqfSusCat": 0, "LndSusCat": 0, "WaterDepth": 5.0, "Distance": "null", "PGA": 0.22777557373046875, "PGV": 8.8810701370239258, "Sa03": 0.55822324752807617, "Sa10": 0.24961048364639282, "LqfSettlPGD": 0.0, "LqfSprPGD": 0.0, "LqfProb": 0.0, "LndPGD": 0.0, "LndProb": 0.0, "SufFltRuptPGD": 29.523393630981445, "SurfFltRuptProb": 0.5, "PDsNone": 0.1198, "PDsSlight": 0.6696, "PDsModerate": 0.1562, "PDsExtensive": 0.0455, "PDsComplete": 0.0088, "PDsExceedSlight": 0.8801, "PDsExceedModerate": 0.2105, "PDsExceedExtensive": 0.0543, "FunctDay1": 85.5, "FunctDay3": 92.9, "FunctDay7": 95.5, "FunctDay14": 95.7, "FunctDay30": 96.2, "FunctDay90": 98.4, "EconLoss": 665700.5625, "Name": "GEORGIA-PACIFIC CORP ANTIOCH PLANT WHARF", "City": "Antioch", "State": "CA" }, "geometry": { "type": "Point", "coordinates": [ -121.78583, 38.015833 ] } },
{ "type": "Feature", "properties": { "FacilityType": "PortFlty", "FacilityId": "CA000425", "Anchor": "FALSE", "FoundationType": "0", "eqBldgType": "DFLT", "DesignLevel": "LC", "SoilType": "D", "LqfSusCat": 0, "LndSusCat": 0, "WaterDepth": 5.0, "Distance": "null", "PGA": 0.21277272701263428, "PGV": 8.3652181625366211, "Sa03": 0.52310192584991455, "Sa10": 0.23649340867996216, "LqfSettlPGD": 0.0, "LqfSprPGD": 0.0, "LqfProb": 0.0, "LndPGD": 0.0, "LndProb": 0.0, "SufFltRuptPGD": 29.523393630981445, "SurfFltRuptProb": 0.5, "PDsNone": 0.1403, "PDsSlight": 0.676, "PDsModerate": 0.1391, "PDsExtensive": 0.0377, "PDsComplete": 0.0067, "PDsExceedSlight": 0.8596, "PDsExceedModerate": 0.1835, "PDsExceedExtensive": 0.0444, "FunctDay1": 87.4, "FunctDay3": 94.0, "FunctDay7": 96.3, "FunctDay14": 96.5, "FunctDay30": 96.9, "FunctDay90": 98.7, "EconLoss": 610276.375, "Name": "KIE-CON INC", "City": "ANTIOCH", "State": "CA" }, "geometry": { "type": "Point", "coordinates": [ -121.76492, 38.02276 ] } },
{ "type": "Feature", "properties": { "FacilityType": "PortFlty", "FacilityId": "CA000426", "Anchor": "FALSE", "FoundationType": "0", "eqBldgType": "DFLT", "DesignLevel": "LC", "SoilType": "D", "LqfSusCat": 0, "LndSusCat": 0, "WaterDepth": 5.0, "Distance": "null", "PGA": 0.21277272701263428, "PGV": 8.3652181625366211, "Sa03": 0.52310192584991455, "Sa10": 0.23649340867996216, "LqfSettlPGD": 0.0, "LqfSprPGD": 0.0, "LqfProb": 0.0, "LndPGD": 0.0, "LndProb": 0.0, "SufFltRuptPGD": 29.523393630981445, "SurfFltRuptProb": 0.5, "PDsNone": 0.1403, "PDsSlight": 0.676, "PDsModerate": 0.1391, "PDsExtensive": 0.0377, "PDsComplete": 0.0067, "PDsExceedSlight": 0.8596, "PDsExceedModerate": 0.1835, "PDsExceedExtensive": 0.0444, "FunctDay1": 87.4, "FunctDay3": 94.0, "FunctDay7": 96.3, "FunctDay14": 96.5, "FunctDay30": 96.9, "FunctDay90": 98.7, "EconLoss": 610276.375, "Name": "BIG BREAK HARBOR", "City": "ANTIOCH", "State": "CA" }, "geometry": { "type": "Point", "coordinates": [ -121.76492, 38.02276 ] } },
{ "type": "Feature", "properties": { "FacilityType": "PortFlty", "FacilityId": "CA000427", "Anchor": "FALSE", "FoundationType": "0", "eqBldgType": "DFLT", "DesignLevel": "LC", "SoilType": "D", "LqfSusCat": 0, "LndSusCat": 0, "WaterDepth": 5.0, "Distance": "null", "PGA": 0.21277272701263428, "PGV": 8.3652181625366211, "Sa03": 0.52310192584991455, "Sa10": 0.23649340867996216, "LqfSettlPGD": 0.0, "LqfSprPGD": 0.0, "LqfProb": 0.0, "LndPGD": 0.0, "LndProb": 0.0, "SufFltRuptPGD": 29.523393630981445, "SurfFltRuptProb": 0.5, "PDsNone": 0.1403, "PDsSlight": 0.676, "PDsModerate": 0.1391, "PDsExtensive": 0.0377, "PDsComplete": 0.0067, "PDsExceedSlight": 0.8596, "PDsExceedModerate": 0.1835, "PDsExceedExtensive": 0.0444, "FunctDay1": 87.4, "FunctDay3": 94.0, "FunctDay7": 96.3, "FunctDay14": 96.5, "FunctDay30": 96.9, "FunctDay90": 98.7, "EconLoss": 610276.375, "Name": "PACIFIC GAS & ELECTRIC CO CONTRA COST...", "City": "Antioch", "State": "CA" }, "geometry": { "type": "Point", "coordinates": [ -121.76333, 38.02 ] } },
{ "type": "Feature", "properties": { "FacilityType": "PortFlty", "FacilityId": "CA000429", "Anchor": "FALSE", "FoundationType": "0", "eqBldgType": "DFLT", "DesignLevel": "LC", "SoilType": "D", "LqfSusCat": 0, "LndSusCat": 0, "WaterDepth": 5.0, "Distance": "null", "PGA": 0.21058094501495361, "PGV": 10.867831230163574, "Sa03": 0.60826945304870605, "Sa10": 0.37525066733360291, "LqfSettlPGD": 0.0, "LqfSprPGD": 0.0, "LqfProb": 0.0, "LndPGD": 0.0, "LndProb": 0.0, "SufFltRuptPGD": 29.523393630981445, "SurfFltRuptProb": 0.5, "PDsNone": 0.1436, "PDsSlight": 0.6766, "PDsModerate": 0.1366, "PDsExtensive": 0.0366, "PDsComplete": 0.0064, "PDsExceedSlight": 0.8563, "PDsExceedModerate": 0.1796, "PDsExceedExtensive": 0.043, "FunctDay1": 87.7, "FunctDay3": 94.2, "FunctDay7": 96.4, "FunctDay14": 96.6, "FunctDay30": 97.0, "FunctDay90": 98.7, "EconLoss": 602195.25, "Name": "JERSEY ISLAND", "City": "BETHEL ISLAND", "State": "CA" }, "geometry": { "type": "Point", "coordinates": [ -121.71654, 38.03724 ] } },
{ "type": "Feature", "properties": { "FacilityType": "PortFlty", "FacilityId": "CA000436", "Anchor": "FALSE", "FoundationType": "0", "eqBldgType": "DFLT", "DesignLevel": "LC", "SoilType": "D", "LqfSusCat": 0, "LndSusCat": 0, "WaterDepth": 5.0, "Distance": "null", "PGA": 0.21058094501495361, "PGV": 10.867831230163574, "Sa03": 0.60826945304870605, "Sa10": 0.37525066733360291, "LqfSettlPGD": 0.0, "LqfSprPGD": 0.0, "LqfProb": 0.0, "LndPGD": 0.0, "LndProb": 0.0, "SufFltRuptPGD": 29.523393630981445, "SurfFltRuptProb": 0.5, "PDsNone": 0.1436, "PDsSlight": 0.6766, "PDsModerate": 0.1366, "PDsExtensive": 0.0366, "PDsComplete": 0.0064, "PDsExceedSlight": 0.8563, "PDsExceedModerate": 0.1796, "PDsExceedExtensive": 0.043, "FunctDay1": 87.7, "FunctDay3": 94.2, "FunctDay7": 96.4, "FunctDay14": 96.6, "FunctDay30": 97.0, "FunctDay90": 98.7, "EconLoss": 602195.25, "Name": "BRADFORD 4 LDG", "City": "BETHEL ISLAND", "State": "CA" }, "geometry": { "type": "Point", "coordinates": [ -121.68963, 38.05464 ] } },
{ "type": "Feature", "properties": { "FacilityType": "PortFlty", "FacilityId": "CA000437", "Anchor": "FALSE", "FoundationType": "0", "eqBldgType": "DFLT", "DesignLevel": "LC", "SoilType": "D", "LqfSusCat": 0, "LndSusCat": 0, "WaterDepth": 5.0, "Distance": "null", "PGA": 0.21058094501495361, "PGV": 10.867831230163574, "Sa03": 0.60826945304870605, "Sa10": 0.37525066733360291, "LqfSettlPGD": 0.0, "LqfSprPGD": 0.0, "LqfProb": 0.0, "LndPGD": 0.0, "LndProb": 0.0, "SufFltRuptPGD": 29.523393630981445, "SurfFltRuptProb": 0.5, "PDsNone": 0.1436, "PDsSlight": 0.6766, "PDsModerate": 0.1366, "PDsExtensive": 0.0366, "PDsComplete": 0.0064, "PDsExceedSlight": 0.8563, "PDsExceedModerate": 0.1796, "PDsExceedExtensive": 0.043, "FunctDay1": 87.7, "FunctDay3": 94.2, "FunctDay7": 96.4, "FunctDay14": 96.6, "FunctDay30": 97.0, "FunctDay90": 98.7, "EconLoss": 602195.25, "Name": "SHERMAN ISLAND LANDING", "City": "BETHEL ISLAND", "State": "CA" }, "geometry": { "type": "Point", "coordinates": [ -121.6784, 38.06516 ] } },
{ "type": "Feature", "properties": { "FacilityType": "PortFlty", "FacilityId": "CA000676", "Anchor": "FALSE", "FoundationType": "0", "eqBldgType": "DFLT", "DesignLevel": "LC", "SoilType": "D", "LqfSusCat": 0, "LndSusCat": 0, "WaterDepth": 5.0, "Distance": "null", "PGA": 0.18115696310997009, "PGV": 7.8331913948059082, "Sa03": 0.47749584913253784, "Sa10": 0.23718364536762238, "LqfSettlPGD": 0.0, "LqfSprPGD": 0.0, "LqfProb": 0.0, "LndPGD": 0.0, "LndProb": 0.0, "SufFltRuptPGD": 29.523393630981445, "SurfFltRuptProb": 0.5, "PDsNone": 0.1979, "PDsSlight": 0.6731, "PDsModerate": 0.1021, "PDsExtensive": 0.0232, "PDsComplete": 0.0034, "PDsExceedSlight": 0.802, "PDsExceedModerate": 0.1289, "PDsExceedExtensive": 0.0267, "FunctDay1": 91.2, "FunctDay3": 96.1, "FunctDay7": 97.7, "FunctDay14": 97.9, "FunctDay30": 98.1, "FunctDay90": 99.2, "EconLoss": 495959.09375, "Name": "HOLLAND CUT", "City": "BRENTWOOD", "State": "CA" }, "geometry": { "type": "Point", "coordinates": [ -121.580448, 37.991772 ] } },
{ "type": "Feature", "properties": { "FacilityType": "PortFlty", "FacilityId": "CA000677", "Anchor": "FALSE", "FoundationType": "0", "eqBldgType": "DFLT", "DesignLevel": "LC", "SoilType": "D", "LqfSusCat": 0, "LndSusCat": 0, "WaterDepth": 5.0, "Distance": "null", "PGA": 0.19466826319694519, "PGV": 9.9486007690429688, "Sa03": 0.56641221046447754, "Sa10": 0.34615376591682434, "LqfSettlPGD": 0.0, "LqfSprPGD": 0.0, "LqfProb": 0.0, "LndPGD": 0.0, "LndProb": 0.0, "SufFltRuptPGD": 29.523393630981445, "SurfFltRuptProb": 0.5, "PDsNone": 0.1706, "PDsSlight": 0.6775, "PDsModerate": 0.118, "PDsExtensive": 0.029, "PDsComplete": 0.0046, "PDsExceedSlight": 0.8293, "PDsExceedModerate": 0.1517, "PDsExceedExtensive": 0.0337, "FunctDay1": 89.6, "FunctDay3": 95.2, "FunctDay7": 97.2, "FunctDay14": 97.3, "FunctDay30": 97.6, "FunctDay90": 99.0, "EconLoss": 544140.875, "Name": "ORWOOD TRACT", "City": "BRENTWOOD", "State": "CA" }, "geometry": { "type": "Point", "coordinates": [ -121.563975, 37.943362 ] } },
{ "type": "Feature", "properties": { "FacilityType": "PortFlty", "FacilityId": "CA000690", "Anchor": "FALSE", "FoundationType": "0", "eqBldgType": "DFLT", "DesignLevel": "LC", "SoilType": "D", "LqfSusCat": 0, "LndSusCat": 0, "WaterDepth": 5.0, "Distance": "null", "PGA": 0.19340710341930389, "PGV": 10.013659477233887, "Sa03": 0.56399673223495483, "Sa10": 0.34930551052093506, "LqfSettlPGD": 0.0, "LqfSprPGD": 0.0, "LqfProb": 0.0, "LndPGD": 0.0, "LndProb": 0.0, "SufFltRuptPGD": 29.523393630981445, "SurfFltRuptProb": 0.5, "PDsNone": 0.173, "PDsSlight": 0.6773, "PDsModerate": 0.1165, "PDsExtensive": 0.0285, "PDsComplete": 0.0045, "PDsExceedSlight": 0.8269, "PDsExceedModerate": 0.1496, "PDsExceedExtensive": 0.033, "FunctDay1": 89.8, "FunctDay3": 95.3, "FunctDay7": 97.2, "FunctDay14": 97.4, "FunctDay30": 97.7, "FunctDay90": 99.0, "EconLoss": 539871.5625, "Name": "BRANNAN ISLAND", "City": "BETHEL ISLAND", "State": "CA" }, "geometry": { "type": "Point", "coordinates": [ -121.629626, 38.08996 ] } },
{ "type": "Feature", "properties": { "FacilityType": "PotableWaterFlty", "FacilityId": "CA000009", "Anchor": "FALSE", "FoundationType": "null", "eqBldgType": "DFLT", "DesignLevel": "LC", "SoilType": "D", "LqfSusCat": 0, "LndSusCat": 0, "WaterDepth": 5.0, "Distance": "null", "PGA": 0.30504786968231201, "PGV": 12.021832466125488, "Sa03": 0.72809457778930664, "Sa10": 0.32921820878982544, "LqfSettlPGD": 0.0, "LqfSprPGD": 0.0, "LqfProb": 0.0, "LndPGD": 0.0, "LndProb": 0.0, "SufFltRuptPGD": 29.523393630981445, "SurfFltRuptProb": 0.5, "PDsNone": 0.1183, "PDsSlight": 0.3705, "PDsModerate": 0.3813, "PDsExtensive": 0.1147, "PDsComplete": 0.015, "PDsExceedSlight": 0.8816, "PDsExceedModerate": 0.511, "PDsExceedExtensive": 0.1297, "FunctDay1": 45.7, "FunctDay3": 82.2, "FunctDay7": 89.5, "FunctDay14": 90.3, "FunctDay30": 92.6, "FunctDay90": 98.8, "EconLoss": 6268965.0, "Name": "CONTRA COSTA COUNTY WATER DIST", "City": "MARTINEZ", "State": "CA" }, "geometry": { "type": "Point", "coordinates": [ -122.07169, 38.01139 ] } },
{ "type": "Feature", "properties": { "FacilityType": "PotableWaterFlty", "FacilityId": "CA000019", "Anchor": "FALSE", "FoundationType": "null", "eqBldgType": "DFLT", "DesignLevel": "LC", "SoilType": "D", "LqfSusCat": 0, "LndSusCat": 0, "WaterDepth": 5.0, "Distance": "null", "PGA": 0.30203935503959656, "PGV": 10.406497955322266, "Sa03": 0.66494113206863403, "Sa10": 0.27777394652366638, "LqfSettlPGD": 0.0, "LqfSprPGD": 0.0, "LqfProb": 0.0, "LndPGD": 0.0, "LndProb": 0.0, "SufFltRuptPGD": 29.523393630981445, "SurfFltRuptProb": 0.5, "PDsNone": 0.1216, "PDsSlight": 0.3737, "PDsModerate": 0.3781, "PDsExtensive": 0.1118, "PDsComplete": 0.0144, "PDsExceedSlight": 0.8783, "PDsExceedModerate": 0.5045, "PDsExceedExtensive": 0.1263, "FunctDay1": 46.1, "FunctDay3": 82.6, "FunctDay7": 89.8, "FunctDay14": 90.6, "FunctDay30": 92.8, "FunctDay90": 98.8, "EconLoss": 6164443.0, "Name": "E B M U D ORINDA WATER TRTMNT PLANT", "City": "ORINDA", "State": "CA" }, "geometry": { "type": "Point", "coordinates": [ -122.19917, 37.89092 ] } },
{ "type": "Feature", "properties": { "FacilityType": "PotableWaterFlty", "FacilityId": "CA000023", "Anchor": "FALSE", "FoundationType": "null", "eqBldgType": "DFLT", "DesignLevel": "LC", "SoilType": "D", "LqfSusCat": 0, "LndSusCat": 0, "WaterDepth": 5.0, "Distance": "null", "PGA": 0.29003366827964783, "PGV": 10.249508857727051, "Sa03": 0.65056848526000977, "Sa10": 0.27736067771911621, "LqfSettlPGD": 0.0, "LqfSprPGD": 0.0, "LqfProb": 0.0, "LndPGD": 0.0, "LndProb": 0.0, "SufFltRuptPGD": 29.523393630981445, "SurfFltRuptProb": 0.5, "PDsNone": 0.1358, "PDsSlight": 0.3865, "PDsModerate": 0.3647, "PDsExtensive": 0.1005, "PDsComplete": 0.0123, "PDsExceedSlight": 0.8641, "PDsExceedModerate": 0.4775, "PDsExceedExtensive": 0.1128, "FunctDay1": 47.9, "FunctDay3": 83.9, "FunctDay7": 90.9, "FunctDay14": 91.6, "FunctDay30": 93.6, "FunctDay90": 99.0, "EconLoss": 5761679.5, "Name": "EAST BAY MUNICIPAL UTILITY DIS", "City": "EL SOBRANTE", "State": "CA" }, "geometry": { "type": "Point", "coordinates": [ -122.27469, 37.96647 ] } },
{ "type": "Feature", "properties": { "FacilityType": "PotableWaterFlty", "FacilityId": "CA000024", "Anchor": "FALSE", "FoundationType": "null", "eqBldgType": "DFLT", "DesignLevel": "LC", "SoilType": "D", "LqfSusCat": 0, "LndSusCat": 0, "WaterDepth": 5.0, "Distance": "null", "PGA": 0.31138822436332703, "PGV": 10.946950912475586, "Sa03": 0.69557148218154907, "Sa10": 0.293448805809021, "LqfSettlPGD": 0.0, "LqfSprPGD": 0.0, "LqfProb": 0.0, "LndPGD": 0.0, "LndProb": 0.0, "SufFltRuptPGD": 29.523393630981445, "SurfFltRuptProb": 0.5, "PDsNone": 0.1117, "PDsSlight": 0.3635, "PDsModerate": 0.3875, "PDsExtensive": 0.1209, "PDsComplete": 0.0162, "PDsExceedSlight": 0.8882, "PDsExceedModerate": 0.5247, "PDsExceedExtensive": 0.1371, "FunctDay1": 44.9, "FunctDay3": 81.5, "FunctDay7": 88.9, "FunctDay14": 89.8, "FunctDay30": 92.2, "FunctDay90": 98.7, "EconLoss": 6485082.0, "Name": "EAST BAY MUNICIPAL UTILITY DIS", "City": "LAFAYETTE", "State": "CA" }, "geometry": { "type": "Point", "coordinates": [ -122.14075, 37.88928 ] } },
{ "type": "Feature", "properties": { "FacilityType": "PotableWaterFlty", "FacilityId": "CA000025", "Anchor": "FALSE", "FoundationType": "null", "eqBldgType": "DFLT", "DesignLevel": "LC", "SoilType": "D", "LqfSusCat": 0, "LndSusCat": 0, "WaterDepth": 5.0, "Distance": "null", "PGA": 0.32553109526634216, "PGV": 12.258646011352539, "Sa03": 0.75154876708984375, "Sa10": 0.33662161231040955, "LqfSettlPGD": 0.0, "LqfSprPGD": 0.0, "LqfProb": 0.0, "LndPGD": 0.0, "LndProb": 0.0, "SufFltRuptPGD": 29.523393630981445, "SurfFltRuptProb": 0.5, "PDsNone": 0.0982, "PDsSlight": 0.3475, "PDsModerate": 0.4, "PDsExtensive": 0.1348, "PDsComplete": 0.0192, "PDsExceedSlight": 0.9017, "PDsExceedModerate": 0.5541, "PDsExceedExtensive": 0.154, "FunctDay1": 43.0, "FunctDay3": 79.8, "FunctDay7": 87.5, "FunctDay14": 88.5, "FunctDay30": 91.2, "FunctDay90": 98.5, "EconLoss": 6972917.0, "Name": "EAST BAY MUNICIPAL UTILITY DIS", "City": "WALNUT CREEK", "State": "CA" }, "geometry": { "type": "Point", "coordinates": [ -122.08147, 37.91223 ] } },
{ "type": "Feature", "properties": { "FacilityType": "PotableWaterFlty", "FacilityId": "CA000052", "Anchor": "FALSE", "FoundationType": "null", "eqBldgType": "DFLT", "DesignLevel": "LC", "SoilType": "D", "LqfSusCat": 0, "LndSusCat": 0, "WaterDepth": 5.0, "Distance": "null", "PGA": 0.30203935503959656, "PGV": 10.406497955322266, "Sa03": 0.66494113206863403, "Sa10": 0.27777394652366638, "LqfSettlPGD": 0.0, "LqfSprPGD": 0.0, "LqfProb": 0.0, "LndPGD": 0.0, "LndProb": 0.0, "SufFltRuptPGD": 29.523393630981445, "SurfFltRuptProb": 0.5, "PDsNone": 0.1216, "PDsSlight": 0.3737, "PDsModerate": 0.3781, "PDsExtensive": 0.1118, "PDsComplete": 0.0144, "PDsExceedSlight": 0.8783, "PDsExceedModerate": 0.5045, "PDsExceedExtensive": 0.1263, "FunctDay1": 46.1, "FunctDay3": 82.6, "FunctDay7": 89.8, "FunctDay14": 90.6, "FunctDay30": 92.8, "FunctDay90": 98.8, "EconLoss": 6164443.0, "Name": "ORINDA WATERSHED HDQUARTERS", "City": "ORINDA", "State": "CA" }, "geometry": { "type": "Point", "coordinates": [ -122.20458, 37.89289 ] } },
{ "type": "Feature", "properties": { "FacilityType": "RailFlty", "FacilityId": "CA000003", "Anchor": "FALSE", "FoundationType": "0", "eqBldgType": "DFLT", "DesignLevel": "LC", "SoilType": "D", "LqfSusCat": 0, "LndSusCat": 0, "WaterDepth": 5.0, "Distance": "null", "PGA": 0.29659819602966309, "PGV": 10.486924171447754, "Sa03": 0.67186164855957031, "Sa10": 0.28059494495391846, "LqfSettlPGD": 0.0, "LqfSprPGD": 0.0, "LqfProb": 0.0, "LndPGD": 0.0, "LndProb": 0.0, "SufFltRuptPGD": 29.523393630981445, "SurfFltRuptProb": 0.5, "PDsNone": 0.0601, "PDsSlight": 0.6052, "PDsModerate": 0.2246, "PDsExtensive": 0.087, "PDsComplete": 0.0229, "PDsExceedSlight": 0.9398, "PDsExceedModerate": 0.3345, "PDsExceedExtensive": 0.1099, "FunctDay1": 76.4, "FunctDay3": 87.1, "FunctDay7": 90.9, "FunctDay14": 91.3, "FunctDay30": 92.3, "FunctDay90": 96.5, "EconLoss": 646736.1875, "Name": "Martinez, California", "City": "Martinez", "State": "CA" }, "geometry": { "type": "Point", "coordinates": [ -122.136353, 38.019733 ] } },
{ "type": "Feature", "properties": { "FacilityType": "RailFlty", "FacilityId": "CA000046", "Anchor": "FALSE", "FoundationType": "0", "eqBldgType": "DFLT", "DesignLevel": "LC", "SoilType": "D", "LqfSusCat": 0, "LndSusCat": 0, "WaterDepth": 5.0, "Distance": "null", "PGA": 0.22777557373046875, "PGV": 8.8810701370239258, "Sa03": 0.55822324752807617, "Sa10": 0.24961048364639282, "LqfSettlPGD": 0.0, "LqfSprPGD": 0.0, "LqfProb": 0.0, "LndPGD": 0.0, "LndProb": 0.0, "SufFltRuptPGD": 29.523393630981445, "SurfFltRuptProb": 0.5, "PDsNone": 0.1198, "PDsSlight": 0.6696, "PDsModerate": 0.1562, "PDsExtensive": 0.0455, "PDsComplete": 0.0088, "PDsExceedSlight": 0.8801, "PDsExceedModerate": 0.2105, "PDsExceedExtensive": 0.0543, "FunctDay1": 85.5, "FunctDay3": 92.9, "FunctDay7": 95.5, "FunctDay14": 95.7, "FunctDay30": 96.2, "FunctDay90": 98.4, "EconLoss": 465066.3125, "Name": "Antioch-Pittsburg, California", "City": "Antioch", "State": "CA" }, "geometry": { "type": "Point", "coordinates": [ -121.815132, 38.018085 ] } },
{ "type": "Feature", "properties": { "FacilityType": "RailFlty", "FacilityId": "CA000069", "Anchor": "FALSE", "FoundationType": "0", "eqBldgType": "DFLT", "DesignLevel": "LC", "SoilType": "D", "LqfSusCat": 0, "LndSusCat": 0, "WaterDepth": 5.0, "Distance": "null", "PGA": 0.28633642196655273, "PGV": 12.898520469665527, "Sa03": 0.71656978130340576, "Sa10": 0.36990472674369812, "LqfSettlPGD": 0.0, "LqfSprPGD": 0.0, "LqfProb": 0.0, "LndPGD": 0.0, "LndProb": 0.0, "SufFltRuptPGD": 29.523393630981445, "SurfFltRuptProb": 0.5, "PDsNone": 0.0664, "PDsSlight": 0.617, "PDsModerate": 0.2156, "PDsExtensive": 0.0804, "PDsComplete": 0.0203, "PDsExceedSlight": 0.9335, "PDsExceedModerate": 0.3164, "PDsExceedExtensive": 0.1007, "FunctDay1": 77.8, "FunctDay3": 88.0, "FunctDay7": 91.6, "FunctDay14": 92.0, "FunctDay30": 92.9, "FunctDay90": 96.8, "EconLoss": 619307.25, "Name": "Richmond, California", "City": "Richmond", "State": "CA" }, "geometry": { "type": "Point", "coordinates": [ -122.35305, 37.936085 ] } },
{ "type": "Feature", "properties": { "FacilityType": "RailFlty", "FacilityId": "CA000088", "Anchor": "FALSE", "FoundationType": "0", "eqBldgType": "DFLT", "DesignLevel": "LC", "SoilType": "D", "LqfSusCat": 0, "LndSusCat": 0, "WaterDepth": 5.0, "Distance": "null", "PGA": 0.20771299302577972, "PGV": 6.3362889289855957, "Sa03": 0.38753357529640198, "Sa10": 0.13634732365608215, "LqfSettlPGD": 0.0, "LqfSprPGD": 0.0, "LqfProb": 0.0, "LndPGD": 0.0, "LndProb": 0.0, "SufFltRuptPGD": 29.523393630981445, "SurfFltRuptProb": 0.5, "PDsNone": 0.1481, "PDsSlight": 0.6772, "PDsModerate": 0.1332, "PDsExtensive": 0.0352, "PDsComplete": 0.0061, "PDsExceedSlight": 0.8518, "PDsExceedModerate": 0.1745, "PDsExceedExtensive": 0.0413, "FunctDay1": 88.0, "FunctDay3": 94.4, "FunctDay7": 96.6, "FunctDay14": 96.7, "FunctDay30": 97.1, "FunctDay90": 98.8, "EconLoss": 413457.40625, "Name": "BNSF-RICHMOND-CA", "City": "RICHMOND", "State": "CA" }, "geometry": { "type": "Point", "coordinates": [ -122.38609, 37.92024 ] } },
{ "type": "Feature", "properties": { "FacilityType": "RailFlty", "FacilityId": "CA000128", "Anchor": "FALSE", "FoundationType": "0", "eqBldgType": "DFLT", "DesignLevel": "LC", "SoilType": "D", "LqfSusCat": 0, "LndSusCat": 0, "WaterDepth": 5.0, "Distance": "null", "PGA": 0.24413135647773743, "PGV": 8.2687568664550781, "Sa03": 0.51250219345092773, "Sa10": 0.19292740523815155, "LqfSettlPGD": 0.0, "LqfSprPGD": 0.0, "LqfProb": 0.0, "LndPGD": 0.0, "LndProb": 0.0, "SufFltRuptPGD": 29.523393630981445, "SurfFltRuptProb": 0.5, "PDsNone": 0.1011, "PDsSlight": 0.6585, "PDsModerate": 0.1741, "PDsExtensive": 0.0547, "PDsComplete": 0.0114, "PDsExceedSlight": 0.8988, "PDsExceedModerate": 0.2402, "PDsExceedExtensive": 0.0661, "FunctDay1": 83.4, "FunctDay3": 91.6, "FunctDay7": 94.5, "FunctDay14": 94.8, "FunctDay30": 95.4, "FunctDay90": 98.0, "EconLoss": 507700.96875, "Name": "KINDER MORGAN ENERGY PARTNERS, L.P.-RICH", "City": "RICHMOND", "State": "CA" }, "geometry": { "type": "Point", "coordinates": [ -122.36675, 37.91135 ] } },
{ "type": "Feature", "properties": { "FacilityType": "RailFlty", "FacilityId": "CA000150", "Anchor": "FALSE", "FoundationType": "0", "eqBldgType": "DFLT", "DesignLevel": "LC", "SoilType": "D", "LqfSusCat": 0, "LndSusCat": 0, "WaterDepth": 5.0, "Distance": "null", "PGA": 0.26758855581283569, "PGV": 11.357602119445801, "Sa03": 0.65700381994247437, "Sa10": 0.31031322479248047, "LqfSettlPGD": 0.0, "LqfSprPGD": 0.0, "LqfProb": 0.0, "LndPGD": 0.0, "LndProb": 0.0, "SufFltRuptPGD": 29.523393630981445, "SurfFltRuptProb": 0.5, "PDsNone": 0.0798, "PDsSlight": 0.6372, "PDsModerate": 0.1981, "PDsExtensive": 0.0687, "PDsComplete": 0.016, "PDsExceedSlight": 0.9201, "PDsExceedModerate": 0.2828, "PDsExceedExtensive": 0.0847, "FunctDay1": 80.3, "FunctDay3": 89.7, "FunctDay7": 93.0, "FunctDay14": 93.3, "FunctDay30": 94.1, "FunctDay90": 97.4, "EconLoss": 569669.0, "Name": "PAKTANK - RICHMOND TERMINAL-RICHMOND-CA", "City": "RICHMOND", "State": "CA" }, "geometry": { "type": "Point", "coordinates": [ -122.41675, 37.95074 ] } },
{ "type": "Feature", "properties": { "FacilityType": "RailFlty", "FacilityId": "CA000151", "Anchor": "FALSE", "FoundationType": "0", "eqBldgType": "DFLT", "DesignLevel": "LC", "SoilType": "D", "LqfSusCat": 0, "LndSusCat": 0, "WaterDepth": 5.0, "Distance": "null", "PGA": 0.24413135647773743, "PGV": 8.2687568664550781, "Sa03": 0.51250219345092773, "Sa10": 0.19292740523815155, "LqfSettlPGD": 0.0, "LqfSprPGD": 0.0, "LqfProb": 0.0, "LndPGD": 0.0, "LndProb": 0.0, "SufFltRuptPGD": 29.523393630981445, "SurfFltRuptProb": 0.5, "PDsNone": 0.1011, "PDsSlight": 0.6585, "PDsModerate": 0.1741, "PDsExtensive": 0.0547, "PDsComplete": 0.0114, "PDsExceedSlight": 0.8988, "PDsExceedModerate": 0.2402, "PDsExceedExtensive": 0.0661, "FunctDay1": 83.4, "FunctDay3": 91.6, "FunctDay7": 94.5, "FunctDay14": 94.8, "FunctDay30": 95.4, "FunctDay90": 98.0, "EconLoss": 507700.96875, "Name": "LEVIN RICHMOND TERMINAL CORPORATION-RICH", "City": "RICHMOND", "State": "CA" }, "geometry": { "type": "Point", "coordinates": [ -122.36599, 37.92124 ] } },
{ "type": "Feature", "properties": { "FacilityType": "RailFlty", "FacilityId": "CA000152", "Anchor": "FALSE", "FoundationType": "0", "eqBldgType": "DFLT", "DesignLevel": "LC", "SoilType": "D", "LqfSusCat": 0, "LndSusCat": 0, "WaterDepth": 5.0, "Distance": "null", "PGA": 0.22777557373046875, "PGV": 8.8810701370239258, "Sa03": 0.55822324752807617, "Sa10": 0.24961048364639282, "LqfSettlPGD": 0.0, "LqfSprPGD": 0.0, "LqfProb": 0.0, "LndPGD": 0.0, "LndProb": 0.0, "SufFltRuptPGD": 29.523393630981445, "SurfFltRuptProb": 0.5, "PDsNone": 0.1198, "PDsSlight": 0.6696, "PDsModerate": 0.1562, "PDsExtensive": 0.0455, "PDsComplete": 0.0088, "PDsExceedSlight": 0.8801, "PDsExceedModerate": 0.2105, "PDsExceedExtensive": 0.0543, "FunctDay1": 85.5, "FunctDay3": 92.9, "FunctDay7": 95.5, "FunctDay14": 95.7, "FunctDay30": 96.2, "FunctDay90": 98.4, "EconLoss": 465066.3125, "Name": "ANTIOCH RAIL AND TRANSLOADING-ANTIOCH-CA", "City": "ANTIOCH", "State": "CA" }, "geometry": { "type": "Point", "coordinates": [ -121.81385, 38.01689 ] } },
{ "type": "Feature", "properties": { "FacilityType": "RailFlty", "FacilityId": "CA000198", "Anchor": "FALSE", "FoundationType": "0", "eqBldgType": "DFLT", "DesignLevel": "LC", "SoilType": "D", "LqfSusCat": 0, "LndSusCat": 0, "WaterDepth": 5.0, "Distance": "null", "PGA": 0.28633642196655273, "PGV": 12.898520469665527, "Sa03": 0.71656978130340576, "Sa10": 0.36990472674369812, "LqfSettlPGD": 0.0, "LqfSprPGD": 0.0, "LqfProb": 0.0, "LndPGD": 0.0, "LndProb": 0.0, "SufFltRuptPGD": 29.523393630981445, "SurfFltRuptProb": 0.5, "PDsNone": 0.0664, "PDsSlight": 0.617, "PDsModerate": 0.2156, "PDsExtensive": 0.0804, "PDsComplete": 0.0203, "PDsExceedSlight": 0.9335, "PDsExceedModerate": 0.3164, "PDsExceedExtensive": 0.1007, "FunctDay1": 77.8, "FunctDay3": 88.0, "FunctDay7": 91.6, "FunctDay14": 92.0, "FunctDay30": 92.9, "FunctDay90": 96.8, "EconLoss": 619307.25, "Name": "BUDWAY ENTERPRISES, INC.-RICHMOND-CA", "City": "RICHMOND", "State": "CA" }, "geometry": { "type": "Point", "coordinates": [ -122.35952, 37.95477 ] } },
{ "type": "Feature", "properties": { "FacilityType": "RailFlty", "FacilityId": "CA000199", "Anchor": "FALSE", "FoundationType": "0", "eqBldgType": "DFLT", "DesignLevel": "LC", "SoilType": "D", "LqfSusCat": 0, "LndSusCat": 0, "WaterDepth": 5.0, "Distance": "null", "PGA": 0.28633642196655273, "PGV": 12.898520469665527, "Sa03": 0.71656978130340576, "Sa10": 0.36990472674369812, "LqfSettlPGD": 0.0, "LqfSprPGD": 0.0, "LqfProb": 0.0, "LndPGD": 0.0, "LndProb": 0.0, "SufFltRuptPGD": 29.523393630981445, "SurfFltRuptProb": 0.5, "PDsNone": 0.0664, "PDsSlight": 0.617, "PDsModerate": 0.2156, "PDsExtensive": 0.0804, "PDsComplete": 0.0203, "PDsExceedSlight": 0.9335, "PDsExceedModerate": 0.3164, "PDsExceedExtensive": 0.1007, "FunctDay1": 77.8, "FunctDay3": 88.0, "FunctDay7": 91.6, "FunctDay14": 92.0, "FunctDay30": 92.9, "FunctDay90": 96.8, "EconLoss": 619307.25, "Name": "WESTERN INTERMODAL SERVICES, LTD.-RICHMO", "City": "RICHMOND", "State": "CA" }, "geometry": { "type": "Point", "coordinates": [ -122.35534, 37.97193 ] } },
{ "type": "Feature", "properties": { "FacilityType": "RailwayBridge", "FacilityId": "CA000042", "Anchor": "null", "FoundationType": "null", "eqBldgType": "null", "DesignLevel": "null", "SoilType": "D", "LqfSusCat": 0, "LndSusCat": 0, "WaterDepth": 5.0, "Distance": "null", "PGA": 0.29944267868995667, "PGV": 12.994046211242676, "Sa03": 0.73564881086349487, "Sa10": 0.36676627397537231, "LqfSettlPGD": 0.0, "LqfSprPGD": 0.0, "LqfProb": 0.0, "LndPGD": 0.0, "LndProb": 0.0, "SufFltRuptPGD": 29.523393630981445, "SurfFltRuptProb": 0.5, "PDsNone": 0.9031, "PDsSlight": 0.0495, "PDsModerate": 0.0231, "PDsExtensive": 0.0188, "PDsComplete": 0.0052, "PDsExceedSlight": 0.0968, "PDsExceedModerate": 0.0472, "PDsExceedExtensive": 0.0241, "FunctDay1": 94.7, "FunctDay3": 96.6, "FunctDay7": 97.5, "FunctDay14": 97.7, "FunctDay30": 97.8, "FunctDay90": 98.8, "EconLoss": 75295.765625, "Name": "POTRERO AVE; BARTD (R3003)", "City": "null", "State": "null" }, "geometry": { "type": "Point", "coordinates": [ -122.313635, 37.921043 ] } },
{ "type": "Feature", "properties": { "FacilityType": "RailwayBridge", "FacilityId": "CA000045", "Anchor": "null", "FoundationType": "null", "eqBldgType": "null", "DesignLevel": "null", "SoilType": "D", "LqfSusCat": 0, "LndSusCat": 0, "WaterDepth": 5.0, "Distance": "null", "PGA": 0.29944267868995667, "PGV": 12.994046211242676, "Sa03": 0.73564881086349487, "Sa10": 0.36676627397537231, "LqfSettlPGD": 0.0, "LqfSprPGD": 0.0, "LqfProb": 0.0, "LndPGD": 0.0, "LndProb": 0.0, "SufFltRuptPGD": 29.523393630981445, "SurfFltRuptProb": 0.5, "PDsNone": 0.9031, "PDsSlight": 0.0495, "PDsModerate": 0.0231, "PDsExtensive": 0.0188, "PDsComplete": 0.0052, "PDsExceedSlight": 0.0968, "PDsExceedModerate": 0.0472, "PDsExceedExtensive": 0.0241, "FunctDay1": 94.7, "FunctDay3": 96.6, "FunctDay7": 97.5, "FunctDay14": 97.7, "FunctDay30": 97.8, "FunctDay90": 98.8, "EconLoss": 75295.765625, "Name": "MANILA AVE; BARTD (R3003)", "City": "null", "State": "null" }, "geometry": { "type": "Point", "coordinates": [ -122.310026, 37.916411 ] } },
{ "type": "Feature", "properties": { "FacilityType": "RailwayBridge", "FacilityId": "CA000047", "Anchor": "null", "FoundationType": "null", "eqBldgType": "null", "DesignLevel": "null", "SoilType": "D", "LqfSusCat": 0, "LndSusCat": 0, "WaterDepth": 5.0, "Distance": "null", "PGA": 0.28016680479049683, "PGV": 10.005664825439453, "Sa03": 0.62862586975097656, "Sa10": 0.27086547017097473, "LqfSettlPGD": 0.0, "LqfSprPGD": 0.0, "LqfProb": 0.0, "LndPGD": 0.0, "LndProb": 0.0, "SufFltRuptPGD": 29.523393630981445, "SurfFltRuptProb": 0.5, "PDsNone": 0.9644, "PDsSlight": 0.0207, "PDsModerate": 0.0081, "PDsExtensive": 0.0054, "PDsComplete": 0.0011, "PDsExceedSlight": 0.0355, "PDsExceedModerate": 0.0147, "PDsExceedExtensive": 0.0065, "FunctDay1": 98.2, "FunctDay3": 98.9, "FunctDay7": 99.3, "FunctDay14": 99.3, "FunctDay30": 99.4, "FunctDay90": 99.6, "EconLoss": 21161.109375, "Name": "CUTTING BLVD; BARTD", "City": "null", "State": "null" }, "geometry": { "type": "Point", "coordinates": [ -122.317424, 37.925909 ] } },
{ "type": "Feature", "properties": { "FacilityType": "RailwayBridge", "FacilityId": "CA000049", "Anchor": "null", "FoundationType": "null", "eqBldgType": "null", "DesignLevel": "null", "SoilType": "D", "LqfSusCat": 0, "LndSusCat": 0, "WaterDepth": 5.0, "Distance": "null", "PGA": 0.29659819602966309, "PGV": 10.486924171447754, "Sa03": 0.67186164855957031, "Sa10": 0.28059494495391846, "LqfSettlPGD": 0.0, "LqfSprPGD": 0.0, "LqfProb": 0.0, "LndPGD": 0.0, "LndProb": 0.0, "SufFltRuptPGD": 29.523393630981445, "SurfFltRuptProb": 0.5, "PDsNone": 0.9596, "PDsSlight": 0.0233, "PDsModerate": 0.0093, "PDsExtensive": 0.0063, "PDsComplete": 0.0013, "PDsExceedSlight": 0.0403, "PDsExceedModerate": 0.017, "PDsExceedExtensive": 0.0077, "FunctDay1": 97.9, "FunctDay3": 98.8, "FunctDay7": 99.2, "FunctDay14": 99.2, "FunctDay30": 99.3, "FunctDay90": 99.6, "EconLoss": 24569.419921875, "Name": "SOUTHERN PACIFIC; STREAM\/RIVER", "City": "null", "State": "null" }, "geometry": { "type": "Point", "coordinates": [ -122.140623, 38.019114 ] } },
{ "type": "Feature", "properties": { "FacilityType": "RailwayBridge", "FacilityId": "CA000085", "Anchor": "null", "FoundationType": "null", "eqBldgType": "null", "DesignLevel": "null", "SoilType": "D", "LqfSusCat": 0, "LndSusCat": 0, "WaterDepth": 5.0, "Distance": "null", "PGA": 0.29659819602966309, "PGV": 10.486924171447754, "Sa03": 0.67186164855957031, "Sa10": 0.28059494495391846, "LqfSettlPGD": 0.0, "LqfSprPGD": 0.0, "LqfProb": 0.0, "LndPGD": 0.0, "LndProb": 0.0, "SufFltRuptPGD": 29.523393630981445, "SurfFltRuptProb": 0.5, "PDsNone": 0.9596, "PDsSlight": 0.0233, "PDsModerate": 0.0093, "PDsExtensive": 0.0063, "PDsComplete": 0.0013, "PDsExceedSlight": 0.0403, "PDsExceedModerate": 0.017, "PDsExceedExtensive": 0.0077, "FunctDay1": 97.9, "FunctDay3": 98.8, "FunctDay7": 99.2, "FunctDay14": 99.2, "FunctDay30": 99.3, "FunctDay90": 99.6, "EconLoss": 24569.419921875, "Name": "SOUTHERN PACIFIC; STREAM\/RIVER", "City": "null", "State": "null" }, "geometry": { "type": "Point", "coordinates": [ -122.140633, 38.019227 ] } },
{ "type": "Feature", "properties": { "FacilityType": "RailwayBridge", "FacilityId": "CA000090", "Anchor": "null", "FoundationType": "null", "eqBldgType": "null", "DesignLevel": "null", "SoilType": "D", "LqfSusCat": 0, "LndSusCat": 0, "WaterDepth": 5.0, "Distance": "null", "PGA": 0.28632470965385437, "PGV": 10.346205711364746, "Sa03": 0.65192687511444092, "Sa10": 0.27895393967628479, "LqfSettlPGD": 0.0, "LqfSprPGD": 0.0, "LqfProb": 0.0, "LndPGD": 0.0, "LndProb": 0.0, "SufFltRuptPGD": 29.523393630981445, "SurfFltRuptProb": 0.5, "PDsNone": 0.9604, "PDsSlight": 0.0228, "PDsModerate": 0.0091, "PDsExtensive": 0.0062, "PDsComplete": 0.0012, "PDsExceedSlight": 0.0395, "PDsExceedModerate": 0.0166, "PDsExceedExtensive": 0.0075, "FunctDay1": 98.0, "FunctDay3": 98.8, "FunctDay7": 99.2, "FunctDay14": 99.2, "FunctDay30": 99.3, "FunctDay90": 99.6, "EconLoss": 23681.779296875, "Name": "SYCAMORE ST; BNSF RY", "City": "null", "State": "null" }, "geometry": { "type": "Point", "coordinates": [ -122.272672, 38.011836 ] } },
{ "type": "Feature", "properties": { "FacilityType": "RailwayBridge", "FacilityId": "CA000091", "Anchor": "null", "FoundationType": "null", "eqBldgType": "null", "DesignLevel": "null", "SoilType": "D", "LqfSusCat": 0, "LndSusCat": 0, "WaterDepth": 5.0, "Distance": "null", "PGA": 0.27735394239425659, "PGV": 10.04581356048584, "Sa03": 0.62787985801696777, "Sa10": 0.26528066396713257, "LqfSettlPGD": 0.0, "LqfSprPGD": 0.0, "LqfProb": 0.0, "LndPGD": 0.0, "LndProb": 0.0, "SufFltRuptPGD": 29.523393630981445, "SurfFltRuptProb": 0.5, "PDsNone": 0.967, "PDsSlight": 0.0194, "PDsModerate": 0.0075, "PDsExtensive": 0.0049, "PDsComplete": 0.0009, "PDsExceedSlight": 0.0329, "PDsExceedModerate": 0.0134, "PDsExceedExtensive": 0.0059, "FunctDay1": 98.3, "FunctDay3": 99.0, "FunctDay7": 99.3, "FunctDay14": 99.4, "FunctDay30": 99.4, "FunctDay90": 99.7, "EconLoss": 18816.830078125, "Name": "ATCHISON, TOPEKA & SANTA FE; STREAM\/R...", "City": "null", "State": "null" }, "geometry": { "type": "Point", "coordinates": [ -122.275966, 38.011956 ] } },
{ "type": "Feature", "properties": { "FacilityType": "RailwayBridge", "FacilityId": "CA000092", "Anchor": "null", "FoundationType": "null", "eqBldgType": "null", "DesignLevel": "null", "SoilType": "D", "LqfSusCat": 0, "LndSusCat": 0, "WaterDepth": 5.0, "Distance": "null", "PGA": 0.28632470965385437, "PGV": 10.346205711364746, "Sa03": 0.65192687511444092, "Sa10": 0.27895393967628479, "LqfSettlPGD": 0.0, "LqfSprPGD": 0.0, "LqfProb": 0.0, "LndPGD": 0.0, "LndProb": 0.0, "SufFltRuptPGD": 29.523393630981445, "SurfFltRuptProb": 0.5, "PDsNone": 0.9604, "PDsSlight": 0.0228, "PDsModerate": 0.0091, "PDsExtensive": 0.0062, "PDsComplete": 0.0012, "PDsExceedSlight": 0.0395, "PDsExceedModerate": 0.0166, "PDsExceedExtensive": 0.0075, "FunctDay1": 98.0, "FunctDay3": 98.8, "FunctDay7": 99.2, "FunctDay14": 99.2, "FunctDay30": 99.3, "FunctDay90": 99.6, "EconLoss": 23681.779296875, "Name": "PALM AVE; BNSF RY", "City": "null", "State": "null" }, "geometry": { "type": "Point", "coordinates": [ -122.259124, 38.011152 ] } },
{ "type": "Feature", "properties": { "FacilityType": "RailwayBridge", "FacilityId": "CA000093", "Anchor": "null", "FoundationType": "null", "eqBldgType": "null", "DesignLevel": "null", "SoilType": "D", "LqfSusCat": 0, "LndSusCat": 0, "WaterDepth": 5.0, "Distance": "null", "PGA": 0.27735394239425659, "PGV": 10.04581356048584, "Sa03": 0.62787985801696777, "Sa10": 0.26528066396713257, "LqfSettlPGD": 0.0, "LqfSprPGD": 0.0, "LqfProb": 0.0, "LndPGD": 0.0, "LndProb": 0.0, "SufFltRuptPGD": 29.523393630981445, "SurfFltRuptProb": 0.5, "PDsNone": 0.967, "PDsSlight": 0.0194, "PDsModerate": 0.0075, "PDsExtensive": 0.0049, "PDsComplete": 0.0009, "PDsExceedSlight": 0.0329, "PDsExceedModerate": 0.0134, "PDsExceedExtensive": 0.0059, "FunctDay1": 98.3, "FunctDay3": 99.0, "FunctDay7": 99.3, "FunctDay14": 99.4, "FunctDay30": 99.4, "FunctDay90": 99.7, "EconLoss": 18816.830078125, "Name": "SOUTHERN PACIFIC; REFUGIO CREEK", "City": "null", "State": "null" }, "geometry": { "type": "Point", "coordinates": [ -122.285276, 38.021161 ] } },
{ "type": "Feature", "properties": { "FacilityType": "RailwayBridge", "FacilityId": "CA000094", "Anchor": "null", "FoundationType": "null", "eqBldgType": "null", "DesignLevel": "null", "SoilType": "D", "LqfSusCat": 0, "LndSusCat": 0, "WaterDepth": 5.0, "Distance": "null", "PGA": 0.29472509026527405, "PGV": 10.590834617614746, "Sa03": 0.6696973443031311, "Sa10": 0.28908199071884155, "LqfSettlPGD": 0.0, "LqfSprPGD": 0.0, "LqfProb": 0.0, "LndPGD": 0.0, "LndProb": 0.0, "SufFltRuptPGD": 29.523393630981445, "SurfFltRuptProb": 0.5, "PDsNone": 0.9551, "PDsSlight": 0.0255, "PDsModerate": 0.0104, "PDsExtensive": 0.0072, "PDsComplete": 0.0015, "PDsExceedSlight": 0.0448, "PDsExceedModerate": 0.0193, "PDsExceedExtensive": 0.0088, "FunctDay1": 97.7, "FunctDay3": 98.6, "FunctDay7": 99.0, "FunctDay14": 99.1, "FunctDay30": 99.2, "FunctDay90": 99.5, "EconLoss": 27863.9296875, "Name": "ROUTE 4 EB; BNSF RY", "City": "null", "State": "null" }, "geometry": { "type": "Point", "coordinates": [ -122.209652, 38.007911 ] } },
{ "type": "Feature", "properties": { "FacilityType": "RailwayBridge", "FacilityId": "CA000095", "Anchor": "null", "FoundationType": "null", "eqBldgType": "null", "DesignLevel": "null", "SoilType": "D", "LqfSusCat": 0, "LndSusCat": 0, "WaterDepth": 5.0, "Distance": "null", "PGA": 0.28216192126274109, "PGV": 10.506894111633301, "Sa03": 0.6519501805305481, "Sa10": 0.28619259595870972, "LqfSettlPGD": 0.0, "LqfSprPGD": 0.0, "LqfProb": 0.0, "LndPGD": 0.0, "LndProb": 0.0, "SufFltRuptPGD": 29.523393630981445, "SurfFltRuptProb": 0.5, "PDsNone": 0.9566, "PDsSlight": 0.0248, "PDsModerate": 0.01, "PDsExtensive": 0.0069, "PDsComplete": 0.0014, "PDsExceedSlight": 0.0433, "PDsExceedModerate": 0.0185, "PDsExceedExtensive": 0.0084, "FunctDay1": 97.8, "FunctDay3": 98.7, "FunctDay7": 99.1, "FunctDay14": 99.1, "FunctDay30": 99.2, "FunctDay90": 99.5, "EconLoss": 26566.609375, "Name": "SOUTHERN PACIFIC; RODEO CREEK", "City": "null", "State": "null" }, "geometry": { "type": "Point", "coordinates": [ -122.267415, 38.038859 ] } },
{ "type": "Feature", "properties": { "FacilityType": "RailwayBridge", "FacilityId": "CA000096", "Anchor": "null", "FoundationType": "null", "eqBldgType": "null", "DesignLevel": "null", "SoilType": "D", "LqfSusCat": 0, "LndSusCat": 0, "WaterDepth": 5.0, "Distance": "null", "PGA": 0.28632470965385437, "PGV": 10.346205711364746, "Sa03": 0.65192687511444092, "Sa10": 0.27895393967628479, "LqfSettlPGD": 0.0, "LqfSprPGD": 0.0, "LqfProb": 0.0, "LndPGD": 0.0, "LndProb": 0.0, "SufFltRuptPGD": 29.523393630981445, "SurfFltRuptProb": 0.5, "PDsNone": 0.9604, "PDsSlight": 0.0228, "PDsModerate": 0.0091, "PDsExtensive": 0.0062, "PDsComplete": 0.0012, "PDsExceedSlight": 0.0395, "PDsExceedModerate": 0.0166, "PDsExceedExtensive": 0.0075, "FunctDay1": 98.0, "FunctDay3": 98.8, "FunctDay7": 99.2, "FunctDay14": 99.2, "FunctDay30": 99.3, "FunctDay90": 99.6, "EconLoss": 23681.779296875, "Name": "ATCHISON, TOPEKA & SANTA FE; STREAM\/R...", "City": "null", "State": "null" }, "geometry": { "type": "Point", "coordinates": [ -122.226856, 38.011869 ] } },
{ "type": "Feature", "properties": { "FacilityType": "RailwayBridge", "FacilityId": "CA000097", "Anchor": "null", "FoundationType": "null", "eqBldgType": "null", "DesignLevel": "null", "SoilType": "D", "LqfSusCat": 0, "LndSusCat": 0, "WaterDepth": 5.0, "Distance": "null", "PGA": 0.28632470965385437, "PGV": 10.346205711364746, "Sa03": 0.65192687511444092, "Sa10": 0.27895393967628479, "LqfSettlPGD": 0.0, "LqfSprPGD": 0.0, "LqfProb": 0.0, "LndPGD": 0.0, "LndProb": 0.0, "SufFltRuptPGD": 29.523393630981445, "SurfFltRuptProb": 0.5, "PDsNone": 0.9604, "PDsSlight": 0.0228, "PDsModerate": 0.0091, "PDsExtensive": 0.0062, "PDsComplete": 0.0012, "PDsExceedSlight": 0.0395, "PDsExceedModerate": 0.0166, "PDsExceedExtensive": 0.0075, "FunctDay1": 98.0, "FunctDay3": 98.8, "FunctDay7": 99.2, "FunctDay14": 99.2, "FunctDay30": 99.3, "FunctDay90": 99.6, "EconLoss": 23681.779296875, "Name": "SR 4; BNSF RY", "City": "null", "State": "null" }, "geometry": { "type": "Point", "coordinates": [ -122.251463, 38.014471 ] } },
{ "type": "Feature", "properties": { "FacilityType": "RailwayBridge", "FacilityId": "CA000098", "Anchor": "null", "FoundationType": "null", "eqBldgType": "null", "DesignLevel": "null", "SoilType": "D", "LqfSusCat": 0, "LndSusCat": 0, "WaterDepth": 5.0, "Distance": "null", "PGA": 0.28632470965385437, "PGV": 10.346205711364746, "Sa03": 0.65192687511444092, "Sa10": 0.27895393967628479, "LqfSettlPGD": 0.0, "LqfSprPGD": 0.0, "LqfProb": 0.0, "LndPGD": 0.0, "LndProb": 0.0, "SufFltRuptPGD": 29.523393630981445, "SurfFltRuptProb": 0.5, "PDsNone": 0.9604, "PDsSlight": 0.0228, "PDsModerate": 0.0091, "PDsExtensive": 0.0062, "PDsComplete": 0.0012, "PDsExceedSlight": 0.0395, "PDsExceedModerate": 0.0166, "PDsExceedExtensive": 0.0075, "FunctDay1": 98.0, "FunctDay3": 98.8, "FunctDay7": 99.2, "FunctDay14": 99.2, "FunctDay30": 99.3, "FunctDay90": 99.6, "EconLoss": 23681.779296875, "Name": "ATCHISON, TOPEKA & SANTA FE; RODEO CREEK", "City": "null", "State": "null" }, "geometry": { "type": "Point", "coordinates": [ -122.251036, 38.015297 ] } },
{ "type": "Feature", "properties": { "FacilityType": "RailwayBridge", "FacilityId": "CA000112", "Anchor": "null", "FoundationType": "null", "eqBldgType": "null", "DesignLevel": "null", "SoilType": "D", "LqfSusCat": 0, "LndSusCat": 0, "WaterDepth": 5.0, "Distance": "null", "PGA": 0.29944267868995667, "PGV": 12.994046211242676, "Sa03": 0.73564881086349487, "Sa10": 0.36676627397537231, "LqfSettlPGD": 0.0, "LqfSprPGD": 0.0, "LqfProb": 0.0, "LndPGD": 0.0, "LndProb": 0.0, "SufFltRuptPGD": 29.523393630981445, "SurfFltRuptProb": 0.5, "PDsNone": 0.9031, "PDsSlight": 0.0495, "PDsModerate": 0.0231, "PDsExtensive": 0.0188, "PDsComplete": 0.0052, "PDsExceedSlight": 0.0968, "PDsExceedModerate": 0.0472, "PDsExceedExtensive": 0.0241, "FunctDay1": 94.7, "FunctDay3": 96.6, "FunctDay7": 97.5, "FunctDay14": 97.7, "FunctDay30": 97.8, "FunctDay90": 98.8, "EconLoss": 75295.765625, "Name": "BARTD; CENTRAL AVE", "City": "null", "State": "null" }, "geometry": { "type": "Point", "coordinates": [ -122.299455, 37.903343 ] } },
{ "type": "Feature", "properties": { "FacilityType": "RailwayBridge", "FacilityId": "CA000114", "Anchor": "null", "FoundationType": "null", "eqBldgType": "null", "DesignLevel": "null", "SoilType": "D", "LqfSusCat": 0, "LndSusCat": 0, "WaterDepth": 5.0, "Distance": "null", "PGA": 0.29944267868995667, "PGV": 12.994046211242676, "Sa03": 0.73564881086349487, "Sa10": 0.36676627397537231, "LqfSettlPGD": 0.0, "LqfSprPGD": 0.0, "LqfProb": 0.0, "LndPGD": 0.0, "LndProb": 0.0, "SufFltRuptPGD": 29.523393630981445, "SurfFltRuptProb": 0.5, "PDsNone": 0.9031, "PDsSlight": 0.0495, "PDsModerate": 0.0231, "PDsExtensive": 0.0188, "PDsComplete": 0.0052, "PDsExceedSlight": 0.0968, "PDsExceedModerate": 0.0472, "PDsExceedExtensive": 0.0241, "FunctDay1": 94.7, "FunctDay3": 96.6, "FunctDay7": 97.5, "FunctDay14": 97.7, "FunctDay30": 97.8, "FunctDay90": 98.8, "EconLoss": 75295.765625, "Name": "BARTD (R3003); STOCKTON AVE", "City": "null", "State": "null" }, "geometry": { "type": "Point", "coordinates": [ -122.303828, 37.908704 ] } },
{ "type": "Feature", "properties": { "FacilityType": "RailwayBridge", "FacilityId": "CA000116", "Anchor": "null", "FoundationType": "null", "eqBldgType": "null", "DesignLevel": "null", "SoilType": "D", "LqfSusCat": 0, "LndSusCat": 0, "WaterDepth": 5.0, "Distance": "null", "PGA": 0.28016680479049683, "PGV": 10.005664825439453, "Sa03": 0.62862586975097656, "Sa10": 0.27086547017097473, "LqfSettlPGD": 0.0, "LqfSprPGD": 0.0, "LqfProb": 0.0, "LndPGD": 0.0, "LndProb": 0.0, "SufFltRuptPGD": 29.523393630981445, "SurfFltRuptProb": 0.5, "PDsNone": 0.9644, "PDsSlight": 0.0207, "PDsModerate": 0.0081, "PDsExtensive": 0.0054, "PDsComplete": 0.0011, "PDsExceedSlight": 0.0355, "PDsExceedModerate": 0.0147, "PDsExceedExtensive": 0.0065, "FunctDay1": 98.2, "FunctDay3": 98.9, "FunctDay7": 99.3, "FunctDay14": 99.3, "FunctDay30": 99.4, "FunctDay90": 99.6, "EconLoss": 21161.109375, "Name": "BARTD; SAN PABLO AVE", "City": "null", "State": "null" }, "geometry": { "type": "Point", "coordinates": [ -122.321973, 37.930356 ] } },
{ "type": "Feature", "properties": { "FacilityType": "RailwayBridge", "FacilityId": "CA000119", "Anchor": "null", "FoundationType": "null", "eqBldgType": "null", "DesignLevel": "null", "SoilType": "D", "LqfSusCat": 0, "LndSusCat": 0, "WaterDepth": 5.0, "Distance": "null", "PGA": 0.29944267868995667, "PGV": 12.994046211242676, "Sa03": 0.73564881086349487, "Sa10": 0.36676627397537231, "LqfSettlPGD": 0.0, "LqfSprPGD": 0.0, "LqfProb": 0.0, "LndPGD": 0.0, "LndProb": 0.0, "SufFltRuptPGD": 29.523393630981445, "SurfFltRuptProb": 0.5, "PDsNone": 0.9031, "PDsSlight": 0.0495, "PDsModerate": 0.0231, "PDsExtensive": 0.0188, "PDsComplete": 0.0052, "PDsExceedSlight": 0.0968, "PDsExceedModerate": 0.0472, "PDsExceedExtensive": 0.0241, "FunctDay1": 94.7, "FunctDay3": 96.6, "FunctDay7": 97.5, "FunctDay14": 97.7, "FunctDay30": 97.8, "FunctDay90": 98.8, "EconLoss": 75295.765625, "Name": "BARTD; FAIRMOUNT AVE", "City": "null", "State": "null" }, "geometry": { "type": "Point", "coordinates": [ -122.298346, 37.901945 ] } },
{ "type": "Feature", "properties": { "FacilityType": "RailwayBridge", "FacilityId": "CA000121", "Anchor": "null", "FoundationType": "null", "eqBldgType": "null", "DesignLevel": "null", "SoilType": "D", "LqfSusCat": 0, "LndSusCat": 0, "WaterDepth": 5.0, "Distance": "null", "PGA": 0.29944267868995667, "PGV": 12.994046211242676, "Sa03": 0.73564881086349487, "Sa10": 0.36676627397537231, "LqfSettlPGD": 0.0, "LqfSprPGD": 0.0, "LqfProb": 0.0, "LndPGD": 0.0, "LndProb": 0.0, "SufFltRuptPGD": 29.523393630981445, "SurfFltRuptProb": 0.5, "PDsNone": 0.9031, "PDsSlight": 0.0495, "PDsModerate": 0.0231, "PDsExtensive": 0.0188, "PDsComplete": 0.0052, "PDsExceedSlight": 0.0968, "PDsExceedModerate": 0.0472, "PDsExceedExtensive": 0.0241, "FunctDay1": 94.7, "FunctDay3": 96.6, "FunctDay7": 97.5, "FunctDay14": 97.7, "FunctDay30": 97.8, "FunctDay90": 98.8, "EconLoss": 75295.765625, "Name": "HILL ST; BARTD (R3003)", "City": "null", "State": "null" }, "geometry": { "type": "Point", "coordinates": [ -122.316043, 37.924132 ] } },
{ "type": "Feature", "properties": { "FacilityType": "RailwayBridge", "FacilityId": "CA000151", "Anchor": "null", "FoundationType": "null", "eqBldgType": "null", "DesignLevel": "null", "SoilType": "D", "LqfSusCat": 0, "LndSusCat": 0, "WaterDepth": 5.0, "Distance": "null", "PGA": 0.29944267868995667, "PGV": 12.994046211242676, "Sa03": 0.73564881086349487, "Sa10": 0.36676627397537231, "LqfSettlPGD": 0.0, "LqfSprPGD": 0.0, "LqfProb": 0.0, "LndPGD": 0.0, "LndProb": 0.0, "SufFltRuptPGD": 29.523393630981445, "SurfFltRuptProb": 0.5, "PDsNone": 0.9031, "PDsSlight": 0.0495, "PDsModerate": 0.0231, "PDsExtensive": 0.0188, "PDsComplete": 0.0052, "PDsExceedSlight": 0.0968, "PDsExceedModerate": 0.0472, "PDsExceedExtensive": 0.0241, "FunctDay1": 94.7, "FunctDay3": 96.6, "FunctDay7": 97.5, "FunctDay14": 97.7, "FunctDay30": 97.8, "FunctDay90": 98.8, "EconLoss": 75295.765625, "Name": "MOESER LANE; MOESER LANE", "City": "null", "State": "null" }, "geometry": { "type": "Point", "coordinates": [ -122.306599, 37.912115 ] } },
{ "type": "Feature", "properties": { "FacilityType": "RailwayBridge", "FacilityId": "CA000190", "Anchor": "null", "FoundationType": "null", "eqBldgType": "null", "DesignLevel": "null", "SoilType": "D", "LqfSusCat": 0, "LndSusCat": 0, "WaterDepth": 5.0, "Distance": "null", "PGA": 0.27735394239425659, "PGV": 10.04581356048584, "Sa03": 0.62787985801696777, "Sa10": 0.26528066396713257, "LqfSettlPGD": 0.0, "LqfSprPGD": 0.0, "LqfProb": 0.0, "LndPGD": 0.0, "LndProb": 0.0, "SufFltRuptPGD": 29.523393630981445, "SurfFltRuptProb": 0.5, "PDsNone": 0.967, "PDsSlight": 0.0194, "PDsModerate": 0.0075, "PDsExtensive": 0.0049, "PDsComplete": 0.0009, "PDsExceedSlight": 0.0329, "PDsExceedModerate": 0.0134, "PDsExceedExtensive": 0.0059, "FunctDay1": 98.3, "FunctDay3": 99.0, "FunctDay7": 99.3, "FunctDay14": 99.4, "FunctDay30": 99.4, "FunctDay90": 99.7, "EconLoss": 18816.830078125, "Name": "ATCHISON, TOPEKA & SANTA FE; PINOLE C...", "City": "null", "State": "null" }, "geometry": { "type": "Point", "coordinates": [ -122.290531, 38.00795 ] } },
{ "type": "Feature", "properties": { "FacilityType": "RailwayBridge", "FacilityId": "CA000191", "Anchor": "null", "FoundationType": "null", "eqBldgType": "null", "DesignLevel": "null", "SoilType": "D", "LqfSusCat": 0, "LndSusCat": 0, "WaterDepth": 5.0, "Distance": "null", "PGA": 0.27735394239425659, "PGV": 10.04581356048584, "Sa03": 0.62787985801696777, "Sa10": 0.26528066396713257, "LqfSettlPGD": 0.0, "LqfSprPGD": 0.0, "LqfProb": 0.0, "LndPGD": 0.0, "LndProb": 0.0, "SufFltRuptPGD": 29.523393630981445, "SurfFltRuptProb": 0.5, "PDsNone": 0.967, "PDsSlight": 0.0194, "PDsModerate": 0.0075, "PDsExtensive": 0.0049, "PDsComplete": 0.0009, "PDsExceedSlight": 0.0329, "PDsExceedModerate": 0.0134, "PDsExceedExtensive": 0.0059, "FunctDay1": 98.3, "FunctDay3": 99.0, "FunctDay7": 99.3, "FunctDay14": 99.4, "FunctDay30": 99.4, "FunctDay90": 99.7, "EconLoss": 18816.830078125, "Name": "TENNENT AVE; BNSF RY", "City": "null", "State": "null" }, "geometry": { "type": "Point", "coordinates": [ -122.292755, 38.008185 ] } },
{ "type": "Feature", "properties": { "FacilityType": "RailwayBridge", "FacilityId": "CA000193", "Anchor": "null", "FoundationType": "null", "eqBldgType": "null", "DesignLevel": "null", "SoilType": "D", "LqfSusCat": 0, "LndSusCat": 0, "WaterDepth": 5.0, "Distance": "null", "PGA": 0.27735394239425659, "PGV": 10.04581356048584, "Sa03": 0.62787985801696777, "Sa10": 0.26528066396713257, "LqfSettlPGD": 0.0, "LqfSprPGD": 0.0, "LqfProb": 0.0, "LndPGD": 0.0, "LndProb": 0.0, "SufFltRuptPGD": 29.523393630981445, "SurfFltRuptProb": 0.5, "PDsNone": 0.967, "PDsSlight": 0.0194, "PDsModerate": 0.0075, "PDsExtensive": 0.0049, "PDsComplete": 0.0009, "PDsExceedSlight": 0.0329, "PDsExceedModerate": 0.0134, "PDsExceedExtensive": 0.0059, "FunctDay1": 98.3, "FunctDay3": 99.0, "FunctDay7": 99.3, "FunctDay14": 99.4, "FunctDay30": 99.4, "FunctDay90": 99.7, "EconLoss": 18816.830078125, "Name": "SOUTHERN PACIFIC; PINOLE CREEK", "City": "null", "State": "null" }, "geometry": { "type": "Point", "coordinates": [ -122.295098, 38.01281 ] } },
{ "type": "Feature", "properties": { "FacilityType": "RailwayBridge", "FacilityId": "CA000226", "Anchor": "null", "FoundationType": "null", "eqBldgType": "null", "DesignLevel": "null", "SoilType": "D", "LqfSusCat": 0, "LndSusCat": 0, "WaterDepth": 5.0, "Distance": "null", "PGA": 0.30203935503959656, "PGV": 10.406497955322266, "Sa03": 0.66494113206863403, "Sa10": 0.27777394652366638, "LqfSettlPGD": 0.0, "LqfSprPGD": 0.0, "LqfProb": 0.0, "LndPGD": 0.0, "LndProb": 0.0, "SufFltRuptPGD": 29.523393630981445, "SurfFltRuptProb": 0.5, "PDsNone": 0.961, "PDsSlight": 0.0225, "PDsModerate": 0.009, "PDsExtensive": 0.0061, "PDsComplete": 0.0012, "PDsExceedSlight": 0.0389, "PDsExceedModerate": 0.0163, "PDsExceedExtensive": 0.0073, "FunctDay1": 98.0, "FunctDay3": 98.8, "FunctDay7": 99.2, "FunctDay14": 99.2, "FunctDay30": 99.3, "FunctDay90": 99.6, "EconLoss": 23442.80078125, "Name": "ORINDA STA. - BART; CAMINO PABLO RD", "City": "null", "State": "null" }, "geometry": { "type": "Point", "coordinates": [ -122.183603, 37.878546 ] } },
{ "type": "Feature", "properties": { "FacilityType": "RailwayBridge", "FacilityId": "CA000247", "Anchor": "null", "FoundationType": "null", "eqBldgType": "null", "DesignLevel": "null", "SoilType": "D", "LqfSusCat": 0, "LndSusCat": 0, "WaterDepth": 5.0, "Distance": "null", "PGA": 0.28633642196655273, "PGV": 12.898520469665527, "Sa03": 0.71656978130340576, "Sa10": 0.36990472674369812, "LqfSettlPGD": 0.0, "LqfSprPGD": 0.0, "LqfProb": 0.0, "LndPGD": 0.0, "LndProb": 0.0, "SufFltRuptPGD": 29.523393630981445, "SurfFltRuptProb": 0.5, "PDsNone": 0.9007, "PDsSlight": 0.0505, "PDsModerate": 0.0237, "PDsExtensive": 0.0194, "PDsComplete": 0.0055, "PDsExceedSlight": 0.0992, "PDsExceedModerate": 0.0487, "PDsExceedExtensive": 0.0249, "FunctDay1": 94.6, "FunctDay3": 96.5, "FunctDay7": 97.4, "FunctDay14": 97.6, "FunctDay30": 97.7, "FunctDay90": 98.7, "EconLoss": 78300.0859375, "Name": "MACDONALD AVE; BARTD", "City": "null", "State": "null" }, "geometry": { "type": "Point", "coordinates": [ -122.352157, 37.9357 ] } },
{ "type": "Feature", "properties": { "FacilityType": "RailwayBridge", "FacilityId": "CA000265", "Anchor": "null", "FoundationType": "null", "eqBldgType": "null", "DesignLevel": "null", "SoilType": "D", "LqfSusCat": 0, "LndSusCat": 0, "WaterDepth": 5.0, "Distance": "null", "PGA": 0.24413135647773743, "PGV": 8.2687568664550781, "Sa03": 0.51250219345092773, "Sa10": 0.19292740523815155, "LqfSettlPGD": 0.0, "LqfSprPGD": 0.0, "LqfProb": 0.0, "LndPGD": 0.0, "LndProb": 0.0, "SufFltRuptPGD": 29.523393630981445, "SurfFltRuptProb": 0.5, "PDsNone": 0.9883, "PDsSlight": 0.0085, "PDsModerate": 0.0018, "PDsExtensive": 0.001, "PDsComplete": 0.0001, "PDsExceedSlight": 0.0116, "PDsExceedModerate": 0.003, "PDsExceedExtensive": 0.0011, "FunctDay1": 99.5, "FunctDay3": 99.7, "FunctDay7": 99.8, "FunctDay14": 99.8, "FunctDay30": 99.8, "FunctDay90": 99.9, "EconLoss": 4261.810546875, "Name": "INTERSTATE 580; BNSF RY", "City": "null", "State": "null" }, "geometry": { "type": "Point", "coordinates": [ -122.331848, 37.919542 ] } },
{ "type": "Feature", "properties": { "FacilityType": "RailwayBridge", "FacilityId": "CA000266", "Anchor": "null", "FoundationType": "null", "eqBldgType": "null", "DesignLevel": "null", "SoilType": "D", "LqfSusCat": 0, "LndSusCat": 0, "WaterDepth": 5.0, "Distance": "null", "PGA": 0.24413135647773743, "PGV": 8.2687568664550781, "Sa03": 0.51250219345092773, "Sa10": 0.19292740523815155, "LqfSettlPGD": 0.0, "LqfSprPGD": 0.0, "LqfProb": 0.0, "LndPGD": 0.0, "LndProb": 0.0, "SufFltRuptPGD": 29.523393630981445, "SurfFltRuptProb": 0.5, "PDsNone": 0.9883, "PDsSlight": 0.0085, "PDsModerate": 0.0018, "PDsExtensive": 0.001, "PDsComplete": 0.0001, "PDsExceedSlight": 0.0116, "PDsExceedModerate": 0.003, "PDsExceedExtensive": 0.0011, "FunctDay1": 99.5, "FunctDay3": 99.7, "FunctDay7": 99.8, "FunctDay14": 99.8, "FunctDay30": 99.8, "FunctDay90": 99.9, "EconLoss": 4261.810546875, "Name": "I 580; BNSF RY", "City": "null", "State": "null" }, "geometry": { "type": "Point", "coordinates": [ -122.332729, 37.920058 ] } },
{ "type": "Feature", "properties": { "FacilityType": "RailwayBridge", "FacilityId": "CA000277", "Anchor": "null", "FoundationType": "null", "eqBldgType": "null", "DesignLevel": "null", "SoilType": "D", "LqfSusCat": 0, "LndSusCat": 0, "WaterDepth": 5.0, "Distance": "null", "PGA": 0.29659819602966309, "PGV": 10.486924171447754, "Sa03": 0.67186164855957031, "Sa10": 0.28059494495391846, "LqfSettlPGD": 0.0, "LqfSprPGD": 0.0, "LqfProb": 0.0, "LndPGD": 0.0, "LndProb": 0.0, "SufFltRuptPGD": 29.523393630981445, "SurfFltRuptProb": 0.5, "PDsNone": 0.9596, "PDsSlight": 0.0233, "PDsModerate": 0.0093, "PDsExtensive": 0.0063, "PDsComplete": 0.0013, "PDsExceedSlight": 0.0403, "PDsExceedModerate": 0.017, "PDsExceedExtensive": 0.0077, "FunctDay1": 97.9, "FunctDay3": 98.8, "FunctDay7": 99.2, "FunctDay14": 99.2, "FunctDay30": 99.3, "FunctDay90": 99.6, "EconLoss": 24569.419921875, "Name": "ALHAMBRA AVE; BNSF RY", "City": "null", "State": "null" }, "geometry": { "type": "Point", "coordinates": [ -122.127813, 37.990315 ] } },
{ "type": "Feature", "properties": { "FacilityType": "RailwayBridge", "FacilityId": "CA000296", "Anchor": "null", "FoundationType": "null", "eqBldgType": "null", "DesignLevel": "null", "SoilType": "D", "LqfSusCat": 0, "LndSusCat": 0, "WaterDepth": 5.0, "Distance": "null", "PGA": 0.28633642196655273, "PGV": 12.898520469665527, "Sa03": 0.71656978130340576, "Sa10": 0.36990472674369812, "LqfSettlPGD": 0.0, "LqfSprPGD": 0.0, "LqfProb": 0.0, "LndPGD": 0.0, "LndProb": 0.0, "SufFltRuptPGD": 29.523393630981445, "SurfFltRuptProb": 0.5, "PDsNone": 0.9007, "PDsSlight": 0.0505, "PDsModerate": 0.0237, "PDsExtensive": 0.0194, "PDsComplete": 0.0055, "PDsExceedSlight": 0.0992, "PDsExceedModerate": 0.0487, "PDsExceedExtensive": 0.0249, "FunctDay1": 94.6, "FunctDay3": 96.5, "FunctDay7": 97.4, "FunctDay14": 97.6, "FunctDay30": 97.7, "FunctDay90": 98.7, "EconLoss": 78300.0859375, "Name": "MACDONALD AVE; BARTD (R5002 A&B)", "City": "null", "State": "null" }, "geometry": { "type": "Point", "coordinates": [ -122.351945, 37.9357 ] } },
{ "type": "Feature", "properties": { "FacilityType": "RailwayBridge", "FacilityId": "CA000299", "Anchor": "null", "FoundationType": "null", "eqBldgType": "null", "DesignLevel": "null", "SoilType": "D", "LqfSusCat": 0, "LndSusCat": 0, "WaterDepth": 5.0, "Distance": "null", "PGA": 0.28633642196655273, "PGV": 12.898520469665527, "Sa03": 0.71656978130340576, "Sa10": 0.36990472674369812, "LqfSettlPGD": 0.0, "LqfSprPGD": 0.0, "LqfProb": 0.0, "LndPGD": 0.0, "LndProb": 0.0, "SufFltRuptPGD": 29.523393630981445, "SurfFltRuptProb": 0.5, "PDsNone": 0.9007, "PDsSlight": 0.0505, "PDsModerate": 0.0237, "PDsExtensive": 0.0194, "PDsComplete": 0.0055, "PDsExceedSlight": 0.0992, "PDsExceedModerate": 0.0487, "PDsExceedExtensive": 0.0249, "FunctDay1": 94.6, "FunctDay3": 96.5, "FunctDay7": 97.4, "FunctDay14": 97.6, "FunctDay30": 97.7, "FunctDay90": 98.7, "EconLoss": 78300.0859375, "Name": "SOUTHERN PACIFIC; SAN PABLO CREEK", "City": "null", "State": "null" }, "geometry": { "type": "Point", "coordinates": [ -122.358964, 37.966837 ] } },
{ "type": "Feature", "properties": { "FacilityType": "RailwayBridge", "FacilityId": "CA000302", "Anchor": "null", "FoundationType": "null", "eqBldgType": "null", "DesignLevel": "null", "SoilType": "D", "LqfSusCat": 0, "LndSusCat": 0, "WaterDepth": 5.0, "Distance": "null", "PGA": 0.28633642196655273, "PGV": 12.898520469665527, "Sa03": 0.71656978130340576, "Sa10": 0.36990472674369812, "LqfSettlPGD": 0.0, "LqfSprPGD": 0.0, "LqfProb": 0.0, "LndPGD": 0.0, "LndProb": 0.0, "SufFltRuptPGD": 29.523393630981445, "SurfFltRuptProb": 0.5, "PDsNone": 0.9007, "PDsSlight": 0.0505, "PDsModerate": 0.0237, "PDsExtensive": 0.0194, "PDsComplete": 0.0055, "PDsExceedSlight": 0.0992, "PDsExceedModerate": 0.0487, "PDsExceedExtensive": 0.0249, "FunctDay1": 94.6, "FunctDay3": 96.5, "FunctDay7": 97.4, "FunctDay14": 97.6, "FunctDay30": 97.7, "FunctDay90": 98.7, "EconLoss": 78300.0859375, "Name": "BARRETT AVE; UP RR, BNSF RY, & AMTRAK", "City": "null", "State": "null" }, "geometry": { "type": "Point", "coordinates": [ -122.354969, 37.938424 ] } },
{ "type": "Feature", "properties": { "FacilityType": "RailwayBridge", "FacilityId": "CA000307", "Anchor": "null", "FoundationType": "null", "eqBldgType": "null", "DesignLevel": "null", "SoilType": "D", "LqfSusCat": 0, "LndSusCat": 0, "WaterDepth": 5.0, "Distance": "null", "PGA": 0.28633642196655273, "PGV": 12.898520469665527, "Sa03": 0.71656978130340576, "Sa10": 0.36990472674369812, "LqfSettlPGD": 0.0, "LqfSprPGD": 0.0, "LqfProb": 0.0, "LndPGD": 0.0, "LndProb": 0.0, "SufFltRuptPGD": 29.523393630981445, "SurfFltRuptProb": 0.5, "PDsNone": 0.9007, "PDsSlight": 0.0505, "PDsModerate": 0.0237, "PDsExtensive": 0.0194, "PDsComplete": 0.0055, "PDsExceedSlight": 0.0992, "PDsExceedModerate": 0.0487, "PDsExceedExtensive": 0.0249, "FunctDay1": 94.6, "FunctDay3": 96.5, "FunctDay7": 97.4, "FunctDay14": 97.6, "FunctDay30": 97.7, "FunctDay90": 98.7, "EconLoss": 78300.0859375, "Name": "MACDONALD AVE; UP RR, BNSF RY, & AMTRAK", "City": "null", "State": "null" }, "geometry": { "type": "Point", "coordinates": [ -122.352474, 37.935703 ] } },
{ "type": "Feature", "properties": { "FacilityType": "RailwayBridge", "FacilityId": "CA000311", "Anchor": "null", "FoundationType": "null", "eqBldgType": "null", "DesignLevel": "null", "SoilType": "D", "LqfSusCat": 0, "LndSusCat": 0, "WaterDepth": 5.0, "Distance": "null", "PGA": 0.28633642196655273, "PGV": 12.898520469665527, "Sa03": 0.71656978130340576, "Sa10": 0.36990472674369812, "LqfSettlPGD": 0.0, "LqfSprPGD": 0.0, "LqfProb": 0.0, "LndPGD": 0.0, "LndProb": 0.0, "SufFltRuptPGD": 29.523393630981445, "SurfFltRuptProb": 0.5, "PDsNone": 0.9007, "PDsSlight": 0.0505, "PDsModerate": 0.0237, "PDsExtensive": 0.0194, "PDsComplete": 0.0055, "PDsExceedSlight": 0.0992, "PDsExceedModerate": 0.0487, "PDsExceedExtensive": 0.0249, "FunctDay1": 94.6, "FunctDay3": 96.5, "FunctDay7": 97.4, "FunctDay14": 97.6, "FunctDay30": 97.7, "FunctDay90": 98.7, "EconLoss": 78300.0859375, "Name": "BARRETT AVE; BARTD", "City": "null", "State": "null" }, "geometry": { "type": "Point", "coordinates": [ -122.354576, 37.938431 ] } },
{ "type": "Feature", "properties": { "FacilityType": "RailwayBridge", "FacilityId": "CA000321", "Anchor": "null", "FoundationType": "null", "eqBldgType": "null", "DesignLevel": "null", "SoilType": "D", "LqfSusCat": 0, "LndSusCat": 0, "WaterDepth": 5.0, "Distance": "null", "PGA": 0.28633642196655273, "PGV": 12.898520469665527, "Sa03": 0.71656978130340576, "Sa10": 0.36990472674369812, "LqfSettlPGD": 0.0, "LqfSprPGD": 0.0, "LqfProb": 0.0, "LndPGD": 0.0, "LndProb": 0.0, "SufFltRuptPGD": 29.523393630981445, "SurfFltRuptProb": 0.5, "PDsNone": 0.9007, "PDsSlight": 0.0505, "PDsModerate": 0.0237, "PDsExtensive": 0.0194, "PDsComplete": 0.0055, "PDsExceedSlight": 0.0992, "PDsExceedModerate": 0.0487, "PDsExceedExtensive": 0.0249, "FunctDay1": 94.6, "FunctDay3": 96.5, "FunctDay7": 97.4, "FunctDay14": 97.6, "FunctDay30": 97.7, "FunctDay90": 98.7, "EconLoss": 78300.0859375, "Name": "BARTD (R3005); 23RD STREET", "City": "null", "State": "null" }, "geometry": { "type": "Point", "coordinates": [ -122.347371, 37.932043 ] } },
{ "type": "Feature", "properties": { "FacilityType": "RailwayBridge", "FacilityId": "CA000323", "Anchor": "null", "FoundationType": "null", "eqBldgType": "null", "DesignLevel": "null", "SoilType": "D", "LqfSusCat": 0, "LndSusCat": 0, "WaterDepth": 5.0, "Distance": "null", "PGA": 0.28633642196655273, "PGV": 12.898520469665527, "Sa03": 0.71656978130340576, "Sa10": 0.36990472674369812, "LqfSettlPGD": 0.0, "LqfSprPGD": 0.0, "LqfProb": 0.0, "LndPGD": 0.0, "LndProb": 0.0, "SufFltRuptPGD": 29.523393630981445, "SurfFltRuptProb": 0.5, "PDsNone": 0.9007, "PDsSlight": 0.0505, "PDsModerate": 0.0237, "PDsExtensive": 0.0194, "PDsComplete": 0.0055, "PDsExceedSlight": 0.0992, "PDsExceedModerate": 0.0487, "PDsExceedExtensive": 0.0249, "FunctDay1": 94.6, "FunctDay3": 96.5, "FunctDay7": 97.4, "FunctDay14": 97.6, "FunctDay30": 97.7, "FunctDay90": 98.7, "EconLoss": 78300.0859375, "Name": "37TH ST; ABANDONED BNSF RY ROW", "City": "null", "State": "null" }, "geometry": { "type": "Point", "coordinates": [ -122.334731, 37.93131 ] } },
{ "type": "Feature", "properties": { "FacilityType": "RailwayBridge", "FacilityId": "CA000354", "Anchor": "null", "FoundationType": "null", "eqBldgType": "null", "DesignLevel": "null", "SoilType": "D", "LqfSusCat": 0, "LndSusCat": 0, "WaterDepth": 5.0, "Distance": "null", "PGA": 0.28633642196655273, "PGV": 12.898520469665527, "Sa03": 0.71656978130340576, "Sa10": 0.36990472674369812, "LqfSettlPGD": 0.0, "LqfSprPGD": 0.0, "LqfProb": 0.0, "LndPGD": 0.0, "LndProb": 0.0, "SufFltRuptPGD": 29.523393630981445, "SurfFltRuptProb": 0.5, "PDsNone": 0.9007, "PDsSlight": 0.0505, "PDsModerate": 0.0237, "PDsExtensive": 0.0194, "PDsComplete": 0.0055, "PDsExceedSlight": 0.0992, "PDsExceedModerate": 0.0487, "PDsExceedExtensive": 0.0249, "FunctDay1": 94.6, "FunctDay3": 96.5, "FunctDay7": 97.4, "FunctDay14": 97.6, "FunctDay30": 97.7, "FunctDay90": 98.7, "EconLoss": 78300.0859375, "Name": "37TH ST; BARTD (R5001)", "City": "null", "State": "null" }, "geometry": { "type": "Point", "coordinates": [ -122.334719, 37.931411 ] } },
{ "type": "Feature", "properties": { "FacilityType": "RailwayBridge", "FacilityId": "CA000355", "Anchor": "null", "FoundationType": "null", "eqBldgType": "null", "DesignLevel": "null", "SoilType": "D", "LqfSusCat": 0, "LndSusCat": 0, "WaterDepth": 5.0, "Distance": "null", "PGA": 0.28633642196655273, "PGV": 12.898520469665527, "Sa03": 0.71656978130340576, "Sa10": 0.36990472674369812, "LqfSettlPGD": 0.0, "LqfSprPGD": 0.0, "LqfProb": 0.0, "LndPGD": 0.0, "LndProb": 0.0, "SufFltRuptPGD": 29.523393630981445, "SurfFltRuptProb": 0.5, "PDsNone": 0.9007, "PDsSlight": 0.0505, "PDsModerate": 0.0237, "PDsExtensive": 0.0194, "PDsComplete": 0.0055, "PDsExceedSlight": 0.0992, "PDsExceedModerate": 0.0487, "PDsExceedExtensive": 0.0249, "FunctDay1": 94.6, "FunctDay3": 96.5, "FunctDay7": 97.4, "FunctDay14": 97.6, "FunctDay30": 97.7, "FunctDay90": 98.7, "EconLoss": 78300.0859375, "Name": "ATCHISON, TOPEKA & SANTA FE; SAN PABL...", "City": "null", "State": "null" }, "geometry": { "type": "Point", "coordinates": [ -122.356614, 37.966875 ] } },
{ "type": "Feature", "properties": { "FacilityType": "RailwayBridge", "FacilityId": "CA000356", "Anchor": "null", "FoundationType": "null", "eqBldgType": "null", "DesignLevel": "null", "SoilType": "D", "LqfSusCat": 0, "LndSusCat": 0, "WaterDepth": 5.0, "Distance": "null", "PGA": 0.26603028178215027, "PGV": 9.6765861511230469, "Sa03": 0.59830844402313232, "Sa10": 0.26067140698432922, "LqfSettlPGD": 0.0, "LqfSprPGD": 0.0, "LqfProb": 0.0, "LndPGD": 0.0, "LndProb": 0.0, "SufFltRuptPGD": 29.523393630981445, "SurfFltRuptProb": 0.5, "PDsNone": 0.9691, "PDsSlight": 0.0182, "PDsModerate": 0.007, "PDsExtensive": 0.0045, "PDsComplete": 0.0008, "PDsExceedSlight": 0.0308, "PDsExceedModerate": 0.0125, "PDsExceedExtensive": 0.0054, "FunctDay1": 98.4, "FunctDay3": 99.1, "FunctDay7": 99.4, "FunctDay14": 99.4, "FunctDay30": 99.4, "FunctDay90": 99.7, "EconLoss": 17246.388671875, "Name": "SOUTHERN PACIFIC; STREAM\/RIVER", "City": "null", "State": "null" }, "geometry": { "type": "Point", "coordinates": [ -122.35792, 37.978805 ] } },
{ "type": "Feature", "properties": { "FacilityType": "RailwayBridge", "FacilityId": "CA000358", "Anchor": "null", "FoundationType": "null", "eqBldgType": "null", "DesignLevel": "null", "SoilType": "D", "LqfSusCat": 0, "LndSusCat": 0, "WaterDepth": 5.0, "Distance": "null", "PGA": 0.28633642196655273, "PGV": 12.898520469665527, "Sa03": 0.71656978130340576, "Sa10": 0.36990472674369812, "LqfSettlPGD": 0.0, "LqfSprPGD": 0.0, "LqfProb": 0.0, "LndPGD": 0.0, "LndProb": 0.0, "SufFltRuptPGD": 29.523393630981445, "SurfFltRuptProb": 0.5, "PDsNone": 0.9007, "PDsSlight": 0.0505, "PDsModerate": 0.0237, "PDsExtensive": 0.0194, "PDsComplete": 0.0055, "PDsExceedSlight": 0.0992, "PDsExceedModerate": 0.0487, "PDsExceedExtensive": 0.0249, "FunctDay1": 94.6, "FunctDay3": 96.5, "FunctDay7": 97.4, "FunctDay14": 97.6, "FunctDay30": 97.7, "FunctDay90": 98.7, "EconLoss": 78300.0859375, "Name": "ATCHISON, TOPEKA & SANTA FE; WILDCAT ...", "City": "null", "State": "null" }, "geometry": { "type": "Point", "coordinates": [ -122.357657, 37.961031 ] } },
{ "type": "Feature", "properties": { "FacilityType": "RailwayBridge", "FacilityId": "CA000359", "Anchor": "null", "FoundationType": "null", "eqBldgType": "null", "DesignLevel": "null", "SoilType": "D", "LqfSusCat": 0, "LndSusCat": 0, "WaterDepth": 5.0, "Distance": "null", "PGA": 0.26603028178215027, "PGV": 9.6765861511230469, "Sa03": 0.59830844402313232, "Sa10": 0.26067140698432922, "LqfSettlPGD": 0.0, "LqfSprPGD": 0.0, "LqfProb": 0.0, "LndPGD": 0.0, "LndProb": 0.0, "SufFltRuptPGD": 29.523393630981445, "SurfFltRuptProb": 0.5, "PDsNone": 0.9691, "PDsSlight": 0.0182, "PDsModerate": 0.007, "PDsExtensive": 0.0045, "PDsComplete": 0.0008, "PDsExceedSlight": 0.0308, "PDsExceedModerate": 0.0125, "PDsExceedExtensive": 0.0054, "FunctDay1": 98.4, "FunctDay3": 99.1, "FunctDay7": 99.4, "FunctDay14": 99.4, "FunctDay30": 99.4, "FunctDay90": 99.7, "EconLoss": 17246.388671875, "Name": "ATCHISON, TOPEKA & SANTA FE; STREAM\/R...", "City": "null", "State": "null" }, "geometry": { "type": "Point", "coordinates": [ -122.353816, 37.977233 ] } },
{ "type": "Feature", "properties": { "FacilityType": "RailwayBridge", "FacilityId": "CA000360", "Anchor": "null", "FoundationType": "null", "eqBldgType": "null", "DesignLevel": "null", "SoilType": "D", "LqfSusCat": 0, "LndSusCat": 0, "WaterDepth": 5.0, "Distance": "null", "PGA": 0.26603028178215027, "PGV": 9.6765861511230469, "Sa03": 0.59830844402313232, "Sa10": 0.26067140698432922, "LqfSettlPGD": 0.0, "LqfSprPGD": 0.0, "LqfProb": 0.0, "LndPGD": 0.0, "LndProb": 0.0, "SufFltRuptPGD": 29.523393630981445, "SurfFltRuptProb": 0.5, "PDsNone": 0.9691, "PDsSlight": 0.0182, "PDsModerate": 0.007, "PDsExtensive": 0.0045, "PDsComplete": 0.0008, "PDsExceedSlight": 0.0308, "PDsExceedModerate": 0.0125, "PDsExceedExtensive": 0.0054, "FunctDay1": 98.4, "FunctDay3": 99.1, "FunctDay7": 99.4, "FunctDay14": 99.4, "FunctDay30": 99.4, "FunctDay90": 99.7, "EconLoss": 17246.388671875, "Name": "SOUTHERN PACIFIC; SWAMP\/MARSH", "City": "null", "State": "null" }, "geometry": { "type": "Point", "coordinates": [ -122.327911, 38.002726 ] } },
{ "type": "Feature", "properties": { "FacilityType": "RailwayBridge", "FacilityId": "CA000462", "Anchor": "null", "FoundationType": "null", "eqBldgType": "null", "DesignLevel": "null", "SoilType": "D", "LqfSusCat": 0, "LndSusCat": 0, "WaterDepth": 5.0, "Distance": "null", "PGA": 0.25543802976608276, "PGV": 13.52338695526123, "Sa03": 0.7071109414100647, "Sa10": 0.45895054936408997, "LqfSettlPGD": 0.0, "LqfSprPGD": 0.0, "LqfProb": 0.0, "LndPGD": 0.0, "LndProb": 0.0, "SufFltRuptPGD": 29.523393630981445, "SurfFltRuptProb": 0.5, "PDsNone": 0.8228, "PDsSlight": 0.08, "PDsModerate": 0.0425, "PDsExtensive": 0.04, "PDsComplete": 0.0145, "PDsExceedSlight": 0.1771, "PDsExceedModerate": 0.0971, "PDsExceedExtensive": 0.0545, "FunctDay1": 89.6, "FunctDay3": 92.9, "FunctDay7": 94.5, "FunctDay14": 94.8, "FunctDay30": 95.1, "FunctDay90": 97.2, "EconLoss": 172407.0, "Name": "ATCHISON, TOPEKA & SANTA FE; STREAM\/R...", "City": "null", "State": "null" }, "geometry": { "type": "Point", "coordinates": [ -121.914209, 38.02692 ] } },
{ "type": "Feature", "properties": { "FacilityType": "RailwayBridge", "FacilityId": "CA000464", "Anchor": "null", "FoundationType": "null", "eqBldgType": "null", "DesignLevel": "null", "SoilType": "D", "LqfSusCat": 0, "LndSusCat": 0, "WaterDepth": 5.0, "Distance": "null", "PGA": 0.26466062664985657, "PGV": 14.063728332519531, "Sa03": 0.7253606915473938, "Sa10": 0.47763624787330627, "LqfSettlPGD": 0.0, "LqfSprPGD": 0.0, "LqfProb": 0.0, "LndPGD": 0.0, "LndProb": 0.0, "SufFltRuptPGD": 29.523393630981445, "SurfFltRuptProb": 0.5, "PDsNone": 0.8049, "PDsSlight": 0.0859, "PDsModerate": 0.0467, "PDsExtensive": 0.0451, "PDsComplete": 0.0171, "PDsExceedSlight": 0.195, "PDsExceedModerate": 0.109, "PDsExceedExtensive": 0.0623, "FunctDay1": 88.4, "FunctDay3": 91.9, "FunctDay7": 93.8, "FunctDay14": 94.1, "FunctDay30": 94.4, "FunctDay90": 96.8, "EconLoss": 197374.71875, "Name": "RAILROAD; STREAM\/RIVER", "City": "null", "State": "null" }, "geometry": { "type": "Point", "coordinates": [ -121.929792, 38.030684 ] } },
{ "type": "Feature", "properties": { "FacilityType": "RailwayBridge", "FacilityId": "CA000466", "Anchor": "null", "FoundationType": "null", "eqBldgType": "null", "DesignLevel": "null", "SoilType": "D", "LqfSusCat": 0, "LndSusCat": 0, "WaterDepth": 5.0, "Distance": "null", "PGA": 0.25543802976608276, "PGV": 13.52338695526123, "Sa03": 0.7071109414100647, "Sa10": 0.45895054936408997, "LqfSettlPGD": 0.0, "LqfSprPGD": 0.0, "LqfProb": 0.0, "LndPGD": 0.0, "LndProb": 0.0, "SufFltRuptPGD": 29.523393630981445, "SurfFltRuptProb": 0.5, "PDsNone": 0.8228, "PDsSlight": 0.08, "PDsModerate": 0.0425, "PDsExtensive": 0.04, "PDsComplete": 0.0145, "PDsExceedSlight": 0.1771, "PDsExceedModerate": 0.0971, "PDsExceedExtensive": 0.0545, "FunctDay1": 89.6, "FunctDay3": 92.9, "FunctDay7": 94.5, "FunctDay14": 94.8, "FunctDay30": 95.1, "FunctDay90": 97.2, "EconLoss": 172407.0, "Name": "ATCHISON, TOPEKA & SANTA FE; STREAM\/R...", "City": "null", "State": "null" }, "geometry": { "type": "Point", "coordinates": [ -121.905851, 38.026464 ] } },
{ "type": "Feature", "properties": { "FacilityType": "RailwayBridge", "FacilityId": "CA000468", "Anchor": "null", "FoundationType": "null", "eqBldgType": "null", "DesignLevel": "null", "SoilType": "D", "LqfSusCat": 0, "LndSusCat": 0, "WaterDepth": 5.0, "Distance": "null", "PGA": 0.25543802976608276, "PGV": 13.52338695526123, "Sa03": 0.7071109414100647, "Sa10": 0.45895054936408997, "LqfSettlPGD": 0.0, "LqfSprPGD": 0.0, "LqfProb": 0.0, "LndPGD": 0.0, "LndProb": 0.0, "SufFltRuptPGD": 29.523393630981445, "SurfFltRuptProb": 0.5, "PDsNone": 0.8228, "PDsSlight": 0.08, "PDsModerate": 0.0425, "PDsExtensive": 0.04, "PDsComplete": 0.0145, "PDsExceedSlight": 0.1771, "PDsExceedModerate": 0.0971, "PDsExceedExtensive": 0.0545, "FunctDay1": 89.6, "FunctDay3": 92.9, "FunctDay7": 94.5, "FunctDay14": 94.8, "FunctDay30": 95.1, "FunctDay90": 97.2, "EconLoss": 172407.0, "Name": "RAILROAD AVE; BNSF RY & AMTRAK", "City": "null", "State": "null" }, "geometry": { "type": "Point", "coordinates": [ -121.885928, 38.026541 ] } },
{ "type": "Feature", "properties": { "FacilityType": "RailwayBridge", "FacilityId": "CA000470", "Anchor": "null", "FoundationType": "null", "eqBldgType": "null", "DesignLevel": "null", "SoilType": "D", "LqfSusCat": 0, "LndSusCat": 0, "WaterDepth": 5.0, "Distance": "null", "PGA": 0.24465948343276978, "PGV": 9.4923553466796875, "Sa03": 0.5979543924331665, "Sa10": 0.26503649353981018, "LqfSettlPGD": 0.0, "LqfSprPGD": 0.0, "LqfProb": 0.0, "LndPGD": 0.0, "LndProb": 0.0, "SufFltRuptPGD": 29.523393630981445, "SurfFltRuptProb": 0.5, "PDsNone": 0.9672, "PDsSlight": 0.0193, "PDsModerate": 0.0075, "PDsExtensive": 0.0049, "PDsComplete": 0.0009, "PDsExceedSlight": 0.0327, "PDsExceedModerate": 0.0134, "PDsExceedExtensive": 0.0059, "FunctDay1": 98.4, "FunctDay3": 99.1, "FunctDay7": 99.3, "FunctDay14": 99.4, "FunctDay30": 99.4, "FunctDay90": 99.7, "EconLoss": 18799.759765625, "Name": "SOUTHERN PACIFIC; CANAL\/DITCH", "City": "null", "State": "null" }, "geometry": { "type": "Point", "coordinates": [ -121.863646, 38.016072 ] } },
{ "type": "Feature", "properties": { "FacilityType": "RailwayBridge", "FacilityId": "CA000520", "Anchor": "null", "FoundationType": "null", "eqBldgType": "null", "DesignLevel": "null", "SoilType": "D", "LqfSusCat": 0, "LndSusCat": 0, "WaterDepth": 5.0, "Distance": "null", "PGA": 0.21277272701263428, "PGV": 8.3652181625366211, "Sa03": 0.52310192584991455, "Sa10": 0.23649340867996216, "LqfSettlPGD": 0.0, "LqfSprPGD": 0.0, "LqfProb": 0.0, "LndPGD": 0.0, "LndProb": 0.0, "SufFltRuptPGD": 29.523393630981445, "SurfFltRuptProb": 0.5, "PDsNone": 0.9788, "PDsSlight": 0.0129, "PDsModerate": 0.0047, "PDsExtensive": 0.0028, "PDsComplete": 0.0005, "PDsExceedSlight": 0.0211, "PDsExceedModerate": 0.0081, "PDsExceedExtensive": 0.0033, "FunctDay1": 98.9, "FunctDay3": 99.4, "FunctDay7": 99.6, "FunctDay14": 99.6, "FunctDay30": 99.6, "FunctDay90": 99.8, "EconLoss": 11169.4697265625, "Name": "BRIDGEHEAD ROAD; BNSF RY, UP RR, & AM...", "City": "null", "State": "null" }, "geometry": { "type": "Point", "coordinates": [ -121.750776, 38.009022 ] } },
{ "type": "Feature", "properties": { "FacilityType": "RailwayBridge", "FacilityId": "CA000560", "Anchor": "null", "FoundationType": "null", "eqBldgType": "null", "DesignLevel": "null", "SoilType": "D", "LqfSusCat": 0, "LndSusCat": 0, "WaterDepth": 5.0, "Distance": "null", "PGA": 0.24465948343276978, "PGV": 9.4923553466796875, "Sa03": 0.5979543924331665, "Sa10": 0.26503649353981018, "LqfSettlPGD": 0.0, "LqfSprPGD": 0.0, "LqfProb": 0.0, "LndPGD": 0.0, "LndProb": 0.0, "SufFltRuptPGD": 29.523393630981445, "SurfFltRuptProb": 0.5, "PDsNone": 0.9672, "PDsSlight": 0.0193, "PDsModerate": 0.0075, "PDsExtensive": 0.0049, "PDsComplete": 0.0009, "PDsExceedSlight": 0.0327, "PDsExceedModerate": 0.0134, "PDsExceedExtensive": 0.0059, "FunctDay1": 98.4, "FunctDay3": 99.1, "FunctDay7": 99.3, "FunctDay14": 99.4, "FunctDay30": 99.4, "FunctDay90": 99.7, "EconLoss": 18799.759765625, "Name": "ATCHISON, TOPEKA & SANTA FE; STREAM\/R...", "City": "null", "State": "null" }, "geometry": { "type": "Point", "coordinates": [ -121.838125, 38.019025 ] } },
{ "type": "Feature", "properties": { "FacilityType": "RailwayBridge", "FacilityId": "CA000565", "Anchor": "null", "FoundationType": "null", "eqBldgType": "null", "DesignLevel": "null", "SoilType": "D", "LqfSusCat": 0, "LndSusCat": 0, "WaterDepth": 5.0, "Distance": "null", "PGA": 0.28914901614189148, "PGV": 9.8484163284301758, "Sa03": 0.64303761720657349, "Sa10": 0.26246479153633118, "LqfSettlPGD": 0.0, "LqfSprPGD": 0.0, "LqfProb": 0.0, "LndPGD": 0.0, "LndProb": 0.0, "SufFltRuptPGD": 29.523393630981445, "SurfFltRuptProb": 0.5, "PDsNone": 0.9683, "PDsSlight": 0.0187, "PDsModerate": 0.0072, "PDsExtensive": 0.0047, "PDsComplete": 0.0009, "PDsExceedSlight": 0.0316, "PDsExceedModerate": 0.0128, "PDsExceedExtensive": 0.0056, "FunctDay1": 98.4, "FunctDay3": 99.1, "FunctDay7": 99.4, "FunctDay14": 99.4, "FunctDay30": 99.4, "FunctDay90": 99.7, "EconLoss": 18276.279296875, "Name": "RAILROAD; INTERSTATE ROUTE 680", "City": "null", "State": "null" }, "geometry": { "type": "Point", "coordinates": [ -122.082379, 38.005337 ] } },
{ "type": "Feature", "properties": { "FacilityType": "RailwayBridge", "FacilityId": "CA000568", "Anchor": "null", "FoundationType": "null", "eqBldgType": "null", "DesignLevel": "null", "SoilType": "D", "LqfSusCat": 0, "LndSusCat": 0, "WaterDepth": 5.0, "Distance": "null", "PGA": 0.30504786968231201, "PGV": 12.021832466125488, "Sa03": 0.72809457778930664, "Sa10": 0.32921820878982544, "LqfSettlPGD": 0.0, "LqfSprPGD": 0.0, "LqfProb": 0.0, "LndPGD": 0.0, "LndProb": 0.0, "SufFltRuptPGD": 29.523393630981445, "SurfFltRuptProb": 0.5, "PDsNone": 0.9305, "PDsSlight": 0.0374, "PDsModerate": 0.0164, "PDsExtensive": 0.0124, "PDsComplete": 0.0031, "PDsExceedSlight": 0.0694, "PDsExceedModerate": 0.032, "PDsExceedExtensive": 0.0155, "FunctDay1": 96.3, "FunctDay3": 97.7, "FunctDay7": 98.4, "FunctDay14": 98.5, "FunctDay30": 98.6, "FunctDay90": 99.2, "EconLoss": 49127.4609375, "Name": "ATCHISON, TOPEKA & SANTA FE; STREAM\/R...", "City": "null", "State": "null" }, "geometry": { "type": "Point", "coordinates": [ -122.069215, 38.016295 ] } },
{ "type": "Feature", "properties": { "FacilityType": "RailwayBridge", "FacilityId": "CA000652", "Anchor": "null", "FoundationType": "null", "eqBldgType": "null", "DesignLevel": "null", "SoilType": "D", "LqfSusCat": 0, "LndSusCat": 0, "WaterDepth": 5.0, "Distance": "null", "PGA": 0.24465948343276978, "PGV": 9.4923553466796875, "Sa03": 0.5979543924331665, "Sa10": 0.26503649353981018, "LqfSettlPGD": 0.0, "LqfSprPGD": 0.0, "LqfProb": 0.0, "LndPGD": 0.0, "LndProb": 0.0, "SufFltRuptPGD": 29.523393630981445, "SurfFltRuptProb": 0.5, "PDsNone": 0.9672, "PDsSlight": 0.0193, "PDsModerate": 0.0075, "PDsExtensive": 0.0049, "PDsComplete": 0.0009, "PDsExceedSlight": 0.0327, "PDsExceedModerate": 0.0134, "PDsExceedExtensive": 0.0059, "FunctDay1": 98.4, "FunctDay3": 99.1, "FunctDay7": 99.3, "FunctDay14": 99.4, "FunctDay30": 99.4, "FunctDay90": 99.7, "EconLoss": 18799.759765625, "Name": "ATCHISON, TOPEKA & SANTA FE; STREAM\/R...", "City": "null", "State": "null" }, "geometry": { "type": "Point", "coordinates": [ -121.82649, 38.018807 ] } },
{ "type": "Feature", "properties": { "FacilityType": "RailwayBridge", "FacilityId": "CA000781", "Anchor": "null", "FoundationType": "null", "eqBldgType": "null", "DesignLevel": "null", "SoilType": "D", "LqfSusCat": 0, "LndSusCat": 0, "WaterDepth": 5.0, "Distance": "null", "PGA": 0.2888011634349823, "PGV": 15.714386940002441, "Sa03": 0.76704096794128418, "Sa10": 0.52228081226348877, "LqfSettlPGD": 0.0, "LqfSprPGD": 0.0, "LqfProb": 0.0, "LndPGD": 0.0, "LndProb": 0.0, "SufFltRuptPGD": 29.523393630981445, "SurfFltRuptProb": 0.5, "PDsNone": 0.7613, "PDsSlight": 0.0991, "PDsModerate": 0.0566, "PDsExtensive": 0.0582, "PDsComplete": 0.0245, "PDsExceedSlight": 0.2386, "PDsExceedModerate": 0.1394, "PDsExceedExtensive": 0.0828, "FunctDay1": 85.4, "FunctDay3": 89.5, "FunctDay7": 91.7, "FunctDay14": 92.1, "FunctDay30": 92.6, "FunctDay90": 95.6, "EconLoss": 264875.1875, "Name": "SOUTHERN PACIFIC; STREAM\/RIVER", "City": "null", "State": "null" }, "geometry": { "type": "Point", "coordinates": [ -122.080275, 38.031359 ] } },
{ "type": "Feature", "properties": { "FacilityType": "RailwayBridge", "FacilityId": "CA000785", "Anchor": "null", "FoundationType": "null", "eqBldgType": "null", "DesignLevel": "null", "SoilType": "D", "LqfSusCat": 0, "LndSusCat": 0, "WaterDepth": 5.0, "Distance": "null", "PGA": 0.2888011634349823, "PGV": 15.714386940002441, "Sa03": 0.76704096794128418, "Sa10": 0.52228081226348877, "LqfSettlPGD": 0.0, "LqfSprPGD": 0.0, "LqfProb": 0.0, "LndPGD": 0.0, "LndProb": 0.0, "SufFltRuptPGD": 29.523393630981445, "SurfFltRuptProb": 0.5, "PDsNone": 0.7613, "PDsSlight": 0.0991, "PDsModerate": 0.0566, "PDsExtensive": 0.0582, "PDsComplete": 0.0245, "PDsExceedSlight": 0.2386, "PDsExceedModerate": 0.1394, "PDsExceedExtensive": 0.0828, "FunctDay1": 85.4, "FunctDay3": 89.5, "FunctDay7": 91.7, "FunctDay14": 92.1, "FunctDay30": 92.6, "FunctDay90": 95.6, "EconLoss": 264875.1875, "Name": "SOUTHERN PACIFIC; STREAM\/RIVER", "City": "null", "State": "null" }, "geometry": { "type": "Point", "coordinates": [ -122.105479, 38.026066 ] } },
{ "type": "Feature", "properties": { "FacilityType": "RailwayBridge", "FacilityId": "CA000786", "Anchor": "null", "FoundationType": "null", "eqBldgType": "null", "DesignLevel": "null", "SoilType": "D", "LqfSusCat": 0, "LndSusCat": 0, "WaterDepth": 5.0, "Distance": "null", "PGA": 0.21277272701263428, "PGV": 8.3652181625366211, "Sa03": 0.52310192584991455, "Sa10": 0.23649340867996216, "LqfSettlPGD": 0.0, "LqfSprPGD": 0.0, "LqfProb": 0.0, "LndPGD": 0.0, "LndProb": 0.0, "SufFltRuptPGD": 29.523393630981445, "SurfFltRuptProb": 0.5, "PDsNone": 0.9788, "PDsSlight": 0.0129, "PDsModerate": 0.0047, "PDsExtensive": 0.0028, "PDsComplete": 0.0005, "PDsExceedSlight": 0.0211, "PDsExceedModerate": 0.0081, "PDsExceedExtensive": 0.0033, "FunctDay1": 98.9, "FunctDay3": 99.4, "FunctDay7": 99.6, "FunctDay14": 99.6, "FunctDay30": 99.6, "FunctDay90": 99.8, "EconLoss": 11169.4697265625, "Name": "SOUTHERN PACIFIC; CANAL\/DITCH", "City": "null", "State": "null" }, "geometry": { "type": "Point", "coordinates": [ -121.743469, 37.983233 ] } },
{ "type": "Feature", "properties": { "FacilityType": "RailwayBridge", "FacilityId": "CA000789", "Anchor": "null", "FoundationType": "null", "eqBldgType": "null", "DesignLevel": "null", "SoilType": "D", "LqfSusCat": 0, "LndSusCat": 0, "WaterDepth": 5.0, "Distance": "null", "PGA": 0.28914901614189148, "PGV": 9.8484163284301758, "Sa03": 0.64303761720657349, "Sa10": 0.26246479153633118, "LqfSettlPGD": 0.0, "LqfSprPGD": 0.0, "LqfProb": 0.0, "LndPGD": 0.0, "LndProb": 0.0, "SufFltRuptPGD": 29.523393630981445, "SurfFltRuptProb": 0.5, "PDsNone": 0.9683, "PDsSlight": 0.0187, "PDsModerate": 0.0072, "PDsExtensive": 0.0047, "PDsComplete": 0.0009, "PDsExceedSlight": 0.0316, "PDsExceedModerate": 0.0128, "PDsExceedExtensive": 0.0056, "FunctDay1": 98.4, "FunctDay3": 99.1, "FunctDay7": 99.4, "FunctDay14": 99.4, "FunctDay30": 99.4, "FunctDay90": 99.7, "EconLoss": 18276.279296875, "Name": "PACHECO ROAD; BNSF RY", "City": "null", "State": "null" }, "geometry": { "type": "Point", "coordinates": [ -122.085909, 38.004494 ] } },
{ "type": "Feature", "properties": { "FacilityType": "RailwayBridge", "FacilityId": "CA000790", "Anchor": "null", "FoundationType": "null", "eqBldgType": "null", "DesignLevel": "null", "SoilType": "D", "LqfSusCat": 0, "LndSusCat": 0, "WaterDepth": 5.0, "Distance": "null", "PGA": 0.2055048793554306, "PGV": 8.71514892578125, "Sa03": 0.53198921680450439, "Sa10": 0.26307255029678345, "LqfSettlPGD": 0.0, "LqfSprPGD": 0.0, "LqfProb": 0.0, "LndPGD": 0.0, "LndProb": 0.0, "SufFltRuptPGD": 29.523393630981445, "SurfFltRuptProb": 0.5, "PDsNone": 0.9681, "PDsSlight": 0.0188, "PDsModerate": 0.0073, "PDsExtensive": 0.0047, "PDsComplete": 0.0009, "PDsExceedSlight": 0.0318, "PDsExceedModerate": 0.013, "PDsExceedExtensive": 0.0057, "FunctDay1": 98.4, "FunctDay3": 99.1, "FunctDay7": 99.4, "FunctDay14": 99.4, "FunctDay30": 99.4, "FunctDay90": 99.7, "EconLoss": 18338.869140625, "Name": "ATCHISON, TOPEKA & SANTA FE; CANAL\/DITCH", "City": "null", "State": "null" }, "geometry": { "type": "Point", "coordinates": [ -121.702936, 37.994853 ] } },
{ "type": "Feature", "properties": { "FacilityType": "RailwayBridge", "FacilityId": "CA000791", "Anchor": "null", "FoundationType": "null", "eqBldgType": "null", "DesignLevel": "null", "SoilType": "D", "LqfSusCat": 0, "LndSusCat": 0, "WaterDepth": 5.0, "Distance": "null", "PGA": 0.28914901614189148, "PGV": 9.8484163284301758, "Sa03": 0.64303761720657349, "Sa10": 0.26246479153633118, "LqfSettlPGD": 0.0, "LqfSprPGD": 0.0, "LqfProb": 0.0, "LndPGD": 0.0, "LndProb": 0.0, "SufFltRuptPGD": 29.523393630981445, "SurfFltRuptProb": 0.5, "PDsNone": 0.9683, "PDsSlight": 0.0187, "PDsModerate": 0.0072, "PDsExtensive": 0.0047, "PDsComplete": 0.0009, "PDsExceedSlight": 0.0316, "PDsExceedModerate": 0.0128, "PDsExceedExtensive": 0.0056, "FunctDay1": 98.4, "FunctDay3": 99.1, "FunctDay7": 99.4, "FunctDay14": 99.4, "FunctDay30": 99.4, "FunctDay90": 99.7, "EconLoss": 18276.279296875, "Name": "MORELLO AVE; BNSF RY", "City": "null", "State": "null" }, "geometry": { "type": "Point", "coordinates": [ -122.102043, 38.005241 ] } },
{ "type": "Feature", "properties": { "FacilityType": "RailwayBridge", "FacilityId": "CA000880", "Anchor": "null", "FoundationType": "null", "eqBldgType": "null", "DesignLevel": "null", "SoilType": "D", "LqfSusCat": 0, "LndSusCat": 0, "WaterDepth": 5.0, "Distance": "null", "PGA": 0.25543802976608276, "PGV": 13.52338695526123, "Sa03": 0.7071109414100647, "Sa10": 0.45895054936408997, "LqfSettlPGD": 0.0, "LqfSprPGD": 0.0, "LqfProb": 0.0, "LndPGD": 0.0, "LndProb": 0.0, "SufFltRuptPGD": 29.523393630981445, "SurfFltRuptProb": 0.5, "PDsNone": 0.8228, "PDsSlight": 0.08, "PDsModerate": 0.0425, "PDsExtensive": 0.04, "PDsComplete": 0.0145, "PDsExceedSlight": 0.1771, "PDsExceedModerate": 0.0971, "PDsExceedExtensive": 0.0545, "FunctDay1": 89.6, "FunctDay3": 92.9, "FunctDay7": 94.5, "FunctDay14": 94.8, "FunctDay30": 95.1, "FunctDay90": 97.2, "EconLoss": 172407.0, "Name": "RAILROAD; STREAM\/RIVER", "City": "null", "State": "null" }, "geometry": { "type": "Point", "coordinates": [ -121.921784, 38.028652 ] } },
{ "type": "Feature", "properties": { "FacilityType": "RailwayBridge", "FacilityId": "CA000883", "Anchor": "null", "FoundationType": "null", "eqBldgType": "null", "DesignLevel": "null", "SoilType": "D", "LqfSusCat": 0, "LndSusCat": 0, "WaterDepth": 5.0, "Distance": "null", "PGA": 0.25543802976608276, "PGV": 13.52338695526123, "Sa03": 0.7071109414100647, "Sa10": 0.45895054936408997, "LqfSettlPGD": 0.0, "LqfSprPGD": 0.0, "LqfProb": 0.0, "LndPGD": 0.0, "LndProb": 0.0, "SufFltRuptPGD": 29.523393630981445, "SurfFltRuptProb": 0.5, "PDsNone": 0.8228, "PDsSlight": 0.08, "PDsModerate": 0.0425, "PDsExtensive": 0.04, "PDsComplete": 0.0145, "PDsExceedSlight": 0.1771, "PDsExceedModerate": 0.0971, "PDsExceedExtensive": 0.0545, "FunctDay1": 89.6, "FunctDay3": 92.9, "FunctDay7": 94.5, "FunctDay14": 94.8, "FunctDay30": 95.1, "FunctDay90": 97.2, "EconLoss": 172407.0, "Name": "SOUTHERN PACIFIC; STREAM\/RIVER", "City": "null", "State": "null" }, "geometry": { "type": "Point", "coordinates": [ -121.905653, 38.025963 ] } },
{ "type": "Feature", "properties": { "FacilityType": "RailwayBridge", "FacilityId": "CA000912", "Anchor": "null", "FoundationType": "null", "eqBldgType": "null", "DesignLevel": "null", "SoilType": "D", "LqfSusCat": 0, "LndSusCat": 0, "WaterDepth": 5.0, "Distance": "null", "PGA": 0.32494053244590759, "PGV": 14.086722373962402, "Sa03": 0.80031126737594604, "Sa10": 0.42130327224731445, "LqfSettlPGD": 0.0, "LqfSprPGD": 0.0, "LqfProb": 0.0, "LndPGD": 0.0, "LndProb": 0.0, "SufFltRuptPGD": 29.523393630981445, "SurfFltRuptProb": 0.5, "PDsNone": 0.8574, "PDsSlight": 0.0677, "PDsModerate": 0.0343, "PDsExtensive": 0.0304, "PDsComplete": 0.01, "PDsExceedSlight": 0.1425, "PDsExceedModerate": 0.0748, "PDsExceedExtensive": 0.0405, "FunctDay1": 91.9, "FunctDay3": 94.6, "FunctDay7": 95.9, "FunctDay14": 96.1, "FunctDay30": 96.4, "FunctDay90": 97.9, "EconLoss": 127313.75, "Name": "BARTD (C5022); BANCROFT ROAD", "City": "null", "State": "null" }, "geometry": { "type": "Point", "coordinates": [ -122.046844, 37.934035 ] } },
{ "type": "Feature", "properties": { "FacilityType": "RailwayBridge", "FacilityId": "CA000913", "Anchor": "null", "FoundationType": "null", "eqBldgType": "null", "DesignLevel": "null", "SoilType": "D", "LqfSusCat": 0, "LndSusCat": 0, "WaterDepth": 5.0, "Distance": "null", "PGA": 0.27343964576721191, "PGV": 14.547263145446777, "Sa03": 0.74149256944656372, "Sa10": 0.49189117550849915, "LqfSettlPGD": 0.0, "LqfSprPGD": 0.0, "LqfProb": 0.0, "LndPGD": 0.0, "LndProb": 0.0, "SufFltRuptPGD": 29.523393630981445, "SurfFltRuptProb": 0.5, "PDsNone": 0.7911, "PDsSlight": 0.0902, "PDsModerate": 0.0499, "PDsExtensive": 0.0492, "PDsComplete": 0.0193, "PDsExceedSlight": 0.2088, "PDsExceedModerate": 0.1185, "PDsExceedExtensive": 0.0685, "FunctDay1": 87.5, "FunctDay3": 91.2, "FunctDay7": 93.1, "FunctDay14": 93.5, "FunctDay30": 93.8, "FunctDay90": 96.4, "EconLoss": 217915.625, "Name": "RAILROAD; STREAM\/RIVER", "City": "null", "State": "null" }, "geometry": { "type": "Point", "coordinates": [ -121.996904, 38.044763 ] } },
{ "type": "Feature", "properties": { "FacilityType": "RailwayBridge", "FacilityId": "CA000916", "Anchor": "null", "FoundationType": "null", "eqBldgType": "null", "DesignLevel": "null", "SoilType": "D", "LqfSusCat": 0, "LndSusCat": 0, "WaterDepth": 5.0, "Distance": "null", "PGA": 0.28153252601623535, "PGV": 15.143756866455078, "Sa03": 0.75594973564147949, "Sa10": 0.50844579935073853, "LqfSettlPGD": 0.0, "LqfSprPGD": 0.0, "LqfProb": 0.0, "LndPGD": 0.0, "LndProb": 0.0, "SufFltRuptPGD": 29.523393630981445, "SurfFltRuptProb": 0.5, "PDsNone": 0.775, "PDsSlight": 0.0951, "PDsModerate": 0.0536, "PDsExtensive": 0.054, "PDsComplete": 0.0221, "PDsExceedSlight": 0.2249, "PDsExceedModerate": 0.1298, "PDsExceedExtensive": 0.0761, "FunctDay1": 86.4, "FunctDay3": 90.3, "FunctDay7": 92.4, "FunctDay14": 92.8, "FunctDay30": 93.2, "FunctDay90": 96.0, "EconLoss": 243196.28125, "Name": "SOUTHERN PACIFIC; STREAM\/RIVER", "City": "null", "State": "null" }, "geometry": { "type": "Point", "coordinates": [ -122.070071, 38.034214 ] } },
{ "type": "Feature", "properties": { "FacilityType": "RailwayBridge", "FacilityId": "CA000918", "Anchor": "null", "FoundationType": "null", "eqBldgType": "null", "DesignLevel": "null", "SoilType": "D", "LqfSusCat": 0, "LndSusCat": 0, "WaterDepth": 5.0, "Distance": "null", "PGA": 0.25543802976608276, "PGV": 13.52338695526123, "Sa03": 0.7071109414100647, "Sa10": 0.45895054936408997, "LqfSettlPGD": 0.0, "LqfSprPGD": 0.0, "LqfProb": 0.0, "LndPGD": 0.0, "LndProb": 0.0, "SufFltRuptPGD": 29.523393630981445, "SurfFltRuptProb": 0.5, "PDsNone": 0.8228, "PDsSlight": 0.08, "PDsModerate": 0.0425, "PDsExtensive": 0.04, "PDsComplete": 0.0145, "PDsExceedSlight": 0.1771, "PDsExceedModerate": 0.0971, "PDsExceedExtensive": 0.0545, "FunctDay1": 89.6, "FunctDay3": 92.9, "FunctDay7": 94.5, "FunctDay14": 94.8, "FunctDay30": 95.1, "FunctDay90": 97.2, "EconLoss": 172407.0, "Name": "RAILROAD; STREAM\/RIVER", "City": "null", "State": "null" }, "geometry": { "type": "Point", "coordinates": [ -121.9012, 38.031935 ] } },
{ "type": "Feature", "properties": { "FacilityType": "RailwayBridge", "FacilityId": "CA000922", "Anchor": "null", "FoundationType": "null", "eqBldgType": "null", "DesignLevel": "null", "SoilType": "D", "LqfSusCat": 0, "LndSusCat": 0, "WaterDepth": 5.0, "Distance": "null", "PGA": 0.28914901614189148, "PGV": 9.8484163284301758, "Sa03": 0.64303761720657349, "Sa10": 0.26246479153633118, "LqfSettlPGD": 0.0, "LqfSprPGD": 0.0, "LqfProb": 0.0, "LndPGD": 0.0, "LndProb": 0.0, "SufFltRuptPGD": 29.523393630981445, "SurfFltRuptProb": 0.5, "PDsNone": 0.9683, "PDsSlight": 0.0187, "PDsModerate": 0.0072, "PDsExtensive": 0.0047, "PDsComplete": 0.0009, "PDsExceedSlight": 0.0316, "PDsExceedModerate": 0.0128, "PDsExceedExtensive": 0.0056, "FunctDay1": 98.4, "FunctDay3": 99.1, "FunctDay7": 99.4, "FunctDay14": 99.4, "FunctDay30": 99.4, "FunctDay90": 99.7, "EconLoss": 18276.279296875, "Name": "ATCHISON, TOPEKA & SANTA FE; STREAM\/R...", "City": "null", "State": "null" }, "geometry": { "type": "Point", "coordinates": [ -122.081361, 38.005965 ] } },
{ "type": "Feature", "properties": { "FacilityType": "RailwayBridge", "FacilityId": "CA000923", "Anchor": "null", "FoundationType": "null", "eqBldgType": "null", "DesignLevel": "null", "SoilType": "D", "LqfSusCat": 0, "LndSusCat": 0, "WaterDepth": 5.0, "Distance": "null", "PGA": 0.26466062664985657, "PGV": 14.063728332519531, "Sa03": 0.7253606915473938, "Sa10": 0.47763624787330627, "LqfSettlPGD": 0.0, "LqfSprPGD": 0.0, "LqfProb": 0.0, "LndPGD": 0.0, "LndProb": 0.0, "SufFltRuptPGD": 29.523393630981445, "SurfFltRuptProb": 0.5, "PDsNone": 0.8049, "PDsSlight": 0.0859, "PDsModerate": 0.0467, "PDsExtensive": 0.0451, "PDsComplete": 0.0171, "PDsExceedSlight": 0.195, "PDsExceedModerate": 0.109, "PDsExceedExtensive": 0.0623, "FunctDay1": 88.4, "FunctDay3": 91.9, "FunctDay7": 93.8, "FunctDay14": 94.1, "FunctDay30": 94.4, "FunctDay90": 96.8, "EconLoss": 197374.71875, "Name": "ATCHISON, TOPEKA & SANTA FE; UNREPRES...", "City": "null", "State": "null" }, "geometry": { "type": "Point", "coordinates": [ -121.944116, 38.034042 ] } },
{ "type": "Feature", "properties": { "FacilityType": "RailwayBridge", "FacilityId": "CA000929", "Anchor": "null", "FoundationType": "null", "eqBldgType": "null", "DesignLevel": "null", "SoilType": "D", "LqfSusCat": 0, "LndSusCat": 0, "WaterDepth": 5.0, "Distance": "null", "PGA": 0.27343964576721191, "PGV": 14.547263145446777, "Sa03": 0.74149256944656372, "Sa10": 0.49189117550849915, "LqfSettlPGD": 0.0, "LqfSprPGD": 0.0, "LqfProb": 0.0, "LndPGD": 0.0, "LndProb": 0.0, "SufFltRuptPGD": 29.523393630981445, "SurfFltRuptProb": 0.5, "PDsNone": 0.7911, "PDsSlight": 0.0902, "PDsModerate": 0.0499, "PDsExtensive": 0.0492, "PDsComplete": 0.0193, "PDsExceedSlight": 0.2088, "PDsExceedModerate": 0.1185, "PDsExceedExtensive": 0.0685, "FunctDay1": 87.5, "FunctDay3": 91.2, "FunctDay7": 93.1, "FunctDay14": 93.5, "FunctDay30": 93.8, "FunctDay90": 96.4, "EconLoss": 217915.625, "Name": "ATCHISON, TOPEKA & SANTA FE; STREAM\/R...", "City": "null", "State": "null" }, "geometry": { "type": "Point", "coordinates": [ -121.990208, 38.043985 ] } },
{ "type": "Feature", "properties": { "FacilityType": "RailwayBridge", "FacilityId": "CA000932", "Anchor": "null", "FoundationType": "null", "eqBldgType": "null", "DesignLevel": "null", "SoilType": "D", "LqfSusCat": 0, "LndSusCat": 0, "WaterDepth": 5.0, "Distance": "null", "PGA": 0.25543802976608276, "PGV": 13.52338695526123, "Sa03": 0.7071109414100647, "Sa10": 0.45895054936408997, "LqfSettlPGD": 0.0, "LqfSprPGD": 0.0, "LqfProb": 0.0, "LndPGD": 0.0, "LndProb": 0.0, "SufFltRuptPGD": 29.523393630981445, "SurfFltRuptProb": 0.5, "PDsNone": 0.8228, "PDsSlight": 0.08, "PDsModerate": 0.0425, "PDsExtensive": 0.04, "PDsComplete": 0.0145, "PDsExceedSlight": 0.1771, "PDsExceedModerate": 0.0971, "PDsExceedExtensive": 0.0545, "FunctDay1": 89.6, "FunctDay3": 92.9, "FunctDay7": 94.5, "FunctDay14": 94.8, "FunctDay30": 95.1, "FunctDay90": 97.2, "EconLoss": 172407.0, "Name": "ATCHISON, TOPEKA & SANTA FE; STREAM\/R...", "City": "null", "State": "null" }, "geometry": { "type": "Point", "coordinates": [ -121.921825, 38.028391 ] } },
{ "type": "Feature", "properties": { "FacilityType": "RailwayBridge", "FacilityId": "CA000935", "Anchor": "null", "FoundationType": "null", "eqBldgType": "null", "DesignLevel": "null", "SoilType": "D", "LqfSusCat": 0, "LndSusCat": 0, "WaterDepth": 5.0, "Distance": "null", "PGA": 0.27343964576721191, "PGV": 14.547263145446777, "Sa03": 0.74149256944656372, "Sa10": 0.49189117550849915, "LqfSettlPGD": 0.0, "LqfSprPGD": 0.0, "LqfProb": 0.0, "LndPGD": 0.0, "LndProb": 0.0, "SufFltRuptPGD": 29.523393630981445, "SurfFltRuptProb": 0.5, "PDsNone": 0.7911, "PDsSlight": 0.0902, "PDsModerate": 0.0499, "PDsExtensive": 0.0492, "PDsComplete": 0.0193, "PDsExceedSlight": 0.2088, "PDsExceedModerate": 0.1185, "PDsExceedExtensive": 0.0685, "FunctDay1": 87.5, "FunctDay3": 91.2, "FunctDay7": 93.1, "FunctDay14": 93.5, "FunctDay30": 93.8, "FunctDay90": 96.4, "EconLoss": 217915.625, "Name": "SOUTHERN PACIFIC; STREAM\/RIVER", "City": "null", "State": "null" }, "geometry": { "type": "Point", "coordinates": [ -121.997076, 38.047483 ] } },
{ "type": "Feature", "properties": { "FacilityType": "RailwayBridge", "FacilityId": "CA000944", "Anchor": "null", "FoundationType": "null", "eqBldgType": "null", "DesignLevel": "null", "SoilType": "D", "LqfSusCat": 0, "LndSusCat": 0, "WaterDepth": 5.0, "Distance": "null", "PGA": 0.20270222425460815, "PGV": 8.1746959686279297, "Sa03": 0.50676202774047852, "Sa10": 0.23597131669521332, "LqfSettlPGD": 0.0, "LqfSprPGD": 0.0, "LqfProb": 0.0, "LndPGD": 0.0, "LndProb": 0.0, "SufFltRuptPGD": 29.523393630981445, "SurfFltRuptProb": 0.5, "PDsNone": 0.979, "PDsSlight": 0.0128, "PDsModerate": 0.0046, "PDsExtensive": 0.0028, "PDsComplete": 0.0004, "PDsExceedSlight": 0.0209, "PDsExceedModerate": 0.008, "PDsExceedExtensive": 0.0033, "FunctDay1": 99.0, "FunctDay3": 99.4, "FunctDay7": 99.6, "FunctDay14": 99.6, "FunctDay30": 99.6, "FunctDay90": 99.8, "EconLoss": 10537.8798828125, "Name": "SOUTHERN PACIFIC; STREAM\/RIVER", "City": "null", "State": "null" }, "geometry": { "type": "Point", "coordinates": [ -121.617868, 37.844244 ] } },
{ "type": "Feature", "properties": { "FacilityType": "RailwayBridge", "FacilityId": "CA000945", "Anchor": "null", "FoundationType": "null", "eqBldgType": "null", "DesignLevel": "null", "SoilType": "D", "LqfSusCat": 0, "LndSusCat": 0, "WaterDepth": 5.0, "Distance": "null", "PGA": 0.21150253713130951, "PGV": 8.5281553268432617, "Sa03": 0.52929532527923584, "Sa10": 0.24595637619495392, "LqfSettlPGD": 0.0, "LqfSprPGD": 0.0, "LqfProb": 0.0, "LndPGD": 0.0, "LndProb": 0.0, "SufFltRuptPGD": 29.523393630981445, "SurfFltRuptProb": 0.5, "PDsNone": 0.9753, "PDsSlight": 0.0149, "PDsModerate": 0.0055, "PDsExtensive": 0.0034, "PDsComplete": 0.0006, "PDsExceedSlight": 0.0246, "PDsExceedModerate": 0.0097, "PDsExceedExtensive": 0.0041, "FunctDay1": 98.8, "FunctDay3": 99.3, "FunctDay7": 99.5, "FunctDay14": 99.5, "FunctDay30": 99.6, "FunctDay90": 99.7, "EconLoss": 13297.5302734375, "Name": "SOUTHERN PACIFIC; CANAL\/DITCH", "City": "null", "State": "null" }, "geometry": { "type": "Point", "coordinates": [ -121.597098, 37.824068 ] } },
{ "type": "Feature", "properties": { "FacilityType": "RailwayBridge", "FacilityId": "CA001023", "Anchor": "null", "FoundationType": "null", "eqBldgType": "null", "DesignLevel": "null", "SoilType": "D", "LqfSusCat": 0, "LndSusCat": 0, "WaterDepth": 5.0, "Distance": "null", "PGA": 0.32111510634422302, "PGV": 11.395089149475098, "Sa03": 0.7213207483291626, "Sa10": 0.30600848793983459, "LqfSettlPGD": 0.0, "LqfSprPGD": 0.0, "LqfProb": 0.0, "LndPGD": 0.0, "LndProb": 0.0, "SufFltRuptPGD": 29.523393630981445, "SurfFltRuptProb": 0.5, "PDsNone": 0.9453, "PDsSlight": 0.0303, "PDsModerate": 0.0128, "PDsExtensive": 0.0092, "PDsComplete": 0.0021, "PDsExceedSlight": 0.0546, "PDsExceedModerate": 0.0242, "PDsExceedExtensive": 0.0113, "FunctDay1": 97.2, "FunctDay3": 98.3, "FunctDay7": 98.8, "FunctDay14": 98.9, "FunctDay30": 98.9, "FunctDay90": 99.4, "EconLoss": 36034.76953125, "Name": "BARTD (C3008); OAKLAND BLVD", "City": "null", "State": "null" }, "geometry": { "type": "Point", "coordinates": [ -122.069692, 37.901824 ] } },
{ "type": "Feature", "properties": { "FacilityType": "RailwayBridge", "FacilityId": "CA001025", "Anchor": "null", "FoundationType": "null", "eqBldgType": "null", "DesignLevel": "null", "SoilType": "D", "LqfSusCat": 0, "LndSusCat": 0, "WaterDepth": 5.0, "Distance": "null", "PGA": 0.32111510634422302, "PGV": 11.395089149475098, "Sa03": 0.7213207483291626, "Sa10": 0.30600848793983459, "LqfSettlPGD": 0.0, "LqfSprPGD": 0.0, "LqfProb": 0.0, "LndPGD": 0.0, "LndProb": 0.0, "SufFltRuptPGD": 29.523393630981445, "SurfFltRuptProb": 0.5, "PDsNone": 0.9453, "PDsSlight": 0.0303, "PDsModerate": 0.0128, "PDsExtensive": 0.0092, "PDsComplete": 0.0021, "PDsExceedSlight": 0.0546, "PDsExceedModerate": 0.0242, "PDsExceedExtensive": 0.0113, "FunctDay1": 97.2, "FunctDay3": 98.3, "FunctDay7": 98.8, "FunctDay14": 98.9, "FunctDay30": 98.9, "FunctDay90": 99.4, "EconLoss": 36034.76953125, "Name": "BARTD (C3010); N. CALIFORNIA BLVD", "City": "null", "State": "null" }, "geometry": { "type": "Point", "coordinates": [ -122.066516, 37.90711 ] } },
{ "type": "Feature", "properties": { "FacilityType": "RailwayBridge", "FacilityId": "CA001029", "Anchor": "null", "FoundationType": "null", "eqBldgType": "null", "DesignLevel": "null", "SoilType": "D", "LqfSusCat": 0, "LndSusCat": 0, "WaterDepth": 5.0, "Distance": "null", "PGA": 0.32494053244590759, "PGV": 14.086722373962402, "Sa03": 0.80031126737594604, "Sa10": 0.42130327224731445, "LqfSettlPGD": 0.0, "LqfSprPGD": 0.0, "LqfProb": 0.0, "LndPGD": 0.0, "LndProb": 0.0, "SufFltRuptPGD": 29.523393630981445, "SurfFltRuptProb": 0.5, "PDsNone": 0.8574, "PDsSlight": 0.0677, "PDsModerate": 0.0343, "PDsExtensive": 0.0304, "PDsComplete": 0.01, "PDsExceedSlight": 0.1425, "PDsExceedModerate": 0.0748, "PDsExceedExtensive": 0.0405, "FunctDay1": 91.9, "FunctDay3": 94.6, "FunctDay7": 95.9, "FunctDay14": 96.1, "FunctDay30": 96.4, "FunctDay90": 97.9, "EconLoss": 127313.75, "Name": "COWELL ROAD; BARTD (C3013)", "City": "null", "State": "null" }, "geometry": { "type": "Point", "coordinates": [ -122.031226, 37.968443 ] } },
{ "type": "Feature", "properties": { "FacilityType": "RailwayBridge", "FacilityId": "CA001030", "Anchor": "null", "FoundationType": "null", "eqBldgType": "null", "DesignLevel": "null", "SoilType": "D", "LqfSusCat": 0, "LndSusCat": 0, "WaterDepth": 5.0, "Distance": "null", "PGA": 0.32111510634422302, "PGV": 11.395089149475098, "Sa03": 0.7213207483291626, "Sa10": 0.30600848793983459, "LqfSettlPGD": 0.0, "LqfSprPGD": 0.0, "LqfProb": 0.0, "LndPGD": 0.0, "LndProb": 0.0, "SufFltRuptPGD": 29.523393630981445, "SurfFltRuptProb": 0.5, "PDsNone": 0.9453, "PDsSlight": 0.0303, "PDsModerate": 0.0128, "PDsExtensive": 0.0092, "PDsComplete": 0.0021, "PDsExceedSlight": 0.0546, "PDsExceedModerate": 0.0242, "PDsExceedExtensive": 0.0113, "FunctDay1": 97.2, "FunctDay3": 98.3, "FunctDay7": 98.8, "FunctDay14": 98.9, "FunctDay30": 98.9, "FunctDay90": 99.4, "EconLoss": 36034.76953125, "Name": "BARTD (C3010); PARKSIDE ROAD", "City": "null", "State": "null" }, "geometry": { "type": "Point", "coordinates": [ -122.064049, 37.91183 ] } },
{ "type": "Feature", "properties": { "FacilityType": "RailwayBridge", "FacilityId": "CA001035", "Anchor": "null", "FoundationType": "null", "eqBldgType": "null", "DesignLevel": "null", "SoilType": "D", "LqfSusCat": 0, "LndSusCat": 0, "WaterDepth": 5.0, "Distance": "null", "PGA": 0.32111510634422302, "PGV": 11.395089149475098, "Sa03": 0.7213207483291626, "Sa10": 0.30600848793983459, "LqfSettlPGD": 0.0, "LqfSprPGD": 0.0, "LqfProb": 0.0, "LndPGD": 0.0, "LndProb": 0.0, "SufFltRuptPGD": 29.523393630981445, "SurfFltRuptProb": 0.5, "PDsNone": 0.9453, "PDsSlight": 0.0303, "PDsModerate": 0.0128, "PDsExtensive": 0.0092, "PDsComplete": 0.0021, "PDsExceedSlight": 0.0546, "PDsExceedModerate": 0.0242, "PDsExceedExtensive": 0.0113, "FunctDay1": 97.2, "FunctDay3": 98.3, "FunctDay7": 98.8, "FunctDay14": 98.9, "FunctDay30": 98.9, "FunctDay90": 99.4, "EconLoss": 36034.76953125, "Name": "BARTD (C3009); YGNACIO VALLEY RD", "City": "null", "State": "null" }, "geometry": { "type": "Point", "coordinates": [ -122.068085, 37.904503 ] } },
{ "type": "Feature", "properties": { "FacilityType": "RailwayBridge", "FacilityId": "CA001037", "Anchor": "null", "FoundationType": "null", "eqBldgType": "null", "DesignLevel": "null", "SoilType": "D", "LqfSusCat": 0, "LndSusCat": 0, "WaterDepth": 5.0, "Distance": "null", "PGA": 0.28153252601623535, "PGV": 15.143756866455078, "Sa03": 0.75594973564147949, "Sa10": 0.50844579935073853, "LqfSettlPGD": 0.0, "LqfSprPGD": 0.0, "LqfProb": 0.0, "LndPGD": 0.0, "LndProb": 0.0, "SufFltRuptPGD": 29.523393630981445, "SurfFltRuptProb": 0.5, "PDsNone": 0.775, "PDsSlight": 0.0951, "PDsModerate": 0.0536, "PDsExtensive": 0.054, "PDsComplete": 0.0221, "PDsExceedSlight": 0.2249, "PDsExceedModerate": 0.1298, "PDsExceedExtensive": 0.0761, "FunctDay1": 86.4, "FunctDay3": 90.3, "FunctDay7": 92.4, "FunctDay14": 92.8, "FunctDay30": 93.2, "FunctDay90": 96.0, "EconLoss": 243196.28125, "Name": "ATCHISON, TOPEKA & SANTA FE; SWAMP\/MARSH", "City": "null", "State": "null" }, "geometry": { "type": "Point", "coordinates": [ -122.04271, 38.035514 ] } },
{ "type": "Feature", "properties": { "FacilityType": "RailwayBridge", "FacilityId": "CA001045", "Anchor": "null", "FoundationType": "null", "eqBldgType": "null", "DesignLevel": "null", "SoilType": "D", "LqfSusCat": 0, "LndSusCat": 0, "WaterDepth": 5.0, "Distance": "null", "PGA": 0.30504786968231201, "PGV": 12.021832466125488, "Sa03": 0.72809457778930664, "Sa10": 0.32921820878982544, "LqfSettlPGD": 0.0, "LqfSprPGD": 0.0, "LqfProb": 0.0, "LndPGD": 0.0, "LndProb": 0.0, "SufFltRuptPGD": 29.523393630981445, "SurfFltRuptProb": 0.5, "PDsNone": 0.9305, "PDsSlight": 0.0374, "PDsModerate": 0.0164, "PDsExtensive": 0.0124, "PDsComplete": 0.0031, "PDsExceedSlight": 0.0694, "PDsExceedModerate": 0.032, "PDsExceedExtensive": 0.0155, "FunctDay1": 96.3, "FunctDay3": 97.7, "FunctDay7": 98.4, "FunctDay14": 98.5, "FunctDay30": 98.6, "FunctDay90": 99.2, "EconLoss": 49127.4609375, "Name": "ATCHISON, TOPEKA & SANTA FE; HASTINGS...", "City": "null", "State": "null" }, "geometry": { "type": "Point", "coordinates": [ -122.058159, 38.024862 ] } },
{ "type": "Feature", "properties": { "FacilityType": "RailwayBridge", "FacilityId": "CA001050", "Anchor": "null", "FoundationType": "null", "eqBldgType": "null", "DesignLevel": "null", "SoilType": "D", "LqfSusCat": 0, "LndSusCat": 0, "WaterDepth": 5.0, "Distance": "null", "PGA": 0.27343964576721191, "PGV": 14.547263145446777, "Sa03": 0.74149256944656372, "Sa10": 0.49189117550849915, "LqfSettlPGD": 0.0, "LqfSprPGD": 0.0, "LqfProb": 0.0, "LndPGD": 0.0, "LndProb": 0.0, "SufFltRuptPGD": 29.523393630981445, "SurfFltRuptProb": 0.5, "PDsNone": 0.7911, "PDsSlight": 0.0902, "PDsModerate": 0.0499, "PDsExtensive": 0.0492, "PDsComplete": 0.0193, "PDsExceedSlight": 0.2088, "PDsExceedModerate": 0.1185, "PDsExceedExtensive": 0.0685, "FunctDay1": 87.5, "FunctDay3": 91.2, "FunctDay7": 93.1, "FunctDay14": 93.5, "FunctDay30": 93.8, "FunctDay90": 96.4, "EconLoss": 217915.625, "Name": "ATCHISON, TOPEKA & SANTA FE; STREAM\/R...", "City": "null", "State": "null" }, "geometry": { "type": "Point", "coordinates": [ -121.997258, 38.045113 ] } },
{ "type": "Feature", "properties": { "FacilityType": "RailwayBridge", "FacilityId": "CA001052", "Anchor": "null", "FoundationType": "null", "eqBldgType": "null", "DesignLevel": "null", "SoilType": "D", "LqfSusCat": 0, "LndSusCat": 0, "WaterDepth": 5.0, "Distance": "null", "PGA": 0.28153252601623535, "PGV": 15.143756866455078, "Sa03": 0.75594973564147949, "Sa10": 0.50844579935073853, "LqfSettlPGD": 0.0, "LqfSprPGD": 0.0, "LqfProb": 0.0, "LndPGD": 0.0, "LndProb": 0.0, "SufFltRuptPGD": 29.523393630981445, "SurfFltRuptProb": 0.5, "PDsNone": 0.775, "PDsSlight": 0.0951, "PDsModerate": 0.0536, "PDsExtensive": 0.054, "PDsComplete": 0.0221, "PDsExceedSlight": 0.2249, "PDsExceedModerate": 0.1298, "PDsExceedExtensive": 0.0761, "FunctDay1": 86.4, "FunctDay3": 90.3, "FunctDay7": 92.4, "FunctDay14": 92.8, "FunctDay30": 93.2, "FunctDay90": 96.0, "EconLoss": 243196.28125, "Name": "ATCHISON, TOPEKA & SANTA FE; SWAMP\/MARSH", "City": "null", "State": "null" }, "geometry": { "type": "Point", "coordinates": [ -122.038938, 38.038111 ] } },
{ "type": "Feature", "properties": { "FacilityType": "RailwayBridge", "FacilityId": "CA001056", "Anchor": "null", "FoundationType": "null", "eqBldgType": "null", "DesignLevel": "null", "SoilType": "D", "LqfSusCat": 0, "LndSusCat": 0, "WaterDepth": 5.0, "Distance": "null", "PGA": 0.26466062664985657, "PGV": 14.063728332519531, "Sa03": 0.7253606915473938, "Sa10": 0.47763624787330627, "LqfSettlPGD": 0.0, "LqfSprPGD": 0.0, "LqfProb": 0.0, "LndPGD": 0.0, "LndProb": 0.0, "SufFltRuptPGD": 29.523393630981445, "SurfFltRuptProb": 0.5, "PDsNone": 0.8049, "PDsSlight": 0.0859, "PDsModerate": 0.0467, "PDsExtensive": 0.0451, "PDsComplete": 0.0171, "PDsExceedSlight": 0.195, "PDsExceedModerate": 0.109, "PDsExceedExtensive": 0.0623, "FunctDay1": 88.4, "FunctDay3": 91.9, "FunctDay7": 93.8, "FunctDay14": 94.1, "FunctDay30": 94.4, "FunctDay90": 96.8, "EconLoss": 197374.71875, "Name": "RAILROAD; UNREPRESENTED WATERBODY", "City": "null", "State": "null" }, "geometry": { "type": "Point", "coordinates": [ -121.943921, 38.034275 ] } },
{ "type": "Feature", "properties": { "FacilityType": "RailwayBridge", "FacilityId": "CA001058", "Anchor": "null", "FoundationType": "null", "eqBldgType": "null", "DesignLevel": "null", "SoilType": "D", "LqfSusCat": 0, "LndSusCat": 0, "WaterDepth": 5.0, "Distance": "null", "PGA": 0.27343964576721191, "PGV": 14.547263145446777, "Sa03": 0.74149256944656372, "Sa10": 0.49189117550849915, "LqfSettlPGD": 0.0, "LqfSprPGD": 0.0, "LqfProb": 0.0, "LndPGD": 0.0, "LndProb": 0.0, "SufFltRuptPGD": 29.523393630981445, "SurfFltRuptProb": 0.5, "PDsNone": 0.7911, "PDsSlight": 0.0902, "PDsModerate": 0.0499, "PDsExtensive": 0.0492, "PDsComplete": 0.0193, "PDsExceedSlight": 0.2088, "PDsExceedModerate": 0.1185, "PDsExceedExtensive": 0.0685, "FunctDay1": 87.5, "FunctDay3": 91.2, "FunctDay7": 93.1, "FunctDay14": 93.5, "FunctDay30": 93.8, "FunctDay90": 96.4, "EconLoss": 217915.625, "Name": "RAILROAD; SWAMP\/MARSH", "City": "null", "State": "null" }, "geometry": { "type": "Point", "coordinates": [ -122.019944, 38.056491 ] } },
{ "type": "Feature", "properties": { "FacilityType": "RailwayBridge", "FacilityId": "CA001061", "Anchor": "null", "FoundationType": "null", "eqBldgType": "null", "DesignLevel": "null", "SoilType": "D", "LqfSusCat": 0, "LndSusCat": 0, "WaterDepth": 5.0, "Distance": "null", "PGA": 0.26466062664985657, "PGV": 14.063728332519531, "Sa03": 0.7253606915473938, "Sa10": 0.47763624787330627, "LqfSettlPGD": 0.0, "LqfSprPGD": 0.0, "LqfProb": 0.0, "LndPGD": 0.0, "LndProb": 0.0, "SufFltRuptPGD": 29.523393630981445, "SurfFltRuptProb": 0.5, "PDsNone": 0.8049, "PDsSlight": 0.0859, "PDsModerate": 0.0467, "PDsExtensive": 0.0451, "PDsComplete": 0.0171, "PDsExceedSlight": 0.195, "PDsExceedModerate": 0.109, "PDsExceedExtensive": 0.0623, "FunctDay1": 88.4, "FunctDay3": 91.9, "FunctDay7": 93.8, "FunctDay14": 94.1, "FunctDay30": 94.4, "FunctDay90": 96.8, "EconLoss": 197374.71875, "Name": "RAILROAD; STREAM\/RIVER", "City": "null", "State": "null" }, "geometry": { "type": "Point", "coordinates": [ -121.953017, 38.036586 ] } },
{ "type": "Feature", "properties": { "FacilityType": "RailwayBridge", "FacilityId": "CA001063", "Anchor": "null", "FoundationType": "null", "eqBldgType": "null", "DesignLevel": "null", "SoilType": "D", "LqfSusCat": 0, "LndSusCat": 0, "WaterDepth": 5.0, "Distance": "null", "PGA": 0.27343964576721191, "PGV": 14.547263145446777, "Sa03": 0.74149256944656372, "Sa10": 0.49189117550849915, "LqfSettlPGD": 0.0, "LqfSprPGD": 0.0, "LqfProb": 0.0, "LndPGD": 0.0, "LndProb": 0.0, "SufFltRuptPGD": 29.523393630981445, "SurfFltRuptProb": 0.5, "PDsNone": 0.7911, "PDsSlight": 0.0902, "PDsModerate": 0.0499, "PDsExtensive": 0.0492, "PDsComplete": 0.0193, "PDsExceedSlight": 0.2088, "PDsExceedModerate": 0.1185, "PDsExceedExtensive": 0.0685, "FunctDay1": 87.5, "FunctDay3": 91.2, "FunctDay7": 93.1, "FunctDay14": 93.5, "FunctDay30": 93.8, "FunctDay90": 96.4, "EconLoss": 217915.625, "Name": "RAILROAD; PACIFIC OCEAN", "City": "null", "State": "null" }, "geometry": { "type": "Point", "coordinates": [ -122.019693, 38.056909 ] } },
{ "type": "Feature", "properties": { "FacilityType": "RailwayBridge", "FacilityId": "CA001067", "Anchor": "null", "FoundationType": "null", "eqBldgType": "null", "DesignLevel": "null", "SoilType": "D", "LqfSusCat": 0, "LndSusCat": 0, "WaterDepth": 5.0, "Distance": "null", "PGA": 0.26466062664985657, "PGV": 14.063728332519531, "Sa03": 0.7253606915473938, "Sa10": 0.47763624787330627, "LqfSettlPGD": 0.0, "LqfSprPGD": 0.0, "LqfProb": 0.0, "LndPGD": 0.0, "LndProb": 0.0, "SufFltRuptPGD": 29.523393630981445, "SurfFltRuptProb": 0.5, "PDsNone": 0.8049, "PDsSlight": 0.0859, "PDsModerate": 0.0467, "PDsExtensive": 0.0451, "PDsComplete": 0.0171, "PDsExceedSlight": 0.195, "PDsExceedModerate": 0.109, "PDsExceedExtensive": 0.0623, "FunctDay1": 88.4, "FunctDay3": 91.9, "FunctDay7": 93.8, "FunctDay14": 94.1, "FunctDay30": 94.4, "FunctDay90": 96.8, "EconLoss": 197374.71875, "Name": "ATCHISON, TOPEKA & SANTA FE; STREAM\/R...", "City": "null", "State": "null" }, "geometry": { "type": "Point", "coordinates": [ -121.953226, 38.036356 ] } },
{ "type": "Feature", "properties": { "FacilityType": "RailwayBridge", "FacilityId": "CA001068", "Anchor": "null", "FoundationType": "null", "eqBldgType": "null", "DesignLevel": "null", "SoilType": "D", "LqfSusCat": 0, "LndSusCat": 0, "WaterDepth": 5.0, "Distance": "null", "PGA": 0.28153252601623535, "PGV": 15.143756866455078, "Sa03": 0.75594973564147949, "Sa10": 0.50844579935073853, "LqfSettlPGD": 0.0, "LqfSprPGD": 0.0, "LqfProb": 0.0, "LndPGD": 0.0, "LndProb": 0.0, "SufFltRuptPGD": 29.523393630981445, "SurfFltRuptProb": 0.5, "PDsNone": 0.775, "PDsSlight": 0.0951, "PDsModerate": 0.0536, "PDsExtensive": 0.054, "PDsComplete": 0.0221, "PDsExceedSlight": 0.2249, "PDsExceedModerate": 0.1298, "PDsExceedExtensive": 0.0761, "FunctDay1": 86.4, "FunctDay3": 90.3, "FunctDay7": 92.4, "FunctDay14": 92.8, "FunctDay30": 93.2, "FunctDay90": 96.0, "EconLoss": 243196.28125, "Name": "SOUTHERN PACIFIC; HASTINGS SLOUGH", "City": "null", "State": "null" }, "geometry": { "type": "Point", "coordinates": [ -122.053017, 38.039044 ] } },
{ "type": "Feature", "properties": { "FacilityType": "RailwayBridge", "FacilityId": "CA001072", "Anchor": "null", "FoundationType": "null", "eqBldgType": "null", "DesignLevel": "null", "SoilType": "D", "LqfSusCat": 0, "LndSusCat": 0, "WaterDepth": 5.0, "Distance": "null", "PGA": 0.26466062664985657, "PGV": 14.063728332519531, "Sa03": 0.7253606915473938, "Sa10": 0.47763624787330627, "LqfSettlPGD": 0.0, "LqfSprPGD": 0.0, "LqfProb": 0.0, "LndPGD": 0.0, "LndProb": 0.0, "SufFltRuptPGD": 29.523393630981445, "SurfFltRuptProb": 0.5, "PDsNone": 0.8049, "PDsSlight": 0.0859, "PDsModerate": 0.0467, "PDsExtensive": 0.0451, "PDsComplete": 0.0171, "PDsExceedSlight": 0.195, "PDsExceedModerate": 0.109, "PDsExceedExtensive": 0.0623, "FunctDay1": 88.4, "FunctDay3": 91.9, "FunctDay7": 93.8, "FunctDay14": 94.1, "FunctDay30": 94.4, "FunctDay90": 96.8, "EconLoss": 197374.71875, "Name": "ATCHISON, TOPEKA & SANTA FE; STREAM\/R...", "City": "null", "State": "null" }, "geometry": { "type": "Point", "coordinates": [ -121.953275, 38.036142 ] } },
{ "type": "Feature", "properties": { "FacilityType": "RailwayBridge", "FacilityId": "CA001093", "Anchor": "null", "FoundationType": "null", "eqBldgType": "null", "DesignLevel": "null", "SoilType": "D", "LqfSusCat": 0, "LndSusCat": 0, "WaterDepth": 5.0, "Distance": "null", "PGA": 0.2055048793554306, "PGV": 8.71514892578125, "Sa03": 0.53198921680450439, "Sa10": 0.26307255029678345, "LqfSettlPGD": 0.0, "LqfSprPGD": 0.0, "LqfProb": 0.0, "LndPGD": 0.0, "LndProb": 0.0, "SufFltRuptPGD": 29.523393630981445, "SurfFltRuptProb": 0.5, "PDsNone": 0.9681, "PDsSlight": 0.0188, "PDsModerate": 0.0073, "PDsExtensive": 0.0047, "PDsComplete": 0.0009, "PDsExceedSlight": 0.0318, "PDsExceedModerate": 0.013, "PDsExceedExtensive": 0.0057, "FunctDay1": 98.4, "FunctDay3": 99.1, "FunctDay7": 99.4, "FunctDay14": 99.4, "FunctDay30": 99.4, "FunctDay90": 99.7, "EconLoss": 18338.869140625, "Name": "ATCHISON, TOPEKA & SANTA FE; MARSH CREEK", "City": "null", "State": "null" }, "geometry": { "type": "Point", "coordinates": [ -121.696117, 37.991491 ] } },
{ "type": "Feature", "properties": { "FacilityType": "RailwayBridge", "FacilityId": "CA001130", "Anchor": "null", "FoundationType": "null", "eqBldgType": "null", "DesignLevel": "null", "SoilType": "D", "LqfSusCat": 0, "LndSusCat": 0, "WaterDepth": 5.0, "Distance": "null", "PGA": 0.26466062664985657, "PGV": 14.063728332519531, "Sa03": 0.7253606915473938, "Sa10": 0.47763624787330627, "LqfSettlPGD": 0.0, "LqfSprPGD": 0.0, "LqfProb": 0.0, "LndPGD": 0.0, "LndProb": 0.0, "SufFltRuptPGD": 29.523393630981445, "SurfFltRuptProb": 0.5, "PDsNone": 0.8049, "PDsSlight": 0.0859, "PDsModerate": 0.0467, "PDsExtensive": 0.0451, "PDsComplete": 0.0171, "PDsExceedSlight": 0.195, "PDsExceedModerate": 0.109, "PDsExceedExtensive": 0.0623, "FunctDay1": 88.4, "FunctDay3": 91.9, "FunctDay7": 93.8, "FunctDay14": 94.1, "FunctDay30": 94.4, "FunctDay90": 96.8, "EconLoss": 197374.71875, "Name": "UNREPRESENTED RAILROAD; UNREPRESENTED...", "City": "null", "State": "null" }, "geometry": { "type": "Point", "coordinates": [ -121.93734, 38.032601 ] } },
{ "type": "Feature", "properties": { "FacilityType": "RailwayBridge", "FacilityId": "CA001131", "Anchor": "null", "FoundationType": "null", "eqBldgType": "null", "DesignLevel": "null", "SoilType": "D", "LqfSusCat": 0, "LndSusCat": 0, "WaterDepth": 5.0, "Distance": "null", "PGA": 0.26466062664985657, "PGV": 14.063728332519531, "Sa03": 0.7253606915473938, "Sa10": 0.47763624787330627, "LqfSettlPGD": 0.0, "LqfSprPGD": 0.0, "LqfProb": 0.0, "LndPGD": 0.0, "LndProb": 0.0, "SufFltRuptPGD": 29.523393630981445, "SurfFltRuptProb": 0.5, "PDsNone": 0.8049, "PDsSlight": 0.0859, "PDsModerate": 0.0467, "PDsExtensive": 0.0451, "PDsComplete": 0.0171, "PDsExceedSlight": 0.195, "PDsExceedModerate": 0.109, "PDsExceedExtensive": 0.0623, "FunctDay1": 88.4, "FunctDay3": 91.9, "FunctDay7": 93.8, "FunctDay14": 94.1, "FunctDay30": 94.4, "FunctDay90": 96.8, "EconLoss": 197374.71875, "Name": "RAILROAD; STREAM\/RIVER", "City": "null", "State": "null" }, "geometry": { "type": "Point", "coordinates": [ -121.931717, 38.031171 ] } },
{ "type": "Feature", "properties": { "FacilityType": "RailwayBridge", "FacilityId": "CA001132", "Anchor": "null", "FoundationType": "null", "eqBldgType": "null", "DesignLevel": "null", "SoilType": "D", "LqfSusCat": 0, "LndSusCat": 0, "WaterDepth": 5.0, "Distance": "null", "PGA": 0.26466062664985657, "PGV": 14.063728332519531, "Sa03": 0.7253606915473938, "Sa10": 0.47763624787330627, "LqfSettlPGD": 0.0, "LqfSprPGD": 0.0, "LqfProb": 0.0, "LndPGD": 0.0, "LndProb": 0.0, "SufFltRuptPGD": 29.523393630981445, "SurfFltRuptProb": 0.5, "PDsNone": 0.8049, "PDsSlight": 0.0859, "PDsModerate": 0.0467, "PDsExtensive": 0.0451, "PDsComplete": 0.0171, "PDsExceedSlight": 0.195, "PDsExceedModerate": 0.109, "PDsExceedExtensive": 0.0623, "FunctDay1": 88.4, "FunctDay3": 91.9, "FunctDay7": 93.8, "FunctDay14": 94.1, "FunctDay30": 94.4, "FunctDay90": 96.8, "EconLoss": 197374.71875, "Name": "ATCHISON, TOPEKA & SANTA FE; UNREPRES...", "City": "null", "State": "null" }, "geometry": { "type": "Point", "coordinates": [ -121.937471, 38.032356 ] } },
{ "type": "Feature", "properties": { "FacilityType": "RailwayBridge", "FacilityId": "CA001133", "Anchor": "null", "FoundationType": "null", "eqBldgType": "null", "DesignLevel": "null", "SoilType": "D", "LqfSusCat": 0, "LndSusCat": 0, "WaterDepth": 5.0, "Distance": "null", "PGA": 0.26466062664985657, "PGV": 14.063728332519531, "Sa03": 0.7253606915473938, "Sa10": 0.47763624787330627, "LqfSettlPGD": 0.0, "LqfSprPGD": 0.0, "LqfProb": 0.0, "LndPGD": 0.0, "LndProb": 0.0, "SufFltRuptPGD": 29.523393630981445, "SurfFltRuptProb": 0.5, "PDsNone": 0.8049, "PDsSlight": 0.0859, "PDsModerate": 0.0467, "PDsExtensive": 0.0451, "PDsComplete": 0.0171, "PDsExceedSlight": 0.195, "PDsExceedModerate": 0.109, "PDsExceedExtensive": 0.0623, "FunctDay1": 88.4, "FunctDay3": 91.9, "FunctDay7": 93.8, "FunctDay14": 94.1, "FunctDay30": 94.4, "FunctDay90": 96.8, "EconLoss": 197374.71875, "Name": "ATCHISON, TOPEKA & SANTA FE; STREAM\/R...", "City": "null", "State": "null" }, "geometry": { "type": "Point", "coordinates": [ -121.931953, 38.030951 ] } },
{ "type": "Feature", "properties": { "FacilityType": "RailwayBridge", "FacilityId": "CA001139", "Anchor": "null", "FoundationType": "null", "eqBldgType": "null", "DesignLevel": "null", "SoilType": "D", "LqfSusCat": 0, "LndSusCat": 0, "WaterDepth": 5.0, "Distance": "null", "PGA": 0.27343964576721191, "PGV": 14.547263145446777, "Sa03": 0.74149256944656372, "Sa10": 0.49189117550849915, "LqfSettlPGD": 0.0, "LqfSprPGD": 0.0, "LqfProb": 0.0, "LndPGD": 0.0, "LndProb": 0.0, "SufFltRuptPGD": 29.523393630981445, "SurfFltRuptProb": 0.5, "PDsNone": 0.7911, "PDsSlight": 0.0902, "PDsModerate": 0.0499, "PDsExtensive": 0.0492, "PDsComplete": 0.0193, "PDsExceedSlight": 0.2088, "PDsExceedModerate": 0.1185, "PDsExceedExtensive": 0.0685, "FunctDay1": 87.5, "FunctDay3": 91.2, "FunctDay7": 93.1, "FunctDay14": 93.5, "FunctDay30": 93.8, "FunctDay90": 96.4, "EconLoss": 217915.625, "Name": "ATCHISON, TOPEKA & SANTA FE; STREAM\/R...", "City": "null", "State": "null" }, "geometry": { "type": "Point", "coordinates": [ -121.990398, 38.044319 ] } },
{ "type": "Feature", "properties": { "FacilityType": "RailwayBridge", "FacilityId": "CA001140", "Anchor": "null", "FoundationType": "null", "eqBldgType": "null", "DesignLevel": "null", "SoilType": "D", "LqfSusCat": 0, "LndSusCat": 0, "WaterDepth": 5.0, "Distance": "null", "PGA": 0.25543802976608276, "PGV": 13.52338695526123, "Sa03": 0.7071109414100647, "Sa10": 0.45895054936408997, "LqfSettlPGD": 0.0, "LqfSprPGD": 0.0, "LqfProb": 0.0, "LndPGD": 0.0, "LndProb": 0.0, "SufFltRuptPGD": 29.523393630981445, "SurfFltRuptProb": 0.5, "PDsNone": 0.8228, "PDsSlight": 0.08, "PDsModerate": 0.0425, "PDsExtensive": 0.04, "PDsComplete": 0.0145, "PDsExceedSlight": 0.1771, "PDsExceedModerate": 0.0971, "PDsExceedExtensive": 0.0545, "FunctDay1": 89.6, "FunctDay3": 92.9, "FunctDay7": 94.5, "FunctDay14": 94.8, "FunctDay30": 95.1, "FunctDay90": 97.2, "EconLoss": 172407.0, "Name": "ATCHISON, TOPEKA & SANTA FE; STREAM\/R...", "City": "null", "State": "null" }, "geometry": { "type": "Point", "coordinates": [ -121.905825, 38.026379 ] } },
{ "type": "Feature", "properties": { "FacilityType": "RailwayBridge", "FacilityId": "CA001141", "Anchor": "null", "FoundationType": "null", "eqBldgType": "null", "DesignLevel": "null", "SoilType": "D", "LqfSusCat": 0, "LndSusCat": 0, "WaterDepth": 5.0, "Distance": "null", "PGA": 0.24465948343276978, "PGV": 9.4923553466796875, "Sa03": 0.5979543924331665, "Sa10": 0.26503649353981018, "LqfSettlPGD": 0.0, "LqfSprPGD": 0.0, "LqfProb": 0.0, "LndPGD": 0.0, "LndProb": 0.0, "SufFltRuptPGD": 29.523393630981445, "SurfFltRuptProb": 0.5, "PDsNone": 0.9672, "PDsSlight": 0.0193, "PDsModerate": 0.0075, "PDsExtensive": 0.0049, "PDsComplete": 0.0009, "PDsExceedSlight": 0.0327, "PDsExceedModerate": 0.0134, "PDsExceedExtensive": 0.0059, "FunctDay1": 98.4, "FunctDay3": 99.1, "FunctDay7": 99.3, "FunctDay14": 99.4, "FunctDay30": 99.4, "FunctDay90": 99.7, "EconLoss": 18799.759765625, "Name": "UPRR SPUR; STATE ROUTE 4", "City": "null", "State": "null" }, "geometry": { "type": "Point", "coordinates": [ -121.866732, 38.011735 ] } },
{ "type": "Feature", "properties": { "FacilityType": "RailwayBridge", "FacilityId": "CA001159", "Anchor": "null", "FoundationType": "null", "eqBldgType": "null", "DesignLevel": "null", "SoilType": "D", "LqfSusCat": 0, "LndSusCat": 0, "WaterDepth": 5.0, "Distance": "null", "PGA": 0.24465948343276978, "PGV": 9.4923553466796875, "Sa03": 0.5979543924331665, "Sa10": 0.26503649353981018, "LqfSettlPGD": 0.0, "LqfSprPGD": 0.0, "LqfProb": 0.0, "LndPGD": 0.0, "LndProb": 0.0, "SufFltRuptPGD": 29.523393630981445, "SurfFltRuptProb": 0.5, "PDsNone": 0.9672, "PDsSlight": 0.0193, "PDsModerate": 0.0075, "PDsExtensive": 0.0049, "PDsComplete": 0.0009, "PDsExceedSlight": 0.0327, "PDsExceedModerate": 0.0134, "PDsExceedExtensive": 0.0059, "FunctDay1": 98.4, "FunctDay3": 99.1, "FunctDay7": 99.3, "FunctDay14": 99.4, "FunctDay30": 99.4, "FunctDay90": 99.7, "EconLoss": 18799.759765625, "Name": "SOUTHERN PACIFIC; STREAM\/RIVER", "City": "null", "State": "null" }, "geometry": { "type": "Point", "coordinates": [ -121.84478, 38.009846 ] } },
{ "type": "Feature", "properties": { "FacilityType": "RailwayBridge", "FacilityId": "CA001185", "Anchor": "null", "FoundationType": "null", "eqBldgType": "null", "DesignLevel": "null", "SoilType": "D", "LqfSusCat": 0, "LndSusCat": 0, "WaterDepth": 5.0, "Distance": "null", "PGA": 0.32494053244590759, "PGV": 14.086722373962402, "Sa03": 0.80031126737594604, "Sa10": 0.42130327224731445, "LqfSettlPGD": 0.0, "LqfSprPGD": 0.0, "LqfProb": 0.0, "LndPGD": 0.0, "LndProb": 0.0, "SufFltRuptPGD": 29.523393630981445, "SurfFltRuptProb": 0.5, "PDsNone": 0.8574, "PDsSlight": 0.0677, "PDsModerate": 0.0343, "PDsExtensive": 0.0304, "PDsComplete": 0.01, "PDsExceedSlight": 0.1425, "PDsExceedModerate": 0.0748, "PDsExceedExtensive": 0.0405, "FunctDay1": 91.9, "FunctDay3": 94.6, "FunctDay7": 95.9, "FunctDay14": 96.1, "FunctDay30": 96.4, "FunctDay90": 97.9, "EconLoss": 127313.75, "Name": "RAILROAD; WALNUT CREEK", "City": "null", "State": "null" }, "geometry": { "type": "Point", "coordinates": [ -122.047647, 37.933623 ] } },
{ "type": "Feature", "properties": { "FacilityType": "RailwayBridge", "FacilityId": "CA001192", "Anchor": "null", "FoundationType": "null", "eqBldgType": "null", "DesignLevel": "null", "SoilType": "D", "LqfSusCat": 0, "LndSusCat": 0, "WaterDepth": 5.0, "Distance": "null", "PGA": 0.32494053244590759, "PGV": 14.086722373962402, "Sa03": 0.80031126737594604, "Sa10": 0.42130327224731445, "LqfSettlPGD": 0.0, "LqfSprPGD": 0.0, "LqfProb": 0.0, "LndPGD": 0.0, "LndProb": 0.0, "SufFltRuptPGD": 29.523393630981445, "SurfFltRuptProb": 0.5, "PDsNone": 0.8574, "PDsSlight": 0.0677, "PDsModerate": 0.0343, "PDsExtensive": 0.0304, "PDsComplete": 0.01, "PDsExceedSlight": 0.1425, "PDsExceedModerate": 0.0748, "PDsExceedExtensive": 0.0405, "FunctDay1": 91.9, "FunctDay3": 94.6, "FunctDay7": 95.9, "FunctDay14": 96.1, "FunctDay30": 96.4, "FunctDay90": 97.9, "EconLoss": 127313.75, "Name": "BARTD (C3011); TREAT BLVD", "City": "null", "State": "null" }, "geometry": { "type": "Point", "coordinates": [ -122.058325, 37.926498 ] } },
{ "type": "Feature", "properties": { "FacilityType": "RailwayBridge", "FacilityId": "CA001199", "Anchor": "null", "FoundationType": "null", "eqBldgType": "null", "DesignLevel": "null", "SoilType": "D", "LqfSusCat": 0, "LndSusCat": 0, "WaterDepth": 5.0, "Distance": "null", "PGA": 0.32494053244590759, "PGV": 14.086722373962402, "Sa03": 0.80031126737594604, "Sa10": 0.42130327224731445, "LqfSettlPGD": 0.0, "LqfSprPGD": 0.0, "LqfProb": 0.0, "LndPGD": 0.0, "LndProb": 0.0, "SufFltRuptPGD": 29.523393630981445, "SurfFltRuptProb": 0.5, "PDsNone": 0.8574, "PDsSlight": 0.0677, "PDsModerate": 0.0343, "PDsExtensive": 0.0304, "PDsComplete": 0.01, "PDsExceedSlight": 0.1425, "PDsExceedModerate": 0.0748, "PDsExceedExtensive": 0.0405, "FunctDay1": 91.9, "FunctDay3": 94.6, "FunctDay7": 95.9, "FunctDay14": 96.1, "FunctDay30": 96.4, "FunctDay90": 97.9, "EconLoss": 127313.75, "Name": "OAK GROVE ROAD; BARTD (C5023)", "City": "null", "State": "null" }, "geometry": { "type": "Point", "coordinates": [ -122.029141, 37.943155 ] } },
{ "type": "Feature", "properties": { "FacilityType": "RailwayBridge", "FacilityId": "CA001244", "Anchor": "null", "FoundationType": "null", "eqBldgType": "null", "DesignLevel": "null", "SoilType": "D", "LqfSusCat": 0, "LndSusCat": 0, "WaterDepth": 5.0, "Distance": "null", "PGA": 0.25543802976608276, "PGV": 13.52338695526123, "Sa03": 0.7071109414100647, "Sa10": 0.45895054936408997, "LqfSettlPGD": 0.0, "LqfSprPGD": 0.0, "LqfProb": 0.0, "LndPGD": 0.0, "LndProb": 0.0, "SufFltRuptPGD": 29.523393630981445, "SurfFltRuptProb": 0.5, "PDsNone": 0.8228, "PDsSlight": 0.08, "PDsModerate": 0.0425, "PDsExtensive": 0.04, "PDsComplete": 0.0145, "PDsExceedSlight": 0.1771, "PDsExceedModerate": 0.0971, "PDsExceedExtensive": 0.0545, "FunctDay1": 89.6, "FunctDay3": 92.9, "FunctDay7": 94.5, "FunctDay14": 94.8, "FunctDay30": 95.1, "FunctDay90": 97.2, "EconLoss": 172407.0, "Name": "WILLOW PASS ROAD; UP RR", "City": "null", "State": "null" }, "geometry": { "type": "Point", "coordinates": [ -121.917929, 38.027515 ] } },
{ "type": "Feature", "properties": { "FacilityType": "RailwayBridge", "FacilityId": "CA001246", "Anchor": "null", "FoundationType": "null", "eqBldgType": "null", "DesignLevel": "null", "SoilType": "D", "LqfSusCat": 0, "LndSusCat": 0, "WaterDepth": 5.0, "Distance": "null", "PGA": 0.25543802976608276, "PGV": 13.52338695526123, "Sa03": 0.7071109414100647, "Sa10": 0.45895054936408997, "LqfSettlPGD": 0.0, "LqfSprPGD": 0.0, "LqfProb": 0.0, "LndPGD": 0.0, "LndProb": 0.0, "SufFltRuptPGD": 29.523393630981445, "SurfFltRuptProb": 0.5, "PDsNone": 0.8228, "PDsSlight": 0.08, "PDsModerate": 0.0425, "PDsExtensive": 0.04, "PDsComplete": 0.0145, "PDsExceedSlight": 0.1771, "PDsExceedModerate": 0.0971, "PDsExceedExtensive": 0.0545, "FunctDay1": 89.6, "FunctDay3": 92.9, "FunctDay7": 94.5, "FunctDay14": 94.8, "FunctDay30": 95.1, "FunctDay90": 97.2, "EconLoss": 172407.0, "Name": "WILLOW PASS RD; BNSF RY & AMTRAK, UP RR", "City": "null", "State": "null" }, "geometry": { "type": "Point", "coordinates": [ -121.917845, 38.02778 ] } },
{ "type": "Feature", "properties": { "FacilityType": "RailwayBridge", "FacilityId": "CA001259", "Anchor": "null", "FoundationType": "null", "eqBldgType": "null", "DesignLevel": "null", "SoilType": "D", "LqfSusCat": 0, "LndSusCat": 0, "WaterDepth": 5.0, "Distance": "null", "PGA": 0.24465948343276978, "PGV": 9.4923553466796875, "Sa03": 0.5979543924331665, "Sa10": 0.26503649353981018, "LqfSettlPGD": 0.0, "LqfSprPGD": 0.0, "LqfProb": 0.0, "LndPGD": 0.0, "LndProb": 0.0, "SufFltRuptPGD": 29.523393630981445, "SurfFltRuptProb": 0.5, "PDsNone": 0.9672, "PDsSlight": 0.0193, "PDsModerate": 0.0075, "PDsExtensive": 0.0049, "PDsComplete": 0.0009, "PDsExceedSlight": 0.0327, "PDsExceedModerate": 0.0134, "PDsExceedExtensive": 0.0059, "FunctDay1": 98.4, "FunctDay3": 99.1, "FunctDay7": 99.3, "FunctDay14": 99.4, "FunctDay30": 99.4, "FunctDay90": 99.7, "EconLoss": 18799.759765625, "Name": "SOUTHERN PACIFIC; KIRKER CREEK", "City": "null", "State": "null" }, "geometry": { "type": "Point", "coordinates": [ -121.869522, 38.018057 ] } },
{ "type": "Feature", "properties": { "FacilityType": "RailwayBridge", "FacilityId": "CA001262", "Anchor": "null", "FoundationType": "null", "eqBldgType": "null", "DesignLevel": "null", "SoilType": "D", "LqfSusCat": 0, "LndSusCat": 0, "WaterDepth": 5.0, "Distance": "null", "PGA": 0.25543802976608276, "PGV": 13.52338695526123, "Sa03": 0.7071109414100647, "Sa10": 0.45895054936408997, "LqfSettlPGD": 0.0, "LqfSprPGD": 0.0, "LqfProb": 0.0, "LndPGD": 0.0, "LndProb": 0.0, "SufFltRuptPGD": 29.523393630981445, "SurfFltRuptProb": 0.5, "PDsNone": 0.8228, "PDsSlight": 0.08, "PDsModerate": 0.0425, "PDsExtensive": 0.04, "PDsComplete": 0.0145, "PDsExceedSlight": 0.1771, "PDsExceedModerate": 0.0971, "PDsExceedExtensive": 0.0545, "FunctDay1": 89.6, "FunctDay3": 92.9, "FunctDay7": 94.5, "FunctDay14": 94.8, "FunctDay30": 95.1, "FunctDay90": 97.2, "EconLoss": 172407.0, "Name": "SOLARI ST; BNSF RY & AMTRAK", "City": "null", "State": "null" }, "geometry": { "type": "Point", "coordinates": [ -121.881212, 38.026267 ] } },
{ "type": "Feature", "properties": { "FacilityType": "RailwayBridge", "FacilityId": "CA001265", "Anchor": "null", "FoundationType": "null", "eqBldgType": "null", "DesignLevel": "null", "SoilType": "D", "LqfSusCat": 0, "LndSusCat": 0, "WaterDepth": 5.0, "Distance": "null", "PGA": 0.25543802976608276, "PGV": 13.52338695526123, "Sa03": 0.7071109414100647, "Sa10": 0.45895054936408997, "LqfSettlPGD": 0.0, "LqfSprPGD": 0.0, "LqfProb": 0.0, "LndPGD": 0.0, "LndProb": 0.0, "SufFltRuptPGD": 29.523393630981445, "SurfFltRuptProb": 0.5, "PDsNone": 0.8228, "PDsSlight": 0.08, "PDsModerate": 0.0425, "PDsExtensive": 0.04, "PDsComplete": 0.0145, "PDsExceedSlight": 0.1771, "PDsExceedModerate": 0.0971, "PDsExceedExtensive": 0.0545, "FunctDay1": 89.6, "FunctDay3": 92.9, "FunctDay7": 94.5, "FunctDay14": 94.8, "FunctDay30": 95.1, "FunctDay90": 97.2, "EconLoss": 172407.0, "Name": "HARBOR ST; BNSF RY, UP RR, & AMTRAK", "City": "null", "State": "null" }, "geometry": { "type": "Point", "coordinates": [ -121.878643, 38.025715 ] } },
{ "type": "Feature", "properties": { "FacilityType": "RailwayBridge", "FacilityId": "CA001268", "Anchor": "null", "FoundationType": "null", "eqBldgType": "null", "DesignLevel": "null", "SoilType": "D", "LqfSusCat": 0, "LndSusCat": 0, "WaterDepth": 5.0, "Distance": "null", "PGA": 0.25543802976608276, "PGV": 13.52338695526123, "Sa03": 0.7071109414100647, "Sa10": 0.45895054936408997, "LqfSettlPGD": 0.0, "LqfSprPGD": 0.0, "LqfProb": 0.0, "LndPGD": 0.0, "LndProb": 0.0, "SufFltRuptPGD": 29.523393630981445, "SurfFltRuptProb": 0.5, "PDsNone": 0.8228, "PDsSlight": 0.08, "PDsModerate": 0.0425, "PDsExtensive": 0.04, "PDsComplete": 0.0145, "PDsExceedSlight": 0.1771, "PDsExceedModerate": 0.0971, "PDsExceedExtensive": 0.0545, "FunctDay1": 89.6, "FunctDay3": 92.9, "FunctDay7": 94.5, "FunctDay14": 94.8, "FunctDay30": 95.1, "FunctDay90": 97.2, "EconLoss": 172407.0, "Name": "RAILROAD; STREAM\/RIVER", "City": "null", "State": "null" }, "geometry": { "type": "Point", "coordinates": [ -121.914174, 38.027182 ] } },
{ "type": "Feature", "properties": { "FacilityType": "RailwayBridge", "FacilityId": "CA001272", "Anchor": "null", "FoundationType": "null", "eqBldgType": "null", "DesignLevel": "null", "SoilType": "D", "LqfSusCat": 0, "LndSusCat": 0, "WaterDepth": 5.0, "Distance": "null", "PGA": 0.26466062664985657, "PGV": 14.063728332519531, "Sa03": 0.7253606915473938, "Sa10": 0.47763624787330627, "LqfSettlPGD": 0.0, "LqfSprPGD": 0.0, "LqfProb": 0.0, "LndPGD": 0.0, "LndProb": 0.0, "SufFltRuptPGD": 29.523393630981445, "SurfFltRuptProb": 0.5, "PDsNone": 0.8049, "PDsSlight": 0.0859, "PDsModerate": 0.0467, "PDsExtensive": 0.0451, "PDsComplete": 0.0171, "PDsExceedSlight": 0.195, "PDsExceedModerate": 0.109, "PDsExceedExtensive": 0.0623, "FunctDay1": 88.4, "FunctDay3": 91.9, "FunctDay7": 93.8, "FunctDay14": 94.1, "FunctDay30": 94.4, "FunctDay90": 96.8, "EconLoss": 197374.71875, "Name": "ATCHISON, TOPEKA & SANTA FE; STREAM\/R...", "City": "null", "State": "null" }, "geometry": { "type": "Point", "coordinates": [ -121.930053, 38.030472 ] } },
{ "type": "Feature", "properties": { "FacilityType": "RailwayBridge", "FacilityId": "CA001326", "Anchor": "null", "FoundationType": "null", "eqBldgType": "null", "DesignLevel": "null", "SoilType": "D", "LqfSusCat": 0, "LndSusCat": 0, "WaterDepth": 5.0, "Distance": "null", "PGA": 0.22777557373046875, "PGV": 8.8810701370239258, "Sa03": 0.55822324752807617, "Sa10": 0.24961048364639282, "LqfSettlPGD": 0.0, "LqfSprPGD": 0.0, "LqfProb": 0.0, "LndPGD": 0.0, "LndProb": 0.0, "SufFltRuptPGD": 29.523393630981445, "SurfFltRuptProb": 0.5, "PDsNone": 0.9738, "PDsSlight": 0.0157, "PDsModerate": 0.0059, "PDsExtensive": 0.0037, "PDsComplete": 0.0006, "PDsExceedSlight": 0.0261, "PDsExceedModerate": 0.0103, "PDsExceedExtensive": 0.0044, "FunctDay1": 98.7, "FunctDay3": 99.3, "FunctDay7": 99.5, "FunctDay14": 99.5, "FunctDay30": 99.5, "FunctDay90": 99.7, "EconLoss": 14042.919921875, "Name": "CAVALLO ROAD; UP RR", "City": "null", "State": "null" }, "geometry": { "type": "Point", "coordinates": [ -121.797155, 37.999977 ] } },
{ "type": "Feature", "properties": { "FacilityType": "RailwayBridge", "FacilityId": "CA001330", "Anchor": "null", "FoundationType": "null", "eqBldgType": "null", "DesignLevel": "null", "SoilType": "D", "LqfSusCat": 0, "LndSusCat": 0, "WaterDepth": 5.0, "Distance": "null", "PGA": 0.22777557373046875, "PGV": 8.8810701370239258, "Sa03": 0.55822324752807617, "Sa10": 0.24961048364639282, "LqfSettlPGD": 0.0, "LqfSprPGD": 0.0, "LqfProb": 0.0, "LndPGD": 0.0, "LndProb": 0.0, "SufFltRuptPGD": 29.523393630981445, "SurfFltRuptProb": 0.5, "PDsNone": 0.9738, "PDsSlight": 0.0157, "PDsModerate": 0.0059, "PDsExtensive": 0.0037, "PDsComplete": 0.0006, "PDsExceedSlight": 0.0261, "PDsExceedModerate": 0.0103, "PDsExceedExtensive": 0.0044, "FunctDay1": 98.7, "FunctDay3": 99.3, "FunctDay7": 99.5, "FunctDay14": 99.5, "FunctDay30": 99.5, "FunctDay90": 99.7, "EconLoss": 14042.919921875, "Name": "L ST; UP RR", "City": "null", "State": "null" }, "geometry": { "type": "Point", "coordinates": [ -121.819895, 38.004556 ] } },
{ "type": "Feature", "properties": { "FacilityType": "RailwayBridge", "FacilityId": "CA001334", "Anchor": "null", "FoundationType": "null", "eqBldgType": "null", "DesignLevel": "null", "SoilType": "D", "LqfSusCat": 0, "LndSusCat": 0, "WaterDepth": 5.0, "Distance": "null", "PGA": 0.22777557373046875, "PGV": 8.8810701370239258, "Sa03": 0.55822324752807617, "Sa10": 0.24961048364639282, "LqfSettlPGD": 0.0, "LqfSprPGD": 0.0, "LqfProb": 0.0, "LndPGD": 0.0, "LndProb": 0.0, "SufFltRuptPGD": 29.523393630981445, "SurfFltRuptProb": 0.5, "PDsNone": 0.9738, "PDsSlight": 0.0157, "PDsModerate": 0.0059, "PDsExtensive": 0.0037, "PDsComplete": 0.0006, "PDsExceedSlight": 0.0261, "PDsExceedModerate": 0.0103, "PDsExceedExtensive": 0.0044, "FunctDay1": 98.7, "FunctDay3": 99.3, "FunctDay7": 99.5, "FunctDay14": 99.5, "FunctDay30": 99.5, "FunctDay90": 99.7, "EconLoss": 14042.919921875, "Name": "ATCHISON, TOPEKA & SANTA FE; STREAM\/R...", "City": "null", "State": "null" }, "geometry": { "type": "Point", "coordinates": [ -121.807498, 38.016455 ] } },
{ "type": "Feature", "properties": { "FacilityType": "RailwayBridge", "FacilityId": "CA001343", "Anchor": "null", "FoundationType": "null", "eqBldgType": "null", "DesignLevel": "null", "SoilType": "D", "LqfSusCat": 0, "LndSusCat": 0, "WaterDepth": 5.0, "Distance": "null", "PGA": 0.21633027493953705, "PGV": 8.5382785797119141, "Sa03": 0.53441286087036133, "Sa10": 0.24253241717815399, "LqfSettlPGD": 0.0, "LqfSprPGD": 0.0, "LqfProb": 0.0, "LndPGD": 0.0, "LndProb": 0.0, "SufFltRuptPGD": 29.523393630981445, "SurfFltRuptProb": 0.5, "PDsNone": 0.9766, "PDsSlight": 0.0142, "PDsModerate": 0.0052, "PDsExtensive": 0.0032, "PDsComplete": 0.0005, "PDsExceedSlight": 0.0233, "PDsExceedModerate": 0.0091, "PDsExceedExtensive": 0.0038, "FunctDay1": 98.8, "FunctDay3": 99.3, "FunctDay7": 99.5, "FunctDay14": 99.6, "FunctDay30": 99.6, "FunctDay90": 99.8, "EconLoss": 12187.9794921875, "Name": "SOUTHERN PACIFIC; CANAL\/DITCH", "City": "null", "State": "null" }, "geometry": { "type": "Point", "coordinates": [ -121.684176, 37.917982 ] } },
{ "type": "Feature", "properties": { "FacilityType": "RailwayBridge", "FacilityId": "CA001345", "Anchor": "null", "FoundationType": "null", "eqBldgType": "null", "DesignLevel": "null", "SoilType": "D", "LqfSusCat": 0, "LndSusCat": 0, "WaterDepth": 5.0, "Distance": "null", "PGA": 0.18962785601615906, "PGV": 8.1818008422851563, "Sa03": 0.49769753217697144, "Sa10": 0.24763405323028564, "LqfSettlPGD": 0.0, "LqfSprPGD": 0.0, "LqfProb": 0.0, "LndPGD": 0.0, "LndProb": 0.0, "SufFltRuptPGD": 29.523393630981445, "SurfFltRuptProb": 0.5, "PDsNone": 0.9746, "PDsSlight": 0.0153, "PDsModerate": 0.0057, "PDsExtensive": 0.0036, "PDsComplete": 0.0006, "PDsExceedSlight": 0.0253, "PDsExceedModerate": 0.01, "PDsExceedExtensive": 0.0042, "FunctDay1": 98.7, "FunctDay3": 99.3, "FunctDay7": 99.5, "FunctDay14": 99.5, "FunctDay30": 99.6, "FunctDay90": 99.7, "EconLoss": 13741.3505859375, "Name": "ATCHISON, TOPEKA & SANTA FE; CANAL\/DITCH", "City": "null", "State": "null" }, "geometry": { "type": "Point", "coordinates": [ -121.61236, 37.940001 ] } },
{ "type": "Feature", "properties": { "FacilityType": "RailwayBridge", "FacilityId": "CA001353", "Anchor": "null", "FoundationType": "null", "eqBldgType": "null", "DesignLevel": "null", "SoilType": "D", "LqfSusCat": 0, "LndSusCat": 0, "WaterDepth": 5.0, "Distance": "null", "PGA": 0.20696081221103668, "PGV": 8.1355552673339844, "Sa03": 0.50839072465896606, "Sa10": 0.22994750738143921, "LqfSettlPGD": 0.0, "LqfSprPGD": 0.0, "LqfProb": 0.0, "LndPGD": 0.0, "LndProb": 0.0, "SufFltRuptPGD": 29.523393630981445, "SurfFltRuptProb": 0.5, "PDsNone": 0.9811, "PDsSlight": 0.0117, "PDsModerate": 0.0041, "PDsExtensive": 0.0025, "PDsComplete": 0.0004, "PDsExceedSlight": 0.0188, "PDsExceedModerate": 0.0071, "PDsExceedExtensive": 0.0029, "FunctDay1": 99.1, "FunctDay3": 99.5, "FunctDay7": 99.6, "FunctDay14": 99.7, "FunctDay30": 99.7, "FunctDay90": 99.8, "EconLoss": 9695.759765625, "Name": "SOUTHERN PACIFIC; PIPELINE", "City": "null", "State": "null" }, "geometry": { "type": "Point", "coordinates": [ -121.71671, 37.954105 ] } },
{ "type": "Feature", "properties": { "FacilityType": "RailwayBridge", "FacilityId": "CA001355", "Anchor": "null", "FoundationType": "null", "eqBldgType": "null", "DesignLevel": "null", "SoilType": "D", "LqfSusCat": 0, "LndSusCat": 0, "WaterDepth": 5.0, "Distance": "null", "PGA": 0.20696081221103668, "PGV": 8.1355552673339844, "Sa03": 0.50839072465896606, "Sa10": 0.22994750738143921, "LqfSettlPGD": 0.0, "LqfSprPGD": 0.0, "LqfProb": 0.0, "LndPGD": 0.0, "LndProb": 0.0, "SufFltRuptPGD": 29.523393630981445, "SurfFltRuptProb": 0.5, "PDsNone": 0.9811, "PDsSlight": 0.0117, "PDsModerate": 0.0041, "PDsExtensive": 0.0025, "PDsComplete": 0.0004, "PDsExceedSlight": 0.0188, "PDsExceedModerate": 0.0071, "PDsExceedExtensive": 0.0029, "FunctDay1": 99.1, "FunctDay3": 99.5, "FunctDay7": 99.6, "FunctDay14": 99.7, "FunctDay30": 99.7, "FunctDay90": 99.8, "EconLoss": 9695.759765625, "Name": "SOUTHERN PACIFIC; MARSH CREEK", "City": "null", "State": "null" }, "geometry": { "type": "Point", "coordinates": [ -121.706394, 37.942663 ] } },
{ "type": "Feature", "properties": { "FacilityType": "RailwayBridge", "FacilityId": "CA001357", "Anchor": "null", "FoundationType": "null", "eqBldgType": "null", "DesignLevel": "null", "SoilType": "D", "LqfSusCat": 0, "LndSusCat": 0, "WaterDepth": 5.0, "Distance": "null", "PGA": 0.20009920001029968, "PGV": 7.2326183319091797, "Sa03": 0.46664437651634216, "Sa10": 0.19327041506767273, "LqfSettlPGD": 0.0, "LqfSprPGD": 0.0, "LqfProb": 0.0, "LndPGD": 0.0, "LndProb": 0.0, "SufFltRuptPGD": 29.523393630981445, "SurfFltRuptProb": 0.5, "PDsNone": 0.991, "PDsSlight": 0.0058, "PDsModerate": 0.0019, "PDsExtensive": 0.001, "PDsComplete": 0.0001, "PDsExceedSlight": 0.0089, "PDsExceedModerate": 0.003, "PDsExceedExtensive": 0.0011, "FunctDay1": 99.5, "FunctDay3": 99.7, "FunctDay7": 99.8, "FunctDay14": 99.8, "FunctDay30": 99.8, "FunctDay90": 99.9, "EconLoss": 3846.440185546875, "Name": "SOUTHERN PACIFIC; STREAM\/RIVER", "City": "null", "State": "null" }, "geometry": { "type": "Point", "coordinates": [ -121.633763, 37.861937 ] } },
{ "type": "Feature", "properties": { "FacilityType": "RailwayBridge", "FacilityId": "CA001360", "Anchor": "null", "FoundationType": "null", "eqBldgType": "null", "DesignLevel": "null", "SoilType": "D", "LqfSusCat": 0, "LndSusCat": 0, "WaterDepth": 5.0, "Distance": "null", "PGA": 0.20392690598964691, "PGV": 8.0790271759033203, "Sa03": 0.50361031293869019, "Sa10": 0.22976493835449219, "LqfSettlPGD": 0.0, "LqfSprPGD": 0.0, "LqfProb": 0.0, "LndPGD": 0.0, "LndProb": 0.0, "SufFltRuptPGD": 29.523393630981445, "SurfFltRuptProb": 0.5, "PDsNone": 0.9812, "PDsSlight": 0.0116, "PDsModerate": 0.0041, "PDsExtensive": 0.0025, "PDsComplete": 0.0004, "PDsExceedSlight": 0.0187, "PDsExceedModerate": 0.0071, "PDsExceedExtensive": 0.0029, "FunctDay1": 99.1, "FunctDay3": 99.5, "FunctDay7": 99.6, "FunctDay14": 99.7, "FunctDay30": 99.7, "FunctDay90": 99.8, "EconLoss": 9678.6904296875, "Name": "SOUTHERN PACIFIC; CANAL\/DITCH", "City": "null", "State": "null" }, "geometry": { "type": "Point", "coordinates": [ -121.651736, 37.881917 ] } },
{ "type": "Feature", "properties": { "FacilityType": "RailwayBridge", "FacilityId": "CA001363", "Anchor": "null", "FoundationType": "null", "eqBldgType": "null", "DesignLevel": "null", "SoilType": "D", "LqfSusCat": 0, "LndSusCat": 0, "WaterDepth": 5.0, "Distance": "null", "PGA": 0.20270222425460815, "PGV": 8.1746959686279297, "Sa03": 0.50676202774047852, "Sa10": 0.23597131669521332, "LqfSettlPGD": 0.0, "LqfSprPGD": 0.0, "LqfProb": 0.0, "LndPGD": 0.0, "LndProb": 0.0, "SufFltRuptPGD": 29.523393630981445, "SurfFltRuptProb": 0.5, "PDsNone": 0.979, "PDsSlight": 0.0128, "PDsModerate": 0.0046, "PDsExtensive": 0.0028, "PDsComplete": 0.0004, "PDsExceedSlight": 0.0209, "PDsExceedModerate": 0.008, "PDsExceedExtensive": 0.0033, "FunctDay1": 99.0, "FunctDay3": 99.4, "FunctDay7": 99.6, "FunctDay14": 99.6, "FunctDay30": 99.6, "FunctDay90": 99.8, "EconLoss": 10537.8798828125, "Name": "SOUTHERN PACIFIC; STREAM\/RIVER", "City": "null", "State": "null" }, "geometry": { "type": "Point", "coordinates": [ -121.609422, 37.834827 ] } },
{ "type": "Feature", "properties": { "FacilityType": "RailwayBridge", "FacilityId": "CA001366", "Anchor": "null", "FoundationType": "null", "eqBldgType": "null", "DesignLevel": "null", "SoilType": "D", "LqfSusCat": 0, "LndSusCat": 0, "WaterDepth": 5.0, "Distance": "null", "PGA": 0.20270222425460815, "PGV": 8.1746959686279297, "Sa03": 0.50676202774047852, "Sa10": 0.23597131669521332, "LqfSettlPGD": 0.0, "LqfSprPGD": 0.0, "LqfProb": 0.0, "LndPGD": 0.0, "LndProb": 0.0, "SufFltRuptPGD": 29.523393630981445, "SurfFltRuptProb": 0.5, "PDsNone": 0.979, "PDsSlight": 0.0128, "PDsModerate": 0.0046, "PDsExtensive": 0.0028, "PDsComplete": 0.0004, "PDsExceedSlight": 0.0209, "PDsExceedModerate": 0.008, "PDsExceedExtensive": 0.0033, "FunctDay1": 99.0, "FunctDay3": 99.4, "FunctDay7": 99.6, "FunctDay14": 99.6, "FunctDay30": 99.6, "FunctDay90": 99.8, "EconLoss": 10537.8798828125, "Name": "SOUTHERN PACIFIC; BRUSHY CREEK", "City": "null", "State": "null" }, "geometry": { "type": "Point", "coordinates": [ -121.609985, 37.835455 ] } },
{ "type": "Feature", "properties": { "FacilityType": "RailwayBridge", "FacilityId": "CA001369", "Anchor": "null", "FoundationType": "null", "eqBldgType": "null", "DesignLevel": "null", "SoilType": "D", "LqfSusCat": 0, "LndSusCat": 0, "WaterDepth": 5.0, "Distance": "null", "PGA": 0.21150253713130951, "PGV": 8.5281553268432617, "Sa03": 0.52929532527923584, "Sa10": 0.24595637619495392, "LqfSettlPGD": 0.0, "LqfSprPGD": 0.0, "LqfProb": 0.0, "LndPGD": 0.0, "LndProb": 0.0, "SufFltRuptPGD": 29.523393630981445, "SurfFltRuptProb": 0.5, "PDsNone": 0.9753, "PDsSlight": 0.0149, "PDsModerate": 0.0055, "PDsExtensive": 0.0034, "PDsComplete": 0.0006, "PDsExceedSlight": 0.0246, "PDsExceedModerate": 0.0097, "PDsExceedExtensive": 0.0041, "FunctDay1": 98.8, "FunctDay3": 99.3, "FunctDay7": 99.5, "FunctDay14": 99.5, "FunctDay30": 99.6, "FunctDay90": 99.7, "EconLoss": 13297.5302734375, "Name": "SOUTHERN PACIFIC; CANAL\/DITCH", "City": "null", "State": "null" }, "geometry": { "type": "Point", "coordinates": [ -121.595368, 37.822987 ] } },
{ "type": "Feature", "properties": { "FacilityType": "RailwayBridge", "FacilityId": "CA001371", "Anchor": "null", "FoundationType": "null", "eqBldgType": "null", "DesignLevel": "null", "SoilType": "D", "LqfSusCat": 0, "LndSusCat": 0, "WaterDepth": 5.0, "Distance": "null", "PGA": 0.21150253713130951, "PGV": 8.5281553268432617, "Sa03": 0.52929532527923584, "Sa10": 0.24595637619495392, "LqfSettlPGD": 0.0, "LqfSprPGD": 0.0, "LqfProb": 0.0, "LndPGD": 0.0, "LndProb": 0.0, "SufFltRuptPGD": 29.523393630981445, "SurfFltRuptProb": 0.5, "PDsNone": 0.9753, "PDsSlight": 0.0149, "PDsModerate": 0.0055, "PDsExtensive": 0.0034, "PDsComplete": 0.0006, "PDsExceedSlight": 0.0246, "PDsExceedModerate": 0.0097, "PDsExceedExtensive": 0.0041, "FunctDay1": 98.8, "FunctDay3": 99.3, "FunctDay7": 99.5, "FunctDay14": 99.5, "FunctDay30": 99.6, "FunctDay90": 99.7, "EconLoss": 13297.5302734375, "Name": "SOUTHERN PACIFIC; CANAL\/DITCH", "City": "null", "State": "null" }, "geometry": { "type": "Point", "coordinates": [ -121.578365, 37.81243 ] } },
{ "type": "Feature", "properties": { "FacilityType": "RailwayBridge", "FacilityId": "CA001377", "Anchor": "null", "FoundationType": "null", "eqBldgType": "null", "DesignLevel": "null", "SoilType": "D", "LqfSusCat": 0, "LndSusCat": 0, "WaterDepth": 5.0, "Distance": "null", "PGA": 0.32111510634422302, "PGV": 11.395089149475098, "Sa03": 0.7213207483291626, "Sa10": 0.30600848793983459, "LqfSettlPGD": 0.0, "LqfSprPGD": 0.0, "LqfProb": 0.0, "LndPGD": 0.0, "LndProb": 0.0, "SufFltRuptPGD": 29.523393630981445, "SurfFltRuptProb": 0.5, "PDsNone": 0.9453, "PDsSlight": 0.0303, "PDsModerate": 0.0128, "PDsExtensive": 0.0092, "PDsComplete": 0.0021, "PDsExceedSlight": 0.0546, "PDsExceedModerate": 0.0242, "PDsExceedExtensive": 0.0113, "FunctDay1": 97.2, "FunctDay3": 98.3, "FunctDay7": 98.8, "FunctDay14": 98.9, "FunctDay30": 98.9, "FunctDay90": 99.4, "EconLoss": 36034.76953125, "Name": "INTERSTATE RTE 680; BARTD (C007)", "City": "null", "State": "null" }, "geometry": { "type": "Point", "coordinates": [ -122.069615, 37.90197 ] } },
{ "type": "Feature", "properties": { "FacilityType": "RailwayBridge", "FacilityId": "CA001378", "Anchor": "null", "FoundationType": "null", "eqBldgType": "null", "DesignLevel": "null", "SoilType": "D", "LqfSusCat": 0, "LndSusCat": 0, "WaterDepth": 5.0, "Distance": "null", "PGA": 0.32111510634422302, "PGV": 11.395089149475098, "Sa03": 0.7213207483291626, "Sa10": 0.30600848793983459, "LqfSettlPGD": 0.0, "LqfSprPGD": 0.0, "LqfProb": 0.0, "LndPGD": 0.0, "LndProb": 0.0, "SufFltRuptPGD": 29.523393630981445, "SurfFltRuptProb": 0.5, "PDsNone": 0.9453, "PDsSlight": 0.0303, "PDsModerate": 0.0128, "PDsExtensive": 0.0092, "PDsComplete": 0.0021, "PDsExceedSlight": 0.0546, "PDsExceedModerate": 0.0242, "PDsExceedExtensive": 0.0113, "FunctDay1": 97.2, "FunctDay3": 98.3, "FunctDay7": 98.8, "FunctDay14": 98.9, "FunctDay30": 98.9, "FunctDay90": 99.4, "EconLoss": 36034.76953125, "Name": "INTERSTATE RTE 680; BARTD (C007)", "City": "null", "State": "null" }, "geometry": { "type": "Point", "coordinates": [ -122.069615, 37.90197 ] } },
{ "type": "Feature", "properties": { "FacilityType": "RailwayBridge", "FacilityId": "CA001379", "Anchor": "null", "FoundationType": "null", "eqBldgType": "null", "DesignLevel": "null", "SoilType": "D", "LqfSusCat": 0, "LndSusCat": 0, "WaterDepth": 5.0, "Distance": "null", "PGA": 0.32111510634422302, "PGV": 11.395089149475098, "Sa03": 0.7213207483291626, "Sa10": 0.30600848793983459, "LqfSettlPGD": 0.0, "LqfSprPGD": 0.0, "LqfProb": 0.0, "LndPGD": 0.0, "LndProb": 0.0, "SufFltRuptPGD": 29.523393630981445, "SurfFltRuptProb": 0.5, "PDsNone": 0.9453, "PDsSlight": 0.0303, "PDsModerate": 0.0128, "PDsExtensive": 0.0092, "PDsComplete": 0.0021, "PDsExceedSlight": 0.0546, "PDsExceedModerate": 0.0242, "PDsExceedExtensive": 0.0113, "FunctDay1": 97.2, "FunctDay3": 98.3, "FunctDay7": 98.8, "FunctDay14": 98.9, "FunctDay30": 98.9, "FunctDay90": 99.4, "EconLoss": 36034.76953125, "Name": "INTERSTATE RTE 680; BARTD (C007)", "City": "null", "State": "null" }, "geometry": { "type": "Point", "coordinates": [ -122.069615, 37.90197 ] } },
{ "type": "Feature", "properties": { "FacilityType": "RailwayBridge", "FacilityId": "CA001385", "Anchor": "null", "FoundationType": "null", "eqBldgType": "null", "DesignLevel": "null", "SoilType": "D", "LqfSusCat": 0, "LndSusCat": 0, "WaterDepth": 5.0, "Distance": "null", "PGA": 0.32111510634422302, "PGV": 11.395089149475098, "Sa03": 0.7213207483291626, "Sa10": 0.30600848793983459, "LqfSettlPGD": 0.0, "LqfSprPGD": 0.0, "LqfProb": 0.0, "LndPGD": 0.0, "LndProb": 0.0, "SufFltRuptPGD": 29.523393630981445, "SurfFltRuptProb": 0.5, "PDsNone": 0.9453, "PDsSlight": 0.0303, "PDsModerate": 0.0128, "PDsExtensive": 0.0092, "PDsComplete": 0.0021, "PDsExceedSlight": 0.0546, "PDsExceedModerate": 0.0242, "PDsExceedExtensive": 0.0113, "FunctDay1": 97.2, "FunctDay3": 98.3, "FunctDay7": 98.8, "FunctDay14": 98.9, "FunctDay30": 98.9, "FunctDay90": 99.4, "EconLoss": 36034.76953125, "Name": "INTERSTATE RTE 680; BARTD (C007)", "City": "null", "State": "null" }, "geometry": { "type": "Point", "coordinates": [ -122.069615, 37.90197 ] } },
{ "type": "Feature", "properties": { "FacilityType": "RailwayBridge", "FacilityId": "CA001387", "Anchor": "null", "FoundationType": "null", "eqBldgType": "null", "DesignLevel": "null", "SoilType": "D", "LqfSusCat": 0, "LndSusCat": 0, "WaterDepth": 5.0, "Distance": "null", "PGA": 0.32111510634422302, "PGV": 11.395089149475098, "Sa03": 0.7213207483291626, "Sa10": 0.30600848793983459, "LqfSettlPGD": 0.0, "LqfSprPGD": 0.0, "LqfProb": 0.0, "LndPGD": 0.0, "LndProb": 0.0, "SufFltRuptPGD": 29.523393630981445, "SurfFltRuptProb": 0.5, "PDsNone": 0.9453, "PDsSlight": 0.0303, "PDsModerate": 0.0128, "PDsExtensive": 0.0092, "PDsComplete": 0.0021, "PDsExceedSlight": 0.0546, "PDsExceedModerate": 0.0242, "PDsExceedExtensive": 0.0113, "FunctDay1": 97.2, "FunctDay3": 98.3, "FunctDay7": 98.8, "FunctDay14": 98.9, "FunctDay30": 98.9, "FunctDay90": 99.4, "EconLoss": 36034.76953125, "Name": "INTERSTATE RTE 680; BARTD (C007)", "City": "null", "State": "null" }, "geometry": { "type": "Point", "coordinates": [ -122.069615, 37.90197 ] } },
{ "type": "Feature", "properties": { "FacilityType": "RailwayTunnel", "FacilityId": "CA000001", "Anchor": "null", "FoundationType": "null", "eqBldgType": "null", "DesignLevel": "null", "SoilType": "D", "LqfSusCat": 0, "LndSusCat": 0, "WaterDepth": 5.0, "Distance": "null", "PGA": 0.28914901614189148, "PGV": 9.8484163284301758, "Sa03": 0.64303761720657349, "Sa10": 0.26246479153633118, "LqfSettlPGD": 0.0, "LqfSprPGD": 0.0, "LqfProb": 0.0, "LndPGD": 0.0, "LndProb": 0.0, "SufFltRuptPGD": 29.523393630981445, "SurfFltRuptProb": 0.5, "PDsNone": 0.8193, "PDsSlight": 0.1103, "PDsModerate": 0.0702, "PDsExtensive": 0.0, "PDsComplete": 0.0, "PDsExceedSlight": 0.1806, "PDsExceedModerate": 0.0702, "PDsExceedExtensive": 0.0, "FunctDay1": 99.9, "FunctDay3": 99.9, "FunctDay7": 99.9, "FunctDay14": 99.9, "FunctDay30": 99.9, "FunctDay90": 99.9, "EconLoss": 1782.2288818359375, "Name": "BN&SF RR", "City": "null", "State": "null" }, "geometry": { "type": "Point", "coordinates": [ -122.12, 37.99333 ] } },
{ "type": "Feature", "properties": { "FacilityType": "RailwayTunnel", "FacilityId": "CA000002", "Anchor": "null", "FoundationType": "null", "eqBldgType": "null", "DesignLevel": "null", "SoilType": "D", "LqfSusCat": 0, "LndSusCat": 0, "WaterDepth": 5.0, "Distance": "null", "PGA": 0.32553109526634216, "PGV": 12.258646011352539, "Sa03": 0.75154876708984375, "Sa10": 0.33662161231040955, "LqfSettlPGD": 0.0, "LqfSprPGD": 0.0, "LqfProb": 0.0, "LndPGD": 0.0, "LndProb": 0.0, "SufFltRuptPGD": 29.523393630981445, "SurfFltRuptProb": 0.5, "PDsNone": 0.7627, "PDsSlight": 0.1362, "PDsModerate": 0.1009, "PDsExtensive": 0.0, "PDsComplete": 0.0, "PDsExceedSlight": 0.2372, "PDsExceedModerate": 0.1009, "PDsExceedExtensive": 0.0, "FunctDay1": 99.9, "FunctDay3": 99.9, "FunctDay7": 99.9, "FunctDay14": 99.9, "FunctDay30": 99.9, "FunctDay90": 99.9, "EconLoss": 52993.24609375, "Name": "WALNUT CREEK UC (BARTD)", "City": "null", "State": "null" }, "geometry": { "type": "Point", "coordinates": [ -122.07667, 37.89167 ] } },
{ "type": "Feature", "properties": { "FacilityType": "WasteWaterFlty", "FacilityId": "CA000009", "Anchor": "FALSE", "FoundationType": "null", "eqBldgType": "DFLT", "DesignLevel": "LC", "SoilType": "D", "LqfSusCat": 0, "LndSusCat": 0, "WaterDepth": 5.0, "Distance": "null", "PGA": 0.2055048793554306, "PGV": 8.71514892578125, "Sa03": 0.53198921680450439, "Sa10": 0.26307255029678345, "LqfSettlPGD": 0.0, "LqfSprPGD": 0.0, "LqfProb": 0.0, "LndPGD": 0.0, "LndProb": 0.0, "SufFltRuptPGD": 29.523393630981445, "SurfFltRuptProb": 0.5, "PDsNone": 0.2998, "PDsSlight": 0.4359, "PDsModerate": 0.2271, "PDsExtensive": 0.0343, "PDsComplete": 0.0027, "PDsExceedSlight": 0.7001, "PDsExceedModerate": 0.2641, "PDsExceedExtensive": 0.037, "FunctDay1": 46.8, "FunctDay3": 79.9, "FunctDay7": 94.4, "FunctDay14": 96.4, "FunctDay30": 96.8, "FunctDay90": 99.4, "EconLoss": 13608266.0, "Name": "IRONHOUSE SD WRF", "City": "OAKLEY", "State": "CA" }, "geometry": { "type": "Point", "coordinates": [ -121.707001, 37.997799 ] } },
{ "type": "Feature", "properties": { "FacilityType": "WasteWaterFlty", "FacilityId": "CA000072", "Anchor": "FALSE", "FoundationType": "null", "eqBldgType": "DFLT", "DesignLevel": "LC", "SoilType": "D", "LqfSusCat": 0, "LndSusCat": 0, "WaterDepth": 5.0, "Distance": "null", "PGA": 0.19879564642906189, "PGV": 8.5364665985107422, "Sa03": 0.51979398727416992, "Sa10": 0.25990328192710876, "LqfSettlPGD": 0.0, "LqfSprPGD": 0.0, "LqfProb": 0.0, "LndPGD": 0.0, "LndProb": 0.0, "SufFltRuptPGD": 29.523393630981445, "SurfFltRuptProb": 0.5, "PDsNone": 0.3193, "PDsSlight": 0.4342, "PDsModerate": 0.2136, "PDsExtensive": 0.0304, "PDsComplete": 0.0023, "PDsExceedSlight": 0.6806, "PDsExceedModerate": 0.2464, "PDsExceedExtensive": 0.0328, "FunctDay1": 48.5, "FunctDay3": 81.1, "FunctDay7": 94.9, "FunctDay14": 96.8, "FunctDay30": 97.1, "FunctDay90": 99.5, "EconLoss": 12774299.0, "Name": "DISCOVERY BAY WWTP", "City": "DISCOVERY BAY", "State": "CA" }, "geometry": { "type": "Point", "coordinates": [ -121.586998, 37.894699 ] } },
{ "type": "Feature", "properties": { "FacilityType": "WasteWaterFlty", "FacilityId": "CA000088", "Anchor": "FALSE", "FoundationType": "null", "eqBldgType": "DFLT", "DesignLevel": "LC", "SoilType": "D", "LqfSusCat": 0, "LndSusCat": 0, "WaterDepth": 5.0, "Distance": "null", "PGA": 0.28216192126274109, "PGV": 10.506894111633301, "Sa03": 0.6519501805305481, "Sa10": 0.28619259595870972, "LqfSettlPGD": 0.0, "LqfSprPGD": 0.0, "LqfProb": 0.0, "LndPGD": 0.0, "LndProb": 0.0, "SufFltRuptPGD": 29.523393630981445, "SurfFltRuptProb": 0.5, "PDsNone": 0.1461, "PDsSlight": 0.3945, "PDsModerate": 0.355, "PDsExtensive": 0.0932, "PDsComplete": 0.011, "PDsExceedSlight": 0.8538, "PDsExceedModerate": 0.4593, "PDsExceedExtensive": 0.1043, "FunctDay1": 32.2, "FunctDay3": 65.9, "FunctDay7": 86.7, "FunctDay14": 90.0, "FunctDay30": 91.0, "FunctDay90": 98.2, "EconLoss": 24055198.0, "Name": "RODEO SD WPCF", "City": "RODEO", "State": "CA" }, "geometry": { "type": "Point", "coordinates": [ -122.264, 38.0401 ] } },
{ "type": "Feature", "properties": { "FacilityType": "WasteWaterFlty", "FacilityId": "CA000146", "Anchor": "FALSE", "FoundationType": "null", "eqBldgType": "DFLT", "DesignLevel": "LC", "SoilType": "D", "LqfSusCat": 0, "LndSusCat": 0, "WaterDepth": 5.0, "Distance": "null", "PGA": 0.30504786968231201, "PGV": 12.021832466125488, "Sa03": 0.72809457778930664, "Sa10": 0.32921820878982544, "LqfSettlPGD": 0.0, "LqfSprPGD": 0.0, "LqfProb": 0.0, "LndPGD": 0.0, "LndProb": 0.0, "SufFltRuptPGD": 29.523393630981445, "SurfFltRuptProb": 0.5, "PDsNone": 0.1183, "PDsSlight": 0.3705, "PDsModerate": 0.3813, "PDsExtensive": 0.1147, "PDsComplete": 0.015, "PDsExceedSlight": 0.8816, "PDsExceedModerate": 0.511, "PDsExceedExtensive": 0.1297, "FunctDay1": 29.1, "FunctDay3": 62.0, "FunctDay7": 84.0, "FunctDay14": 87.6, "FunctDay30": 88.8, "FunctDay90": 97.7, "EconLoss": 27433192.0, "Name": "CENTRAL CONTRA COSTA SD WWTP", "City": "MARTINEZ", "State": "CA" }, "geometry": { "type": "Point", "coordinates": [ -122.069, 37.998501 ] } },
{ "type": "Feature", "properties": { "FacilityType": "WasteWaterFlty", "FacilityId": "CA000170", "Anchor": "FALSE", "FoundationType": "null", "eqBldgType": "DFLT", "DesignLevel": "LC", "SoilType": "D", "LqfSusCat": 0, "LndSusCat": 0, "WaterDepth": 5.0, "Distance": "null", "PGA": 0.27735394239425659, "PGV": 10.04581356048584, "Sa03": 0.62787985801696777, "Sa10": 0.26528066396713257, "LqfSettlPGD": 0.0, "LqfSprPGD": 0.0, "LqfProb": 0.0, "LndPGD": 0.0, "LndProb": 0.0, "SufFltRuptPGD": 29.523393630981445, "SurfFltRuptProb": 0.5, "PDsNone": 0.1528, "PDsSlight": 0.3992, "PDsModerate": 0.3487, "PDsExtensive": 0.0889, "PDsComplete": 0.0102, "PDsExceedSlight": 0.8471, "PDsExceedModerate": 0.4479, "PDsExceedExtensive": 0.0992, "FunctDay1": 32.9, "FunctDay3": 66.8, "FunctDay7": 87.2, "FunctDay14": 90.5, "FunctDay30": 91.4, "FunctDay90": 98.3, "EconLoss": 23351914.0, "Name": "HERCULES WWTP", "City": "HERCULES", "State": "CA" }, "geometry": { "type": "Point", "coordinates": [ -122.289002, 38.016701 ] } },
{ "type": "Feature", "properties": { "FacilityType": "WasteWaterFlty", "FacilityId": "CA000177", "Anchor": "FALSE", "FoundationType": "null", "eqBldgType": "DFLT", "DesignLevel": "LC", "SoilType": "D", "LqfSusCat": 0, "LndSusCat": 0, "WaterDepth": 5.0, "Distance": "null", "PGA": 0.26758855581283569, "PGV": 11.357602119445801, "Sa03": 0.65700381994247437, "Sa10": 0.31031322479248047, "LqfSettlPGD": 0.0, "LqfSprPGD": 0.0, "LqfProb": 0.0, "LndPGD": 0.0, "LndProb": 0.0, "SufFltRuptPGD": 29.523393630981445, "SurfFltRuptProb": 0.5, "PDsNone": 0.1673, "PDsSlight": 0.4082, "PDsModerate": 0.3352, "PDsExtensive": 0.0803, "PDsComplete": 0.0088, "PDsExceedSlight": 0.8326, "PDsExceedModerate": 0.4244, "PDsExceedExtensive": 0.0891, "FunctDay1": 34.4, "FunctDay3": 68.5, "FunctDay7": 88.3, "FunctDay14": 91.4, "FunctDay30": 92.3, "FunctDay90": 98.5, "EconLoss": 21953088.0, "Name": "UNKNOWN", "City": " ", "State": "CA" }, "geometry": { "type": "Point", "coordinates": [ -122.376, 37.941601 ] } },
{ "type": "Feature", "properties": { "FacilityType": "WasteWaterFlty", "FacilityId": "CA000198", "Anchor": "FALSE", "FoundationType": "null", "eqBldgType": "DFLT", "DesignLevel": "LC", "SoilType": "D", "LqfSusCat": 0, "LndSusCat": 0, "WaterDepth": 5.0, "Distance": "null", "PGA": 0.24465948343276978, "PGV": 9.4923553466796875, "Sa03": 0.5979543924331665, "Sa10": 0.26503649353981018, "LqfSettlPGD": 0.0, "LqfSprPGD": 0.0, "LqfProb": 0.0, "LndPGD": 0.0, "LndProb": 0.0, "SufFltRuptPGD": 29.523393630981445, "SurfFltRuptProb": 0.5, "PDsNone": 0.2074, "PDsSlight": 0.4255, "PDsModerate": 0.2995, "PDsExtensive": 0.0613, "PDsComplete": 0.006, "PDsExceedSlight": 0.7925, "PDsExceedModerate": 0.3669, "PDsExceedExtensive": 0.0674, "FunctDay1": 38.4, "FunctDay3": 72.6, "FunctDay7": 90.8, "FunctDay14": 93.5, "FunctDay30": 94.2, "FunctDay90": 98.9, "EconLoss": 18739306.0, "Name": "DELTA DIABLO SAN. DIST. WWTP", "City": "ANTIOCH", "State": "CA" }, "geometry": { "type": "Point", "coordinates": [ -121.842003, 38.012501 ] } },
{ "type": "Feature", "properties": { "FacilityType": "WasteWaterFlty", "FacilityId": "CA000238", "Anchor": "FALSE", "FoundationType": "null", "eqBldgType": "DFLT", "DesignLevel": "LC", "SoilType": "D", "LqfSusCat": 0, "LndSusCat": 0, "WaterDepth": 5.0, "Distance": "null", "PGA": 0.28357955813407898, "PGV": 10.185131072998047, "Sa03": 0.6457984447479248, "Sa10": 0.27398219704627991, "LqfSettlPGD": 0.0, "LqfSprPGD": 0.0, "LqfProb": 0.0, "LndPGD": 0.0, "LndProb": 0.0, "SufFltRuptPGD": 29.523393630981445, "SurfFltRuptProb": 0.5, "PDsNone": 0.1442, "PDsSlight": 0.3931, "PDsModerate": 0.3568, "PDsExtensive": 0.0945, "PDsComplete": 0.0112, "PDsExceedSlight": 0.8557, "PDsExceedModerate": 0.4626, "PDsExceedExtensive": 0.1058, "FunctDay1": 32.0, "FunctDay3": 65.7, "FunctDay7": 86.5, "FunctDay14": 89.8, "FunctDay30": 90.9, "FunctDay90": 98.2, "EconLoss": 24258102.0, "Name": "PORT COSTA WWTP", "City": "PORT COSTA", "State": "CA" }, "geometry": { "type": "Point", "coordinates": [ -122.183998, 38.048199 ] } },
{ "type": "Feature", "properties": { "FacilityType": "WasteWaterFlty", "FacilityId": "CA000262", "Anchor": "FALSE", "FoundationType": "null", "eqBldgType": "DFLT", "DesignLevel": "LC", "SoilType": "D", "LqfSusCat": 0, "LndSusCat": 0, "WaterDepth": 5.0, "Distance": "null", "PGA": 0.20696081221103668, "PGV": 8.1355552673339844, "Sa03": 0.50839072465896606, "Sa10": 0.22994750738143921, "LqfSettlPGD": 0.0, "LqfSprPGD": 0.0, "LqfProb": 0.0, "LndPGD": 0.0, "LndProb": 0.0, "SufFltRuptPGD": 29.523393630981445, "SurfFltRuptProb": 0.5, "PDsNone": 0.2958, "PDsSlight": 0.4361, "PDsModerate": 0.23, "PDsExtensive": 0.0352, "PDsComplete": 0.0028, "PDsExceedSlight": 0.7041, "PDsExceedModerate": 0.268, "PDsExceedExtensive": 0.038, "FunctDay1": 46.5, "FunctDay3": 79.6, "FunctDay7": 94.2, "FunctDay14": 96.3, "FunctDay30": 96.7, "FunctDay90": 99.4, "EconLoss": 13794834.0, "Name": "BRENTWOOD WWTP", "City": "BRENTWOOD", "State": "CA" }, "geometry": { "type": "Point", "coordinates": [ -121.691002, 37.954601 ] } },
{ "type": "Feature", "properties": { "FacilityType": "WasteWaterFlty", "FacilityId": "CA000267", "Anchor": "FALSE", "FoundationType": "null", "eqBldgType": "DFLT", "DesignLevel": "LC", "SoilType": "D", "LqfSusCat": 0, "LndSusCat": 0, "WaterDepth": 5.0, "Distance": "null", "PGA": 0.29944267868995667, "PGV": 12.994046211242676, "Sa03": 0.73564881086349487, "Sa10": 0.36676627397537231, "LqfSettlPGD": 0.0, "LqfSprPGD": 0.0, "LqfProb": 0.0, "LndPGD": 0.0, "LndProb": 0.0, "SufFltRuptPGD": 29.523393630981445, "SurfFltRuptProb": 0.5, "PDsNone": 0.1246, "PDsSlight": 0.3766, "PDsModerate": 0.3754, "PDsExtensive": 0.1094, "PDsComplete": 0.0139, "PDsExceedSlight": 0.8753, "PDsExceedModerate": 0.4987, "PDsExceedExtensive": 0.1233, "FunctDay1": 29.8, "FunctDay3": 63.0, "FunctDay7": 84.7, "FunctDay14": 88.2, "FunctDay30": 89.4, "FunctDay90": 97.8, "EconLoss": 26597506.0, "Name": "STEGE SD-WET WTHR SEWER BYPASS", "City": "EL CERRITO", "State": "CA" }, "geometry": { "type": "Point", "coordinates": [ -122.300003, 37.918201 ] } },
{ "type": "Feature", "properties": { "FacilityType": "WasteWaterFlty", "FacilityId": "CA000277", "Anchor": "FALSE", "FoundationType": "null", "eqBldgType": "DFLT", "DesignLevel": "LC", "SoilType": "D", "LqfSusCat": 0, "LndSusCat": 0, "WaterDepth": 5.0, "Distance": "null", "PGA": 0.26758855581283569, "PGV": 11.357602119445801, "Sa03": 0.65700381994247437, "Sa10": 0.31031322479248047, "LqfSettlPGD": 0.0, "LqfSprPGD": 0.0, "LqfProb": 0.0, "LndPGD": 0.0, "LndProb": 0.0, "SufFltRuptPGD": 29.523393630981445, "SurfFltRuptProb": 0.5, "PDsNone": 0.1673, "PDsSlight": 0.4082, "PDsModerate": 0.3352, "PDsExtensive": 0.0803, "PDsComplete": 0.0088, "PDsExceedSlight": 0.8326, "PDsExceedModerate": 0.4244, "PDsExceedExtensive": 0.0891, "FunctDay1": 34.4, "FunctDay3": 68.5, "FunctDay7": 88.3, "FunctDay14": 91.4, "FunctDay30": 92.3, "FunctDay90": 98.5, "EconLoss": 21953088.0, "Name": "UNKNOWN", "City": " ", "State": "CA" }, "geometry": { "type": "Point", "coordinates": [ -122.376, 37.941601 ] } },
{ "type": "Feature", "properties": { "FacilityType": "WasteWaterFlty", "FacilityId": "CA000289", "Anchor": "FALSE", "FoundationType": "null", "eqBldgType": "DFLT", "DesignLevel": "LC", "SoilType": "D", "LqfSusCat": 0, "LndSusCat": 0, "WaterDepth": 5.0, "Distance": "null", "PGA": 0.28914901614189148, "PGV": 9.8484163284301758, "Sa03": 0.64303761720657349, "Sa10": 0.26246479153633118, "LqfSettlPGD": 0.0, "LqfSprPGD": 0.0, "LqfProb": 0.0, "LndPGD": 0.0, "LndProb": 0.0, "SufFltRuptPGD": 29.523393630981445, "SurfFltRuptProb": 0.5, "PDsNone": 0.137, "PDsSlight": 0.3874, "PDsModerate": 0.3636, "PDsExtensive": 0.0997, "PDsComplete": 0.0121, "PDsExceedSlight": 0.8629, "PDsExceedModerate": 0.4755, "PDsExceedExtensive": 0.1118, "FunctDay1": 31.2, "FunctDay3": 64.7, "FunctDay7": 85.9, "FunctDay14": 89.3, "FunctDay30": 90.4, "FunctDay90": 98.1, "EconLoss": 25075730.0, "Name": "MT VIEW SD WWTP", "City": "MARTINEZ", "State": "CA" }, "geometry": { "type": "Point", "coordinates": [ -122.099999, 38.0196 ] } },
{ "type": "Feature", "properties": { "FacilityType": "WasteWaterFlty", "FacilityId": "CA000326", "Anchor": "FALSE", "FoundationType": "null", "eqBldgType": "DFLT", "DesignLevel": "LC", "SoilType": "D", "LqfSusCat": 0, "LndSusCat": 0, "WaterDepth": 5.0, "Distance": "null", "PGA": 0.27735394239425659, "PGV": 10.04581356048584, "Sa03": 0.62787985801696777, "Sa10": 0.26528066396713257, "LqfSettlPGD": 0.0, "LqfSprPGD": 0.0, "LqfProb": 0.0, "LndPGD": 0.0, "LndProb": 0.0, "SufFltRuptPGD": 29.523393630981445, "SurfFltRuptProb": 0.5, "PDsNone": 0.1528, "PDsSlight": 0.3992, "PDsModerate": 0.3487, "PDsExtensive": 0.0889, "PDsComplete": 0.0102, "PDsExceedSlight": 0.8471, "PDsExceedModerate": 0.4479, "PDsExceedExtensive": 0.0992, "FunctDay1": 32.9, "FunctDay3": 66.8, "FunctDay7": 87.2, "FunctDay14": 90.5, "FunctDay30": 91.4, "FunctDay90": 98.3, "EconLoss": 23351914.0, "Name": "PINOLE-HERCULES WPCP", "City": "PINOLE", "State": "CA" }, "geometry": { "type": "Point", "coordinates": [ -122.295998, 38.012901 ] } },
{ "type": "Feature", "properties": { "FacilityType": "WasteWaterFlty", "FacilityId": "CA000341", "Anchor": "FALSE", "FoundationType": "null", "eqBldgType": "DFLT", "DesignLevel": "LC", "SoilType": "D", "LqfSusCat": 0, "LndSusCat": 0, "WaterDepth": 5.0, "Distance": "null", "PGA": 0.20771299302577972, "PGV": 6.3362889289855957, "Sa03": 0.38753357529640198, "Sa10": 0.13634732365608215, "LqfSettlPGD": 0.0, "LqfSprPGD": 0.0, "LqfProb": 0.0, "LndPGD": 0.0, "LndProb": 0.0, "SufFltRuptPGD": 29.523393630981445, "SurfFltRuptProb": 0.5, "PDsNone": 0.2937, "PDsSlight": 0.4362, "PDsModerate": 0.2315, "PDsExtensive": 0.0356, "PDsComplete": 0.0028, "PDsExceedSlight": 0.7062, "PDsExceedModerate": 0.27, "PDsExceedExtensive": 0.0385, "FunctDay1": 46.3, "FunctDay3": 79.5, "FunctDay7": 94.2, "FunctDay14": 96.3, "FunctDay30": 96.7, "FunctDay90": 99.4, "EconLoss": 13875651.0, "Name": "WEST COUNTY AGENCY COMMON OUTFALL", "City": "RICHMOND", "State": "CA" }, "geometry": { "type": "Point", "coordinates": [ -122.377998, 37.920898 ] } }
]
}
